Facility RPA,Facility WPA,Site Name,Latitude,Longitude,Waste Code,Site Category,Recorded Origin,Fate,R and D code,Tonnes Received,Waste Stream Colour,Distance (Miles),Waste Miles,CO2 (kg)
South West,Bristol City,Avonmouth Treatment Centre  EPR/KP3937DU,51.50337588461242,-2.694383178,18 01 01,Incineration,"Bristol, City of",Recovery,R13,0.04,Unknown,5.491055527,0.219642221,7.4
South West,Bristol City,Avonmouth Treatment Centre  EPR/KP3937DU,51.50337588461242,-2.694383178,18 01 01,Incineration,Somerset,Recovery,R13,0.2,Unknown,44.8437237,8.96874474,37
South West,Bristol City,Avonmouth Treatment Centre  EPR/KP3937DU,51.50337588461242,-2.694383178,18 01 09,Incineration,Berkshire,Recovery,R13,2.17,Blue,73.25218444800001,158.9572403,401.45
South West,Bristol City,Avonmouth Treatment Centre  EPR/KP3937DU,51.50337588461242,-2.694383178,18 01 07,Incineration,Staffordshire,Recovery,R13,1,Unknown,106.46260028500001,106.46260028500001,185
South West,Bristol City,Avonmouth Treatment Centre  EPR/KP3937DU,51.50337588461242,-2.694383178,18 01 09,Incineration,Wales,Recovery,R13,0.2,Blue,96.24166871,19.24833374,37
South West,Bristol City,Avonmouth Treatment Centre  EPR/KP3937DU,51.50337588461242,-2.694383178,18 01 01,Incineration,Wales,Recovery,R13,0.02,Unknown,96.24166871,1.924833374,3.7
South West,Bristol City,Avonmouth Treatment Centre  EPR/KP3937DU,51.50337588461242,-2.694383178,18 01 06*,Incineration,Wales,Recovery,R13,0.73,Yellow/Red,96.24166871,70.25641816,135.04999999999998
South West,Bristol City,Avonmouth Treatment Centre  EPR/KP3937DU,51.50337588461242,-2.694383178,18 01 06*,Incineration,Wales,Recovery,R13,0.03,Yellow/Red,96.24166871,2.887250061,5.55
South West,Bristol City,Avonmouth Treatment Centre  EPR/KP3937DU,51.50337588461242,-2.694383178,18 01 07,Incineration,Wales,Recovery,R13,0.21,Unknown,96.24166871,20.21075043,38.85
South West,Bristol City,Avonmouth Treatment Centre  EPR/KP3937DU,51.50337588461242,-2.694383178,18 01 01,Incineration,Wales,Recovery,R13,0.26,Unknown,96.24166871,25.02283386,48.1
South West,Bristol City,Avonmouth Treatment Centre  EPR/KP3937DU,51.50337588461242,-2.694383178,18 01 06*,Incineration,Wales,Recovery,R13,0.26,Yellow/Red,96.24166871,25.02283386,48.1
South West,Bristol City,Avonmouth Healthcare Waste Incinerator and Transfer Facility - EPR/VP3130EF,51.52173411996413,-2.691779807,18 01 08*,Incineration,Bath and North East Somerset,Incineration,D10,0.031,Purple,28.07540589,0.870337583,56.823
South West,Bristol City,Avonmouth Healthcare Waste Incinerator and Transfer Facility - EPR/VP3130EF,51.52173411996413,-2.691779807,18 01 03*,Incineration,Bath and North East Somerset,Incineration,D10,4.603,Orange,28.07540589,129.23109332547898,4943.621999999999
South West,Bristol City,Avonmouth Healthcare Waste Incinerator and Transfer Facility - EPR/VP3130EF,51.52173411996413,-2.691779807,18 01 09,Incineration,Bath and North East Somerset,Incineration,D10,2.155,Blue,28.07540589,60.50249969941499,2314.47
South West,Bristol City,Avonmouth Healthcare Waste Incinerator and Transfer Facility - EPR/VP3130EF,51.52173411996413,-2.691779807,18 01 08*,Incineration,Bath and North East Somerset,Incineration,D10,17.851,Purple,28.07540589,501.17407059594296,32720.882999999998
South West,Bristol City,Avonmouth Healthcare Waste Incinerator and Transfer Facility - EPR/VP3130EF,51.52173411996413,-2.691779807,18 01 03*,Incineration,Bath and North East Somerset,Incineration,D10,287.588,Orange,28.07540589,8074.149829956084,308869.51200000005
South West,Bristol City,Avonmouth Healthcare Waste Incinerator and Transfer Facility - EPR/VP3130EF,51.52173411996413,-2.691779807,18 01 09,Incineration,Bath and North East Somerset,Incineration,D10,29.665,Blue,28.07540589,832.8569158158449,31860.21
South West,Bristol City,Avonmouth Healthcare Waste Incinerator and Transfer Facility - EPR/VP3130EF,51.52173411996413,-2.691779807,18 01 04,Incineration,Bath and North East Somerset,Incineration,D10,1.362,Tiger,28.07540589,38.23870283,1462.788
South West,Bristol City,Avonmouth Healthcare Waste Incinerator and Transfer Facility - EPR/VP3130EF,51.52173411996413,-2.691779807,18 01 10*,Incineration,Bath and North East Somerset,Recovery,R13,0.028,White,28.07540589,0.786111365,5.18
South West,Bristol City,Avonmouth Healthcare Waste Incinerator and Transfer Facility - EPR/VP3130EF,51.52173411996413,-2.691779807,18 01 04,Incineration,Bath and North East Somerset,Recovery,R13,7.353,Tiger,28.07540589,206.4384595,1360.305
South West,Bristol City,Avonmouth Healthcare Waste Incinerator and Transfer Facility - EPR/VP3130EF,51.52173411996413,-2.691779807,18 01 10*,Incineration,Bath and North East Somerset,Recovery,R13,0.023,White,28.07540589,0.645734336,4.255
South West,Bristol City,Avonmouth Healthcare Waste Incinerator and Transfer Facility - EPR/VP3130EF,51.52173411996413,-2.691779807,18 01 04,Incineration,Bath and North East Somerset,Recovery,R13,89.303,Tiger,28.07540589,2507.217972462579,16521.055
South West,Bristol City,Avonmouth Healthcare Waste Incinerator and Transfer Facility - EPR/VP3130EF,51.52173411996413,-2.691779807,18 01 06*,Incineration,"Bristol, City of",Incineration,D10,0.054,Yellow/Red,5.41835512,0.292591176,57.996
South West,Bristol City,Avonmouth Healthcare Waste Incinerator and Transfer Facility - EPR/VP3130EF,51.52173411996413,-2.691779807,18 01 08*,Incineration,"Bristol, City of",Incineration,D10,63.43,Purple,5.41835512,343.6862653,116267.19
South West,Bristol City,Avonmouth Healthcare Waste Incinerator and Transfer Facility - EPR/VP3130EF,51.52173411996413,-2.691779807,18 01 03*,Incineration,"Bristol, City of",Incineration,D10,1343.911,Orange,5.41835512,7281.787047674321,1443360.414
South West,Bristol City,Avonmouth Healthcare Waste Incinerator and Transfer Facility - EPR/VP3130EF,51.52173411996413,-2.691779807,18 01 02,Incineration,"Bristol, City of",Incineration,D10,0.998,Red,5.41835512,5.40751841,1071.852
South West,Bristol City,Avonmouth Healthcare Waste Incinerator and Transfer Facility - EPR/VP3130EF,51.52173411996413,-2.691779807,18 01 09,Incineration,"Bristol, City of",Incineration,D10,95.021,Blue,5.41835512,514.8575219,102052.554
South West,Bristol City,Avonmouth Healthcare Waste Incinerator and Transfer Facility - EPR/VP3130EF,51.52173411996413,-2.691779807,18 01 04,Incineration,"Bristol, City of",Incineration,D10,5.97,Tiger,5.41835512,32.34758007,6411.78
South West,Bristol City,Avonmouth Healthcare Waste Incinerator and Transfer Facility - EPR/VP3130EF,51.52173411996413,-2.691779807,18 01 08*,Incineration,"Bristol, City of",Incineration,D10,4.096,Purple,5.41835512,22.19358257,7507.968
South West,Bristol City,Avonmouth Healthcare Waste Incinerator and Transfer Facility - EPR/VP3130EF,51.52173411996413,-2.691779807,18 01 03*,Incineration,"Bristol, City of",Incineration,D10,149.441,Orange,5.41835512,809.7244074879201,160499.634
South West,Bristol City,Avonmouth Healthcare Waste Incinerator and Transfer Facility - EPR/VP3130EF,51.52173411996413,-2.691779807,18 01 02,Incineration,"Bristol, City of",Incineration,D10,0.136,Red,5.41835512,0.7368962963200001,146.06400000000002
South West,Bristol City,Avonmouth Healthcare Waste Incinerator and Transfer Facility - EPR/VP3130EF,51.52173411996413,-2.691779807,18 01 09,Incineration,"Bristol, City of",Incineration,D10,11.99,Blue,5.41835512,64.96607789,12877.26
South West,Bristol City,Avonmouth Healthcare Waste Incinerator and Transfer Facility - EPR/VP3130EF,51.52173411996413,-2.691779807,18 01 04,Incineration,"Bristol, City of",Incineration,D10,0.641,Tiger,5.41835512,3.473165632,688.434
South West,Bristol City,Avonmouth Healthcare Waste Incinerator and Transfer Facility - EPR/VP3130EF,51.52173411996413,-2.691779807,18 01 10*,Incineration,"Bristol, City of",Recovery,R13,0.29,White,5.41835512,1.5713229847999999,53.65
South West,Bristol City,Avonmouth Healthcare Waste Incinerator and Transfer Facility - EPR/VP3130EF,51.52173411996413,-2.691779807,18 01 04,Incineration,"Bristol, City of",Recovery,R13,475.879,Tiger,5.41835512,2578.481416,88037.615
South West,Bristol City,Avonmouth Healthcare Waste Incinerator and Transfer Facility - EPR/VP3130EF,51.52173411996413,-2.691779807,18 01 04,Incineration,"Bristol, City of",Recovery,R13,107.288,Tiger,5.41835512,581.3244841,19848.28
South West,Bristol City,Avonmouth Healthcare Waste Incinerator and Transfer Facility - EPR/VP3130EF,51.52173411996413,-2.691779807,18 01 03*,Incineration,Buckinghamshire,Incineration,D10,0.127,Orange,114.0905507,14.48949994,136.398
South West,Bristol City,Avonmouth Healthcare Waste Incinerator and Transfer Facility - EPR/VP3130EF,51.52173411996413,-2.691779807,18 01 03*,Incineration,Central Bedfordshire,Incineration,D10,0.042,Orange,156.9583146,6.592249213200001,45.108000000000004
South West,Bristol City,Avonmouth Healthcare Waste Incinerator and Transfer Facility - EPR/VP3130EF,51.52173411996413,-2.691779807,18 01 03*,Incineration,Derby,Incineration,D10,0.748,Orange,135.44520783800002,101.31301546282401,803.352
South West,Bristol City,Avonmouth Healthcare Waste Incinerator and Transfer Facility - EPR/VP3130EF,51.52173411996413,-2.691779807,18 01 08*,Incineration,Derby,Incineration,D10,0.038,Purple,135.44520783800002,5.146917898,69.654
South West,Bristol City,Avonmouth Healthcare Waste Incinerator and Transfer Facility - EPR/VP3130EF,51.52173411996413,-2.691779807,18 01 03*,Incineration,Derby,Incineration,D10,0.789,Orange,135.44520783800002,106.86626898418201,847.3860000000001
South West,Bristol City,Avonmouth Healthcare Waste Incinerator and Transfer Facility - EPR/VP3130EF,51.52173411996413,-2.691779807,18 01 08*,Incineration,Cornwall,Incineration,D10,0.003,Purple,136.0317821,0.40809534618599996,5.4990000000000006
South West,Bristol City,Avonmouth Healthcare Waste Incinerator and Transfer Facility - EPR/VP3130EF,51.52173411996413,-2.691779807,18 01 03*,Incineration,Cornwall,Incineration,D10,5.805,Orange,136.0317821,789.6644949,6234.57
South West,Bristol City,Avonmouth Healthcare Waste Incinerator and Transfer Facility - EPR/VP3130EF,51.52173411996413,-2.691779807,18 01 09,Incineration,Cornwall,Incineration,D10,0.476,Blue,136.0317821,64.75112826,511.224
South West,Bristol City,Avonmouth Healthcare Waste Incinerator and Transfer Facility - EPR/VP3130EF,51.52173411996413,-2.691779807,18 01 03*,Incineration,Cornwall,Incineration,D10,1.939,Orange,136.0317821,263.7656254,2082.486
South West,Bristol City,Avonmouth Healthcare Waste Incinerator and Transfer Facility - EPR/VP3130EF,51.52173411996413,-2.691779807,18 01 09,Incineration,Cornwall,Incineration,D10,0.146,Blue,136.0317821,19.86064018,156.804
South West,Bristol City,Avonmouth Healthcare Waste Incinerator and Transfer Facility - EPR/VP3130EF,51.52173411996413,-2.691779807,18 01 04,Incineration,Cornwall,Recovery,R13,2.011,Tiger,136.0317821,273.5599137,372.035
South West,Bristol City,Avonmouth Healthcare Waste Incinerator and Transfer Facility - EPR/VP3130EF,51.52173411996413,-2.691779807,18 01 04,Incineration,Cornwall,Recovery,R13,0.699,Tiger,136.0317821,95.08621566133799,129.315
South West,Bristol City,Avonmouth Healthcare Waste Incinerator and Transfer Facility - EPR/VP3130EF,51.52173411996413,-2.691779807,18 01 08*,Incineration,East Devon,Incineration,D10,0.259,Purple,81.66368368,21.15089407,474.747
South West,Bristol City,Avonmouth Healthcare Waste Incinerator and Transfer Facility - EPR/VP3130EF,51.52173411996413,-2.691779807,18 01 03*,Incineration,East Devon,Incineration,D10,23.117,Orange,81.66368368,1887.819375514975,24827.658
South West,Bristol City,Avonmouth Healthcare Waste Incinerator and Transfer Facility - EPR/VP3130EF,51.52173411996413,-2.691779807,18 01 09,Incineration,East Devon,Incineration,D10,0.229,Blue,81.66368368,18.70098356,245.946
South West,Bristol City,Avonmouth Healthcare Waste Incinerator and Transfer Facility - EPR/VP3130EF,51.52173411996413,-2.691779807,18 01 08*,Incineration,East Devon,Incineration,D10,0.074,Purple,81.66368368,6.043112592,135.642
South West,Bristol City,Avonmouth Healthcare Waste Incinerator and Transfer Facility - EPR/VP3130EF,51.52173411996413,-2.691779807,18 01 03*,Incineration,East Devon,Incineration,D10,6.469,Orange,81.66368368,528.2823697,6947.706
South West,Bristol City,Avonmouth Healthcare Waste Incinerator and Transfer Facility - EPR/VP3130EF,51.52173411996413,-2.691779807,18 01 09,Incineration,East Devon,Incineration,D10,0.061,Blue,81.66368368,4.981484704,65.514
South West,Bristol City,Avonmouth Healthcare Waste Incinerator and Transfer Facility - EPR/VP3130EF,51.52173411996413,-2.691779807,18 01 04,Incineration,East Devon,Recovery,R13,11.576,Tiger,81.66368368,945.3388022,2141.56
South West,Bristol City,Avonmouth Healthcare Waste Incinerator and Transfer Facility - EPR/VP3130EF,51.52173411996413,-2.691779807,18 01 04,Incineration,East Devon,Recovery,R13,3.5,Tiger,81.66368368,285.8228929,647.5
South West,Bristol City,Avonmouth Healthcare Waste Incinerator and Transfer Facility - EPR/VP3130EF,51.52173411996413,-2.691779807,18 01 06*,Incineration,Mid Devon,Incineration,D10,0.048,Yellow/Red,64.97676547,3.118884743,51.552
South West,Bristol City,Avonmouth Healthcare Waste Incinerator and Transfer Facility - EPR/VP3130EF,51.52173411996413,-2.691779807,18 01 08*,Incineration,Mid Devon,Incineration,D10,0.042,Purple,64.97676547,2.7290241497400003,76.986
South West,Bristol City,Avonmouth Healthcare Waste Incinerator and Transfer Facility - EPR/VP3130EF,51.52173411996413,-2.691779807,18 01 03*,Incineration,Mid Devon,Incineration,D10,25.357,Orange,64.97676547,1647.615842,27233.417999999998
South West,Bristol City,Avonmouth Healthcare Waste Incinerator and Transfer Facility - EPR/VP3130EF,51.52173411996413,-2.691779807,18 01 09,Incineration,Mid Devon,Incineration,D10,0.3,Blue,64.97676547,19.49302964,322.2
South West,Bristol City,Avonmouth Healthcare Waste Incinerator and Transfer Facility - EPR/VP3130EF,51.52173411996413,-2.691779807,18 01 08*,Incineration,Mid Devon,Incineration,D10,0.006,Purple,64.97676547,0.389860593,10.998000000000001
South West,Bristol City,Avonmouth Healthcare Waste Incinerator and Transfer Facility - EPR/VP3130EF,51.52173411996413,-2.691779807,18 01 03*,Incineration,Mid Devon,Incineration,D10,4.246,Orange,64.97676547,275.8913462,4560.204000000001
South West,Bristol City,Avonmouth Healthcare Waste Incinerator and Transfer Facility - EPR/VP3130EF,51.52173411996413,-2.691779807,18 01 09,Incineration,Mid Devon,Incineration,D10,0.014,Blue,64.97676547,0.9096747165800001,15.036
South West,Bristol City,Avonmouth Healthcare Waste Incinerator and Transfer Facility - EPR/VP3130EF,51.52173411996413,-2.691779807,18 01 04,Incineration,Mid Devon,Recovery,R13,7.377,Tiger,64.97676547,479.3335989,1364.745
South West,Bristol City,Avonmouth Healthcare Waste Incinerator and Transfer Facility - EPR/VP3130EF,51.52173411996413,-2.691779807,18 01 04,Incineration,Mid Devon,Recovery,R13,1.075,Tiger,64.97676547,69.85002288,198.875
South West,Bristol City,Avonmouth Healthcare Waste Incinerator and Transfer Facility - EPR/VP3130EF,51.52173411996413,-2.691779807,18 01 08*,Incineration,North Devon,Incineration,D10,4.215,Purple,87.65929245,369.48391769360995,7726.094999999999
South West,Bristol City,Avonmouth Healthcare Waste Incinerator and Transfer Facility - EPR/VP3130EF,51.52173411996413,-2.691779807,18 01 03*,Incineration,North Devon,Incineration,D10,167.499,Orange,87.65929245,14682.843826752545,179893.926
South West,Bristol City,Avonmouth Healthcare Waste Incinerator and Transfer Facility - EPR/VP3130EF,51.52173411996413,-2.691779807,18 01 09,Incineration,North Devon,Incineration,D10,1.819,Blue,87.65929245,159.45225297382598,1953.606
South West,Bristol City,Avonmouth Healthcare Waste Incinerator and Transfer Facility - EPR/VP3130EF,51.52173411996413,-2.691779807,18 01 08*,Incineration,North Devon,Incineration,D10,1.453,Purple,87.65929245,127.3689519,2663.349
South West,Bristol City,Avonmouth Healthcare Waste Incinerator and Transfer Facility - EPR/VP3130EF,51.52173411996413,-2.691779807,18 01 03*,Incineration,North Devon,Incineration,D10,53.509,Orange,87.65929245,4690.561079921085,57468.666
South West,Bristol City,Avonmouth Healthcare Waste Incinerator and Transfer Facility - EPR/VP3130EF,51.52173411996413,-2.691779807,18 01 09,Incineration,North Devon,Incineration,D10,0.659,Blue,87.65929245,57.76747373,707.7660000000001
South West,Bristol City,Avonmouth Healthcare Waste Incinerator and Transfer Facility - EPR/VP3130EF,51.52173411996413,-2.691779807,18 01 03*,Incineration,North Devon,Recovery,R13,1.048,Orange,87.65929245,91.86693849,193.88
South West,Bristol City,Avonmouth Healthcare Waste Incinerator and Transfer Facility - EPR/VP3130EF,51.52173411996413,-2.691779807,18 01 04,Incineration,North Devon,Recovery,R13,42.894,Tiger,87.65929245,3760.057690521876,7935.389999999999
South West,Bristol City,Avonmouth Healthcare Waste Incinerator and Transfer Facility - EPR/VP3130EF,51.52173411996413,-2.691779807,18 01 04,Incineration,North Devon,Recovery,R13,15.808,Tiger,87.65929245,1385.7180951128319,2924.48
South West,Bristol City,Avonmouth Healthcare Waste Incinerator and Transfer Facility - EPR/VP3130EF,51.52173411996413,-2.691779807,18 01 08*,Incineration,Teignbridge,Incineration,D10,0.007,Purple,91.71560234,0.642009216,12.831
South West,Bristol City,Avonmouth Healthcare Waste Incinerator and Transfer Facility - EPR/VP3130EF,51.52173411996413,-2.691779807,18 01 03*,Incineration,Teignbridge,Incineration,D10,15.673,Orange,91.71560234,1437.458635506166,16832.802
South West,Bristol City,Avonmouth Healthcare Waste Incinerator and Transfer Facility - EPR/VP3130EF,51.52173411996413,-2.691779807,18 01 09,Incineration,Teignbridge,Incineration,D10,0.788,Blue,91.71560234,72.27189465,846.312
South West,Bristol City,Avonmouth Healthcare Waste Incinerator and Transfer Facility - EPR/VP3130EF,51.52173411996413,-2.691779807,18 01 03*,Incineration,Teignbridge,Incineration,D10,5,Orange,91.71560234,458.5780117,5370
South West,Bristol City,Avonmouth Healthcare Waste Incinerator and Transfer Facility - EPR/VP3130EF,51.52173411996413,-2.691779807,18 01 09,Incineration,Teignbridge,Incineration,D10,0.308,Blue,91.71560234,28.24840552,330.792
South West,Bristol City,Avonmouth Healthcare Waste Incinerator and Transfer Facility - EPR/VP3130EF,51.52173411996413,-2.691779807,18 01 04,Incineration,Teignbridge,Recovery,R13,25.834,Tiger,91.71560234,2369.380870903228,4779.29
South West,Bristol City,Avonmouth Healthcare Waste Incinerator and Transfer Facility - EPR/VP3130EF,51.52173411996413,-2.691779807,18 01 04,Incineration,Teignbridge,Recovery,R13,8.003,Tiger,91.71560234,733.9999655,1480.555
South West,Bristol City,Avonmouth Healthcare Waste Incinerator and Transfer Facility - EPR/VP3130EF,51.52173411996413,-2.691779807,18 01 08*,Incineration,Torridge,Incineration,D10,0.025,Purple,105.2372567,2.630931417,45.825
South West,Bristol City,Avonmouth Healthcare Waste Incinerator and Transfer Facility - EPR/VP3130EF,51.52173411996413,-2.691779807,18 01 03*,Incineration,Torridge,Incineration,D10,3.792,Orange,105.2372567,399.0596773,4072.6079999999997
South West,Bristol City,Avonmouth Healthcare Waste Incinerator and Transfer Facility - EPR/VP3130EF,51.52173411996413,-2.691779807,18 01 09,Incineration,Torridge,Incineration,D10,0.105,Blue,105.2372567,11.04991195,112.77
South West,Bristol City,Avonmouth Healthcare Waste Incinerator and Transfer Facility - EPR/VP3130EF,51.52173411996413,-2.691779807,18 01 08*,Incineration,Torridge,Incineration,D10,0.009,Purple,105.2372567,0.94713531,16.497
South West,Bristol City,Avonmouth Healthcare Waste Incinerator and Transfer Facility - EPR/VP3130EF,51.52173411996413,-2.691779807,18 01 03*,Incineration,Torridge,Incineration,D10,1.102,Orange,105.2372567,115.97145685364602,1183.548
South West,Bristol City,Avonmouth Healthcare Waste Incinerator and Transfer Facility - EPR/VP3130EF,51.52173411996413,-2.691779807,18 01 09,Incineration,Torridge,Incineration,D10,0.02,Blue,105.2372567,2.1047451334600003,21.48
South West,Bristol City,Avonmouth Healthcare Waste Incinerator and Transfer Facility - EPR/VP3130EF,51.52173411996413,-2.691779807,18 01 04,Incineration,Torridge,Recovery,R13,5.01,Tiger,105.2372567,527.2386559,926.8499999999999
South West,Bristol City,Avonmouth Healthcare Waste Incinerator and Transfer Facility - EPR/VP3130EF,51.52173411996413,-2.691779807,18 01 04,Incineration,Torridge,Recovery,R13,1.431,Tiger,105.2372567,150.5945143,264.735
South West,Bristol City,Avonmouth Healthcare Waste Incinerator and Transfer Facility - EPR/VP3130EF,51.52173411996413,-2.691779807,18 01 08*,Incineration,West Devon,Incineration,D10,0.152,Purple,110.8078477,16.84279285,278.616
South West,Bristol City,Avonmouth Healthcare Waste Incinerator and Transfer Facility - EPR/VP3130EF,51.52173411996413,-2.691779807,18 01 03*,Incineration,West Devon,Incineration,D10,97.78,Orange,110.8078477,10834.79134693264,105015.72
South West,Bristol City,Avonmouth Healthcare Waste Incinerator and Transfer Facility - EPR/VP3130EF,51.52173411996413,-2.691779807,18 01 09,Incineration,West Devon,Incineration,D10,1.287,Blue,110.8078477,142.6097,1382.2379999999998
South West,Bristol City,Avonmouth Healthcare Waste Incinerator and Transfer Facility - EPR/VP3130EF,51.52173411996413,-2.691779807,18 01 08*,Incineration,West Devon,Incineration,D10,0.073,Purple,110.8078477,8.088972881223999,133.809
South West,Bristol City,Avonmouth Healthcare Waste Incinerator and Transfer Facility - EPR/VP3130EF,51.52173411996413,-2.691779807,18 01 03*,Incineration,West Devon,Incineration,D10,51.076,Orange,110.8078477,5659.621628512288,54855.624
South West,Bristol City,Avonmouth Healthcare Waste Incinerator and Transfer Facility - EPR/VP3130EF,51.52173411996413,-2.691779807,18 01 09,Incineration,West Devon,Incineration,D10,0.986,Blue,110.8078477,109.2565378,1058.964
South West,Bristol City,Avonmouth Healthcare Waste Incinerator and Transfer Facility - EPR/VP3130EF,51.52173411996413,-2.691779807,18 01 04,Incineration,West Devon,Recovery,R13,0.254,Tiger,110.8078477,28.14519331,46.99
South West,Bristol City,Avonmouth Healthcare Waste Incinerator and Transfer Facility - EPR/VP3130EF,51.52173411996413,-2.691779807,18 01 04,Incineration,West Devon,Recovery,R13,0.115,Tiger,110.8078477,12.74290248,21.275000000000002
South West,Bristol City,Avonmouth Healthcare Waste Incinerator and Transfer Facility - EPR/VP3130EF,51.52173411996413,-2.691779807,18 01 03*,Incineration,Dorset,Incineration,D10,0.059,Orange,91.32041039,5.387904213,63.366
South West,Bristol City,Avonmouth Healthcare Waste Incinerator and Transfer Facility - EPR/VP3130EF,51.52173411996413,-2.691779807,18 01 04,Incineration,Dorset,Recovery,R13,0.145,Tiger,91.32041039,13.241459505969999,26.825
South West,Bristol City,Avonmouth Healthcare Waste Incinerator and Transfer Facility - EPR/VP3130EF,51.52173411996413,-2.691779807,18 01 09,Incineration,Dorset,Incineration,D10,0.463,Blue,91.32041039,42.28135000871801,497.262
South West,Bristol City,Avonmouth Healthcare Waste Incinerator and Transfer Facility - EPR/VP3130EF,51.52173411996413,-2.691779807,18 01 09,Incineration,Dorset,Incineration,D10,0.279,Blue,91.32041039,25.478394497694005,299.646
South West,Bristol City,Avonmouth Healthcare Waste Incinerator and Transfer Facility - EPR/VP3130EF,51.52173411996413,-2.691779807,18 01 03*,Incineration,Ealing,Incineration,D10,4.248,Orange,119.15658844400001,506.17718771011204,4562.352
South West,Bristol City,Avonmouth Healthcare Waste Incinerator and Transfer Facility - EPR/VP3130EF,51.52173411996413,-2.691779807,18 01 03*,Incineration,East Midlands,Incineration,D10,0.235,Orange,140.0327899,32.90770563,252.39
South West,Bristol City,Avonmouth Healthcare Waste Incinerator and Transfer Facility - EPR/VP3130EF,51.52173411996413,-2.691779807,18 01 03*,Incineration,East Midlands,Incineration,D10,0.296,Orange,140.0327899,41.449705819575996,317.904
South West,Bristol City,Avonmouth Healthcare Waste Incinerator and Transfer Facility - EPR/VP3130EF,51.52173411996413,-2.691779807,18 01 04,Incineration,East Midlands,Incineration,D10,0.132,Tiger,140.0327899,18.48432827,141.768
South West,Bristol City,Avonmouth Healthcare Waste Incinerator and Transfer Facility - EPR/VP3130EF,51.52173411996413,-2.691779807,18 01 08*,Incineration,Cheltenham,Incineration,D10,0.054,Purple,42.72360585,2.307074716,98.982
South West,Bristol City,Avonmouth Healthcare Waste Incinerator and Transfer Facility - EPR/VP3130EF,51.52173411996413,-2.691779807,18 01 03*,Incineration,Cheltenham,Incineration,D10,2.518,Orange,42.72360585,107.5780395,2704.332
South West,Bristol City,Avonmouth Healthcare Waste Incinerator and Transfer Facility - EPR/VP3130EF,51.52173411996413,-2.691779807,18 01 09,Incineration,Cheltenham,Incineration,D10,0.254,Blue,42.72360585,10.851795885138001,272.796
South West,Bristol City,Avonmouth Healthcare Waste Incinerator and Transfer Facility - EPR/VP3130EF,51.52173411996413,-2.691779807,18 01 04,Incineration,Cheltenham,Incineration,D10,0.207,Tiger,42.72360585,8.84378641,222.31799999999998
South West,Bristol City,Avonmouth Healthcare Waste Incinerator and Transfer Facility - EPR/VP3130EF,51.52173411996413,-2.691779807,18 01 08*,Incineration,Cheltenham,Incineration,D10,0.176,Purple,42.72360585,7.519354629,322.608
South West,Bristol City,Avonmouth Healthcare Waste Incinerator and Transfer Facility - EPR/VP3130EF,51.52173411996413,-2.691779807,18 01 03*,Incineration,Cheltenham,Incineration,D10,1.972,Orange,42.72360585,84.25095073,2117.928
South West,Bristol City,Avonmouth Healthcare Waste Incinerator and Transfer Facility - EPR/VP3130EF,51.52173411996413,-2.691779807,18 01 04,Incineration,Cheltenham,Recovery,R13,2.889,Tiger,42.72360585,123.42849729198299,534.4649999999999
South West,Bristol City,Avonmouth Healthcare Waste Incinerator and Transfer Facility - EPR/VP3130EF,51.52173411996413,-2.691779807,18 01 04,Incineration,Cheltenham,Recovery,R13,0.879,Tiger,42.72360585,37.55404954,162.615
South West,Bristol City,Avonmouth Healthcare Waste Incinerator and Transfer Facility - EPR/VP3130EF,51.52173411996413,-2.691779807,18 01 03*,Incineration,Forest of Dean,Incineration,D10,0.321,Orange,22.39793907,7.18973844,344.754
South West,Bristol City,Avonmouth Healthcare Waste Incinerator and Transfer Facility - EPR/VP3130EF,51.52173411996413,-2.691779807,18 01 03*,Incineration,Forest of Dean,Incineration,D10,0.238,Orange,22.39793907,5.330709498,255.612
South West,Bristol City,Avonmouth Healthcare Waste Incinerator and Transfer Facility - EPR/VP3130EF,51.52173411996413,-2.691779807,18 01 03*,Incineration,Stroud,Incineration,D10,0.327,Orange,32.46539201,10.61618319,351.19800000000004
South West,Bristol City,Avonmouth Healthcare Waste Incinerator and Transfer Facility - EPR/VP3130EF,51.52173411996413,-2.691779807,18 01 09,Incineration,Stroud,Incineration,D10,0.014,Blue,32.46539201,0.45451548811200004,15.036
South West,Bristol City,Avonmouth Healthcare Waste Incinerator and Transfer Facility - EPR/VP3130EF,51.52173411996413,-2.691779807,18 01 09,Incineration,Stroud,Incineration,D10,0.041,Blue,32.46539201,1.3310810723280002,44.034
South West,Bristol City,Avonmouth Healthcare Waste Incinerator and Transfer Facility - EPR/VP3130EF,51.52173411996413,-2.691779807,18 01 08*,Incineration,Basingstoke and Deane,Incineration,D10,0.068,Purple,87.45921099,5.9472263474560005,124.644
South West,Bristol City,Avonmouth Healthcare Waste Incinerator and Transfer Facility - EPR/VP3130EF,51.52173411996413,-2.691779807,18 01 03*,Incineration,Basingstoke and Deane,Incineration,D10,1.243,Orange,87.45921099,108.71179926305601,1334.9820000000002
South West,Bristol City,Avonmouth Healthcare Waste Incinerator and Transfer Facility - EPR/VP3130EF,51.52173411996413,-2.691779807,18 01 03*,Incineration,Eastleigh,Incineration,D10,2.501,Orange,106.3874144,266.0749234,2686.074
South West,Bristol City,Avonmouth Healthcare Waste Incinerator and Transfer Facility - EPR/VP3130EF,51.52173411996413,-2.691779807,18 01 03*,Incineration,Eastleigh,Incineration,D10,1.386,Orange,106.3874144,147.4529564,1488.5639999999999
South West,Bristol City,Avonmouth Healthcare Waste Incinerator and Transfer Facility - EPR/VP3130EF,51.52173411996413,-2.691779807,18 01 04,Incineration,Eastleigh,Recovery,R13,0.139,Tiger,106.3874144,14.787850600766001,25.715000000000003
South West,Bristol City,Avonmouth Healthcare Waste Incinerator and Transfer Facility - EPR/VP3130EF,51.52173411996413,-2.691779807,18 01 03*,Incineration,New Forest,Incineration,D10,0.462,Orange,122.1025084,56.411358860010004,496.18800000000005
South West,Bristol City,Avonmouth Healthcare Waste Incinerator and Transfer Facility - EPR/VP3130EF,51.52173411996413,-2.691779807,18 01 08*,Incineration,Test Valley,Incineration,D10,0.115,Purple,81.63510061,9.388036570035002,210.79500000000002
South West,Bristol City,Avonmouth Healthcare Waste Incinerator and Transfer Facility - EPR/VP3130EF,51.52173411996413,-2.691779807,18 01 03*,Incineration,Test Valley,Incineration,D10,10.601,Orange,81.63510061,865.4137015560091,11385.474
South West,Bristol City,Avonmouth Healthcare Waste Incinerator and Transfer Facility - EPR/VP3130EF,51.52173411996413,-2.691779807,18 01 04,Incineration,Test Valley,Recovery,R13,0.868,Tiger,81.63510061,70.85926733,160.58
South West,Bristol City,Avonmouth Healthcare Waste Incinerator and Transfer Facility - EPR/VP3130EF,51.52173411996413,-2.691779807,18 01 03*,Incineration,Winchester,Incineration,D10,5.511,Orange,98.52334302,542.9621434,5918.814
South West,Bristol City,Avonmouth Healthcare Waste Incinerator and Transfer Facility - EPR/VP3130EF,51.52173411996413,-2.691779807,18 01 09,Incineration,Winchester,Incineration,D10,0.535,Blue,98.52334302,52.709988514630005,574.59
South West,Bristol City,Avonmouth Healthcare Waste Incinerator and Transfer Facility - EPR/VP3130EF,51.52173411996413,-2.691779807,18 01 03*,Incineration,Hertsmere,Incineration,D10,0.595,Orange,130.1679039,77.44990284,639.03
South West,Bristol City,Avonmouth Healthcare Waste Incinerator and Transfer Facility - EPR/VP3130EF,51.52173411996413,-2.691779807,18 01 03*,Incineration,North West Leicestershire,Incineration,D10,0.095,Orange,118.6365009,11.27046759,102.03
South West,Bristol City,Avonmouth Healthcare Waste Incinerator and Transfer Facility - EPR/VP3130EF,51.52173411996413,-2.691779807,18 01 03*,Incineration,North West Leicestershire,Incineration,D10,0.121,Orange,118.6365009,14.35501661,129.954
South West,Bristol City,Avonmouth Healthcare Waste Incinerator and Transfer Facility - EPR/VP3130EF,51.52173411996413,-2.691779807,18 01 06*,Incineration,London,Incineration,D10,0.26,Yellow/Red,124.3121036,32.321146944060004,279.24
South West,Bristol City,Avonmouth Healthcare Waste Incinerator and Transfer Facility - EPR/VP3130EF,51.52173411996413,-2.691779807,18 01 08*,Incineration,London,Incineration,D10,0.221,Purple,124.3121036,27.4729749,405.093
South West,Bristol City,Avonmouth Healthcare Waste Incinerator and Transfer Facility - EPR/VP3130EF,51.52173411996413,-2.691779807,18 01 03*,Incineration,London,Incineration,D10,4.753,Orange,124.3121036,590.8554286,5104.722
South West,Bristol City,Avonmouth Healthcare Waste Incinerator and Transfer Facility - EPR/VP3130EF,51.52173411996413,-2.691779807,18 01 08*,Incineration,North Somerset,Incineration,D10,0.067,Purple,8.55627867,0.573270671,122.811
South West,Bristol City,Avonmouth Healthcare Waste Incinerator and Transfer Facility - EPR/VP3130EF,51.52173411996413,-2.691779807,18 01 03*,Incineration,North Somerset,Incineration,D10,69.237,Orange,8.55627867,592.4110663,74360.538
South West,Bristol City,Avonmouth Healthcare Waste Incinerator and Transfer Facility - EPR/VP3130EF,51.52173411996413,-2.691779807,18 01 09,Incineration,North Somerset,Incineration,D10,1.404,Blue,8.55627867,12.013015252679999,1507.896
South West,Bristol City,Avonmouth Healthcare Waste Incinerator and Transfer Facility - EPR/VP3130EF,51.52173411996413,-2.691779807,18 01 04,Incineration,North Somerset,Incineration,D10,0.108,Tiger,8.55627867,0.9240780963599999,115.992
South West,Bristol City,Avonmouth Healthcare Waste Incinerator and Transfer Facility - EPR/VP3130EF,51.52173411996413,-2.691779807,18 01 08*,Incineration,North Somerset,Incineration,D10,0.091,Purple,8.55627867,0.778621359,166.803
South West,Bristol City,Avonmouth Healthcare Waste Incinerator and Transfer Facility - EPR/VP3130EF,51.52173411996413,-2.691779807,18 01 03*,Incineration,North Somerset,Incineration,D10,26.387,Orange,8.55627867,225.77452526528998,28339.638
South West,Bristol City,Avonmouth Healthcare Waste Incinerator and Transfer Facility - EPR/VP3130EF,51.52173411996413,-2.691779807,18 01 09,Incineration,North Somerset,Incineration,D10,0.507,Blue,8.55627867,4.338033286,544.518
South West,Bristol City,Avonmouth Healthcare Waste Incinerator and Transfer Facility - EPR/VP3130EF,51.52173411996413,-2.691779807,18 01 04,Incineration,North Somerset,Recovery,R13,93.822,Tiger,8.55627867,802.7671773767399,17357.07
South West,Bristol City,Avonmouth Healthcare Waste Incinerator and Transfer Facility - EPR/VP3130EF,51.52173411996413,-2.691779807,18 01 04,Incineration,North Somerset,Recovery,R13,46.893,Tiger,8.55627867,401.2295757,8675.205
South West,Bristol City,Avonmouth Healthcare Waste Incinerator and Transfer Facility - EPR/VP3130EF,51.52173411996413,-2.691779807,18 01 03*,Incineration,North West,Incineration,D10,0.1,Orange,172.7541868,17.27541868,107.4
South West,Bristol City,Avonmouth Healthcare Waste Incinerator and Transfer Facility - EPR/VP3130EF,51.52173411996413,-2.691779807,18 01 03*,Incineration,Cherwell,Incineration,D10,0.018,Orange,89.58181432800001,1.612472658,19.331999999999997
South West,Bristol City,Avonmouth Healthcare Waste Incinerator and Transfer Facility - EPR/VP3130EF,51.52173411996413,-2.691779807,18 01 08*,Incineration,Poole,Incineration,D10,0.146,Purple,109.2053319,15.94397845,267.618
South West,Bristol City,Avonmouth Healthcare Waste Incinerator and Transfer Facility - EPR/VP3130EF,51.52173411996413,-2.691779807,18 01 03*,Incineration,Poole,Incineration,D10,0.352,Orange,109.2053319,38.44027682,378.048
South West,Bristol City,Avonmouth Healthcare Waste Incinerator and Transfer Facility - EPR/VP3130EF,51.52173411996413,-2.691779807,18 01 09,Incineration,Poole,Incineration,D10,0.133,Blue,109.2053319,14.52430914,142.842
South West,Bristol City,Avonmouth Healthcare Waste Incinerator and Transfer Facility - EPR/VP3130EF,51.52173411996413,-2.691779807,18 01 08*,Incineration,Somerset,Incineration,D10,0.006,Purple,45.97089069,0.27582534415800003,10.998000000000001
South West,Bristol City,Avonmouth Healthcare Waste Incinerator and Transfer Facility - EPR/VP3130EF,51.52173411996413,-2.691779807,18 01 03*,Incineration,Somerset,Incineration,D10,5.277,Orange,45.97089069,242.58839018696102,5667.4980000000005
South West,Bristol City,Avonmouth Healthcare Waste Incinerator and Transfer Facility - EPR/VP3130EF,51.52173411996413,-2.691779807,18 01 09,Incineration,Somerset,Incineration,D10,0.967,Blue,45.97089069,44.4538513,1038.558
South West,Bristol City,Avonmouth Healthcare Waste Incinerator and Transfer Facility - EPR/VP3130EF,51.52173411996413,-2.691779807,18 01 04,Incineration,Somerset,Incineration,D10,0.014,Tiger,45.97089069,0.64359247,15.036
South West,Bristol City,Avonmouth Healthcare Waste Incinerator and Transfer Facility - EPR/VP3130EF,51.52173411996413,-2.691779807,18 01 08*,Incineration,Somerset,Incineration,D10,0.007,Purple,45.97089069,0.321796235,12.831
South West,Bristol City,Avonmouth Healthcare Waste Incinerator and Transfer Facility - EPR/VP3130EF,51.52173411996413,-2.691779807,18 01 03*,Incineration,Somerset,Incineration,D10,1.267,Orange,45.97089069,58.24511851,1360.7579999999998
South West,Bristol City,Avonmouth Healthcare Waste Incinerator and Transfer Facility - EPR/VP3130EF,51.52173411996413,-2.691779807,18 01 09,Incineration,Somerset,Incineration,D10,0.156,Blue,45.97089069,7.171458948,167.544
South West,Bristol City,Avonmouth Healthcare Waste Incinerator and Transfer Facility - EPR/VP3130EF,51.52173411996413,-2.691779807,18 01 04,Incineration,Somerset,Recovery,R13,0.388,Tiger,45.97089069,17.83670559,71.78
South West,Bristol City,Avonmouth Healthcare Waste Incinerator and Transfer Facility - EPR/VP3130EF,51.52173411996413,-2.691779807,18 01 04,Incineration,Somerset,Recovery,R13,0.142,Tiger,45.97089069,6.527866478,26.269999999999996
South West,Bristol City,Avonmouth Healthcare Waste Incinerator and Transfer Facility - EPR/VP3130EF,51.52173411996413,-2.691779807,18 01 08*,Incineration,Somerset,Incineration,D10,0.001,Purple,45.97089069,0.045970890693000005,1.833
South West,Bristol City,Avonmouth Healthcare Waste Incinerator and Transfer Facility - EPR/VP3130EF,51.52173411996413,-2.691779807,18 01 03*,Incineration,Somerset,Incineration,D10,0.339,Orange,45.97089069,15.584131944927002,364.086
South West,Bristol City,Avonmouth Healthcare Waste Incinerator and Transfer Facility - EPR/VP3130EF,51.52173411996413,-2.691779807,18 01 09,Incineration,Somerset,Incineration,D10,0.183,Blue,45.97089069,8.412672997,196.542
South West,Bristol City,Avonmouth Healthcare Waste Incinerator and Transfer Facility - EPR/VP3130EF,51.52173411996413,-2.691779807,18 01 03*,Incineration,Somerset,Incineration,D10,0.114,Orange,45.97089069,5.240681539002001,122.436
South West,Bristol City,Avonmouth Healthcare Waste Incinerator and Transfer Facility - EPR/VP3130EF,51.52173411996413,-2.691779807,18 01 09,Incineration,Somerset,Incineration,D10,0.041,Blue,45.97089069,1.884806518,44.034
South West,Bristol City,Avonmouth Healthcare Waste Incinerator and Transfer Facility - EPR/VP3130EF,51.52173411996413,-2.691779807,18 01 04,Incineration,Somerset,Recovery,R13,0.735,Tiger,45.97089069,33.78860466,135.975
South West,Bristol City,Avonmouth Healthcare Waste Incinerator and Transfer Facility - EPR/VP3130EF,51.52173411996413,-2.691779807,18 01 04,Incineration,Somerset,Recovery,R13,0.234,Tiger,45.97089069,10.75718842,43.29
South West,Bristol City,Avonmouth Healthcare Waste Incinerator and Transfer Facility - EPR/VP3130EF,51.52173411996413,-2.691779807,18 01 08*,Incineration,Somerset,Incineration,D10,0.088,Purple,45.97089069,4.045438381,161.304
South West,Bristol City,Avonmouth Healthcare Waste Incinerator and Transfer Facility - EPR/VP3130EF,51.52173411996413,-2.691779807,18 01 03*,Incineration,Somerset,Incineration,D10,14.35,Orange,45.97089069,659.6822814,15411.9
South West,Bristol City,Avonmouth Healthcare Waste Incinerator and Transfer Facility - EPR/VP3130EF,51.52173411996413,-2.691779807,18 01 09,Incineration,Somerset,Incineration,D10,0.962,Blue,45.97089069,44.22399685,1033.1879999999999
South West,Bristol City,Avonmouth Healthcare Waste Incinerator and Transfer Facility - EPR/VP3130EF,51.52173411996413,-2.691779807,18 01 04,Incineration,Somerset,Incineration,D10,0.054,Tiger,45.97089069,2.482428097,57.996
South West,Bristol City,Avonmouth Healthcare Waste Incinerator and Transfer Facility - EPR/VP3130EF,51.52173411996413,-2.691779807,18 01 08*,Incineration,Somerset,Incineration,D10,0.025,Purple,45.97089069,1.149272267,45.825
South West,Bristol City,Avonmouth Healthcare Waste Incinerator and Transfer Facility - EPR/VP3130EF,51.52173411996413,-2.691779807,18 01 03*,Incineration,Somerset,Incineration,D10,4.301,Orange,45.97089069,197.72080087059302,4619.274
South West,Bristol City,Avonmouth Healthcare Waste Incinerator and Transfer Facility - EPR/VP3130EF,51.52173411996413,-2.691779807,18 01 09,Incineration,Somerset,Incineration,D10,0.454,Blue,45.97089069,20.87078437,487.596
South West,Bristol City,Avonmouth Healthcare Waste Incinerator and Transfer Facility - EPR/VP3130EF,51.52173411996413,-2.691779807,18 01 10*,Incineration,Somerset,Recovery,R13,0.022,White,45.97089069,1.011359595,4.069999999999999
South West,Bristol City,Avonmouth Healthcare Waste Incinerator and Transfer Facility - EPR/VP3130EF,51.52173411996413,-2.691779807,18 01 04,Incineration,Somerset,Recovery,R13,2.906,Tiger,45.97089069,133.59140835385801,537.61
South West,Bristol City,Avonmouth Healthcare Waste Incinerator and Transfer Facility - EPR/VP3130EF,51.52173411996413,-2.691779807,18 01 04,Incineration,Somerset,Recovery,R13,0.954,Tiger,45.97089069,43.85622972,176.48999999999998
South West,Bristol City,Avonmouth Healthcare Waste Incinerator and Transfer Facility - EPR/VP3130EF,51.52173411996413,-2.691779807,18 01 08*,Incineration,Somerset,Incineration,D10,0.003,Purple,45.97089069,0.13791267207900001,5.4990000000000006
South West,Bristol City,Avonmouth Healthcare Waste Incinerator and Transfer Facility - EPR/VP3130EF,51.52173411996413,-2.691779807,18 01 03*,Incineration,Somerset,Incineration,D10,1.467,Orange,45.97089069,67.43929665,1575.558
South West,Bristol City,Avonmouth Healthcare Waste Incinerator and Transfer Facility - EPR/VP3130EF,51.52173411996413,-2.691779807,18 01 09,Incineration,Somerset,Incineration,D10,0.155,Blue,45.97089069,7.125488057415001,166.47
South West,Bristol City,Avonmouth Healthcare Waste Incinerator and Transfer Facility - EPR/VP3130EF,51.52173411996413,-2.691779807,18 01 03*,Incineration,Somerset,Incineration,D10,0.497,Orange,45.97089069,22.84753267,533.778
South West,Bristol City,Avonmouth Healthcare Waste Incinerator and Transfer Facility - EPR/VP3130EF,51.52173411996413,-2.691779807,18 01 09,Incineration,Somerset,Incineration,D10,0.027,Blue,45.97089069,1.241214049,28.998
South West,Bristol City,Avonmouth Healthcare Waste Incinerator and Transfer Facility - EPR/VP3130EF,51.52173411996413,-2.691779807,18 01 04,Incineration,Somerset,Recovery,R13,6.266,Tiger,45.97089069,288.0536011,1159.21
South West,Bristol City,Avonmouth Healthcare Waste Incinerator and Transfer Facility - EPR/VP3130EF,51.52173411996413,-2.691779807,18 01 04,Incineration,Somerset,Recovery,R13,1.796,Tiger,45.97089069,82.56371968,332.26
South West,Bristol City,Avonmouth Healthcare Waste Incinerator and Transfer Facility - EPR/VP3130EF,51.52173411996413,-2.691779807,18 01 03*,Incineration,Somerset,Incineration,D10,1.975,Orange,45.97089069,90.79250912,2121.15
South West,Bristol City,Avonmouth Healthcare Waste Incinerator and Transfer Facility - EPR/VP3130EF,51.52173411996413,-2.691779807,18 01 09,Incineration,Somerset,Incineration,D10,0.286,Blue,45.97089069,13.147674738197999,307.164
South West,Bristol City,Avonmouth Healthcare Waste Incinerator and Transfer Facility - EPR/VP3130EF,51.52173411996413,-2.691779807,18 01 04,Incineration,Somerset,Incineration,D10,0.014,Tiger,45.97089069,0.64359247,15.036
South West,Bristol City,Avonmouth Healthcare Waste Incinerator and Transfer Facility - EPR/VP3130EF,51.52173411996413,-2.691779807,18 01 03*,Incineration,Somerset,Incineration,D10,0.853,Orange,45.97089069,39.21316976,916.122
South West,Bristol City,Avonmouth Healthcare Waste Incinerator and Transfer Facility - EPR/VP3130EF,51.52173411996413,-2.691779807,18 01 04,Incineration,Somerset,Incineration,D10,0.009,Tiger,45.97089069,0.41373801623699996,9.665999999999999
South West,Bristol City,Avonmouth Healthcare Waste Incinerator and Transfer Facility - EPR/VP3130EF,51.52173411996413,-2.691779807,18 01 03*,Incineration,South East,Incineration,D10,0.258,Orange,119.0397707,30.712260839568003,277.092
South West,Bristol City,Avonmouth Healthcare Waste Incinerator and Transfer Facility - EPR/VP3130EF,51.52173411996413,-2.691779807,18 01 06*,Incineration,South Gloucestershire,Incineration,D10,0.428,Yellow/Red,14.51771204,6.213580755,459.67199999999997
South West,Bristol City,Avonmouth Healthcare Waste Incinerator and Transfer Facility - EPR/VP3130EF,51.52173411996413,-2.691779807,18 01 03*,Incineration,South Gloucestershire,Incineration,D10,79.506,Orange,14.51771204,1154.245213770264,85389.444
South West,Bristol City,Avonmouth Healthcare Waste Incinerator and Transfer Facility - EPR/VP3130EF,51.52173411996413,-2.691779807,18 01 09,Incineration,South Gloucestershire,Incineration,D10,1.384,Blue,14.51771204,20.092513468895998,1486.416
South West,Bristol City,Avonmouth Healthcare Waste Incinerator and Transfer Facility - EPR/VP3130EF,51.52173411996413,-2.691779807,18 01 04,Incineration,South Gloucestershire,Incineration,D10,0.023,Tiger,14.51771204,0.33390737701199996,24.701999999999998
South West,Bristol City,Avonmouth Healthcare Waste Incinerator and Transfer Facility - EPR/VP3130EF,51.52173411996413,-2.691779807,18 01 06*,Incineration,South Gloucestershire,Incineration,D10,0.088,Yellow/Red,14.51771204,1.27755866,94.512
South West,Bristol City,Avonmouth Healthcare Waste Incinerator and Transfer Facility - EPR/VP3130EF,51.52173411996413,-2.691779807,18 01 08*,Incineration,South Gloucestershire,Incineration,D10,0.008,Purple,14.51771204,0.116141696,14.664
South West,Bristol City,Avonmouth Healthcare Waste Incinerator and Transfer Facility - EPR/VP3130EF,51.52173411996413,-2.691779807,18 01 03*,Incineration,South Gloucestershire,Incineration,D10,27.161,Orange,14.51771204,394.3155768,29170.914
South West,Bristol City,Avonmouth Healthcare Waste Incinerator and Transfer Facility - EPR/VP3130EF,51.52173411996413,-2.691779807,18 01 09,Incineration,South Gloucestershire,Incineration,D10,0.418,Blue,14.51771204,6.068403634391999,448.93199999999996
South West,Bristol City,Avonmouth Healthcare Waste Incinerator and Transfer Facility - EPR/VP3130EF,51.52173411996413,-2.691779807,18 01 04,Incineration,South Gloucestershire,Incineration,D10,0.014,Tiger,14.51771204,0.203247969,15.036
South West,Bristol City,Avonmouth Healthcare Waste Incinerator and Transfer Facility - EPR/VP3130EF,51.52173411996413,-2.691779807,18 01 10*,Incineration,South Gloucestershire,Recovery,R13,0.022,White,14.51771204,0.319389665,4.069999999999999
South West,Bristol City,Avonmouth Healthcare Waste Incinerator and Transfer Facility - EPR/VP3130EF,51.52173411996413,-2.691779807,18 01 04,Incineration,South Gloucestershire,Recovery,R13,35.384,Tiger,14.51771204,513.694723,6546.04
South West,Bristol City,Avonmouth Healthcare Waste Incinerator and Transfer Facility - EPR/VP3130EF,51.52173411996413,-2.691779807,18 01 10*,Incineration,South Gloucestershire,Recovery,R13,0.028,White,14.51771204,0.406495937,5.18
South West,Bristol City,Avonmouth Healthcare Waste Incinerator and Transfer Facility - EPR/VP3130EF,51.52173411996413,-2.691779807,18 01 04,Incineration,South Gloucestershire,Recovery,R13,13.249,Tiger,14.51771204,192.3451669,2451.065
South West,Bristol City,Avonmouth Healthcare Waste Incinerator and Transfer Facility - EPR/VP3130EF,51.52173411996413,-2.691779807,18 01 08*,Incineration,South West,Incineration,D10,1.368,Purple,103.5017675,141.59041789896003,2507.5440000000003
South West,Bristol City,Avonmouth Healthcare Waste Incinerator and Transfer Facility - EPR/VP3130EF,51.52173411996413,-2.691779807,18 01 03*,Incineration,South West,Incineration,D10,13.282,Orange,103.5017675,1374.7104755365401,14264.868
South West,Bristol City,Avonmouth Healthcare Waste Incinerator and Transfer Facility - EPR/VP3130EF,51.52173411996413,-2.691779807,18 01 09,Incineration,South West,Incineration,D10,0.245,Blue,103.5017675,25.35793303,263.13
South West,Bristol City,Avonmouth Healthcare Waste Incinerator and Transfer Facility - EPR/VP3130EF,51.52173411996413,-2.691779807,18 01 03*,Incineration,South West,Incineration,D10,0.122,Orange,103.5017675,12.62721563,131.028
South West,Bristol City,Avonmouth Healthcare Waste Incinerator and Transfer Facility - EPR/VP3130EF,51.52173411996413,-2.691779807,18 01 04,Incineration,South West,Recovery,R13,2.084,Tiger,103.5017675,215.6976834,385.54
South West,Bristol City,Avonmouth Healthcare Waste Incinerator and Transfer Facility - EPR/VP3130EF,51.52173411996413,-2.691779807,18 01 03*,Incineration,Southampton,Incineration,D10,4.3,Orange,109.8534218,472.36971387759996,4618.2
South West,Bristol City,Avonmouth Healthcare Waste Incinerator and Transfer Facility - EPR/VP3130EF,51.52173411996413,-2.691779807,18 01 09,Incineration,Southampton,Incineration,D10,0.035,Blue,109.8534218,3.8448697641200003,37.59
South West,Bristol City,Avonmouth Healthcare Waste Incinerator and Transfer Facility - EPR/VP3130EF,51.52173411996413,-2.691779807,18 01 03*,Incineration,Southampton,Incineration,D10,1.171,Orange,109.8534218,128.638357,1257.654
South West,Bristol City,Avonmouth Healthcare Waste Incinerator and Transfer Facility - EPR/VP3130EF,51.52173411996413,-2.691779807,18 01 04,Incineration,Southampton,Recovery,R13,0.154,Tiger,109.8534218,16.917426962127998,28.49
South West,Bristol City,Avonmouth Healthcare Waste Incinerator and Transfer Facility - EPR/VP3130EF,51.52173411996413,-2.691779807,18 01 08*,Incineration,East Staffordshire,Incineration,D10,0.035,Purple,118.8968554,4.161389938,64.155
South West,Bristol City,Avonmouth Healthcare Waste Incinerator and Transfer Facility - EPR/VP3130EF,51.52173411996413,-2.691779807,18 01 08*,Incineration,East Staffordshire,Incineration,D10,0.068,Purple,118.8968554,8.084986165,124.644
South West,Bristol City,Avonmouth Healthcare Waste Incinerator and Transfer Facility - EPR/VP3130EF,51.52173411996413,-2.691779807,18 01 03*,Incineration,East Staffordshire,Incineration,D10,0.287,Orange,118.8968554,34.123397490041995,308.238
South West,Bristol City,Avonmouth Healthcare Waste Incinerator and Transfer Facility - EPR/VP3130EF,51.52173411996413,-2.691779807,18 01 09,Incineration,East Staffordshire,Incineration,D10,0.028,Blue,118.8968554,3.32911195,30.072
South West,Bristol City,Avonmouth Healthcare Waste Incinerator and Transfer Facility - EPR/VP3130EF,51.52173411996413,-2.691779807,18 01 04,Incineration,East Staffordshire,Incineration,D10,0.062,Tiger,118.8968554,7.371605033,66.588
South West,Bristol City,Avonmouth Healthcare Waste Incinerator and Transfer Facility - EPR/VP3130EF,51.52173411996413,-2.691779807,18 01 03*,Incineration,Stafford,Incineration,D10,0.107,Orange,114.06569584100001,12.20502945,114.91799999999999
South West,Bristol City,Avonmouth Healthcare Waste Incinerator and Transfer Facility - EPR/VP3130EF,51.52173411996413,-2.691779807,18 01 08*,Incineration,Swindon,Incineration,D10,0.002,Purple,46.35551934,0.092711039,3.666
South West,Bristol City,Avonmouth Healthcare Waste Incinerator and Transfer Facility - EPR/VP3130EF,51.52173411996413,-2.691779807,18 01 03*,Incineration,Swindon,Incineration,D10,1.786,Orange,46.35551934,82.79095754,1918.164
South West,Bristol City,Avonmouth Healthcare Waste Incinerator and Transfer Facility - EPR/VP3130EF,51.52173411996413,-2.691779807,18 01 09,Incineration,Swindon,Incineration,D10,0.94,Blue,46.35551934,43.57418818,1009.56
South West,Bristol City,Avonmouth Healthcare Waste Incinerator and Transfer Facility - EPR/VP3130EF,51.52173411996413,-2.691779807,18 01 08*,Incineration,Swindon,Incineration,D10,0.008,Purple,46.35551934,0.370844155,14.664
South West,Bristol City,Avonmouth Healthcare Waste Incinerator and Transfer Facility - EPR/VP3130EF,51.52173411996413,-2.691779807,18 01 03*,Incineration,Swindon,Incineration,D10,0.76,Orange,46.35551934,35.2301947,816.24
South West,Bristol City,Avonmouth Healthcare Waste Incinerator and Transfer Facility - EPR/VP3130EF,51.52173411996413,-2.691779807,18 01 09,Incineration,Swindon,Incineration,D10,0.252,Blue,46.35551934,11.68159087,270.648
South West,Bristol City,Avonmouth Healthcare Waste Incinerator and Transfer Facility - EPR/VP3130EF,51.52173411996413,-2.691779807,18 01 04,Incineration,Swindon,Recovery,R13,0.481,Tiger,46.35551934,22.2970048,88.985
South West,Bristol City,Avonmouth Healthcare Waste Incinerator and Transfer Facility - EPR/VP3130EF,51.52173411996413,-2.691779807,18 01 04,Incineration,Swindon,Recovery,R13,0.203,Tiger,46.35551934,9.410170426426001,37.555
South West,Bristol City,Avonmouth Healthcare Waste Incinerator and Transfer Facility - EPR/VP3130EF,51.52173411996413,-2.691779807,18 01 08*,Incineration,Blaenau Gwent,Incineration,D10,0.05,Purple,45.28054751,2.264027376,91.65
South West,Bristol City,Avonmouth Healthcare Waste Incinerator and Transfer Facility - EPR/VP3130EF,51.52173411996413,-2.691779807,18 01 03*,Incineration,Blaenau Gwent,Incineration,D10,0.418,Orange,45.28054751,18.92726886,448.93199999999996
South West,Bristol City,Avonmouth Healthcare Waste Incinerator and Transfer Facility - EPR/VP3130EF,51.52173411996413,-2.691779807,18 01 09,Incineration,Blaenau Gwent,Incineration,D10,0.079,Blue,45.28054751,3.577163253,84.846
South West,Bristol City,Avonmouth Healthcare Waste Incinerator and Transfer Facility - EPR/VP3130EF,51.52173411996413,-2.691779807,18 01 03*,Incineration,Blaenau Gwent,Incineration,D10,0.146,Orange,45.28054751,6.610959937,156.804
South West,Bristol City,Avonmouth Healthcare Waste Incinerator and Transfer Facility - EPR/VP3130EF,51.52173411996413,-2.691779807,18 01 09,Incineration,Blaenau Gwent,Incineration,D10,0.061,Blue,45.28054751,2.7621133982319996,65.514
South West,Bristol City,Avonmouth Healthcare Waste Incinerator and Transfer Facility - EPR/VP3130EF,51.52173411996413,-2.691779807,18 01 08*,Incineration,Bridgend,Incineration,D10,0.426,Purple,52.8016221,22.49349101,780.858
South West,Bristol City,Avonmouth Healthcare Waste Incinerator and Transfer Facility - EPR/VP3130EF,51.52173411996413,-2.691779807,18 01 03*,Incineration,Bridgend,Incineration,D10,12.563,Orange,52.8016221,663.3467783920481,13492.662
South West,Bristol City,Avonmouth Healthcare Waste Incinerator and Transfer Facility - EPR/VP3130EF,51.52173411996413,-2.691779807,18 01 07,Incineration,Bridgend,Incineration,D10,5.841,Unknown,52.8016221,308.41427466273603,6273.234
South West,Bristol City,Avonmouth Healthcare Waste Incinerator and Transfer Facility - EPR/VP3130EF,51.52173411996413,-2.691779807,18 01 09,Incineration,Bridgend,Incineration,D10,0.969,Blue,52.8016221,51.16477181,1040.706
South West,Bristol City,Avonmouth Healthcare Waste Incinerator and Transfer Facility - EPR/VP3130EF,51.52173411996413,-2.691779807,18 01 04,Incineration,Bridgend,Incineration,D10,0.464,Tiger,52.8016221,24.499952652544003,498.336
South West,Bristol City,Avonmouth Healthcare Waste Incinerator and Transfer Facility - EPR/VP3130EF,51.52173411996413,-2.691779807,18 01 08*,Incineration,Bridgend,Incineration,D10,0.077,Purple,52.8016221,4.0657249013920005,141.141
South West,Bristol City,Avonmouth Healthcare Waste Incinerator and Transfer Facility - EPR/VP3130EF,51.52173411996413,-2.691779807,18 01 03*,Incineration,Bridgend,Incineration,D10,5.214,Orange,52.8016221,275.30765760854405,5599.836
South West,Bristol City,Avonmouth Healthcare Waste Incinerator and Transfer Facility - EPR/VP3130EF,51.52173411996413,-2.691779807,18 01 07,Incineration,Bridgend,Incineration,D10,2.175,Unknown,52.8016221,114.84352805879999,2335.95
South West,Bristol City,Avonmouth Healthcare Waste Incinerator and Transfer Facility - EPR/VP3130EF,51.52173411996413,-2.691779807,18 01 09,Incineration,Bridgend,Incineration,D10,0.416,Blue,52.8016221,21.96547479,446.784
South West,Bristol City,Avonmouth Healthcare Waste Incinerator and Transfer Facility - EPR/VP3130EF,51.52173411996413,-2.691779807,18 01 04,Incineration,Bridgend,Incineration,D10,0.267,Tiger,52.8016221,14.098033099632001,286.75800000000004
South West,Bristol City,Avonmouth Healthcare Waste Incinerator and Transfer Facility - EPR/VP3130EF,51.52173411996413,-2.691779807,18 01 04,Incineration,Bridgend,Recovery,R13,0.384,Tiger,52.8016221,20.275822884864002,71.04
South West,Bristol City,Avonmouth Healthcare Waste Incinerator and Transfer Facility - EPR/VP3130EF,51.52173411996413,-2.691779807,18 01 04,Incineration,Bridgend,Recovery,R13,0.013,Tiger,52.8016221,0.686421087,2.405
South West,Bristol City,Avonmouth Healthcare Waste Incinerator and Transfer Facility - EPR/VP3130EF,51.52173411996413,-2.691779807,18 01 03*,Incineration,Caerphilly,Incineration,D10,3.221,Orange,42.44709575,136.7220954,3459.3540000000003
South West,Bristol City,Avonmouth Healthcare Waste Incinerator and Transfer Facility - EPR/VP3130EF,51.52173411996413,-2.691779807,18 01 09,Incineration,Caerphilly,Incineration,D10,0.708,Blue,42.44709575,30.05254379,760.3919999999999
South West,Bristol City,Avonmouth Healthcare Waste Incinerator and Transfer Facility - EPR/VP3130EF,51.52173411996413,-2.691779807,18 01 03*,Incineration,Caerphilly,Incineration,D10,1.256,Orange,42.44709575,53.313552264512005,1348.944
South West,Bristol City,Avonmouth Healthcare Waste Incinerator and Transfer Facility - EPR/VP3130EF,51.52173411996413,-2.691779807,18 01 09,Incineration,Caerphilly,Incineration,D10,0.375,Blue,42.44709575,15.917660907000002,402.75
South West,Bristol City,Avonmouth Healthcare Waste Incinerator and Transfer Facility - EPR/VP3130EF,51.52173411996413,-2.691779807,18 01 04,Incineration,Caerphilly,Recovery,R13,0.06,Tiger,42.44709575,2.546825745,11.1
South West,Bristol City,Avonmouth Healthcare Waste Incinerator and Transfer Facility - EPR/VP3130EF,51.52173411996413,-2.691779807,18 01 06*,Incineration,Cardiff,Incineration,D10,0.108,Yellow/Red,36.54469262,3.9468268032840004,115.992
South West,Bristol City,Avonmouth Healthcare Waste Incinerator and Transfer Facility - EPR/VP3130EF,51.52173411996413,-2.691779807,18 01 08*,Incineration,Cardiff,Incineration,D10,16.849,Purple,36.54469262,615.7415260049271,30884.217
South West,Bristol City,Avonmouth Healthcare Waste Incinerator and Transfer Facility - EPR/VP3130EF,51.52173411996413,-2.691779807,18 01 03*,Incineration,Cardiff,Incineration,D10,234.937,Orange,36.54469262,8585.700450769753,252322.33800000002
South West,Bristol City,Avonmouth Healthcare Waste Incinerator and Transfer Facility - EPR/VP3130EF,51.52173411996413,-2.691779807,18 01 09,Incineration,Cardiff,Incineration,D10,2.585,Blue,36.54469262,94.46803043,2776.29
South West,Bristol City,Avonmouth Healthcare Waste Incinerator and Transfer Facility - EPR/VP3130EF,51.52173411996413,-2.691779807,18 01 04,Incineration,Cardiff,Incineration,D10,1.796,Tiger,36.54469262,65.63426795090801,1928.904
South West,Bristol City,Avonmouth Healthcare Waste Incinerator and Transfer Facility - EPR/VP3130EF,51.52173411996413,-2.691779807,18 01 08*,Incineration,Cardiff,Incineration,D10,4.008,Purple,36.54469262,146.471128,7346.664
South West,Bristol City,Avonmouth Healthcare Waste Incinerator and Transfer Facility - EPR/VP3130EF,51.52173411996413,-2.691779807,18 01 03*,Incineration,Cardiff,Incineration,D10,48.773,Orange,36.54469262,1782.3942933015792,52382.202000000005
South West,Bristol City,Avonmouth Healthcare Waste Incinerator and Transfer Facility - EPR/VP3130EF,51.52173411996413,-2.691779807,18 01 09,Incineration,Cardiff,Incineration,D10,0.98,Blue,36.54469262,35.813798770540004,1052.52
South West,Bristol City,Avonmouth Healthcare Waste Incinerator and Transfer Facility - EPR/VP3130EF,51.52173411996413,-2.691779807,18 01 04,Incineration,Cardiff,Incineration,D10,0.531,Tiger,36.54469262,19.405231782813004,570.294
South West,Bristol City,Avonmouth Healthcare Waste Incinerator and Transfer Facility - EPR/VP3130EF,51.52173411996413,-2.691779807,18 01 04,Incineration,Cardiff,Recovery,R13,0.392,Tiger,36.54469262,14.325519508216003,72.52
South West,Bristol City,Avonmouth Healthcare Waste Incinerator and Transfer Facility - EPR/VP3130EF,51.52173411996413,-2.691779807,18 01 04,Incineration,Cardiff,Recovery,R13,0.213,Tiger,36.54469262,7.784019528699001,39.405
South West,Bristol City,Avonmouth Healthcare Waste Incinerator and Transfer Facility - EPR/VP3130EF,51.52173411996413,-2.691779807,18 01 08*,Incineration,Carmarthenshire,Incineration,D10,2.061,Purple,93.45481977,192.6103835,3777.813
South West,Bristol City,Avonmouth Healthcare Waste Incinerator and Transfer Facility - EPR/VP3130EF,51.52173411996413,-2.691779807,18 01 03*,Incineration,Carmarthenshire,Incineration,D10,35.435,Orange,93.45481977,3311.5715385853855,38057.19
South West,Bristol City,Avonmouth Healthcare Waste Incinerator and Transfer Facility - EPR/VP3130EF,51.52173411996413,-2.691779807,18 01 09,Incineration,Carmarthenshire,Incineration,D10,5.725,Blue,93.45481977,535.0288432,6148.65
South West,Bristol City,Avonmouth Healthcare Waste Incinerator and Transfer Facility - EPR/VP3130EF,51.52173411996413,-2.691779807,18 01 04,Incineration,Carmarthenshire,Incineration,D10,0.599,Tiger,93.45481977,55.97943704,643.326
South West,Bristol City,Avonmouth Healthcare Waste Incinerator and Transfer Facility - EPR/VP3130EF,51.52173411996413,-2.691779807,18 01 08*,Incineration,Carmarthenshire,Incineration,D10,0.433,Purple,93.45481977,40.46593696,793.689
South West,Bristol City,Avonmouth Healthcare Waste Incinerator and Transfer Facility - EPR/VP3130EF,51.52173411996413,-2.691779807,18 01 03*,Incineration,Carmarthenshire,Incineration,D10,16.756,Orange,93.45481977,1565.928960082876,17995.944
South West,Bristol City,Avonmouth Healthcare Waste Incinerator and Transfer Facility - EPR/VP3130EF,51.52173411996413,-2.691779807,18 01 09,Incineration,Carmarthenshire,Incineration,D10,2.079,Blue,93.45481977,194.29257030390903,2232.846
South West,Bristol City,Avonmouth Healthcare Waste Incinerator and Transfer Facility - EPR/VP3130EF,51.52173411996413,-2.691779807,18 01 04,Incineration,Carmarthenshire,Incineration,D10,0.105,Tiger,93.45481977,9.812756076,112.77
South West,Bristol City,Avonmouth Healthcare Waste Incinerator and Transfer Facility - EPR/VP3130EF,51.52173411996413,-2.691779807,18 01 08*,Incineration,Ceredigion,Incineration,D10,0.369,Purple,119.0124304,43.91558681,676.377
South West,Bristol City,Avonmouth Healthcare Waste Incinerator and Transfer Facility - EPR/VP3130EF,51.52173411996413,-2.691779807,18 01 03*,Incineration,Ceredigion,Incineration,D10,5.179,Orange,119.0124304,616.3653769,5562.246
South West,Bristol City,Avonmouth Healthcare Waste Incinerator and Transfer Facility - EPR/VP3130EF,51.52173411996413,-2.691779807,18 01 09,Incineration,Ceredigion,Incineration,D10,0.575,Blue,119.0124304,68.43214746,617.55
South West,Bristol City,Avonmouth Healthcare Waste Incinerator and Transfer Facility - EPR/VP3130EF,51.52173411996413,-2.691779807,18 01 08*,Incineration,Ceredigion,Incineration,D10,0.116,Purple,119.0124304,13.805441923152001,212.62800000000001
South West,Bristol City,Avonmouth Healthcare Waste Incinerator and Transfer Facility - EPR/VP3130EF,51.52173411996413,-2.691779807,18 01 03*,Incineration,Ceredigion,Incineration,D10,2.613,Orange,119.0124304,310.9794806,2806.362
South West,Bristol City,Avonmouth Healthcare Waste Incinerator and Transfer Facility - EPR/VP3130EF,51.52173411996413,-2.691779807,18 01 09,Incineration,Ceredigion,Incineration,D10,0.3,Blue,119.0124304,35.70372911,322.2
South West,Bristol City,Avonmouth Healthcare Waste Incinerator and Transfer Facility - EPR/VP3130EF,51.52173411996413,-2.691779807,18 01 04,Incineration,Ceredigion,Recovery,R13,0.06,Tiger,119.0124304,7.1407458223199995,11.1
South West,Bristol City,Avonmouth Healthcare Waste Incinerator and Transfer Facility - EPR/VP3130EF,51.52173411996413,-2.691779807,18 01 08*,Incineration,Merthyr Tydfil,Incineration,D10,2.765,Purple,56.17380251,155.3205639,5068.245
South West,Bristol City,Avonmouth Healthcare Waste Incinerator and Transfer Facility - EPR/VP3130EF,51.52173411996413,-2.691779807,18 01 03*,Incineration,Merthyr Tydfil,Incineration,D10,15.002,Orange,56.17380251,842.7193853,16112.148000000001
South West,Bristol City,Avonmouth Healthcare Waste Incinerator and Transfer Facility - EPR/VP3130EF,51.52173411996413,-2.691779807,18 01 09,Incineration,Merthyr Tydfil,Incineration,D10,0.957,Blue,56.17380251,53.758329,1027.818
South West,Bristol City,Avonmouth Healthcare Waste Incinerator and Transfer Facility - EPR/VP3130EF,51.52173411996413,-2.691779807,18 01 04,Incineration,Merthyr Tydfil,Incineration,D10,0.309,Tiger,56.17380251,17.35770498,331.866
South West,Bristol City,Avonmouth Healthcare Waste Incinerator and Transfer Facility - EPR/VP3130EF,51.52173411996413,-2.691779807,18 01 08*,Incineration,Merthyr Tydfil,Incineration,D10,0.655,Purple,56.17380251,36.79384065,1200.615
South West,Bristol City,Avonmouth Healthcare Waste Incinerator and Transfer Facility - EPR/VP3130EF,51.52173411996413,-2.691779807,18 01 03*,Incineration,Merthyr Tydfil,Incineration,D10,7.064,Orange,56.17380251,396.811741,7586.736
South West,Bristol City,Avonmouth Healthcare Waste Incinerator and Transfer Facility - EPR/VP3130EF,51.52173411996413,-2.691779807,18 01 09,Incineration,Merthyr Tydfil,Incineration,D10,0.352,Blue,56.17380251,19.773178484575997,378.048
South West,Bristol City,Avonmouth Healthcare Waste Incinerator and Transfer Facility - EPR/VP3130EF,51.52173411996413,-2.691779807,18 01 04,Incineration,Merthyr Tydfil,Incineration,D10,0.293,Tiger,56.17380251,16.458924136308998,314.68199999999996
South West,Bristol City,Avonmouth Healthcare Waste Incinerator and Transfer Facility - EPR/VP3130EF,51.52173411996413,-2.691779807,18 01 04,Incineration,Merthyr Tydfil,Recovery,R13,0.117,Tiger,56.17380251,6.572334894,21.645
South West,Bristol City,Avonmouth Healthcare Waste Incinerator and Transfer Facility - EPR/VP3130EF,51.52173411996413,-2.691779807,18 01 04,Incineration,Merthyr Tydfil,Recovery,R13,0.049,Tiger,56.17380251,2.7525163231370002,9.065
South West,Bristol City,Avonmouth Healthcare Waste Incinerator and Transfer Facility - EPR/VP3130EF,51.52173411996413,-2.691779807,18 01 03*,Incineration,Monmouthshire,Incineration,D10,11.331,Orange,35.329290947000004,400.3161957,12169.493999999999
South West,Bristol City,Avonmouth Healthcare Waste Incinerator and Transfer Facility - EPR/VP3130EF,51.52173411996413,-2.691779807,18 01 03*,Incineration,Monmouthshire,Incineration,D10,4.215,Orange,35.329290947000004,148.9129613,4526.91
South West,Bristol City,Avonmouth Healthcare Waste Incinerator and Transfer Facility - EPR/VP3130EF,51.52173411996413,-2.691779807,18 01 04,Incineration,Monmouthshire,Recovery,R13,0.056,Tiger,35.329290947000004,1.9784402930320002,10.36
South West,Bristol City,Avonmouth Healthcare Waste Incinerator and Transfer Facility - EPR/VP3130EF,51.52173411996413,-2.691779807,18 01 08*,Incineration,Neath Port Talbot,Incineration,D10,0.231,Purple,78.57112021,18.14992877,423.423
South West,Bristol City,Avonmouth Healthcare Waste Incinerator and Transfer Facility - EPR/VP3130EF,51.52173411996413,-2.691779807,18 01 03*,Incineration,Neath Port Talbot,Incineration,D10,3.664,Orange,78.57112021,287.8845844,3935.136
South West,Bristol City,Avonmouth Healthcare Waste Incinerator and Transfer Facility - EPR/VP3130EF,51.52173411996413,-2.691779807,18 01 09,Incineration,Neath Port Talbot,Incineration,D10,0.371,Blue,78.57112021,29.149885597167998,398.454
South West,Bristol City,Avonmouth Healthcare Waste Incinerator and Transfer Facility - EPR/VP3130EF,51.52173411996413,-2.691779807,18 01 08*,Incineration,Neath Port Talbot,Incineration,D10,0.048,Purple,78.57112021,3.77141377,87.98400000000001
South West,Bristol City,Avonmouth Healthcare Waste Incinerator and Transfer Facility - EPR/VP3130EF,51.52173411996413,-2.691779807,18 01 03*,Incineration,Neath Port Talbot,Incineration,D10,1.61,Orange,78.57112021,126.4995035,1729.14
South West,Bristol City,Avonmouth Healthcare Waste Incinerator and Transfer Facility - EPR/VP3130EF,51.52173411996413,-2.691779807,18 01 09,Incineration,Neath Port Talbot,Incineration,D10,0.212,Blue,78.57112021,16.65707748,227.688
South West,Bristol City,Avonmouth Healthcare Waste Incinerator and Transfer Facility - EPR/VP3130EF,51.52173411996413,-2.691779807,18 01 08*,Incineration,Newport,Incineration,D10,1.431,Purple,25.387354947000002,36.329304929157004,2623.023
South West,Bristol City,Avonmouth Healthcare Waste Incinerator and Transfer Facility - EPR/VP3130EF,51.52173411996413,-2.691779807,18 01 03*,Incineration,Newport,Incineration,D10,90.81,Orange,25.387354947000002,2305.4257027370704,97529.94
South West,Bristol City,Avonmouth Healthcare Waste Incinerator and Transfer Facility - EPR/VP3130EF,51.52173411996413,-2.691779807,18 01 09,Incineration,Newport,Incineration,D10,2.38,Blue,25.387354947000002,60.42190477,2556.12
South West,Bristol City,Avonmouth Healthcare Waste Incinerator and Transfer Facility - EPR/VP3130EF,51.52173411996413,-2.691779807,18 01 08*,Incineration,Newport,Incineration,D10,0.548,Purple,25.387354947000002,13.912270510956002,1004.484
South West,Bristol City,Avonmouth Healthcare Waste Incinerator and Transfer Facility - EPR/VP3130EF,51.52173411996413,-2.691779807,18 01 03*,Incineration,Newport,Incineration,D10,35.176,Orange,25.387354947000002,893.0255976156722,37779.024000000005
South West,Bristol City,Avonmouth Healthcare Waste Incinerator and Transfer Facility - EPR/VP3130EF,51.52173411996413,-2.691779807,18 01 09,Incineration,Newport,Incineration,D10,1.01,Blue,25.387354947000002,25.641228496470003,1084.74
South West,Bristol City,Avonmouth Healthcare Waste Incinerator and Transfer Facility - EPR/VP3130EF,51.52173411996413,-2.691779807,18 01 04,Incineration,Newport,Recovery,R13,0.221,Tiger,25.387354947000002,5.6106054432870005,40.885
South West,Bristol City,Avonmouth Healthcare Waste Incinerator and Transfer Facility - EPR/VP3130EF,51.52173411996413,-2.691779807,18 01 08*,Incineration,Pembrokeshire,Incineration,D10,2.035,Purple,134.2459618,273.19053227928003,3730.155
South West,Bristol City,Avonmouth Healthcare Waste Incinerator and Transfer Facility - EPR/VP3130EF,51.52173411996413,-2.691779807,18 01 03*,Incineration,Pembrokeshire,Incineration,D10,9.691,Orange,134.2459618,1300.9776158813281,10408.134
South West,Bristol City,Avonmouth Healthcare Waste Incinerator and Transfer Facility - EPR/VP3130EF,51.52173411996413,-2.691779807,18 01 09,Incineration,Pembrokeshire,Incineration,D10,1.071,Blue,134.2459618,143.7774251,1150.254
South West,Bristol City,Avonmouth Healthcare Waste Incinerator and Transfer Facility - EPR/VP3130EF,51.52173411996413,-2.691779807,18 01 08*,Incineration,Pembrokeshire,Incineration,D10,0.434,Purple,134.2459618,58.26274742,795.522
South West,Bristol City,Avonmouth Healthcare Waste Incinerator and Transfer Facility - EPR/VP3130EF,51.52173411996413,-2.691779807,18 01 03*,Incineration,Pembrokeshire,Incineration,D10,4.558,Orange,134.2459618,611.8930939,4895.2919999999995
South West,Bristol City,Avonmouth Healthcare Waste Incinerator and Transfer Facility - EPR/VP3130EF,51.52173411996413,-2.691779807,18 01 09,Incineration,Pembrokeshire,Incineration,D10,0.421,Blue,134.2459618,56.51754992,452.154
South West,Bristol City,Avonmouth Healthcare Waste Incinerator and Transfer Facility - EPR/VP3130EF,51.52173411996413,-2.691779807,18 01 08*,Incineration,Rhondda Cynon Taf,Incineration,D10,2.217,Purple,54.90061333,121.7146598,4063.761
South West,Bristol City,Avonmouth Healthcare Waste Incinerator and Transfer Facility - EPR/VP3130EF,51.52173411996413,-2.691779807,18 01 03*,Incineration,Rhondda Cynon Taf,Incineration,D10,31.662,Orange,54.90061333,1738.263219381108,34004.988
South West,Bristol City,Avonmouth Healthcare Waste Incinerator and Transfer Facility - EPR/VP3130EF,51.52173411996413,-2.691779807,18 01 09,Incineration,Rhondda Cynon Taf,Incineration,D10,10.4,Blue,54.90061333,570.9663787,11169.6
South West,Bristol City,Avonmouth Healthcare Waste Incinerator and Transfer Facility - EPR/VP3130EF,51.52173411996413,-2.691779807,18 01 04,Incineration,Rhondda Cynon Taf,Incineration,D10,1.269,Tiger,54.90061333,69.66887832084599,1362.906
South West,Bristol City,Avonmouth Healthcare Waste Incinerator and Transfer Facility - EPR/VP3130EF,51.52173411996413,-2.691779807,18 01 08*,Incineration,Rhondda Cynon Taf,Incineration,D10,0.567,Purple,54.90061333,31.128647760377998,1039.311
South West,Bristol City,Avonmouth Healthcare Waste Incinerator and Transfer Facility - EPR/VP3130EF,51.52173411996413,-2.691779807,18 01 03*,Incineration,Rhondda Cynon Taf,Incineration,D10,15.775,Orange,54.90061333,866.0571753,16942.350000000002
South West,Bristol City,Avonmouth Healthcare Waste Incinerator and Transfer Facility - EPR/VP3130EF,51.52173411996413,-2.691779807,18 01 09,Incineration,Rhondda Cynon Taf,Incineration,D10,2.37,Blue,54.90061333,130.1144536,2545.38
South West,Bristol City,Avonmouth Healthcare Waste Incinerator and Transfer Facility - EPR/VP3130EF,51.52173411996413,-2.691779807,18 01 04,Incineration,Rhondda Cynon Taf,Incineration,D10,0.324,Tiger,54.90061333,17.78779872,347.976
South West,Bristol City,Avonmouth Healthcare Waste Incinerator and Transfer Facility - EPR/VP3130EF,51.52173411996413,-2.691779807,18 01 01,Incineration,Rhondda Cynon Taf,Recovery,R13,3.257,Unknown,54.90061333,178.8112976,602.5450000000001
South West,Bristol City,Avonmouth Healthcare Waste Incinerator and Transfer Facility - EPR/VP3130EF,51.52173411996413,-2.691779807,18 01 04,Incineration,Rhondda Cynon Taf,Recovery,R13,2.935,Tiger,54.90061333,161.1333001,542.975
South West,Bristol City,Avonmouth Healthcare Waste Incinerator and Transfer Facility - EPR/VP3130EF,51.52173411996413,-2.691779807,18 01 01,Incineration,Rhondda Cynon Taf,Recovery,R13,1.667,Unknown,54.90061333,91.51932242777801,308.395
South West,Bristol City,Avonmouth Healthcare Waste Incinerator and Transfer Facility - EPR/VP3130EF,51.52173411996413,-2.691779807,18 01 08*,Incineration,Torfaen,Incineration,D10,1.744,Purple,28.9322765,50.45789022,3196.752
South West,Bristol City,Avonmouth Healthcare Waste Incinerator and Transfer Facility - EPR/VP3130EF,51.52173411996413,-2.691779807,18 01 03*,Incineration,Torfaen,Incineration,D10,131.316,Orange,28.9322765,3799.270821136632,141033.384
South West,Bristol City,Avonmouth Healthcare Waste Incinerator and Transfer Facility - EPR/VP3130EF,51.52173411996413,-2.691779807,18 01 09,Incineration,Torfaen,Incineration,D10,5.618,Blue,28.9322765,162.5415294,6033.732
South West,Bristol City,Avonmouth Healthcare Waste Incinerator and Transfer Facility - EPR/VP3130EF,51.52173411996413,-2.691779807,18 01 08*,Incineration,Torfaen,Incineration,D10,0.394,Purple,28.9322765,11.399316941788001,722.202
South West,Bristol City,Avonmouth Healthcare Waste Incinerator and Transfer Facility - EPR/VP3130EF,51.52173411996413,-2.691779807,18 01 03*,Incineration,Torfaen,Incineration,D10,69.135,Orange,28.9322765,2000.2329359657701,74250.99
South West,Bristol City,Avonmouth Healthcare Waste Incinerator and Transfer Facility - EPR/VP3130EF,51.52173411996413,-2.691779807,18 01 09,Incineration,Torfaen,Incineration,D10,1.673,Blue,28.9322765,48.40369859,1796.8020000000001
South West,Bristol City,Avonmouth Healthcare Waste Incinerator and Transfer Facility - EPR/VP3130EF,51.52173411996413,-2.691779807,18 01 04,Incineration,Torfaen,Recovery,R13,5.238,Tiger,28.9322765,151.54726431747602,969.0300000000001
South West,Bristol City,Avonmouth Healthcare Waste Incinerator and Transfer Facility - EPR/VP3130EF,51.52173411996413,-2.691779807,18 01 04,Incineration,Torfaen,Recovery,R13,2.14,Tiger,28.9322765,61.91507171,395.90000000000003
South West,Bristol City,Avonmouth Healthcare Waste Incinerator and Transfer Facility - EPR/VP3130EF,51.52173411996413,-2.691779807,18 01 08*,Incineration,Vale of Glamorgan,Incineration,D10,1.442,Purple,49.71092274,71.68315059,2643.1859999999997
South West,Bristol City,Avonmouth Healthcare Waste Incinerator and Transfer Facility - EPR/VP3130EF,51.52173411996413,-2.691779807,18 01 03*,Incineration,Vale of Glamorgan,Incineration,D10,23.441,Orange,49.71092274,1165.273739995222,25175.634
South West,Bristol City,Avonmouth Healthcare Waste Incinerator and Transfer Facility - EPR/VP3130EF,51.52173411996413,-2.691779807,18 01 09,Incineration,Vale of Glamorgan,Incineration,D10,2.261,Blue,49.71092274,112.3963963,2428.3140000000003
South West,Bristol City,Avonmouth Healthcare Waste Incinerator and Transfer Facility - EPR/VP3130EF,51.52173411996413,-2.691779807,18 01 08*,Incineration,Vale of Glamorgan,Incineration,D10,1.307,Purple,49.71092274,64.97217602379399,2395.7309999999998
South West,Bristol City,Avonmouth Healthcare Waste Incinerator and Transfer Facility - EPR/VP3130EF,51.52173411996413,-2.691779807,18 01 03*,Incineration,Vale of Glamorgan,Incineration,D10,9.623,Orange,49.71092274,478.3682095,10335.101999999999
South West,Bristol City,Avonmouth Healthcare Waste Incinerator and Transfer Facility - EPR/VP3130EF,51.52173411996413,-2.691779807,18 01 09,Incineration,Vale of Glamorgan,Incineration,D10,0.362,Blue,49.71092274,17.99535403,388.788
South West,Bristol City,Avonmouth Healthcare Waste Incinerator and Transfer Facility - EPR/VP3130EF,51.52173411996413,-2.691779807,18 01 04,Incineration,Vale of Glamorgan,Recovery,R13,0.457,Tiger,49.71092274,22.71789169,84.545
South West,Bristol City,Avonmouth Healthcare Waste Incinerator and Transfer Facility - EPR/VP3130EF,51.52173411996413,-2.691779807,18 01 08*,Incineration,Wales,Incineration,D10,20.379,Purple,97.3688357,1984.2795027303002,37354.707
South West,Bristol City,Avonmouth Healthcare Waste Incinerator and Transfer Facility - EPR/VP3130EF,51.52173411996413,-2.691779807,18 01 03*,Incineration,Wales,Incineration,D10,239.176,Orange,97.3688357,23288.28865,256875.02399999998
South West,Bristol City,Avonmouth Healthcare Waste Incinerator and Transfer Facility - EPR/VP3130EF,51.52173411996413,-2.691779807,18 01 09,Incineration,Wales,Incineration,D10,9.11,Blue,97.3688357,887.0300932,9784.14
South West,Bristol City,Avonmouth Healthcare Waste Incinerator and Transfer Facility - EPR/VP3130EF,51.52173411996413,-2.691779807,18 01 04,Incineration,Wales,Incineration,D10,4.395,Tiger,97.3688357,427.93603290149997,4720.23
South West,Bristol City,Avonmouth Healthcare Waste Incinerator and Transfer Facility - EPR/VP3130EF,51.52173411996413,-2.691779807,18 01 08*,Incineration,Wales,Incineration,D10,15.582,Purple,97.3688357,1517.201198,28561.806
South West,Bristol City,Avonmouth Healthcare Waste Incinerator and Transfer Facility - EPR/VP3130EF,51.52173411996413,-2.691779807,18 01 03*,Incineration,Wales,Incineration,D10,128.685,Orange,97.3688357,12529.908622054501,138207.69
South West,Bristol City,Avonmouth Healthcare Waste Incinerator and Transfer Facility - EPR/VP3130EF,51.52173411996413,-2.691779807,18 01 09,Incineration,Wales,Incineration,D10,4.808,Blue,97.3688357,468.149362,5163.7919999999995
South West,Bristol City,Avonmouth Healthcare Waste Incinerator and Transfer Facility - EPR/VP3130EF,51.52173411996413,-2.691779807,18 01 04,Incineration,Wales,Incineration,D10,2.551,Tiger,97.3688357,248.38789987070004,2739.7740000000003
South West,Bristol City,Avonmouth Healthcare Waste Incinerator and Transfer Facility - EPR/VP3130EF,51.52173411996413,-2.691779807,18 01 04,Incineration,Wales,Recovery,R13,31.089,Tiger,97.3688357,3027.0997330773002,5751.465
South West,Bristol City,Avonmouth Healthcare Waste Incinerator and Transfer Facility - EPR/VP3130EF,51.52173411996413,-2.691779807,18 01 04,Incineration,Wales,Recovery,R13,14.478,Tiger,97.3688357,1409.706003,2678.43
South West,Bristol City,Avonmouth Healthcare Waste Incinerator and Transfer Facility - EPR/VP3130EF,51.52173411996413,-2.691779807,18 01 03*,Incineration,Nuneaton and Bedworth,Incineration,D10,0.049,Orange,109.8900827,5.384614053,52.626000000000005
South West,Bristol City,Avonmouth Healthcare Waste Incinerator and Transfer Facility - EPR/VP3130EF,51.52173411996413,-2.691779807,18 01 03*,Incineration,Nuneaton and Bedworth,Incineration,D10,0.179,Orange,109.8900827,19.67032481,192.24599999999998
South West,Bristol City,Avonmouth Healthcare Waste Incinerator and Transfer Facility - EPR/VP3130EF,51.52173411996413,-2.691779807,18 01 03*,Incineration,Warwick,Incineration,D10,0.063,Orange,100.24826891400001,6.315640941582001,67.662
South West,Bristol City,Avonmouth Healthcare Waste Incinerator and Transfer Facility - EPR/VP3130EF,51.52173411996413,-2.691779807,18 01 08*,Incineration,West Midlands,Incineration,D10,0.71,Purple,92.67562054,65.79969058,1301.4299999999998
South West,Bristol City,Avonmouth Healthcare Waste Incinerator and Transfer Facility - EPR/VP3130EF,51.52173411996413,-2.691779807,18 01 03*,Incineration,West Midlands,Incineration,D10,13.062,Orange,92.67562054,1210.528955454294,14028.588
South West,Bristol City,Avonmouth Healthcare Waste Incinerator and Transfer Facility - EPR/VP3130EF,51.52173411996413,-2.691779807,18 01 09,Incineration,West Midlands,Incineration,D10,2.275,Blue,92.67562054,210.8370367,2443.35
South West,Bristol City,Avonmouth Healthcare Waste Incinerator and Transfer Facility - EPR/VP3130EF,51.52173411996413,-2.691779807,18 01 04,Incineration,West Midlands,Incineration,D10,0.167,Tiger,92.67562054,15.476828629679002,179.358
South West,Bristol City,Avonmouth Healthcare Waste Incinerator and Transfer Facility - EPR/VP3130EF,51.52173411996413,-2.691779807,18 01 03*,Incineration,Chichester,Incineration,D10,0.076,Orange,140.0501883,10.64381431,81.624
South West,Bristol City,Avonmouth Healthcare Waste Incinerator and Transfer Facility - EPR/VP3130EF,51.52173411996413,-2.691779807,18 01 06*,Incineration,Wiltshire,Incineration,D10,0.194,Yellow/Red,53.90207014,10.45700161,208.356
South West,Bristol City,Avonmouth Healthcare Waste Incinerator and Transfer Facility - EPR/VP3130EF,51.52173411996413,-2.691779807,18 01 08*,Incineration,Wiltshire,Incineration,D10,1.102,Purple,53.90207014,59.40008129097401,2019.9660000000001
South West,Bristol City,Avonmouth Healthcare Waste Incinerator and Transfer Facility - EPR/VP3130EF,51.52173411996413,-2.691779807,18 01 03*,Incineration,Wiltshire,Incineration,D10,33.477,Orange,53.90207014,1804.479601976349,35954.297999999995
South West,Bristol City,Avonmouth Healthcare Waste Incinerator and Transfer Facility - EPR/VP3130EF,51.52173411996413,-2.691779807,18 01 09,Incineration,Wiltshire,Incineration,D10,8.367,Blue,53.90207014,450.9986208362791,8986.158000000001
South West,Bristol City,Avonmouth Healthcare Waste Incinerator and Transfer Facility - EPR/VP3130EF,51.52173411996413,-2.691779807,18 01 04,Incineration,Wiltshire,Incineration,D10,0.029,Tiger,53.90207014,1.563160034,31.146
South West,Bristol City,Avonmouth Healthcare Waste Incinerator and Transfer Facility - EPR/VP3130EF,51.52173411996413,-2.691779807,18 01 04,Incineration,Wiltshire,Recovery,R13,28.68,Tiger,53.90207014,1545.911372,5305.8
South West,Cornwall,Stoneybridge Park EPR/YP3934SM,50.46207938317147,-4.445426828,18 01 06*,Incineration,South West,Incineration,D10,1.56,Yellow/Red,36.22717204,56.51438839,1675.44
South West,Cornwall,Stoneybridge Park EPR/YP3934SM,50.46207938317147,-4.445426828,18 01 08*,Incineration,South West,Incineration,D10,61.167,Purple,36.22717204,2215.907432293014,112119.111
South West,Cornwall,Stoneybridge Park EPR/YP3934SM,50.46207938317147,-4.445426828,18 01 03*,Incineration,South West,Incineration,D10,1203.543,Orange,36.22717204,43600.95932,1292605.1819999998
South West,Cornwall,Stoneybridge Park EPR/YP3934SM,50.46207938317147,-4.445426828,18 01 09,Incineration,South West,Incineration,D10,138.643,Blue,36.22717204,5022.643813419006,148902.582
South West,Cornwall,Stoneybridge Park EPR/YP3934SM,50.46207938317147,-4.445426828,18 01 04,Incineration,South West,Incineration,D10,649.939,Tiger,36.22717204,23545.451969805436,698034.4859999999
South West,Plymouth,Derriford Incinerator EPR/GP3236AX/T001,50.41618055510022,-4.111689726,18 01 08*,Incineration,South West,Incineration,D10,29.604,Purple,29.26098176,866.2421041,54264.132
South West,Plymouth,Derriford Incinerator EPR/GP3236AX/T001,50.41618055510022,-4.111689726,18 01 03*,Incineration,South West,Incineration,D10,2642.488,Orange,29.26098176,77321.79317166137,2838032.1119999997
South West,Plymouth,Derriford Incinerator EPR/GP3236AX/T001,50.41618055510022,-4.111689726,18 01 09,Incineration,South West,Incineration,D10,7.885,Blue,29.26098176,230.72284118548498,8468.49
South West,Plymouth,Derriford Incinerator EPR/GP3236AX/T001,50.41618055510022,-4.111689726,18 01 04,Incineration,South West,Incineration,D10,11.566,Tiger,29.26098176,338.43251504772604,12421.884
South West,Bristol City,Severn Road Resource Recovery Centre - Energy from Waste Facility,51.53230543,-2.66743191,18 01 04,Incineration,"Bristol, City of",Incineration,R01,3058.98,Tiger,5.560649079,17009.91431967942,3285344.52
South West,Bristol City,Severn Road Resource Recovery Centre - Energy from Waste Facility,51.53230543,-2.66743191,18 01 04,Incineration,Devon,Incineration,R01,509.72,Tiger,105.1887897,53616.8299,547439.28
South West,Bristol City,Severn Road Resource Recovery Centre - Energy from Waste Facility,51.53230543,-2.66743191,18 01 04,Incineration,Devon,Incineration,R01,515.12,Tiger,105.1887897,54184.84937,553238.88
South West,Bristol City,Severn Road Resource Recovery Centre - Energy from Waste Facility,51.53230543,-2.66743191,18 01 04,Incineration,Exeter,Incineration,R01,714.76,Tiger,76.98227456,55023.85056522036,767652.24
South West,Bristol City,Severn Road Resource Recovery Centre - Energy from Waste Facility,51.53230543,-2.66743191,18 01 04,Incineration,Hampshire,Incineration,R01,287.36,Tiger,98.48419665,28300.41875,308624.64
South West,Bristol City,Severn Road Resource Recovery Centre - Energy from Waste Facility,51.53230543,-2.66743191,18 01 04,Incineration,Cardiff,Incineration,R01,4.72,Tiger,37.24497774,175.7962949,5069.28
South West,Bristol City,Severn Road Resource Recovery Centre - Energy from Waste Facility,51.53230543,-2.66743191,18 01 04,Incineration,Torfaen,Incineration,R01,0.76,Tiger,29.63256162,22.52074683,816.24
South West,Somerset,Walpole Recovery Facility and Landfill Site - EPR/BK6785IE,51.178798793009555,-2.99006632,18 01 04,Landfill,Dorset,Landfill,D01.02,797.66,Tiger,61.94696047,49412.61249169084,468226.42
South West,Somerset,Walpole Recovery Facility and Landfill Site - EPR/BK6785IE,51.178798793009555,-2.99006632,18 01 04,Landfill,Somerset,Landfill,D01.02,121.74,Tiger,16.57817828,2018.2274238071998,71461.37999999999
South West,Somerset,Walpole Recovery Facility and Landfill Site - EPR/BK6785IE,51.178798793009555,-2.99006632,18 01 04,Landfill,Carmarthenshire,Landfill,D01.02,13.64,Tiger,121.562537,1658.113004,8006.68
South West,Somerset,Walpole Recovery Facility and Landfill Site - EPR/BK6785IE,51.178798793009555,-2.99006632,18 01 04,Landfill,Wales,Landfill,D01.02,44.12,Tiger,125.4771743,5536.052928174719,25898.44
South West,Wiltshire,Lower Compton Landfill EPR/BU5801ID,51.437993259946836,-1.972616493,18 01 04,Landfill,Somerset,Landfill,D05,0.96,Tiger,62.51240808,60.01191176,563.52
South West,Wiltshire,Lower Compton Landfill EPR/BU5801ID,51.437993259946836,-1.972616493,18 01 04,Landfill,Swindon,Landfill,D05,5.56,Tiger,17.42448558,96.88013983591999,3263.72
South West,Wiltshire,Lower Compton Landfill EPR/BU5801ID,51.437993259946836,-1.972616493,18 01 04,Landfill,Wiltshire,Landfill,D05,1098.28,Tiger,15.49699274,17020.03719,644690.36
South West,Devon,Heathfield Landfill EPR/BV7028IP,50.576839938403104,-3.612588477,18 01 04,Landfill,Cornwall,Landfill,D01.02,893.24,Tiger,70.26649679,62764.845595379324,524331.88
South West,Devon,( Initial Washrooms ) Okehampton Service Centre,50.74558501670455,-3.997060085,18 01 08*,Storage,South West,Transfer (D),D15,0.754,Purple,2.753916272,2.076452869,7.54
South West,Devon,( Initial Washrooms ) Okehampton Service Centre,50.74558501670455,-3.997060085,18 01 03*,Storage,South West,Transfer (D),D15,204.958,Orange,2.753916272,564.4371713,2049.58
South West,Devon,( Initial Washrooms ) Okehampton Service Centre,50.74558501670455,-3.997060085,18 01 09,Storage,South West,Transfer (D),D15,3.434,Blue,2.753916272,9.456948478,34.34
South West,Devon,( Initial Washrooms ) Okehampton Service Centre,50.74558501670455,-3.997060085,18 01 04,Storage,South West,Transfer (D),D15,415.5,Tiger,2.753916272,1144.252211,4155
South West,Somerset,"Wastecare, Unit 3 Cornishway East  EPR/AP3894EA",51.01091511784412,-3.128462428,18 01 06*,Storage,"Bristol, City of",Recovery,R13,0.01,Yellow/Red,50.278234465000004,0.502782345,1.85
South West,Somerset,"Wastecare, Unit 3 Cornishway East  EPR/AP3894EA",51.01091511784412,-3.128462428,18 01 06*,Storage,Devon,Recovery,R13,0.12,Yellow/Red,59.26574461,7.111889353,22.2
South West,Somerset,"Wastecare, Unit 3 Cornishway East  EPR/AP3894EA",51.01091511784412,-3.128462428,18 01 01,Storage,Devon,Recovery,R13,0.05,Unknown,59.26574461,2.96328723,9.25
South West,Somerset,"Wastecare, Unit 3 Cornishway East  EPR/AP3894EA",51.01091511784412,-3.128462428,18 01 06*,Storage,Devon,Recovery,R13,0.93,Yellow/Red,59.26574461,55.11714248637001,172.05
South West,Somerset,"Wastecare, Unit 3 Cornishway East  EPR/AP3894EA",51.01091511784412,-3.128462428,18 01 08*,Storage,Devon,Recovery,R13,0.24,Purple,59.26574461,14.22377871,44.4
South West,Somerset,"Wastecare, Unit 3 Cornishway East  EPR/AP3894EA",51.01091511784412,-3.128462428,18 01 09,Storage,Devon,Recovery,R13,0.84,Blue,59.26574461,49.78322547,155.4
South West,Somerset,"Wastecare, Unit 3 Cornishway East  EPR/AP3894EA",51.01091511784412,-3.128462428,18 01 01,Storage,Devon,Recovery,R13,0.02,Unknown,59.26574461,1.185314892,3.7
South West,Somerset,"Wastecare, Unit 3 Cornishway East  EPR/AP3894EA",51.01091511784412,-3.128462428,18 01 06*,Storage,Devon,Recovery,R13,1.68,Yellow/Red,59.26574461,99.56645094,310.8
South West,Somerset,"Wastecare, Unit 3 Cornishway East  EPR/AP3894EA",51.01091511784412,-3.128462428,18 01 01,Storage,Isle of Wight,Recovery,R13,0.02,Unknown,109.4234331,2.188468662,3.7
South West,Somerset,"Wastecare, Unit 3 Cornishway East  EPR/AP3894EA",51.01091511784412,-3.128462428,18 01 09,Storage,Somerset,Recovery,R13,0.31,Blue,20.37599783,6.316559327919999,57.35
South West,Somerset,"Wastecare, Unit 3 Cornishway East  EPR/AP3894EA",51.01091511784412,-3.128462428,18 01 01,Storage,Somerset,Recovery,R13,0.05,Unknown,20.37599783,1.018799892,9.25
South West,Somerset,"Wastecare, Unit 3 Cornishway East  EPR/AP3894EA",51.01091511784412,-3.128462428,18 01 09,Storage,Wales,Recovery,R13,0.15,Blue,139.4816339,20.922245078099998,27.75
South West,Somerset,"Wastecare, Unit 3 Cornishway East  EPR/AP3894EA",51.01091511784412,-3.128462428,18 01 01,Storage,Wales,Recovery,R13,0.09,Unknown,139.4816339,12.553347046859999,16.65
South West,Somerset,"Wastecare, Unit 3 Cornishway East  EPR/AP3894EA",51.01091511784412,-3.128462428,18 01 06*,Storage,Wales,Recovery,R13,0.22,Yellow/Red,139.4816339,30.68595945,40.7
South West,Somerset,"Wastecare, Unit 3 Cornishway East  EPR/AP3894EA",51.01091511784412,-3.128462428,18 01 09,Storage,Wales,Recovery,R13,0.18,Blue,139.4816339,25.106694093719998,33.3
South West,Somerset,"Wastecare, Unit 3 Cornishway East  EPR/AP3894EA",51.01091511784412,-3.128462428,18 01 01,Storage,Wales,Recovery,R13,0.04,Unknown,139.4816339,5.5792653541599995,7.4
South West,Somerset,"Wastecare, Unit 3 Cornishway East  EPR/AP3894EA",51.01091511784412,-3.128462428,18 01 06*,Storage,Wales,Recovery,R13,0.71,Yellow/Red,139.4816339,99.03196004,131.35
South West,Somerset,"Wastecare, Unit 3 Cornishway East  EPR/AP3894EA",51.01091511784412,-3.128462428,18 01 06*,Storage,Wiltshire,Recovery,R13,0.01,Yellow/Red,73.38080825,0.733808082,1.85
South West,Somerset,"Wastecare, Unit 3 Cornishway East  EPR/AP3894EA",51.01091511784412,-3.128462428,18 01 07,Storage,Wiltshire,Recovery,R13,1.01,Unknown,73.38080825,74.11461633,186.85
South West,Devon,S W M & Waste Recycling Limited,51.06611683079045,-4.079338502,18 01 09,Transfer,Devon,Recovery,R13,22.18,Blue,27.64355305,613.1340066,221.8
South West,Cornwall,Launceston H W R C And R T S,50.625926926876545,-4.381030261,18 01 04,Transfer,Cornwall,Recovery,R13,14.58,Tiger,18.52928322,270.1569493,145.8
South West,Cornwall,St Erth Household Waste Recycling Centre,50.171262909201786,-5.439404969,18 01 03*,Transfer,Cornwall,Recovery,R13,5.14,Orange,47.00298792,241.5953579,51.4
South West,Cornwall,St Erth Household Waste Recycling Centre,50.171262909201786,-5.439404969,18 01 04,Transfer,Cornwall,Recovery,R13,85.56,Tiger,47.00298792,4021.5756467774404,855.6
South West,Cornwall,Connon Bridge Transfer Station,50.42998762467981,-4.567633213,18 01 03*,Transfer,Cornwall,Recovery,R13,11.5,Orange,8.225709298,94.59565693,115
South West,Cornwall,Connon Bridge Transfer Station,50.42998762467981,-4.567633213,18 01 04,Transfer,Cornwall,Recovery,R13,1236.76,Tiger,8.225709298,10173.22823139448,12367.6
South West,Torbay,Torbay Transfer Station,50.42351445168347,-3.595055678,18 01 01,Transfer,Torbay,Incineration,D10,0.94,Unknown,0.537485915,0.50523676,1009.56
South West,Bath and North East Somerset,Bath Destructor Depot Waste Transfer Station,51.38513652350075,-2.377754742,18 01 04,Transfer,Bath and North East Somerset,Transfer (D),D15,42.81,Tiger,4.772750651,204.3214554,428.1
South West,Somerset,Southwood Waste Transfer Station,51.13111752248084,-2.520146686,18 01 04,Transfer,Somerset,Recovery,R05.03,5.4,Tiger,14.95018626,80.7310058,113.4
South West,Bristol City,Avonmouth Transfer Facility,51.515181664553836,-2.674387098,18 01 04,Transfer,"Bristol, City of",Recovery,R13,0.52,Tiger,4.657797016,2.422054448,5.2
South West,Somerset,Walpole Waste Transfer Station,51.17881482914797,-2.987105263,18 01 04,Transfer,Exeter,Recovery,R13,33.62,Tiger,46.06347497,1548.654029,336.2
South West,Somerset,Walpole Waste Transfer Station,51.17881482914797,-2.987105263,18 01 04,Transfer,North Devon,Recovery,R13,1.9,Tiger,58.42751513,111.0122787,19
South West,Somerset,Walpole Waste Transfer Station,51.17881482914797,-2.987105263,18 01 04,Transfer,Somerset,Recovery,R13,17.48,Tiger,16.71985087,292.26299317264005,174.8
South West,Somerset,Walpole Waste Transfer Station,51.17881482914797,-2.987105263,18 01 04,Transfer,Somerset,Recovery,R13,24.92,Tiger,16.71985087,416.65868363056006,249.20000000000002
South West,Somerset,Walpole Waste Transfer Station,51.17881482914797,-2.987105263,18 01 04,Transfer,Somerset,Recovery,R13,690.65,Tiger,16.71985087,11547.565001984201,6906.5
South West,Somerset,Walpole Waste Transfer Station,51.17881482914797,-2.987105263,18 01 04,Transfer,Somerset,Recovery,R13,80.78,Tiger,16.71985087,1350.6295531170401,807.8
South West,Somerset,Walpole Waste Transfer Station,51.17881482914797,-2.987105263,18 01 04,Transfer,Somerset,Recovery,R13,10.06,Tiger,16.71985087,168.20169973208002,100.60000000000001
South West,Devon,Personnel Hygiene Services Ltd - Exeter,50.711419977170465,-3.531807404,18 01 08*,Transfer,Devon,Transfer (D),D15,0.16,Purple,26.27840096,4.204544154,1.6
South West,Devon,Personnel Hygiene Services Ltd - Exeter,50.711419977170465,-3.531807404,18 01 03*,Transfer,Devon,Transfer (D),D15,136.8,Orange,26.27840096,3594.885251,1368
South West,Devon,Personnel Hygiene Services Ltd - Exeter,50.711419977170465,-3.531807404,18 01 09,Transfer,Devon,Transfer (D),D15,80.8,Blue,26.27840096,2123.294798,808
South West,Devon,Personnel Hygiene Services Ltd - Exeter,50.711419977170465,-3.531807404,18 01 04,Transfer,Devon,Transfer (D),D15,375.64,Tiger,26.27840096,9871.218537,3756.3999999999996
South West,Bristol City,Bristol Waste Transfer Facility,51.44754288503468,-2.555105445,18 01 10*,Transfer,"Bristol, City of",Recovery,R13,0.209,White,4.280624819,0.8946505871709999,2.09
South West,Bristol City,Bristol Waste Transfer Facility,51.44754288503468,-2.555105445,18 01 10*,Transfer,"Bristol, City of",Recovery,R13,0.438,White,4.280624819,1.874913671,4.38
South West,Bristol City,Bristol Waste Transfer Facility,51.44754288503468,-2.555105445,18 01 04,Transfer,"Bristol, City of",Recovery,R13,6.505,Tiger,4.280624819,27.84546445,65.05
South West,Bristol City,Bristol Waste Transfer Facility,51.44754288503468,-2.555105445,18 01 08*,Transfer,"Bristol, City of",Transfer (D),D15,0.229,Purple,4.280624819,0.980263084,2.29
South West,Bristol City,Bristol Waste Transfer Facility,51.44754288503468,-2.555105445,18 01 03*,Transfer,"Bristol, City of",Transfer (D),D15,227.91,Orange,4.280624819,975.5972024982899,2279.1
South West,Bristol City,Bristol Waste Transfer Facility,51.44754288503468,-2.555105445,18 01 02,Transfer,"Bristol, City of",Transfer (D),D15,0.609,Red,4.280624819,2.6069005147709996,6.09
South West,Bristol City,Bristol Waste Transfer Facility,51.44754288503468,-2.555105445,18 01 09,Transfer,"Bristol, City of",Transfer (D),D15,0.724,Blue,4.280624819,3.099172369,7.24
South West,Bristol City,Bristol Waste Transfer Facility,51.44754288503468,-2.555105445,18 01 01,Transfer,"Bristol, City of",Transfer (D),D15,0.058,Unknown,4.280624819,0.24827624,0.5800000000000001
South West,Bristol City,Bristol Waste Transfer Facility,51.44754288503468,-2.555105445,18 01 04,Transfer,"Bristol, City of",Transfer (D),D15,678.01,Tiger,4.280624819,2902.3064335301897,6780.1
South West,Swindon,P H S Swindon,51.56652115360474,-1.794754025,18 01 08*,Transfer,Wiltshire,Transfer (D),D15,0.14,Purple,29.55737573,4.138032602,1.4000000000000001
South West,Swindon,P H S Swindon,51.56652115360474,-1.794754025,18 01 08*,Transfer,Wiltshire,Transfer (D),D15,1.16,Purple,29.55737573,34.28655584,11.6
South West,Swindon,P H S Swindon,51.56652115360474,-1.794754025,18 01 03*,Transfer,Wiltshire,Transfer (D),D15,5.88,Orange,29.55737573,173.7973693,58.8
South West,Swindon,P H S Swindon,51.56652115360474,-1.794754025,18 01 01,Transfer,Wiltshire,Transfer (D),D15,5.73,Unknown,29.55737573,169.3637629,57.300000000000004
South West,Swindon,P H S Swindon,51.56652115360474,-1.794754025,18 01 04,Transfer,Wiltshire,Transfer (D),D15,410.33,Tiger,29.55737573,12128.27798247024,4103.3
South West,Cornwall,Launceston H W R C And R T S,50.625926926876545,-4.381030261,18 01 04,Transfer,Cornwall,Recovery,R13,578.9,Tiger,18.52928322,10726.60206,107096.5
South West,Cornwall,St Erth Household Waste Recycling Centre,50.171262909201786,-5.439404969,18 01 03*,Transfer,Cornwall,Recovery,R13,12.499999,Orange,47.00298792,587.5373020470122,2312.499815
South West,Cornwall,St Erth Household Waste Recycling Centre,50.171262909201786,-5.439404969,18 01 04,Transfer,Cornwall,Recovery,R13,329.46,Tiger,47.00298792,15485.60440144104,60950.1
South West,Plymouth,Chelson Meadow Landfill,50.37426996149141,-4.09262718,18 01 03*,Transfer,Plymouth,Transfer (D),D15,0.329,Orange,2.584281989,0.850228774,3.29
South West,South Gloucestershire,Yate Waste Transfer Station & Household Waste Recycling Centre,51.54733751000149,-2.431806781,18 01 04,Transfer,South Gloucestershire,Recovery,R13,3.28,Tiger,2.668167074,8.751588002719998,606.8
South West,Cornwall,Stoneybridge Incinerator,50.46143631953284,-4.445210466,18 01 10*,Transfer,South West,Recovery,R13,0.095,White,36.27128938,3.445772491,0.95
South West,Cornwall,Stoneybridge Incinerator,50.46143631953284,-4.445210466,18 01 04,Transfer,South West,Recovery,R13,44.92,Tiger,36.27128938,1629.3063190843602,449.20000000000005
South West,Cornwall,Lean M R F,50.42639158813799,-4.438433746,18 01 04,Transfer,Cornwall,Transfer (D),D15,773.66,Tiger,13.90504024,10757.773430531079,7736.599999999999
South West,Cornwall,Lean M R F,50.42639158813799,-4.438433746,18 01 04,Transfer,Devon,Transfer (D),D15,834.38,Tiger,47.67158312,39776.21552,8343.8
South West,Gloucestershire,Vetspeed Ltd,52.004537270412854,-2.12878945,18 01 09,Transfer,Bath and North East Somerset,Transfer (D),D15,0.062,Blue,57.77693969,3.582170261,0.62
South West,Gloucestershire,Vetspeed Ltd,52.004537270412854,-2.12878945,18 01 03*,Transfer,"Bristol, City of",Transfer (D),D15,2.554,Orange,46.11380602,117.7746606,25.54
South West,Gloucestershire,Vetspeed Ltd,52.004537270412854,-2.12878945,18 01 04,Transfer,"Bristol, City of",Transfer (D),D15,7.722,Tiger,46.11380602,356.0908101,77.22
South West,Gloucestershire,Vetspeed Ltd,52.004537270412854,-2.12878945,18 01 04,Transfer,Coventry,Transfer (D),D15,0.983,Tiger,56.84364045,55.87729856,9.83
South West,Gloucestershire,Vetspeed Ltd,52.004537270412854,-2.12878945,18 01 03*,Transfer,Cheltenham,Transfer (D),D15,0.071,Orange,9.803370267,0.696039289,0.71
South West,Gloucestershire,Vetspeed Ltd,52.004537270412854,-2.12878945,18 01 03*,Transfer,Gloucester,Transfer (D),D15,0.088,Orange,13.37625352,1.177110309,0.8799999999999999
South West,Gloucestershire,Vetspeed Ltd,52.004537270412854,-2.12878945,18 01 04,Transfer,Gloucester,Transfer (D),D15,2.7575,Tiger,13.37625352,36.88501907,27.575
South West,Gloucestershire,Vetspeed Ltd,52.004537270412854,-2.12878945,18 01 03*,Transfer,Gloucestershire,Transfer (D),D15,2.32,Orange,25.90806385,60.10670812,23.2
South West,Gloucestershire,Vetspeed Ltd,52.004537270412854,-2.12878945,18 01 09,Transfer,Gloucestershire,Transfer (D),D15,0.6615,Blue,25.90806385,17.13818423,6.615
South West,Gloucestershire,Vetspeed Ltd,52.004537270412854,-2.12878945,18 01 04,Transfer,Gloucestershire,Transfer (D),D15,7.321,Tiger,25.90806385,189.6729354,73.21
South West,Gloucestershire,Vetspeed Ltd,52.004537270412854,-2.12878945,18 01 03*,Transfer,Stroud,Transfer (D),D15,7.392,Orange,22.349472128000002,165.20729797017603,73.92
South West,Gloucestershire,Vetspeed Ltd,52.004537270412854,-2.12878945,18 01 03*,Transfer,Lancashire,Transfer (D),D15,0.945,Orange,168.1659833,158.91685424401498,9.45
South West,Gloucestershire,Vetspeed Ltd,52.004537270412854,-2.12878945,18 01 04,Transfer,Manchester,Transfer (D),D15,0.082,Tiger,122.580964,10.051639050050001,0.8200000000000001
South West,Gloucestershire,Vetspeed Ltd,52.004537270412854,-2.12878945,18 01 03*,Transfer,North West,Transfer (D),D15,0.163,Orange,126.8733949,20.68036337,1.6300000000000001
South West,Gloucestershire,Vetspeed Ltd,52.004537270412854,-2.12878945,18 01 03*,Transfer,Oxfordshire,Transfer (D),D15,0.06,Orange,56.596334793000004,3.395780088,0.6
South West,Gloucestershire,Vetspeed Ltd,52.004537270412854,-2.12878945,18 01 03*,Transfer,Shropshire,Transfer (D),D15,18.089,Orange,82.94930027,1500.4698926563858,180.89
South West,Gloucestershire,Vetspeed Ltd,52.004537270412854,-2.12878945,18 01 03*,Transfer,Staffordshire,Transfer (D),D15,0.01,Orange,61.70835401,0.61708354,0.1
South West,Gloucestershire,Vetspeed Ltd,52.004537270412854,-2.12878945,18 01 04,Transfer,Staffordshire,Transfer (D),D15,1.746,Tiger,61.70835401,107.7427861,17.46
South West,Gloucestershire,Vetspeed Ltd,52.004537270412854,-2.12878945,18 01 03*,Transfer,Telford and Wrekin,Transfer (D),D15,0.02,Orange,74.63970589,1.4927941178200002,0.2
South West,Gloucestershire,Vetspeed Ltd,52.004537270412854,-2.12878945,18 01 03*,Transfer,Worcester,Transfer (D),D15,6.198,Orange,16.73289966,103.71051208648201,61.980000000000004
South West,Gloucestershire,Vetspeed Ltd,52.004537270412854,-2.12878945,18 01 09,Transfer,Worcester,Transfer (D),D15,0.462,Blue,16.73289966,7.730599642458001,4.62
South West,Gloucestershire,Vetspeed Ltd,52.004537270412854,-2.12878945,18 01 04,Transfer,Worcester,Transfer (D),D15,3.934,Tiger,16.73289966,65.82722725850601,39.34
South West,Gloucestershire,Vetspeed Ltd,52.004537270412854,-2.12878945,18 01 03*,Transfer,Worcestershire,Transfer (D),D15,5.92,Orange,26.04849369,154.2070827,59.2
South West,Gloucestershire,Vetspeed Ltd,52.004537270412854,-2.12878945,18 01 09,Transfer,Worcestershire,Transfer (D),D15,0.361,Blue,26.04849369,9.403506222,3.61
South West,Gloucestershire,Vetspeed Ltd,52.004537270412854,-2.12878945,18 01 04,Transfer,Worcestershire,Transfer (D),D15,8.981,Tiger,26.04849369,233.9415218,89.81
South West,Swindon,Waterside Park,51.57511894384045,-1.812103393,18 01 04,Transfer,Swindon,Incineration,D10,31.9,Tiger,2.290373506,73.06291484139999,34260.6
South West,Somerset,Colley Lane,51.12045919018114,-2.990847326,18 01 08*,Transfer,Somerset,Transfer (D),D15,1.26,Purple,16.61359643,20.9331315,12.6
South West,Somerset,Colley Lane,51.12045919018114,-2.990847326,18 01 03*,Transfer,Somerset,Transfer (D),D15,4.56,Orange,16.61359643,75.75799970711999,45.599999999999994
South West,Somerset,Colley Lane,51.12045919018114,-2.990847326,18 01 08*,Transfer,Somerset,Transfer (D),D15,1.98,Purple,16.61359643,32.89492093,19.8
South West,Somerset,Colley Lane,51.12045919018114,-2.990847326,18 01 03*,Transfer,Somerset,Transfer (D),D15,12.97,Orange,16.61359643,215.47834565819002,129.70000000000002
South West,South Gloucestershire,Bristol Site,51.547295267023486,-2.555107701,18 01 10*,Transfer,South West,Recovery,R13,0.254,White,108.2875669,27.505042,2.54
South West,South Gloucestershire,Bristol Site,51.547295267023486,-2.555107701,18 01 04,Transfer,South West,Recovery,R13,0.145,Tiger,108.2875669,15.7016972,1.45
South West,South Gloucestershire,Bristol Site,51.547295267023486,-2.555107701,18 01 08*,Transfer,South West,Transfer (D),D15,0.006,Purple,108.2875669,0.649725401,0.06
South West,South Gloucestershire,Bristol Site,51.547295267023486,-2.555107701,18 01 03*,Transfer,South West,Transfer (D),D15,30.136,Orange,108.2875669,3263.354116460032,301.36
South West,South Gloucestershire,Bristol Site,51.547295267023486,-2.555107701,18 01 09,Transfer,South West,Transfer (D),D15,0.6,Blue,108.2875669,64.97254015,6
South West,South Gloucestershire,Bristol Site,51.547295267023486,-2.555107701,18 01 04,Transfer,South West,Transfer (D),D15,18.24,Tiger,108.2875669,1975.1652204748798,182.39999999999998
South West,South Gloucestershire,Bristol Site,51.547295267023486,-2.555107701,18 01 04,Transfer,South West,Transfer (D),D15,41.04,Tiger,108.2875669,4444.121746,410.4
South West,"Bournemouth, Christchurch and Poole",Bournemouth Clinical Waste Incinerator,50.74846967057339,-1.819707832,18 01 03*,Transfer,"Bournemouth, Christchurch and Poole",Transfer (D),D15,148.41,Orange,3.48589131,517.3411293,1484.1
South West,"Bournemouth, Christchurch and Poole",Bournemouth Clinical Waste Incinerator,50.74846967057339,-1.819707832,18 01 04,Transfer,"Bournemouth, Christchurch and Poole",Transfer (D),D15,22.7,Tiger,3.48589131,79.12973274,227
South West,Bristol City,Professional Hygiene Ltd,51.53047438333241,-2.676285376,18 01 01,Transfer,Barnet,Transfer (D),D15,0.001,Unknown,138.6489967,0.138648997,0.01
South West,Bristol City,Professional Hygiene Ltd,51.53047438333241,-2.676285376,18 01 10*,Transfer,Barnet,Transfer (D),D15,0.0012,White,138.6489967,0.16637879605679998,0.011999999999999999
South West,Bristol City,Professional Hygiene Ltd,51.53047438333241,-2.676285376,18 01 08*,Transfer,Barnet,Transfer (D),D15,0.001,Purple,138.6489967,0.138648997,0.01
South West,Bristol City,Professional Hygiene Ltd,51.53047438333241,-2.676285376,18 01 03*,Transfer,Barnet,Transfer (D),D15,0.751,Orange,138.6489967,104.1253965,7.51
South West,Bristol City,Professional Hygiene Ltd,51.53047438333241,-2.676285376,18 01 04,Transfer,Barnet,Transfer (D),D15,1.271,Tiger,138.6489967,176.22287482349398,12.709999999999999
South West,Bristol City,Professional Hygiene Ltd,51.53047438333241,-2.676285376,18 01 01,Transfer,Bath and North East Somerset,Transfer (D),D15,0.111,Unknown,20.23370387,2.24594113,1.11
South West,Bristol City,Professional Hygiene Ltd,51.53047438333241,-2.676285376,18 01 10*,Transfer,Bath and North East Somerset,Transfer (D),D15,0.0502,White,20.23370387,1.015731934,0.502
South West,Bristol City,Professional Hygiene Ltd,51.53047438333241,-2.676285376,18 01 08*,Transfer,Bath and North East Somerset,Transfer (D),D15,0.5685,Purple,20.23370387,11.50286065,5.6850000000000005
South West,Bristol City,Professional Hygiene Ltd,51.53047438333241,-2.676285376,18 01 03*,Transfer,Bath and North East Somerset,Transfer (D),D15,29.939,Orange,20.23370387,605.7768603,299.39
South West,Bristol City,Professional Hygiene Ltd,51.53047438333241,-2.676285376,18 01 09,Transfer,Bath and North East Somerset,Transfer (D),D15,0.072,Blue,20.23370387,1.4568266788559998,0.72
South West,Bristol City,Professional Hygiene Ltd,51.53047438333241,-2.676285376,18 01 04,Transfer,Bath and North East Somerset,Transfer (D),D15,52.8675,Tiger,20.23370387,1069.7053395058274,528.675
South West,Bristol City,Professional Hygiene Ltd,51.53047438333241,-2.676285376,18 01 01,Transfer,Bedford,Transfer (D),D15,0.006,Unknown,131.383927,0.788303562,0.06
South West,Bristol City,Professional Hygiene Ltd,51.53047438333241,-2.676285376,18 01 10*,Transfer,Bedford,Transfer (D),D15,0.001,White,131.383927,0.131383927,0.01
South West,Bristol City,Professional Hygiene Ltd,51.53047438333241,-2.676285376,18 01 03*,Transfer,Bedford,Transfer (D),D15,0.4965,Orange,131.383927,65.23211975,4.965
South West,Bristol City,Professional Hygiene Ltd,51.53047438333241,-2.676285376,18 01 04,Transfer,Bedford,Transfer (D),D15,0.255,Tiger,131.383927,33.50290138,2.55
South West,Bristol City,Professional Hygiene Ltd,51.53047438333241,-2.676285376,18 01 10*,Transfer,Birmingham,Transfer (D),D15,0.0005,White,98.63456843,0.049317284213500005,0.005
South West,Bristol City,Professional Hygiene Ltd,51.53047438333241,-2.676285376,18 01 08*,Transfer,Birmingham,Transfer (D),D15,0.003,Purple,98.63456843,0.295903705,0.03
South West,Bristol City,Professional Hygiene Ltd,51.53047438333241,-2.676285376,18 01 03*,Transfer,Birmingham,Transfer (D),D15,1.6885,Orange,98.63456843,166.5444687889895,16.884999999999998
South West,Bristol City,Professional Hygiene Ltd,51.53047438333241,-2.676285376,18 01 04,Transfer,Birmingham,Transfer (D),D15,0.6845,Tiger,98.63456843,67.51536209,6.845
South West,Bristol City,Professional Hygiene Ltd,51.53047438333241,-2.676285376,18 01 01,Transfer,"Bournemouth, Christchurch and Poole",Transfer (D),D15,0.224,Unknown,138.0282471,30.91832735,2.24
South West,Bristol City,Professional Hygiene Ltd,51.53047438333241,-2.676285376,18 01 10*,Transfer,"Bournemouth, Christchurch and Poole",Transfer (D),D15,0.0723,White,138.0282471,9.979442264,0.7230000000000001
South West,Bristol City,Professional Hygiene Ltd,51.53047438333241,-2.676285376,18 01 03*,Transfer,"Bournemouth, Christchurch and Poole",Transfer (D),D15,5.2255,Orange,138.0282471,721.2666051426676,52.255
South West,Bristol City,Professional Hygiene Ltd,51.53047438333241,-2.676285376,18 01 09,Transfer,"Bournemouth, Christchurch and Poole",Transfer (D),D15,0.04,Blue,138.0282471,5.521129883,0.4
South West,Bristol City,Professional Hygiene Ltd,51.53047438333241,-2.676285376,18 01 04,Transfer,"Bournemouth, Christchurch and Poole",Transfer (D),D15,9.0915,Tiger,138.0282471,1254.8838083732776,90.91499999999999
South West,Bristol City,Professional Hygiene Ltd,51.53047438333241,-2.676285376,18 01 04,Transfer,Bracknell Forest,Transfer (D),D15,2.34,Tiger,95.25741704,222.9023559,23.4
South West,Bristol City,Professional Hygiene Ltd,51.53047438333241,-2.676285376,18 01 10*,Transfer,Brent,Transfer (D),D15,0.0015,White,123.378183,0.185067275,0.015
South West,Bristol City,Professional Hygiene Ltd,51.53047438333241,-2.676285376,18 01 03*,Transfer,Brent,Transfer (D),D15,1.673,Orange,123.378183,206.41170018911401,16.73
South West,Bristol City,Professional Hygiene Ltd,51.53047438333241,-2.676285376,18 01 04,Transfer,Brent,Transfer (D),D15,0.49,Tiger,123.378183,60.45530968,4.9
South West,Bristol City,Professional Hygiene Ltd,51.53047438333241,-2.676285376,18 01 01,Transfer,"Bristol, City of",Transfer (D),D15,0.9695,Unknown,6.2280015330000005,6.038047486,9.695
South West,Bristol City,Professional Hygiene Ltd,51.53047438333241,-2.676285376,18 01 10*,Transfer,"Bristol, City of",Transfer (D),D15,0.1834,White,6.2280015330000005,1.142215481,1.834
South West,Bristol City,Professional Hygiene Ltd,51.53047438333241,-2.676285376,18 01 08*,Transfer,"Bristol, City of",Transfer (D),D15,0.692,Purple,6.2280015330000005,4.309777061,6.92
South West,Bristol City,Professional Hygiene Ltd,51.53047438333241,-2.676285376,18 01 03*,Transfer,"Bristol, City of",Transfer (D),D15,91.29875,Orange,6.2280015330000005,568.6087549609838,912.9875
South West,Bristol City,Professional Hygiene Ltd,51.53047438333241,-2.676285376,18 01 09,Transfer,"Bristol, City of",Transfer (D),D15,0.689,Blue,6.2280015330000005,4.291093056,6.89
South West,Bristol City,Professional Hygiene Ltd,51.53047438333241,-2.676285376,18 01 04,Transfer,"Bristol, City of",Transfer (D),D15,207.0935,Tiger,6.2280015330000005,1289.7786354743357,2070.935
South West,Bristol City,Professional Hygiene Ltd,51.53047438333241,-2.676285376,18 01 04,Transfer,Bromley,Transfer (D),D15,0.494,Tiger,163.9661367,80.99927155,4.9399999999999995
South West,Bristol City,Professional Hygiene Ltd,51.53047438333241,-2.676285376,18 01 10*,Transfer,Buckinghamshire,Transfer (D),D15,0.002,White,115.0636177,0.230127235,0.02
South West,Bristol City,Professional Hygiene Ltd,51.53047438333241,-2.676285376,18 01 03*,Transfer,Buckinghamshire,Transfer (D),D15,0.4265,Orange,115.0636177,49.07463293,4.265
South West,Bristol City,Professional Hygiene Ltd,51.53047438333241,-2.676285376,18 01 04,Transfer,Buckinghamshire,Transfer (D),D15,0.0895,Tiger,115.0636177,10.298193781196499,0.895
South West,Bristol City,Professional Hygiene Ltd,51.53047438333241,-2.676285376,18 01 01,Transfer,Cambridge,Transfer (D),D15,0.002,Unknown,174.0696292,0.348139258,0.02
South West,Bristol City,Professional Hygiene Ltd,51.53047438333241,-2.676285376,18 01 01,Transfer,Cambridgeshire,Transfer (D),D15,0.0105,Unknown,171.89234521400002,1.8048696247470002,0.10500000000000001
South West,Bristol City,Professional Hygiene Ltd,51.53047438333241,-2.676285376,18 01 03*,Transfer,Cambridgeshire,Transfer (D),D15,4.5165,Orange,171.89234521400002,776.3517772,45.165
South West,Bristol City,Professional Hygiene Ltd,51.53047438333241,-2.676285376,18 01 04,Transfer,Cambridgeshire,Transfer (D),D15,0.1,Tiger,171.89234521400002,17.189234521400003,1
South West,Bristol City,Professional Hygiene Ltd,51.53047438333241,-2.676285376,18 01 10*,Transfer,Camden,Transfer (D),D15,0.0012,White,127.2350328,0.15268203937799998,0.011999999999999999
South West,Bristol City,Professional Hygiene Ltd,51.53047438333241,-2.676285376,18 01 03*,Transfer,Camden,Transfer (D),D15,0.6105,Orange,127.2350328,77.67698753355751,6.105
South West,Bristol City,Professional Hygiene Ltd,51.53047438333241,-2.676285376,18 01 04,Transfer,Camden,Transfer (D),D15,0.0105,Tiger,127.2350328,1.335967845,0.10500000000000001
South West,Bristol City,Professional Hygiene Ltd,51.53047438333241,-2.676285376,18 01 01,Transfer,Cornwall,Transfer (D),D15,0.122,Unknown,137.0054704,16.71466739,1.22
South West,Bristol City,Professional Hygiene Ltd,51.53047438333241,-2.676285376,18 01 10*,Transfer,Cornwall,Transfer (D),D15,0.0257,White,137.0054704,3.52104059,0.257
South West,Bristol City,Professional Hygiene Ltd,51.53047438333241,-2.676285376,18 01 08*,Transfer,Cornwall,Transfer (D),D15,0.0185,Purple,137.0054704,2.534601203,0.185
South West,Bristol City,Professional Hygiene Ltd,51.53047438333241,-2.676285376,18 01 03*,Transfer,Cornwall,Transfer (D),D15,15.7495,Orange,137.0054704,2157.7676563640407,157.495
South West,Bristol City,Professional Hygiene Ltd,51.53047438333241,-2.676285376,18 01 09,Transfer,Cornwall,Transfer (D),D15,0.019,Blue,137.0054704,2.603103938,0.19
South West,Bristol City,Professional Hygiene Ltd,51.53047438333241,-2.676285376,18 01 04,Transfer,Cornwall,Transfer (D),D15,100.11,Tiger,137.0054704,13715.61764364609,1001.1
South West,Bristol City,Professional Hygiene Ltd,51.53047438333241,-2.676285376,18 01 03*,Transfer,Croydon,Transfer (D),D15,0.1615,Orange,148.5480581,23.99051139,1.615
South West,Bristol City,Professional Hygiene Ltd,51.53047438333241,-2.676285376,18 01 01,Transfer,Devon,Transfer (D),D15,0.041,Unknown,104.4754558,4.283493688907001,0.41000000000000003
South West,Bristol City,Professional Hygiene Ltd,51.53047438333241,-2.676285376,18 01 10*,Transfer,Devon,Transfer (D),D15,0.0254,White,104.4754558,2.653676578,0.254
South West,Bristol City,Professional Hygiene Ltd,51.53047438333241,-2.676285376,18 01 08*,Transfer,Devon,Transfer (D),D15,0.001,Purple,104.4754558,0.104475456,0.01
South West,Bristol City,Professional Hygiene Ltd,51.53047438333241,-2.676285376,18 01 03*,Transfer,Devon,Transfer (D),D15,4.7735,Orange,104.4754558,498.71358839018455,47.735
South West,Bristol City,Professional Hygiene Ltd,51.53047438333241,-2.676285376,18 01 09,Transfer,Devon,Transfer (D),D15,0.0015,Blue,104.4754558,0.156713184,0.015
South West,Bristol City,Professional Hygiene Ltd,51.53047438333241,-2.676285376,18 01 04,Transfer,Devon,Transfer (D),D15,3.6115,Tiger,104.4754558,377.3131087192105,36.115
South West,Bristol City,Professional Hygiene Ltd,51.53047438333241,-2.676285376,18 01 01,Transfer,East Devon,Transfer (D),D15,0.103,Unknown,82.63675066100001,8.511585318,1.03
South West,Bristol City,Professional Hygiene Ltd,51.53047438333241,-2.676285376,18 01 10*,Transfer,East Devon,Transfer (D),D15,0.0399,White,82.63675066100001,3.2972063513739003,0.39899999999999997
South West,Bristol City,Professional Hygiene Ltd,51.53047438333241,-2.676285376,18 01 08*,Transfer,East Devon,Transfer (D),D15,0.009,Purple,82.63675066100001,0.7437307559490001,0.09
South West,Bristol City,Professional Hygiene Ltd,51.53047438333241,-2.676285376,18 01 03*,Transfer,East Devon,Transfer (D),D15,15.106,Orange,82.63675066100001,1248.310755485066,151.06
South West,Bristol City,Professional Hygiene Ltd,51.53047438333241,-2.676285376,18 01 09,Transfer,East Devon,Transfer (D),D15,0.0465,Blue,82.63675066100001,3.8426089057365003,0.46499999999999997
South West,Bristol City,Professional Hygiene Ltd,51.53047438333241,-2.676285376,18 01 04,Transfer,East Devon,Transfer (D),D15,0.8975,Tiger,82.63675066100001,74.16648372,8.975
South West,Bristol City,Professional Hygiene Ltd,51.53047438333241,-2.676285376,18 01 01,Transfer,Exeter,Transfer (D),D15,0.087,Unknown,76.26894065,6.635397836810999,0.8699999999999999
South West,Bristol City,Professional Hygiene Ltd,51.53047438333241,-2.676285376,18 01 10*,Transfer,Exeter,Transfer (D),D15,0.0972,White,76.26894065,7.4133410314715995,0.972
South West,Bristol City,Professional Hygiene Ltd,51.53047438333241,-2.676285376,18 01 08*,Transfer,Exeter,Transfer (D),D15,0.0035,Purple,76.26894065,0.266941292,0.035
South West,Bristol City,Professional Hygiene Ltd,51.53047438333241,-2.676285376,18 01 03*,Transfer,Exeter,Transfer (D),D15,11.596,Orange,76.26894065,884.4146358121881,115.96000000000001
South West,Bristol City,Professional Hygiene Ltd,51.53047438333241,-2.676285376,18 01 09,Transfer,Exeter,Transfer (D),D15,0.031,Blue,76.26894065,2.36433716,0.31
South West,Bristol City,Professional Hygiene Ltd,51.53047438333241,-2.676285376,18 01 04,Transfer,Exeter,Transfer (D),D15,2.7775,Tiger,76.26894065,211.8369826637075,27.775
South West,Bristol City,Professional Hygiene Ltd,51.53047438333241,-2.676285376,18 01 01,Transfer,Mid Devon,Transfer (D),D15,0.065,Unknown,65.95045383,4.286779499,0.65
South West,Bristol City,Professional Hygiene Ltd,51.53047438333241,-2.676285376,18 01 10*,Transfer,Mid Devon,Transfer (D),D15,0.006,White,65.95045383,0.39570272296200004,0.06
South West,Bristol City,Professional Hygiene Ltd,51.53047438333241,-2.676285376,18 01 03*,Transfer,Mid Devon,Transfer (D),D15,1.204,Orange,65.95045383,79.40434641,12.04
South West,Bristol City,Professional Hygiene Ltd,51.53047438333241,-2.676285376,18 01 04,Transfer,Mid Devon,Transfer (D),D15,0.751,Tiger,65.95045383,49.52879082407701,7.51
South West,Bristol City,Professional Hygiene Ltd,51.53047438333241,-2.676285376,18 01 01,Transfer,North Devon,Transfer (D),D15,0.03,Unknown,88.63235944,2.658970783,0.3
South West,Bristol City,Professional Hygiene Ltd,51.53047438333241,-2.676285376,18 01 10*,Transfer,North Devon,Transfer (D),D15,0.0067,White,88.63235944,0.593836808,0.067
South West,Bristol City,Professional Hygiene Ltd,51.53047438333241,-2.676285376,18 01 03*,Transfer,North Devon,Transfer (D),D15,18.6875,Orange,88.63235944,1656.317217,186.875
South West,Bristol City,Professional Hygiene Ltd,51.53047438333241,-2.676285376,18 01 09,Transfer,North Devon,Transfer (D),D15,0.0075,Blue,88.63235944,0.664742696,0.075
South West,Bristol City,Professional Hygiene Ltd,51.53047438333241,-2.676285376,18 01 04,Transfer,North Devon,Transfer (D),D15,0.0835,Tiger,88.63235944,7.400802013240001,0.8350000000000001
South West,Bristol City,Professional Hygiene Ltd,51.53047438333241,-2.676285376,18 01 01,Transfer,South Hams,Transfer (D),D15,0.012,Unknown,102.1297803,1.225557364,0.12
South West,Bristol City,Professional Hygiene Ltd,51.53047438333241,-2.676285376,18 01 10*,Transfer,South Hams,Transfer (D),D15,0.0108,White,102.1297803,1.1030016272616001,0.10800000000000001
South West,Bristol City,Professional Hygiene Ltd,51.53047438333241,-2.676285376,18 01 03*,Transfer,South Hams,Transfer (D),D15,3.653,Orange,102.1297803,373.0800874,36.53
South West,Bristol City,Professional Hygiene Ltd,51.53047438333241,-2.676285376,18 01 09,Transfer,South Hams,Transfer (D),D15,0.009,Blue,102.1297803,0.9191680227179999,0.09
South West,Bristol City,Professional Hygiene Ltd,51.53047438333241,-2.676285376,18 01 04,Transfer,South Hams,Transfer (D),D15,0.5455,Tiger,102.1297803,55.71179515,5.455
South West,Bristol City,Professional Hygiene Ltd,51.53047438333241,-2.676285376,18 01 01,Transfer,Teignbridge,Transfer (D),D15,0.032,Unknown,92.6892907,2.966057302,0.32
South West,Bristol City,Professional Hygiene Ltd,51.53047438333241,-2.676285376,18 01 10*,Transfer,Teignbridge,Transfer (D),D15,0.0194,White,92.6892907,1.79817224,0.194
South West,Bristol City,Professional Hygiene Ltd,51.53047438333241,-2.676285376,18 01 03*,Transfer,Teignbridge,Transfer (D),D15,10.423,Orange,92.6892907,966.100477,104.23
South West,Bristol City,Professional Hygiene Ltd,51.53047438333241,-2.676285376,18 01 09,Transfer,Teignbridge,Transfer (D),D15,0.055,Blue,92.6892907,5.097910988,0.55
South West,Bristol City,Professional Hygiene Ltd,51.53047438333241,-2.676285376,18 01 04,Transfer,Teignbridge,Transfer (D),D15,1.0715,Tiger,92.6892907,99.31657498397848,10.715
South West,Bristol City,Professional Hygiene Ltd,51.53047438333241,-2.676285376,18 01 10*,Transfer,Torridge,Transfer (D),D15,0.0087,White,106.210945,0.924035222,0.087
South West,Bristol City,Professional Hygiene Ltd,51.53047438333241,-2.676285376,18 01 08*,Transfer,Torridge,Transfer (D),D15,0.027,Purple,106.210945,2.867695516,0.27
South West,Bristol City,Professional Hygiene Ltd,51.53047438333241,-2.676285376,18 01 03*,Transfer,Torridge,Transfer (D),D15,2.3625,Orange,106.210945,250.9233576,23.625
South West,Bristol City,Professional Hygiene Ltd,51.53047438333241,-2.676285376,18 01 09,Transfer,Torridge,Transfer (D),D15,0.0015,Blue,106.210945,0.159316418,0.015
South West,Bristol City,Professional Hygiene Ltd,51.53047438333241,-2.676285376,18 01 04,Transfer,Torridge,Transfer (D),D15,0.068,Tiger,106.210945,7.222344262040001,0.68
South West,Bristol City,Professional Hygiene Ltd,51.53047438333241,-2.676285376,18 01 01,Transfer,West Devon,Transfer (D),D15,0.034,Unknown,111.781536,3.8005722255300003,0.34
South West,Bristol City,Professional Hygiene Ltd,51.53047438333241,-2.676285376,18 01 10*,Transfer,West Devon,Transfer (D),D15,0.0123,White,111.781536,1.374912893,0.123
South West,Bristol City,Professional Hygiene Ltd,51.53047438333241,-2.676285376,18 01 03*,Transfer,West Devon,Transfer (D),D15,3.097,Orange,111.781536,346.1874171,30.97
South West,Bristol City,Professional Hygiene Ltd,51.53047438333241,-2.676285376,18 01 09,Transfer,West Devon,Transfer (D),D15,0.0275,Blue,111.781536,3.073992241,0.275
South West,Bristol City,Professional Hygiene Ltd,51.53047438333241,-2.676285376,18 01 04,Transfer,West Devon,Transfer (D),D15,0.032,Tiger,111.781536,3.577009153,0.32
South West,Bristol City,Professional Hygiene Ltd,51.53047438333241,-2.676285376,18 01 01,Transfer,Dorset,Transfer (D),D15,0.0435,Unknown,92.29409874,4.014793295,0.43499999999999994
South West,Bristol City,Professional Hygiene Ltd,51.53047438333241,-2.676285376,18 01 08*,Transfer,Dorset,Transfer (D),D15,0.001,Purple,92.29409874,0.092294099,0.01
South West,Bristol City,Professional Hygiene Ltd,51.53047438333241,-2.676285376,18 01 03*,Transfer,Dorset,Transfer (D),D15,0.5095,Orange,92.29409874,47.02384331,5.095
South West,Bristol City,Professional Hygiene Ltd,51.53047438333241,-2.676285376,18 01 04,Transfer,Dorset,Transfer (D),D15,1.7185,Tiger,92.29409874,158.6074086898455,17.185
South West,Bristol City,Professional Hygiene Ltd,51.53047438333241,-2.676285376,18 01 10*,Transfer,Dorset,Transfer (D),D15,0.0005,White,92.29409874,0.046147049,0.005
South West,Bristol City,Professional Hygiene Ltd,51.53047438333241,-2.676285376,18 01 03*,Transfer,Dorset,Transfer (D),D15,0.7185,Orange,92.29409874,66.31330994684551,7.1850000000000005
South West,Bristol City,Professional Hygiene Ltd,51.53047438333241,-2.676285376,18 01 09,Transfer,Dorset,Transfer (D),D15,0.0015,Blue,92.29409874,0.138441148,0.015
South West,Bristol City,Professional Hygiene Ltd,51.53047438333241,-2.676285376,18 01 04,Transfer,Dorset,Transfer (D),D15,0.0105,Tiger,92.29409874,0.9690880368015001,0.10500000000000001
South West,Bristol City,Professional Hygiene Ltd,51.53047438333241,-2.676285376,18 01 01,Transfer,Dorset,Transfer (D),D15,0.001,Unknown,92.29409874,0.092294099,0.01
South West,Bristol City,Professional Hygiene Ltd,51.53047438333241,-2.676285376,18 01 10*,Transfer,Dorset,Transfer (D),D15,0.006,White,92.29409874,0.553764592,0.06
South West,Bristol City,Professional Hygiene Ltd,51.53047438333241,-2.676285376,18 01 03*,Transfer,Dorset,Transfer (D),D15,1.019,Orange,92.29409874,94.04768662,10.19
South West,Bristol City,Professional Hygiene Ltd,51.53047438333241,-2.676285376,18 01 09,Transfer,Dorset,Transfer (D),D15,0.003,Blue,92.29409874,0.276882296,0.03
South West,Bristol City,Professional Hygiene Ltd,51.53047438333241,-2.676285376,18 01 04,Transfer,Dorset,Transfer (D),D15,0.0105,Tiger,92.29409874,0.9690880368015001,0.10500000000000001
South West,Bristol City,Professional Hygiene Ltd,51.53047438333241,-2.676285376,18 01 01,Transfer,Dorset,Transfer (D),D15,0.008,Unknown,92.29409874,0.7383527899440001,0.08
South West,Bristol City,Professional Hygiene Ltd,51.53047438333241,-2.676285376,18 01 04,Transfer,Dorset,Transfer (D),D15,0.005,Tiger,92.29409874,0.46147049371500004,0.05
South West,Bristol City,Professional Hygiene Ltd,51.53047438333241,-2.676285376,18 01 03*,Transfer,Dorset,Transfer (D),D15,3.1475,Orange,92.29409874,290.4956757935925,31.475
South West,Bristol City,Professional Hygiene Ltd,51.53047438333241,-2.676285376,18 01 04,Transfer,Dorset,Transfer (D),D15,0.6945,Tiger,92.29409874,64.09825158,6.945
South West,Bristol City,Professional Hygiene Ltd,51.53047438333241,-2.676285376,18 01 01,Transfer,Dorset,Transfer (D),D15,0.017,Unknown,92.29409874,1.5689996786310003,0.17
South West,Bristol City,Professional Hygiene Ltd,51.53047438333241,-2.676285376,18 01 10*,Transfer,Dorset,Transfer (D),D15,0.0005,White,92.29409874,0.046147049,0.005
South West,Bristol City,Professional Hygiene Ltd,51.53047438333241,-2.676285376,18 01 03*,Transfer,Dorset,Transfer (D),D15,1.7495,Orange,92.29409874,161.4685257508785,17.495
South West,Bristol City,Professional Hygiene Ltd,51.53047438333241,-2.676285376,18 01 09,Transfer,Dorset,Transfer (D),D15,0.0015,Blue,92.29409874,0.138441148,0.015
South West,Bristol City,Professional Hygiene Ltd,51.53047438333241,-2.676285376,18 01 04,Transfer,Dorset,Transfer (D),D15,0.878,Tiger,92.29409874,81.0342187,8.78
South West,Bristol City,Professional Hygiene Ltd,51.53047438333241,-2.676285376,18 01 01,Transfer,Ealing,Transfer (D),D15,0.013,Unknown,120.1296554,1.561685521,0.13
South West,Bristol City,Professional Hygiene Ltd,51.53047438333241,-2.676285376,18 01 03*,Transfer,Ealing,Transfer (D),D15,0.2295,Orange,120.1296554,27.569755921185003,2.295
South West,Bristol City,Professional Hygiene Ltd,51.53047438333241,-2.676285376,18 01 09,Transfer,Ealing,Transfer (D),D15,3.7955,Blue,120.1296554,455.9521072,37.955
South West,Bristol City,Professional Hygiene Ltd,51.53047438333241,-2.676285376,18 01 04,Transfer,Ealing,Transfer (D),D15,0.081,Tiger,120.1296554,9.73050209,0.81
South West,Bristol City,Professional Hygiene Ltd,51.53047438333241,-2.676285376,18 01 01,Transfer,Bedfordshire,Transfer (D),D15,0.0065,Unknown,159.1921433,1.034748932,0.065
South West,Bristol City,Professional Hygiene Ltd,51.53047438333241,-2.676285376,18 01 04,Transfer,Bedfordshire,Transfer (D),D15,0.138,Tiger,159.1921433,21.96851578,1.3800000000000001
South West,Bristol City,Professional Hygiene Ltd,51.53047438333241,-2.676285376,18 01 01,Transfer,Brighton and Hove,Transfer (D),D15,0.0205,Unknown,172.1638843,3.529359629,0.20500000000000002
South West,Bristol City,Professional Hygiene Ltd,51.53047438333241,-2.676285376,18 01 10*,Transfer,Brighton and Hove,Transfer (D),D15,0.0086,White,172.1638843,1.480609405,0.086
South West,Bristol City,Professional Hygiene Ltd,51.53047438333241,-2.676285376,18 01 03*,Transfer,Brighton and Hove,Transfer (D),D15,0.9945,Orange,172.1638843,171.2169829771245,9.945
South West,Bristol City,Professional Hygiene Ltd,51.53047438333241,-2.676285376,18 01 04,Transfer,Brighton and Hove,Transfer (D),D15,4.069,Tiger,172.1638843,700.5348453835289,40.69
South West,Bristol City,Professional Hygiene Ltd,51.53047438333241,-2.676285376,18 01 01,Transfer,East Sussex,Transfer (D),D15,0.008,Unknown,183.3591256,1.466873005,0.08
South West,Bristol City,Professional Hygiene Ltd,51.53047438333241,-2.676285376,18 01 04,Transfer,East Sussex,Transfer (D),D15,0.045,Tiger,183.3591256,8.251160654,0.44999999999999996
South West,Bristol City,Professional Hygiene Ltd,51.53047438333241,-2.676285376,18 01 03*,Transfer,Lewes,Transfer (D),D15,1.063,Orange,177.0012576,188.1523368,10.629999999999999
South West,Bristol City,Professional Hygiene Ltd,51.53047438333241,-2.676285376,18 01 04,Transfer,Lewes,Transfer (D),D15,0.0105,Tiger,177.0012576,1.8585132045480002,0.10500000000000001
South West,Bristol City,Professional Hygiene Ltd,51.53047438333241,-2.676285376,18 01 04,Transfer,Enfield,Transfer (D),D15,0.235,Tiger,143.2769679,33.67008746,2.3499999999999996
South West,Bristol City,Professional Hygiene Ltd,51.53047438333241,-2.676285376,18 01 04,Transfer,Chelmsford,Transfer (D),D15,0.05,Tiger,173.2512836,8.662564179550001,0.5
South West,Bristol City,Professional Hygiene Ltd,51.53047438333241,-2.676285376,18 01 10*,Transfer,Epping Forest,Transfer (D),D15,0.0111,White,154.3908096,1.713737987,0.111
South West,Bristol City,Professional Hygiene Ltd,51.53047438333241,-2.676285376,18 01 03*,Transfer,Epping Forest,Transfer (D),D15,0.415,Orange,154.3908096,64.072186,4.1499999999999995
South West,Bristol City,Professional Hygiene Ltd,51.53047438333241,-2.676285376,18 01 04,Transfer,Epping Forest,Transfer (D),D15,0.051,Tiger,154.3908096,7.873931291,0.51
South West,Bristol City,Professional Hygiene Ltd,51.53047438333241,-2.676285376,18 01 01,Transfer,Essex,Transfer (D),D15,0.003,Unknown,175.4813841,0.526444152,0.03
South West,Bristol City,Professional Hygiene Ltd,51.53047438333241,-2.676285376,18 01 09,Transfer,Essex,Transfer (D),D15,0.004,Blue,175.4813841,0.701925536,0.04
South West,Bristol City,Professional Hygiene Ltd,51.53047438333241,-2.676285376,18 01 04,Transfer,Essex,Transfer (D),D15,0.575,Tiger,175.4813841,100.90179586324999,5.75
South West,Bristol City,Professional Hygiene Ltd,51.53047438333241,-2.676285376,18 01 01,Transfer,Cheltenham,Transfer (D),D15,0.002,Unknown,43.6972942,0.087394588,0.02
South West,Bristol City,Professional Hygiene Ltd,51.53047438333241,-2.676285376,18 01 10*,Transfer,Cheltenham,Transfer (D),D15,0.0065,White,43.6972942,0.284032412,0.065
South West,Bristol City,Professional Hygiene Ltd,51.53047438333241,-2.676285376,18 01 08*,Transfer,Cheltenham,Transfer (D),D15,0.012,Purple,43.6972942,0.52436753,0.12
South West,Bristol City,Professional Hygiene Ltd,51.53047438333241,-2.676285376,18 01 03*,Transfer,Cheltenham,Transfer (D),D15,7.139,Orange,43.6972942,311.95498332235604,71.39
South West,Bristol City,Professional Hygiene Ltd,51.53047438333241,-2.676285376,18 01 09,Transfer,Cheltenham,Transfer (D),D15,0.009,Blue,43.6972942,0.393275648,0.09
South West,Bristol City,Professional Hygiene Ltd,51.53047438333241,-2.676285376,18 01 04,Transfer,Cheltenham,Transfer (D),D15,4.089,Tiger,43.6972942,178.67823600015603,40.89
South West,Bristol City,Professional Hygiene Ltd,51.53047438333241,-2.676285376,18 01 01,Transfer,Cotswold,Transfer (D),D15,0.018,Unknown,56.44969124,1.0160944422659999,0.18
South West,Bristol City,Professional Hygiene Ltd,51.53047438333241,-2.676285376,18 01 10*,Transfer,Cotswold,Transfer (D),D15,0.006,White,56.44969124,0.33869814742200005,0.06
South West,Bristol City,Professional Hygiene Ltd,51.53047438333241,-2.676285376,18 01 03*,Transfer,Cotswold,Transfer (D),D15,3.6541,Orange,56.44969124,206.27281674912172,36.541000000000004
South West,Bristol City,Professional Hygiene Ltd,51.53047438333241,-2.676285376,18 01 09,Transfer,Cotswold,Transfer (D),D15,0.0195,Blue,56.44969124,1.100768979,0.195
South West,Bristol City,Professional Hygiene Ltd,51.53047438333241,-2.676285376,18 01 04,Transfer,Cotswold,Transfer (D),D15,0.3935,Tiger,56.44969124,22.212953501759504,3.935
South West,Bristol City,Professional Hygiene Ltd,51.53047438333241,-2.676285376,18 01 10*,Transfer,Forest of Dean,Transfer (D),D15,0.0111,White,21.752955968000002,0.24145781124480004,0.111
South West,Bristol City,Professional Hygiene Ltd,51.53047438333241,-2.676285376,18 01 03*,Transfer,Forest of Dean,Transfer (D),D15,3.4425,Orange,21.752955968000002,74.88455091984001,34.425
South West,Bristol City,Professional Hygiene Ltd,51.53047438333241,-2.676285376,18 01 09,Transfer,Forest of Dean,Transfer (D),D15,0.065,Blue,21.752955968000002,1.4139421379200001,0.65
South West,Bristol City,Professional Hygiene Ltd,51.53047438333241,-2.676285376,18 01 04,Transfer,Forest of Dean,Transfer (D),D15,2.363,Tiger,21.752955968000002,51.402234952384006,23.63
South West,Bristol City,Professional Hygiene Ltd,51.53047438333241,-2.676285376,18 01 10*,Transfer,Gloucester,Transfer (D),D15,0.0245,White,36.5558773,0.8956189938745001,0.245
South West,Bristol City,Professional Hygiene Ltd,51.53047438333241,-2.676285376,18 01 03*,Transfer,Gloucester,Transfer (D),D15,2.9835,Orange,36.5558773,109.0644599275335,29.834999999999997
South West,Bristol City,Professional Hygiene Ltd,51.53047438333241,-2.676285376,18 01 09,Transfer,Gloucester,Transfer (D),D15,0.006,Blue,36.5558773,0.21933526380600002,0.06
South West,Bristol City,Professional Hygiene Ltd,51.53047438333241,-2.676285376,18 01 04,Transfer,Gloucester,Transfer (D),D15,4.1875,Tiger,36.5558773,153.0777361979375,41.875
South West,Bristol City,Professional Hygiene Ltd,51.53047438333241,-2.676285376,18 01 01,Transfer,Gloucestershire,Transfer (D),D15,0.008,Unknown,33.07868519,0.264629481,0.08
South West,Bristol City,Professional Hygiene Ltd,51.53047438333241,-2.676285376,18 01 10*,Transfer,Gloucestershire,Transfer (D),D15,0.0321,White,33.07868519,1.061825794,0.32099999999999995
South West,Bristol City,Professional Hygiene Ltd,51.53047438333241,-2.676285376,18 01 03*,Transfer,Gloucestershire,Transfer (D),D15,13.115,Orange,33.07868519,433.8269562,131.15
South West,Bristol City,Professional Hygiene Ltd,51.53047438333241,-2.676285376,18 01 09,Transfer,Gloucestershire,Transfer (D),D15,0.0105,Blue,33.07868519,0.347326194,0.10500000000000001
South West,Bristol City,Professional Hygiene Ltd,51.53047438333241,-2.676285376,18 01 04,Transfer,Gloucestershire,Transfer (D),D15,38.9465,Tiger,33.07868519,1288.2990125576025,389.46500000000003
South West,Bristol City,Professional Hygiene Ltd,51.53047438333241,-2.676285376,18 01 01,Transfer,Stroud,Transfer (D),D15,0.0045,Unknown,33.43908037,0.150475862,0.045
South West,Bristol City,Professional Hygiene Ltd,51.53047438333241,-2.676285376,18 01 10*,Transfer,Stroud,Transfer (D),D15,0.0036,White,33.43908037,0.120380689,0.036
South West,Bristol City,Professional Hygiene Ltd,51.53047438333241,-2.676285376,18 01 08*,Transfer,Stroud,Transfer (D),D15,0.0075,Purple,33.43908037,0.250793103,0.075
South West,Bristol City,Professional Hygiene Ltd,51.53047438333241,-2.676285376,18 01 03*,Transfer,Stroud,Transfer (D),D15,2.071,Orange,33.43908037,69.25233543591501,20.71
South West,Bristol City,Professional Hygiene Ltd,51.53047438333241,-2.676285376,18 01 09,Transfer,Stroud,Transfer (D),D15,0.581,Blue,33.43908037,19.42810569,5.81
South West,Bristol City,Professional Hygiene Ltd,51.53047438333241,-2.676285376,18 01 04,Transfer,Stroud,Transfer (D),D15,7.451,Tiger,33.43908037,249.1545878,74.50999999999999
South West,Bristol City,Professional Hygiene Ltd,51.53047438333241,-2.676285376,18 01 01,Transfer,Tewkesbury,Transfer (D),D15,0.012,Unknown,49.41701426,0.593004171,0.12
South West,Bristol City,Professional Hygiene Ltd,51.53047438333241,-2.676285376,18 01 03*,Transfer,Tewkesbury,Transfer (D),D15,0.3415,Orange,49.41701426,16.87591037,3.415
South West,Bristol City,Professional Hygiene Ltd,51.53047438333241,-2.676285376,18 01 09,Transfer,Tewkesbury,Transfer (D),D15,0.003,Blue,49.41701426,0.148251043,0.03
South West,Bristol City,Professional Hygiene Ltd,51.53047438333241,-2.676285376,18 01 04,Transfer,Tewkesbury,Transfer (D),D15,0.07,Tiger,49.41701426,3.4591909981300004,0.7000000000000001
South West,Bristol City,Professional Hygiene Ltd,51.53047438333241,-2.676285376,18 01 10*,Transfer,Hackney,Transfer (D),D15,0.0005,White,130.6109415,0.065305471,0.005
South West,Bristol City,Professional Hygiene Ltd,51.53047438333241,-2.676285376,18 01 03*,Transfer,Hackney,Transfer (D),D15,0.533,Orange,130.6109415,69.6156318,5.33
South West,Bristol City,Professional Hygiene Ltd,51.53047438333241,-2.676285376,18 01 04,Transfer,Hackney,Transfer (D),D15,0.0085,Tiger,130.6109415,1.1101930023930002,0.085
South West,Bristol City,Professional Hygiene Ltd,51.53047438333241,-2.676285376,18 01 10*,Transfer,Hammersmith and Fulham,Transfer (D),D15,0.0017,White,120.7292784,0.205239773,0.016999999999999998
South West,Bristol City,Professional Hygiene Ltd,51.53047438333241,-2.676285376,18 01 03*,Transfer,Hammersmith and Fulham,Transfer (D),D15,4.004,Orange,120.7292784,483.40003089377996,40.03999999999999
South West,Bristol City,Professional Hygiene Ltd,51.53047438333241,-2.676285376,18 01 09,Transfer,Hammersmith and Fulham,Transfer (D),D15,0.003,Blue,120.7292784,0.36218783533500004,0.03
South West,Bristol City,Professional Hygiene Ltd,51.53047438333241,-2.676285376,18 01 04,Transfer,Hammersmith and Fulham,Transfer (D),D15,0.378,Tiger,120.7292784,45.635667252210006,3.7800000000000002
South West,Bristol City,Professional Hygiene Ltd,51.53047438333241,-2.676285376,18 01 04,Transfer,Eastleigh,Transfer (D),D15,2.6,Tiger,107.3611028,279.1388672,26
South West,Bristol City,Professional Hygiene Ltd,51.53047438333241,-2.676285376,18 01 01,Transfer,Fareham,Transfer (D),D15,0.015,Unknown,123.83986167100001,1.857597925,0.15
South West,Bristol City,Professional Hygiene Ltd,51.53047438333241,-2.676285376,18 01 10*,Transfer,Fareham,Transfer (D),D15,0.0217,White,123.83986167100001,2.687324998,0.217
South West,Bristol City,Professional Hygiene Ltd,51.53047438333241,-2.676285376,18 01 03*,Transfer,Fareham,Transfer (D),D15,0.341,Orange,123.83986167100001,42.229392829811005,3.41
South West,Bristol City,Professional Hygiene Ltd,51.53047438333241,-2.676285376,18 01 01,Transfer,Hampshire,Transfer (D),D15,0.008,Unknown,101.0771778,0.808617423,0.08
South West,Bristol City,Professional Hygiene Ltd,51.53047438333241,-2.676285376,18 01 10*,Transfer,Hampshire,Transfer (D),D15,0.0295,White,101.0771778,2.981776746,0.295
South West,Bristol City,Professional Hygiene Ltd,51.53047438333241,-2.676285376,18 01 08*,Transfer,Hampshire,Transfer (D),D15,0.003,Purple,101.0771778,0.303231533,0.03
South West,Bristol City,Professional Hygiene Ltd,51.53047438333241,-2.676285376,18 01 03*,Transfer,Hampshire,Transfer (D),D15,3.732,Orange,101.0771778,377.22002765409604,37.32
South West,Bristol City,Professional Hygiene Ltd,51.53047438333241,-2.676285376,18 01 09,Transfer,Hampshire,Transfer (D),D15,0.005,Blue,101.0771778,0.505385889,0.05
South West,Bristol City,Professional Hygiene Ltd,51.53047438333241,-2.676285376,18 01 04,Transfer,Hampshire,Transfer (D),D15,13.733,Tiger,101.0771778,1388.092883111924,137.33
South West,Bristol City,Professional Hygiene Ltd,51.53047438333241,-2.676285376,18 01 03*,Transfer,Hart,Transfer (D),D15,0.27,Orange,94.83053517,25.604244494550002,2.7
South West,Bristol City,Professional Hygiene Ltd,51.53047438333241,-2.676285376,18 01 09,Transfer,Hart,Transfer (D),D15,0.0015,Blue,94.83053517,0.142245803,0.015
South West,Bristol City,Professional Hygiene Ltd,51.53047438333241,-2.676285376,18 01 04,Transfer,Hart,Transfer (D),D15,0.0085,Tiger,94.83053517,0.8060595489025001,0.085
South West,Bristol City,Professional Hygiene Ltd,51.53047438333241,-2.676285376,18 01 01,Transfer,Havant,Transfer (D),D15,0.045,Unknown,130.6320681,5.878443063240001,0.44999999999999996
South West,Bristol City,Professional Hygiene Ltd,51.53047438333241,-2.676285376,18 01 10*,Transfer,Havant,Transfer (D),D15,0.001,White,130.6320681,0.130632068,0.01
South West,Bristol City,Professional Hygiene Ltd,51.53047438333241,-2.676285376,18 01 03*,Transfer,Havant,Transfer (D),D15,1.0725,Orange,130.6320681,140.10289300722002,10.725
South West,Bristol City,Professional Hygiene Ltd,51.53047438333241,-2.676285376,18 01 04,Transfer,Havant,Transfer (D),D15,6.422,Tiger,130.6320681,838.9191412,64.22
South West,Bristol City,Professional Hygiene Ltd,51.53047438333241,-2.676285376,18 01 10*,Transfer,New Forest,Transfer (D),D15,0.035,White,123.0755753,4.307645137,0.35000000000000003
South West,Bristol City,Professional Hygiene Ltd,51.53047438333241,-2.676285376,18 01 03*,Transfer,New Forest,Transfer (D),D15,0.6625,Orange,123.0755753,81.53756866,6.625
South West,Bristol City,Professional Hygiene Ltd,51.53047438333241,-2.676285376,18 01 04,Transfer,New Forest,Transfer (D),D15,0.032,Tiger,123.0755753,3.9384184109120004,0.32
South West,Bristol City,Professional Hygiene Ltd,51.53047438333241,-2.676285376,18 01 10*,Transfer,Test Valley,Transfer (D),D15,0.0115,White,82.60878897,0.9500010731090001,0.11499999999999999
South West,Bristol City,Professional Hygiene Ltd,51.53047438333241,-2.676285376,18 01 03*,Transfer,Test Valley,Transfer (D),D15,0.989,Orange,82.60878897,81.70009229,9.89
South West,Bristol City,Professional Hygiene Ltd,51.53047438333241,-2.676285376,18 01 09,Transfer,Test Valley,Transfer (D),D15,0.003,Blue,82.60878897,0.24782636689800003,0.03
South West,Bristol City,Professional Hygiene Ltd,51.53047438333241,-2.676285376,18 01 04,Transfer,Test Valley,Transfer (D),D15,0.7625,Tiger,82.60878897,62.98920159,7.625
South West,Bristol City,Professional Hygiene Ltd,51.53047438333241,-2.676285376,18 01 10*,Transfer,Harrow,Transfer (D),D15,0.0005,White,119.5909268,0.059795463386500006,0.005
South West,Bristol City,Professional Hygiene Ltd,51.53047438333241,-2.676285376,18 01 03*,Transfer,Harrow,Transfer (D),D15,0.2435,Orange,119.5909268,29.12039067,2.435
South West,Bristol City,Professional Hygiene Ltd,51.53047438333241,-2.676285376,18 01 04,Transfer,Harrow,Transfer (D),D15,0.572,Tiger,119.5909268,68.40601011,5.72
South West,Bristol City,Professional Hygiene Ltd,51.53047438333241,-2.676285376,18 01 10*,Transfer,"Herefordshire, The County of",Transfer (D),D15,0.0067,White,64.20999366,0.430206957,0.067
South West,Bristol City,Professional Hygiene Ltd,51.53047438333241,-2.676285376,18 01 03*,Transfer,"Herefordshire, The County of",Transfer (D),D15,0.7505,Orange,64.20999366,48.18960023882799,7.504999999999999
South West,Bristol City,Professional Hygiene Ltd,51.53047438333241,-2.676285376,18 01 04,Transfer,"Herefordshire, The County of",Transfer (D),D15,0.4055,Tiger,64.20999366,26.03715243,4.055000000000001
South West,Bristol City,Professional Hygiene Ltd,51.53047438333241,-2.676285376,18 01 01,Transfer,Hertfordshire,Transfer (D),D15,0.003,Unknown,140.4509726,0.421352918,0.03
South West,Bristol City,Professional Hygiene Ltd,51.53047438333241,-2.676285376,18 01 10*,Transfer,Hertfordshire,Transfer (D),D15,0.001,White,140.4509726,0.140450973,0.01
South West,Bristol City,Professional Hygiene Ltd,51.53047438333241,-2.676285376,18 01 03*,Transfer,Hertfordshire,Transfer (D),D15,1.31,Orange,140.4509726,183.9907741,13.100000000000001
South West,Bristol City,Professional Hygiene Ltd,51.53047438333241,-2.676285376,18 01 09,Transfer,Hertfordshire,Transfer (D),D15,0.0075,Blue,140.4509726,1.053382295,0.075
South West,Bristol City,Professional Hygiene Ltd,51.53047438333241,-2.676285376,18 01 04,Transfer,Hertfordshire,Transfer (D),D15,0.682,Tiger,140.4509726,95.78756332,6.82
South West,Bristol City,Professional Hygiene Ltd,51.53047438333241,-2.676285376,18 01 04,Transfer,Hertsmere,Transfer (D),D15,0.175,Tiger,131.1415923,22.94977865,1.75
South West,Bristol City,Professional Hygiene Ltd,51.53047438333241,-2.676285376,18 01 10*,Transfer,Watford,Transfer (D),D15,0.002,White,126.9342893,0.253868579,0.02
South West,Bristol City,Professional Hygiene Ltd,51.53047438333241,-2.676285376,18 01 04,Transfer,Watford,Transfer (D),D15,0.572,Tiger,126.9342893,72.60641345,5.72
South West,Bristol City,Professional Hygiene Ltd,51.53047438333241,-2.676285376,18 01 10*,Transfer,Welwyn Hatfield,Transfer (D),D15,0.0035,White,139.5282367,0.488348828,0.035
South West,Bristol City,Professional Hygiene Ltd,51.53047438333241,-2.676285376,18 01 03*,Transfer,Welwyn Hatfield,Transfer (D),D15,0.424,Orange,139.5282367,59.15997235,4.24
South West,Bristol City,Professional Hygiene Ltd,51.53047438333241,-2.676285376,18 01 04,Transfer,Welwyn Hatfield,Transfer (D),D15,0.0315,Tiger,139.5282367,4.395139455,0.315
South West,Bristol City,Professional Hygiene Ltd,51.53047438333241,-2.676285376,18 01 03*,Transfer,Hillingdon,Transfer (D),D15,0.0585,Orange,113.43873250200001,6.636165851367001,0.5850000000000001
South West,Bristol City,Professional Hygiene Ltd,51.53047438333241,-2.676285376,18 01 09,Transfer,Hillingdon,Transfer (D),D15,0.555,Blue,113.43873250200001,62.95849653861001,5.550000000000001
South West,Bristol City,Professional Hygiene Ltd,51.53047438333241,-2.676285376,18 01 08*,Transfer,Islington,Transfer (D),D15,0.001,Purple,128.16522520200002,0.12816522520200002,0.01
South West,Bristol City,Professional Hygiene Ltd,51.53047438333241,-2.676285376,18 01 03*,Transfer,Islington,Transfer (D),D15,1.715,Orange,128.16522520200002,219.80336122143004,17.150000000000002
South West,Bristol City,Professional Hygiene Ltd,51.53047438333241,-2.676285376,18 01 04,Transfer,Islington,Transfer (D),D15,0.258,Tiger,128.16522520200002,33.066628102116006,2.58
South West,Bristol City,Professional Hygiene Ltd,51.53047438333241,-2.676285376,18 01 01,Transfer,Kensington and Chelsea,Transfer (D),D15,0.005,Unknown,122.398281,0.611991405,0.05
South West,Bristol City,Professional Hygiene Ltd,51.53047438333241,-2.676285376,18 01 10*,Transfer,Kensington and Chelsea,Transfer (D),D15,0.014,White,122.398281,1.7135759333140002,0.14
South West,Bristol City,Professional Hygiene Ltd,51.53047438333241,-2.676285376,18 01 08*,Transfer,Kensington and Chelsea,Transfer (D),D15,0.001,Purple,122.398281,0.12239828095100001,0.01
South West,Bristol City,Professional Hygiene Ltd,51.53047438333241,-2.676285376,18 01 03*,Transfer,Kensington and Chelsea,Transfer (D),D15,1.523,Orange,122.398281,186.41258188837298,15.229999999999999
South West,Bristol City,Professional Hygiene Ltd,51.53047438333241,-2.676285376,18 01 09,Transfer,Kensington and Chelsea,Transfer (D),D15,0.0045,Blue,122.398281,0.550792264,0.045
South West,Bristol City,Professional Hygiene Ltd,51.53047438333241,-2.676285376,18 01 04,Transfer,Kensington and Chelsea,Transfer (D),D15,0.376,Tiger,122.398281,46.021753637576005,3.76
South West,Bristol City,Professional Hygiene Ltd,51.53047438333241,-2.676285376,18 01 01,Transfer,Kingston upon Thames,Transfer (D),D15,0.0015,Unknown,119.7586969,0.179638045,0.015
South West,Bristol City,Professional Hygiene Ltd,51.53047438333241,-2.676285376,18 01 03*,Transfer,Kingston upon Thames,Transfer (D),D15,0.1375,Orange,119.7586969,16.466820829662502,1.375
South West,Bristol City,Professional Hygiene Ltd,51.53047438333241,-2.676285376,18 01 10*,Transfer,Lambeth,Transfer (D),D15,0.0017,White,126.1811876,0.214508019,0.016999999999999998
South West,Bristol City,Professional Hygiene Ltd,51.53047438333241,-2.676285376,18 01 03*,Transfer,Lambeth,Transfer (D),D15,1.9265,Orange,126.1811876,243.08805790947352,19.265
South West,Bristol City,Professional Hygiene Ltd,51.53047438333241,-2.676285376,18 01 03*,Transfer,Hinckley and Bosworth,Transfer (D),D15,1.6065,Orange,123.4844375,198.3777487778835,16.065
South West,Bristol City,Professional Hygiene Ltd,51.53047438333241,-2.676285376,18 01 01,Transfer,London,Transfer (D),D15,0.033,Unknown,125.285792,4.134431136,0.33
South West,Bristol City,Professional Hygiene Ltd,51.53047438333241,-2.676285376,18 01 10*,Transfer,London,Transfer (D),D15,0.0052,White,125.285792,0.651486118,0.052
South West,Bristol City,Professional Hygiene Ltd,51.53047438333241,-2.676285376,18 01 08*,Transfer,London,Transfer (D),D15,0.0205,Purple,125.285792,2.5683587357540003,0.20500000000000002
South West,Bristol City,Professional Hygiene Ltd,51.53047438333241,-2.676285376,18 01 03*,Transfer,London,Transfer (D),D15,5.8105,Orange,125.285792,727.9730943,58.105000000000004
South West,Bristol City,Professional Hygiene Ltd,51.53047438333241,-2.676285376,18 01 09,Transfer,London,Transfer (D),D15,0.0015,Blue,125.285792,0.187928688,0.015
South West,Bristol City,Professional Hygiene Ltd,51.53047438333241,-2.676285376,18 01 04,Transfer,London,Transfer (D),D15,4.834,Tiger,125.285792,605.6315185,48.339999999999996
South West,Bristol City,Professional Hygiene Ltd,51.53047438333241,-2.676285376,18 01 03*,Transfer,Luton,Transfer (D),D15,0.3365,Orange,140.11978187100001,47.15030659959151,3.365
South West,Bristol City,Professional Hygiene Ltd,51.53047438333241,-2.676285376,18 01 04,Transfer,Luton,Transfer (D),D15,0.24,Tiger,140.11978187100001,33.62874765,2.4
South West,Bristol City,Professional Hygiene Ltd,51.53047438333241,-2.676285376,18 01 03*,Transfer,Milton Keynes,Transfer (D),D15,0.2615,Orange,116.4958778,30.46367205,2.615
South West,Bristol City,Professional Hygiene Ltd,51.53047438333241,-2.676285376,18 01 04,Transfer,Milton Keynes,Transfer (D),D15,0.129,Tiger,116.4958778,15.02796824,1.29
South West,Bristol City,Professional Hygiene Ltd,51.53047438333241,-2.676285376,18 01 10*,Transfer,Breckland,Transfer (D),D15,0.0187,White,240.7265819,4.501587081,0.187
South West,Bristol City,Professional Hygiene Ltd,51.53047438333241,-2.676285376,18 01 08*,Transfer,Breckland,Transfer (D),D15,0.002,Purple,240.7265819,0.48145316370400004,0.02
South West,Bristol City,Professional Hygiene Ltd,51.53047438333241,-2.676285376,18 01 03*,Transfer,Breckland,Transfer (D),D15,2.2675,Orange,240.7265819,545.8475243,22.675
South West,Bristol City,Professional Hygiene Ltd,51.53047438333241,-2.676285376,18 01 04,Transfer,Breckland,Transfer (D),D15,0.0315,Tiger,240.7265819,7.582887328338001,0.315
South West,Bristol City,Professional Hygiene Ltd,51.53047438333241,-2.676285376,18 01 10*,Transfer,Norfolk,Transfer (D),D15,0.0163,White,236.2763228,3.8513040608249995,0.16299999999999998
South West,Bristol City,Professional Hygiene Ltd,51.53047438333241,-2.676285376,18 01 03*,Transfer,Norfolk,Transfer (D),D15,2.0555,Orange,236.2763228,485.66598141262494,20.555
South West,Bristol City,Professional Hygiene Ltd,51.53047438333241,-2.676285376,18 01 09,Transfer,Norfolk,Transfer (D),D15,0.0015,Blue,236.2763228,0.354414484,0.015
South West,Bristol City,Professional Hygiene Ltd,51.53047438333241,-2.676285376,18 01 04,Transfer,Norfolk,Transfer (D),D15,0.0855,Tiger,236.2763228,20.2016256,0.8550000000000001
South West,Bristol City,Professional Hygiene Ltd,51.53047438333241,-2.676285376,18 01 01,Transfer,North Somerset,Transfer (D),D15,0.028,Unknown,9.529967027,0.266839077,0.28
South West,Bristol City,Professional Hygiene Ltd,51.53047438333241,-2.676285376,18 01 10*,Transfer,North Somerset,Transfer (D),D15,0.0749,White,9.529967027,0.7137945303222999,0.7489999999999999
South West,Bristol City,Professional Hygiene Ltd,51.53047438333241,-2.676285376,18 01 08*,Transfer,North Somerset,Transfer (D),D15,0.008,Purple,9.529967027,0.076239736,0.08
South West,Bristol City,Professional Hygiene Ltd,51.53047438333241,-2.676285376,18 01 03*,Transfer,North Somerset,Transfer (D),D15,19.403,Orange,9.529967027,184.9099502,194.02999999999997
South West,Bristol City,Professional Hygiene Ltd,51.53047438333241,-2.676285376,18 01 09,Transfer,North Somerset,Transfer (D),D15,0.0645,Blue,9.529967027,0.614682873,0.645
South West,Bristol City,Professional Hygiene Ltd,51.53047438333241,-2.676285376,18 01 04,Transfer,North Somerset,Transfer (D),D15,32.2105,Tiger,9.529967027,306.96500292318353,322.105
South West,Bristol City,Professional Hygiene Ltd,51.53047438333241,-2.676285376,18 01 03*,Transfer,North West,Transfer (D),D15,0.8305,Orange,173.7278751,144.28100031041402,8.305
South West,Bristol City,Professional Hygiene Ltd,51.53047438333241,-2.676285376,18 01 09,Transfer,North West,Transfer (D),D15,0.0015,Blue,173.7278751,0.260591813,0.015
South West,Bristol City,Professional Hygiene Ltd,51.53047438333241,-2.676285376,18 01 04,Transfer,North West,Transfer (D),D15,0.035,Tiger,173.7278751,6.0804756301800005,0.35000000000000003
South West,Bristol City,Professional Hygiene Ltd,51.53047438333241,-2.676285376,18 01 03*,Transfer,Oxford,Transfer (D),D15,0.055,Orange,92.1878443,5.070331437,0.55
South West,Bristol City,Professional Hygiene Ltd,51.53047438333241,-2.676285376,18 01 04,Transfer,Oxford,Transfer (D),D15,0.098,Tiger,92.1878443,9.034408742,0.98
South West,Bristol City,Professional Hygiene Ltd,51.53047438333241,-2.676285376,18 01 01,Transfer,Oxfordshire,Transfer (D),D15,0.002,Unknown,93.84069116,0.187681382,0.02
South West,Bristol City,Professional Hygiene Ltd,51.53047438333241,-2.676285376,18 01 10*,Transfer,Oxfordshire,Transfer (D),D15,0.0005,White,93.84069116,0.046920346,0.005
South West,Bristol City,Professional Hygiene Ltd,51.53047438333241,-2.676285376,18 01 03*,Transfer,Oxfordshire,Transfer (D),D15,0.461,Orange,93.84069116,43.26055863,4.61
South West,Bristol City,Professional Hygiene Ltd,51.53047438333241,-2.676285376,18 01 09,Transfer,Oxfordshire,Transfer (D),D15,0.0015,Blue,93.84069116,0.140761037,0.015
South West,Bristol City,Professional Hygiene Ltd,51.53047438333241,-2.676285376,18 01 04,Transfer,Oxfordshire,Transfer (D),D15,0.875,Tiger,93.84069116,82.11060477,8.75
South West,Bristol City,Professional Hygiene Ltd,51.53047438333241,-2.676285376,18 01 10*,Transfer,West Oxfordshire,Transfer (D),D15,0.0145,White,70.79155529,1.026477552,0.14500000000000002
South West,Bristol City,Professional Hygiene Ltd,51.53047438333241,-2.676285376,18 01 03*,Transfer,West Oxfordshire,Transfer (D),D15,0.915,Orange,70.79155529,64.77427309,9.15
South West,Bristol City,Professional Hygiene Ltd,51.53047438333241,-2.676285376,18 01 09,Transfer,West Oxfordshire,Transfer (D),D15,0.003,Blue,70.79155529,0.212374666,0.03
South West,Bristol City,Professional Hygiene Ltd,51.53047438333241,-2.676285376,18 01 04,Transfer,West Oxfordshire,Transfer (D),D15,2.0825,Tiger,70.79155529,147.42341388725998,20.825
South West,Bristol City,Professional Hygiene Ltd,51.53047438333241,-2.676285376,18 01 01,Transfer,Plymouth,Transfer (D),D15,0.026,Unknown,118.609782,3.083854331,0.26
South West,Bristol City,Professional Hygiene Ltd,51.53047438333241,-2.676285376,18 01 10*,Transfer,Plymouth,Transfer (D),D15,0.0414,White,118.609782,4.910444973,0.414
South West,Bristol City,Professional Hygiene Ltd,51.53047438333241,-2.676285376,18 01 08*,Transfer,Plymouth,Transfer (D),D15,0.004,Purple,118.609782,0.47443912785600006,0.04
South West,Bristol City,Professional Hygiene Ltd,51.53047438333241,-2.676285376,18 01 03*,Transfer,Plymouth,Transfer (D),D15,18.306,Orange,118.609782,2171.2706686329843,183.06
South West,Bristol City,Professional Hygiene Ltd,51.53047438333241,-2.676285376,18 01 09,Transfer,Plymouth,Transfer (D),D15,0.031,Blue,118.609782,3.676903241,0.31
South West,Bristol City,Professional Hygiene Ltd,51.53047438333241,-2.676285376,18 01 04,Transfer,Plymouth,Transfer (D),D15,1.3115,Tiger,118.609782,155.55672904578603,13.115000000000002
South West,Bristol City,Professional Hygiene Ltd,51.53047438333241,-2.676285376,18 01 01,Transfer,Poole,Transfer (D),D15,0.076,Unknown,110.1790202,8.373605538,0.76
South West,Bristol City,Professional Hygiene Ltd,51.53047438333241,-2.676285376,18 01 10*,Transfer,Poole,Transfer (D),D15,0.0015,White,110.1790202,0.16526853,0.015
South West,Bristol City,Professional Hygiene Ltd,51.53047438333241,-2.676285376,18 01 08*,Transfer,Poole,Transfer (D),D15,0.0035,Purple,110.1790202,0.385626571,0.035
South West,Bristol City,Professional Hygiene Ltd,51.53047438333241,-2.676285376,18 01 03*,Transfer,Poole,Transfer (D),D15,1.469,Orange,110.1790202,161.8529807,14.690000000000001
South West,Bristol City,Professional Hygiene Ltd,51.53047438333241,-2.676285376,18 01 04,Transfer,Poole,Transfer (D),D15,1.955,Tiger,110.1790202,215.3999846,19.55
South West,Bristol City,Professional Hygiene Ltd,51.53047438333241,-2.676285376,18 01 01,Transfer,Portsmouth,Transfer (D),D15,0.095,Unknown,128.1714389,12.176286696640002,0.95
South West,Bristol City,Professional Hygiene Ltd,51.53047438333241,-2.676285376,18 01 03*,Transfer,Portsmouth,Transfer (D),D15,0.009,Orange,128.1714389,1.1535429502080001,0.09
South West,Bristol City,Professional Hygiene Ltd,51.53047438333241,-2.676285376,18 01 04,Transfer,Portsmouth,Transfer (D),D15,4.173,Tiger,128.1714389,534.8594145797761,41.730000000000004
South West,Bristol City,Professional Hygiene Ltd,51.53047438333241,-2.676285376,18 01 04,Transfer,Reading,Transfer (D),D15,0.364,Tiger,84.58412737500001,30.788622364500004,3.6399999999999997
South West,Bristol City,Professional Hygiene Ltd,51.53047438333241,-2.676285376,18 01 03*,Transfer,Redbridge,Transfer (D),D15,0.2465,Orange,160.4914301,39.56113752,2.465
South West,Bristol City,Professional Hygiene Ltd,51.53047438333241,-2.676285376,18 01 04,Transfer,Redbridge,Transfer (D),D15,0.045,Tiger,160.4914301,7.2221143547699995,0.44999999999999996
South West,Bristol City,Professional Hygiene Ltd,51.53047438333241,-2.676285376,18 01 01,Transfer,Richmond upon Thames,Transfer (D),D15,0.009,Unknown,120.2365312,1.0821287811779998,0.09
South West,Bristol City,Professional Hygiene Ltd,51.53047438333241,-2.676285376,18 01 10*,Transfer,Richmond upon Thames,Transfer (D),D15,0.007,White,120.2365312,0.841655719,0.07
South West,Bristol City,Professional Hygiene Ltd,51.53047438333241,-2.676285376,18 01 03*,Transfer,Richmond upon Thames,Transfer (D),D15,0.9675,Orange,120.2365312,116.328844,9.675
South West,Bristol City,Professional Hygiene Ltd,51.53047438333241,-2.676285376,18 01 09,Transfer,Richmond upon Thames,Transfer (D),D15,0.006,Blue,120.2365312,0.721419187,0.06
South West,Bristol City,Professional Hygiene Ltd,51.53047438333241,-2.676285376,18 01 04,Transfer,Richmond upon Thames,Transfer (D),D15,0.0215,Tiger,120.2365312,2.585085422,0.21499999999999997
South West,Bristol City,Professional Hygiene Ltd,51.53047438333241,-2.676285376,18 01 10*,Transfer,Shropshire,Transfer (D),D15,0.0115,White,129.8037805,1.4927434760834999,0.11499999999999999
South West,Bristol City,Professional Hygiene Ltd,51.53047438333241,-2.676285376,18 01 03*,Transfer,Shropshire,Transfer (D),D15,2.3935,Orange,129.8037805,310.6853486961615,23.935
South West,Bristol City,Professional Hygiene Ltd,51.53047438333241,-2.676285376,18 01 04,Transfer,Shropshire,Transfer (D),D15,0.319,Tiger,129.8037805,41.40740599,3.19
South West,Bristol City,Professional Hygiene Ltd,51.53047438333241,-2.676285376,18 01 01,Transfer,Slough,Transfer (D),D15,0.024,Unknown,104.1107111,2.498657065,0.24
South West,Bristol City,Professional Hygiene Ltd,51.53047438333241,-2.676285376,18 01 03*,Transfer,Slough,Transfer (D),D15,2.27,Orange,104.1107111,236.33131408350002,22.7
South West,Bristol City,Professional Hygiene Ltd,51.53047438333241,-2.676285376,18 01 04,Transfer,Slough,Transfer (D),D15,0.71,Tiger,104.1107111,73.91860485,7.1
South West,Bristol City,Professional Hygiene Ltd,51.53047438333241,-2.676285376,18 01 10*,Transfer,Solihull,Transfer (D),D15,0.0064,White,92.58924997,0.5925712,0.064
South West,Bristol City,Professional Hygiene Ltd,51.53047438333241,-2.676285376,18 01 03*,Transfer,Solihull,Transfer (D),D15,1.0145,Orange,92.58924997,93.93179409,10.145
South West,Bristol City,Professional Hygiene Ltd,51.53047438333241,-2.676285376,18 01 09,Transfer,Solihull,Transfer (D),D15,0.0015,Blue,92.58924997,0.138883875,0.015
South West,Bristol City,Professional Hygiene Ltd,51.53047438333241,-2.676285376,18 01 04,Transfer,Solihull,Transfer (D),D15,0.0105,Tiger,92.58924997,0.9721871246640001,0.10500000000000001
South West,Bristol City,Professional Hygiene Ltd,51.53047438333241,-2.676285376,18 01 01,Transfer,Somerset,Transfer (D),D15,0.143,Unknown,46.94457905,6.713074804,1.43
South West,Bristol City,Professional Hygiene Ltd,51.53047438333241,-2.676285376,18 01 10*,Transfer,Somerset,Transfer (D),D15,0.0277,White,46.94457905,1.30036484,0.27699999999999997
South West,Bristol City,Professional Hygiene Ltd,51.53047438333241,-2.676285376,18 01 08*,Transfer,Somerset,Transfer (D),D15,0.003,Purple,46.94457905,0.140833737,0.03
South West,Bristol City,Professional Hygiene Ltd,51.53047438333241,-2.676285376,18 01 03*,Transfer,Somerset,Transfer (D),D15,13.306,Orange,46.94457905,624.6445688,133.06
South West,Bristol City,Professional Hygiene Ltd,51.53047438333241,-2.676285376,18 01 09,Transfer,Somerset,Transfer (D),D15,0.0405,Blue,46.94457905,1.9012554515250002,0.405
South West,Bristol City,Professional Hygiene Ltd,51.53047438333241,-2.676285376,18 01 04,Transfer,Somerset,Transfer (D),D15,2.0245,Tiger,46.94457905,95.03930028672501,20.245
South West,Bristol City,Professional Hygiene Ltd,51.53047438333241,-2.676285376,18 01 01,Transfer,Somerset,Transfer (D),D15,0.055,Unknown,46.94457905,2.581951848,0.55
South West,Bristol City,Professional Hygiene Ltd,51.53047438333241,-2.676285376,18 01 03*,Transfer,Somerset,Transfer (D),D15,0.05,Orange,46.94457905,2.347228953,0.5
South West,Bristol City,Professional Hygiene Ltd,51.53047438333241,-2.676285376,18 01 04,Transfer,Somerset,Transfer (D),D15,1.52,Tiger,46.94457905,71.35576016,15.2
South West,Bristol City,Professional Hygiene Ltd,51.53047438333241,-2.676285376,18 01 01,Transfer,Somerset,Transfer (D),D15,0.041,Unknown,46.94457905,1.924727741,0.41000000000000003
South West,Bristol City,Professional Hygiene Ltd,51.53047438333241,-2.676285376,18 01 10*,Transfer,Somerset,Transfer (D),D15,0.0032,White,46.94457905,0.150222653,0.032
South West,Bristol City,Professional Hygiene Ltd,51.53047438333241,-2.676285376,18 01 08*,Transfer,Somerset,Transfer (D),D15,0.003,Purple,46.94457905,0.140833737,0.03
South West,Bristol City,Professional Hygiene Ltd,51.53047438333241,-2.676285376,18 01 03*,Transfer,Somerset,Transfer (D),D15,2.8925,Orange,46.94457905,135.7871949,28.925
South West,Bristol City,Professional Hygiene Ltd,51.53047438333241,-2.676285376,18 01 09,Transfer,Somerset,Transfer (D),D15,0.013,Blue,46.94457905,0.610279528,0.13
South West,Bristol City,Professional Hygiene Ltd,51.53047438333241,-2.676285376,18 01 04,Transfer,Somerset,Transfer (D),D15,1.4655,Tiger,46.94457905,68.7972806,14.655000000000001
South West,Bristol City,Professional Hygiene Ltd,51.53047438333241,-2.676285376,18 01 01,Transfer,Somerset,Transfer (D),D15,0.028,Unknown,46.94457905,1.3144482134000002,0.28
South West,Bristol City,Professional Hygiene Ltd,51.53047438333241,-2.676285376,18 01 10*,Transfer,Somerset,Transfer (D),D15,0.0015,White,46.94457905,0.070416869,0.015
South West,Bristol City,Professional Hygiene Ltd,51.53047438333241,-2.676285376,18 01 03*,Transfer,Somerset,Transfer (D),D15,3.7105,Orange,46.94457905,174.1878606,37.105000000000004
South West,Bristol City,Professional Hygiene Ltd,51.53047438333241,-2.676285376,18 01 09,Transfer,Somerset,Transfer (D),D15,0.0015,Blue,46.94457905,0.070416869,0.015
South West,Bristol City,Professional Hygiene Ltd,51.53047438333241,-2.676285376,18 01 04,Transfer,Somerset,Transfer (D),D15,1.512,Tiger,46.94457905,70.98020352,15.120000000000001
South West,Bristol City,Professional Hygiene Ltd,51.53047438333241,-2.676285376,18 01 01,Transfer,Somerset,Transfer (D),D15,0.0355,Unknown,46.94457905,1.666532556,0.355
South West,Bristol City,Professional Hygiene Ltd,51.53047438333241,-2.676285376,18 01 10*,Transfer,Somerset,Transfer (D),D15,0.0086,White,46.94457905,0.40372338,0.086
South West,Bristol City,Professional Hygiene Ltd,51.53047438333241,-2.676285376,18 01 08*,Transfer,Somerset,Transfer (D),D15,0.001,Purple,46.94457905,0.046944579050000004,0.01
South West,Bristol City,Professional Hygiene Ltd,51.53047438333241,-2.676285376,18 01 03*,Transfer,Somerset,Transfer (D),D15,3.405,Orange,46.94457905,159.8462917,34.05
South West,Bristol City,Professional Hygiene Ltd,51.53047438333241,-2.676285376,18 01 09,Transfer,Somerset,Transfer (D),D15,0.0015,Blue,46.94457905,0.070416869,0.015
South West,Bristol City,Professional Hygiene Ltd,51.53047438333241,-2.676285376,18 01 04,Transfer,Somerset,Transfer (D),D15,4.7115,Tiger,46.94457905,221.1793842,47.115
South West,Bristol City,Professional Hygiene Ltd,51.53047438333241,-2.676285376,18 01 01,Transfer,South Gloucestershire,Transfer (D),D15,0.042,Unknown,15.49077903,0.6506127192600001,0.42000000000000004
South West,Bristol City,Professional Hygiene Ltd,51.53047438333241,-2.676285376,18 01 10*,Transfer,South Gloucestershire,Transfer (D),D15,0.0595,White,15.49077903,0.9217013522849999,0.595
South West,Bristol City,Professional Hygiene Ltd,51.53047438333241,-2.676285376,18 01 08*,Transfer,South Gloucestershire,Transfer (D),D15,0.0525,Purple,15.49077903,0.813265899,0.525
South West,Bristol City,Professional Hygiene Ltd,51.53047438333241,-2.676285376,18 01 03*,Transfer,South Gloucestershire,Transfer (D),D15,31.154,Orange,15.49077903,482.5997299,311.54
South West,Bristol City,Professional Hygiene Ltd,51.53047438333241,-2.676285376,18 01 09,Transfer,South Gloucestershire,Transfer (D),D15,5.0392,Blue,15.49077903,78.06113368797601,50.392
South West,Bristol City,Professional Hygiene Ltd,51.53047438333241,-2.676285376,18 01 04,Transfer,South Gloucestershire,Transfer (D),D15,117.157,Tiger,15.49077903,1814.853199,1171.57
South West,Bristol City,Professional Hygiene Ltd,51.53047438333241,-2.676285376,18 01 01,Transfer,Southampton,Transfer (D),D15,0.002,Unknown,110.8271102,0.22165422,0.02
South West,Bristol City,Professional Hygiene Ltd,51.53047438333241,-2.676285376,18 01 04,Transfer,Southampton,Transfer (D),D15,10.271,Tiger,110.8271102,1138.305248751219,102.71000000000001
South West,Bristol City,Professional Hygiene Ltd,51.53047438333241,-2.676285376,18 01 03*,Transfer,Southwark,Transfer (D),D15,0.275,Orange,127.8849869,35.168371392275006,2.75
South West,Bristol City,Professional Hygiene Ltd,51.53047438333241,-2.676285376,18 01 09,Transfer,Southwark,Transfer (D),D15,0.003,Blue,127.8849869,0.38365496064300003,0.03
South West,Bristol City,Professional Hygiene Ltd,51.53047438333241,-2.676285376,18 01 04,Transfer,Southwark,Transfer (D),D15,0.021,Tiger,127.8849869,2.685584725,0.21000000000000002
South West,Bristol City,Professional Hygiene Ltd,51.53047438333241,-2.676285376,18 01 01,Transfer,Staffordshire,Transfer (D),D15,0.7145,Unknown,108.5628343,77.56814508234251,7.1450000000000005
South West,Bristol City,Professional Hygiene Ltd,51.53047438333241,-2.676285376,18 01 10*,Transfer,Staffordshire,Transfer (D),D15,0.0345,White,108.5628343,3.7454177821425003,0.34500000000000003
South West,Bristol City,Professional Hygiene Ltd,51.53047438333241,-2.676285376,18 01 08*,Transfer,Staffordshire,Transfer (D),D15,0.0305,Purple,108.5628343,3.3111664450825002,0.305
South West,Bristol City,Professional Hygiene Ltd,51.53047438333241,-2.676285376,18 01 03*,Transfer,Staffordshire,Transfer (D),D15,27.431,Orange,108.5628343,2977.987106723215,274.31
South West,Bristol City,Professional Hygiene Ltd,51.53047438333241,-2.676285376,18 01 09,Transfer,Staffordshire,Transfer (D),D15,5.381,Blue,108.5628343,584.1766111799651,53.81
South West,Bristol City,Professional Hygiene Ltd,51.53047438333241,-2.676285376,18 01 04,Transfer,Staffordshire,Transfer (D),D15,0.5035,Tiger,108.5628343,54.66138705,5.034999999999999
South West,Bristol City,Professional Hygiene Ltd,51.53047438333241,-2.676285376,18 01 01,Transfer,Suffolk,Transfer (D),D15,0.051,Unknown,229.61025466200002,11.71012299,0.51
South West,Bristol City,Professional Hygiene Ltd,51.53047438333241,-2.676285376,18 01 10*,Transfer,Suffolk,Transfer (D),D15,0.0686,White,229.61025466200002,15.75126347,0.6859999999999999
South West,Bristol City,Professional Hygiene Ltd,51.53047438333241,-2.676285376,18 01 08*,Transfer,Suffolk,Transfer (D),D15,0.002,Purple,229.61025466200002,0.45922050932400005,0.02
South West,Bristol City,Professional Hygiene Ltd,51.53047438333241,-2.676285376,18 01 03*,Transfer,Suffolk,Transfer (D),D15,4.7145,Orange,229.61025466200002,1082.497545603999,47.145
South West,Bristol City,Professional Hygiene Ltd,51.53047438333241,-2.676285376,18 01 09,Transfer,Suffolk,Transfer (D),D15,0.0015,Blue,229.61025466200002,0.34441538199300004,0.015
South West,Bristol City,Professional Hygiene Ltd,51.53047438333241,-2.676285376,18 01 04,Transfer,Suffolk,Transfer (D),D15,1.145,Tiger,229.61025466200002,262.9037416,11.45
South West,Bristol City,Professional Hygiene Ltd,51.53047438333241,-2.676285376,18 01 01,Transfer,Surrey,Transfer (D),D15,0.012,Unknown,127.7700332,1.533240399,0.12
South West,Bristol City,Professional Hygiene Ltd,51.53047438333241,-2.676285376,18 01 10*,Transfer,Surrey,Transfer (D),D15,0.0015,White,127.7700332,0.19165505,0.015
South West,Bristol City,Professional Hygiene Ltd,51.53047438333241,-2.676285376,18 01 08*,Transfer,Surrey,Transfer (D),D15,0.0015,Purple,127.7700332,0.19165505,0.015
South West,Bristol City,Professional Hygiene Ltd,51.53047438333241,-2.676285376,18 01 03*,Transfer,Surrey,Transfer (D),D15,0.6675,Orange,127.7700332,85.28649719,6.675
South West,Bristol City,Professional Hygiene Ltd,51.53047438333241,-2.676285376,18 01 09,Transfer,Surrey,Transfer (D),D15,0.0015,Blue,127.7700332,0.19165505,0.015
South West,Bristol City,Professional Hygiene Ltd,51.53047438333241,-2.676285376,18 01 04,Transfer,Surrey,Transfer (D),D15,2.392,Tiger,127.7700332,305.6259195,23.919999999999998
South West,Bristol City,Professional Hygiene Ltd,51.53047438333241,-2.676285376,18 01 03*,Transfer,Woking,Transfer (D),D15,0.261,Orange,107.74511,28.121473717569003,2.6100000000000003
South West,Bristol City,Professional Hygiene Ltd,51.53047438333241,-2.676285376,18 01 01,Transfer,Sutton,Transfer (D),D15,0.004,Unknown,137.2695531,0.5490782123760001,0.04
South West,Bristol City,Professional Hygiene Ltd,51.53047438333241,-2.676285376,18 01 03*,Transfer,Sutton,Transfer (D),D15,0.1965,Orange,137.2695531,26.973467182971003,1.965
South West,Bristol City,Professional Hygiene Ltd,51.53047438333241,-2.676285376,18 01 04,Transfer,Sutton,Transfer (D),D15,0.2005,Tiger,137.2695531,27.522545395347002,2.005
South West,Bristol City,Professional Hygiene Ltd,51.53047438333241,-2.676285376,18 01 01,Transfer,Swindon,Transfer (D),D15,0.053,Unknown,47.3292077,2.508448008,0.53
South West,Bristol City,Professional Hygiene Ltd,51.53047438333241,-2.676285376,18 01 10*,Transfer,Swindon,Transfer (D),D15,0.0166,White,47.3292077,0.7856648478034001,0.166
South West,Bristol City,Professional Hygiene Ltd,51.53047438333241,-2.676285376,18 01 08*,Transfer,Swindon,Transfer (D),D15,0.003,Purple,47.3292077,0.141987623,0.03
South West,Bristol City,Professional Hygiene Ltd,51.53047438333241,-2.676285376,18 01 03*,Transfer,Swindon,Transfer (D),D15,7.667,Orange,47.3292077,362.8730354,76.67
South West,Bristol City,Professional Hygiene Ltd,51.53047438333241,-2.676285376,18 01 09,Transfer,Swindon,Transfer (D),D15,0.009,Blue,47.3292077,0.42596286929099997,0.09
South West,Bristol City,Professional Hygiene Ltd,51.53047438333241,-2.676285376,18 01 04,Transfer,Swindon,Transfer (D),D15,18.9995,Tiger,47.3292077,899.2312816771506,189.995
South West,Bristol City,Professional Hygiene Ltd,51.53047438333241,-2.676285376,18 01 01,Transfer,Torbay,Transfer (D),D15,0.038,Unknown,98.20209421,3.73167958,0.38
South West,Bristol City,Professional Hygiene Ltd,51.53047438333241,-2.676285376,18 01 10*,Transfer,Torbay,Transfer (D),D15,0.1418,White,98.20209421,13.925056959119802,1.4180000000000001
South West,Bristol City,Professional Hygiene Ltd,51.53047438333241,-2.676285376,18 01 08*,Transfer,Torbay,Transfer (D),D15,0.003,Purple,98.20209421,0.29460628263300004,0.03
South West,Bristol City,Professional Hygiene Ltd,51.53047438333241,-2.676285376,18 01 03*,Transfer,Torbay,Transfer (D),D15,7.334,Orange,98.20209421,720.2141589,73.34
South West,Bristol City,Professional Hygiene Ltd,51.53047438333241,-2.676285376,18 01 09,Transfer,Torbay,Transfer (D),D15,0.03,Blue,98.20209421,2.946062826,0.3
South West,Bristol City,Professional Hygiene Ltd,51.53047438333241,-2.676285376,18 01 04,Transfer,Torbay,Transfer (D),D15,1.044,Tiger,98.20209421,102.52298635628401,10.440000000000001
South West,Bristol City,Professional Hygiene Ltd,51.53047438333241,-2.676285376,18 01 10*,Transfer,Blaenau Gwent,Transfer (D),D15,0.0033,White,46.25423587,0.152638978,0.033
South West,Bristol City,Professional Hygiene Ltd,51.53047438333241,-2.676285376,18 01 03*,Transfer,Blaenau Gwent,Transfer (D),D15,0.466,Orange,46.25423587,21.554473914954002,4.66
South West,Bristol City,Professional Hygiene Ltd,51.53047438333241,-2.676285376,18 01 04,Transfer,Blaenau Gwent,Transfer (D),D15,0.01,Tiger,46.25423587,0.462542359,0.1
South West,Bristol City,Professional Hygiene Ltd,51.53047438333241,-2.676285376,18 01 01,Transfer,Bridgend,Transfer (D),D15,0.0335,Unknown,53.77468908,1.801452084,0.335
South West,Bristol City,Professional Hygiene Ltd,51.53047438333241,-2.676285376,18 01 03*,Transfer,Bridgend,Transfer (D),D15,0.46,Orange,53.77468908,24.736356977720003,4.6000000000000005
South West,Bristol City,Professional Hygiene Ltd,51.53047438333241,-2.676285376,18 01 04,Transfer,Bridgend,Transfer (D),D15,4.2745,Tiger,53.77468908,229.8599085,42.745
South West,Bristol City,Professional Hygiene Ltd,51.53047438333241,-2.676285376,18 01 01,Transfer,Caerphilly,Transfer (D),D15,0.051,Unknown,43.42078411,2.21445999,0.51
South West,Bristol City,Professional Hygiene Ltd,51.53047438333241,-2.676285376,18 01 10*,Transfer,Caerphilly,Transfer (D),D15,0.0072,White,43.42078411,0.312629646,0.072
South West,Bristol City,Professional Hygiene Ltd,51.53047438333241,-2.676285376,18 01 03*,Transfer,Caerphilly,Transfer (D),D15,2.5095,Orange,43.42078411,108.96445772153551,25.095
South West,Bristol City,Professional Hygiene Ltd,51.53047438333241,-2.676285376,18 01 09,Transfer,Caerphilly,Transfer (D),D15,0.0015,Blue,43.42078411,0.065131176,0.015
South West,Bristol City,Professional Hygiene Ltd,51.53047438333241,-2.676285376,18 01 04,Transfer,Caerphilly,Transfer (D),D15,2.0395,Tiger,43.42078411,88.55668919,20.395
South West,Bristol City,Professional Hygiene Ltd,51.53047438333241,-2.676285376,18 01 01,Transfer,Cardiff,Transfer (D),D15,0.112,Unknown,37.51838098,4.20205867,1.12
South West,Bristol City,Professional Hygiene Ltd,51.53047438333241,-2.676285376,18 01 10*,Transfer,Cardiff,Transfer (D),D15,0.0339,White,37.51838098,1.2718731152220002,0.33899999999999997
South West,Bristol City,Professional Hygiene Ltd,51.53047438333241,-2.676285376,18 01 08*,Transfer,Cardiff,Transfer (D),D15,0.001,Purple,37.51838098,0.037518381,0.01
South West,Bristol City,Professional Hygiene Ltd,51.53047438333241,-2.676285376,18 01 03*,Transfer,Cardiff,Transfer (D),D15,1.7315,Orange,37.51838098,64.96307666687001,17.315
South West,Bristol City,Professional Hygiene Ltd,51.53047438333241,-2.676285376,18 01 04,Transfer,Cardiff,Transfer (D),D15,4.9375,Tiger,37.51838098,185.24700608875003,49.375
South West,Bristol City,Professional Hygiene Ltd,51.53047438333241,-2.676285376,18 01 01,Transfer,Carmarthenshire,Transfer (D),D15,0.013,Unknown,94.42788676,1.2275625278409998,0.13
South West,Bristol City,Professional Hygiene Ltd,51.53047438333241,-2.676285376,18 01 04,Transfer,Carmarthenshire,Transfer (D),D15,0.232,Tiger,94.42788676,21.90726973,2.3200000000000003
South West,Bristol City,Professional Hygiene Ltd,51.53047438333241,-2.676285376,18 01 01,Transfer,Ceredigion,Transfer (D),D15,0.016,Unknown,119.9861187,1.9197779,0.16
South West,Bristol City,Professional Hygiene Ltd,51.53047438333241,-2.676285376,18 01 04,Transfer,Ceredigion,Transfer (D),D15,0.04,Tiger,119.9861187,4.799444749,0.4
South West,Bristol City,Professional Hygiene Ltd,51.53047438333241,-2.676285376,18 01 01,Transfer,Monmouthshire,Transfer (D),D15,0.041,Unknown,36.3029793,1.488422151,0.41000000000000003
South West,Bristol City,Professional Hygiene Ltd,51.53047438333241,-2.676285376,18 01 10*,Transfer,Monmouthshire,Transfer (D),D15,0.1827,White,36.3029793,6.632554319,1.827
South West,Bristol City,Professional Hygiene Ltd,51.53047438333241,-2.676285376,18 01 08*,Transfer,Monmouthshire,Transfer (D),D15,0.002,Purple,36.3029793,0.072605959,0.02
South West,Bristol City,Professional Hygiene Ltd,51.53047438333241,-2.676285376,18 01 03*,Transfer,Monmouthshire,Transfer (D),D15,8.96,Orange,36.3029793,325.2746946,89.60000000000001
South West,Bristol City,Professional Hygiene Ltd,51.53047438333241,-2.676285376,18 01 09,Transfer,Monmouthshire,Transfer (D),D15,0.0225,Blue,36.3029793,0.8168170343399999,0.22499999999999998
South West,Bristol City,Professional Hygiene Ltd,51.53047438333241,-2.676285376,18 01 04,Transfer,Monmouthshire,Transfer (D),D15,26.88719,Tiger,36.3029793,976.0851021127157,268.8719
South West,Bristol City,Professional Hygiene Ltd,51.53047438333241,-2.676285376,18 01 01,Transfer,Newport,Transfer (D),D15,0.0265,Unknown,26.3610433,0.698567648,0.265
South West,Bristol City,Professional Hygiene Ltd,51.53047438333241,-2.676285376,18 01 03*,Transfer,Newport,Transfer (D),D15,0.002,Orange,26.3610433,0.052722087,0.02
South West,Bristol City,Professional Hygiene Ltd,51.53047438333241,-2.676285376,18 01 04,Transfer,Newport,Transfer (D),D15,0.342,Tiger,26.3610433,9.01547681,3.4200000000000004
South West,Bristol City,Professional Hygiene Ltd,51.53047438333241,-2.676285376,18 01 04,Transfer,Powys,Transfer (D),D15,0.294,Tiger,76.24408581,22.41576123,2.94
South West,Bristol City,Professional Hygiene Ltd,51.53047438333241,-2.676285376,18 01 01,Transfer,Rhondda Cynon Taf,Transfer (D),D15,0.039,Unknown,55.87368032,2.179073532,0.39
South West,Bristol City,Professional Hygiene Ltd,51.53047438333241,-2.676285376,18 01 10*,Transfer,Rhondda Cynon Taf,Transfer (D),D15,0.0875,White,55.87368032,4.888947028,0.875
South West,Bristol City,Professional Hygiene Ltd,51.53047438333241,-2.676285376,18 01 03*,Transfer,Rhondda Cynon Taf,Transfer (D),D15,3.437,Orange,55.87368032,192.03783925983998,34.37
South West,Bristol City,Professional Hygiene Ltd,51.53047438333241,-2.676285376,18 01 04,Transfer,Rhondda Cynon Taf,Transfer (D),D15,0.887,Tiger,55.87368032,49.55995444,8.870000000000001
South West,Bristol City,Professional Hygiene Ltd,51.53047438333241,-2.676285376,18 01 01,Transfer,Swansea,Transfer (D),D15,0.0335,Unknown,75.60096683,2.532632389,0.335
South West,Bristol City,Professional Hygiene Ltd,51.53047438333241,-2.676285376,18 01 03*,Transfer,Swansea,Transfer (D),D15,0.825,Orange,75.60096683,62.37079763,8.25
South West,Bristol City,Professional Hygiene Ltd,51.53047438333241,-2.676285376,18 01 04,Transfer,Swansea,Transfer (D),D15,1.528,Tiger,75.60096683,115.5182773,15.280000000000001
South West,Bristol City,Professional Hygiene Ltd,51.53047438333241,-2.676285376,18 01 01,Transfer,Torfaen,Transfer (D),D15,0.0495,Unknown,29.90596486,1.480345261,0.495
South West,Bristol City,Professional Hygiene Ltd,51.53047438333241,-2.676285376,18 01 10*,Transfer,Torfaen,Transfer (D),D15,0.0473,White,29.90596486,1.414552138,0.47300000000000003
South West,Bristol City,Professional Hygiene Ltd,51.53047438333241,-2.676285376,18 01 08*,Transfer,Torfaen,Transfer (D),D15,0.008,Purple,29.90596486,0.23924771887200003,0.08
South West,Bristol City,Professional Hygiene Ltd,51.53047438333241,-2.676285376,18 01 03*,Transfer,Torfaen,Transfer (D),D15,2.208,Orange,29.90596486,66.03237040867201,22.080000000000002
South West,Bristol City,Professional Hygiene Ltd,51.53047438333241,-2.676285376,18 01 04,Transfer,Torfaen,Transfer (D),D15,1.5,Tiger,29.90596486,44.858947288500005,15
South West,Bristol City,Professional Hygiene Ltd,51.53047438333241,-2.676285376,18 01 04,Transfer,Vale of Glamorgan,Transfer (D),D15,4.585,Tiger,50.6846111,232.3889419,45.85
South West,Bristol City,Professional Hygiene Ltd,51.53047438333241,-2.676285376,18 01 01,Transfer,Wales,Transfer (D),D15,0.012,Unknown,98.34252406,1.180110289,0.12
South West,Bristol City,Professional Hygiene Ltd,51.53047438333241,-2.676285376,18 01 04,Transfer,Wales,Transfer (D),D15,0.115,Tiger,98.34252406,11.30939027,1.1500000000000001
South West,Bristol City,Professional Hygiene Ltd,51.53047438333241,-2.676285376,18 01 04,Transfer,Waltham Forest,Transfer (D),D15,0.32,Tiger,136.8898954,43.80476653,3.2
South West,Bristol City,Professional Hygiene Ltd,51.53047438333241,-2.676285376,18 01 01,Transfer,Wandsworth,Transfer (D),D15,0.107,Unknown,124.1772661,13.28696748,1.07
South West,Bristol City,Professional Hygiene Ltd,51.53047438333241,-2.676285376,18 01 10*,Transfer,Wandsworth,Transfer (D),D15,0.0002,White,124.1772661,0.024835453224800002,0.002
South West,Bristol City,Professional Hygiene Ltd,51.53047438333241,-2.676285376,18 01 08*,Transfer,Wandsworth,Transfer (D),D15,0.002,Purple,124.1772661,0.248354532,0.02
South West,Bristol City,Professional Hygiene Ltd,51.53047438333241,-2.676285376,18 01 03*,Transfer,Wandsworth,Transfer (D),D15,1.213,Orange,124.1772661,150.62702380841202,12.13
South West,Bristol City,Professional Hygiene Ltd,51.53047438333241,-2.676285376,18 01 04,Transfer,Wandsworth,Transfer (D),D15,0.4925,Tiger,124.1772661,61.15730357,4.925
South West,Bristol City,Professional Hygiene Ltd,51.53047438333241,-2.676285376,18 01 10*,Transfer,Nuneaton and Bedworth,Transfer (D),D15,0.002,White,110.8637711,0.221727542,0.02
South West,Bristol City,Professional Hygiene Ltd,51.53047438333241,-2.676285376,18 01 03*,Transfer,Nuneaton and Bedworth,Transfer (D),D15,4.0935,Orange,110.8637711,453.82084690779294,40.934999999999995
South West,Bristol City,Professional Hygiene Ltd,51.53047438333241,-2.676285376,18 01 04,Transfer,Nuneaton and Bedworth,Transfer (D),D15,0.017,Tiger,110.8637711,1.8846841083260002,0.17
South West,Bristol City,Professional Hygiene Ltd,51.53047438333241,-2.676285376,18 01 10*,Transfer,Rugby,Transfer (D),D15,0.0005,White,118.5631791,0.05928159,0.005
South West,Bristol City,Professional Hygiene Ltd,51.53047438333241,-2.676285376,18 01 03*,Transfer,Rugby,Transfer (D),D15,0.656,Orange,118.5631791,77.77744552,6.5600000000000005
South West,Bristol City,Professional Hygiene Ltd,51.53047438333241,-2.676285376,18 01 04,Transfer,Rugby,Transfer (D),D15,0.0845,Tiger,118.5631791,10.01858864,0.8450000000000001
South West,Bristol City,Professional Hygiene Ltd,51.53047438333241,-2.676285376,18 01 10*,Transfer,Warwick,Transfer (D),D15,0.0066,White,101.22195727100001,0.668064918,0.066
South West,Bristol City,Professional Hygiene Ltd,51.53047438333241,-2.676285376,18 01 04,Transfer,Warwick,Transfer (D),D15,0.042,Tiger,101.22195727100001,4.251322205,0.42000000000000004
South West,Bristol City,Professional Hygiene Ltd,51.53047438333241,-2.676285376,18 01 10*,Transfer,Warwickshire,Transfer (D),D15,0.0221,White,106.43588133200001,2.3522329774372004,0.22100000000000003
South West,Bristol City,Professional Hygiene Ltd,51.53047438333241,-2.676285376,18 01 03*,Transfer,Warwickshire,Transfer (D),D15,4.976,Orange,106.43588133200001,529.6249455,49.76
South West,Bristol City,Professional Hygiene Ltd,51.53047438333241,-2.676285376,18 01 04,Transfer,Warwickshire,Transfer (D),D15,0.017,Tiger,106.43588133200001,1.8094099826440002,0.17
South West,Bristol City,Professional Hygiene Ltd,51.53047438333241,-2.676285376,18 01 08*,Transfer,West Berkshire,Transfer (D),D15,0.0045,Purple,84.61954552,0.38078795484899997,0.045
South West,Bristol City,Professional Hygiene Ltd,51.53047438333241,-2.676285376,18 01 03*,Transfer,West Berkshire,Transfer (D),D15,0.01,Orange,84.61954552,0.846195455,0.1
South West,Bristol City,Professional Hygiene Ltd,51.53047438333241,-2.676285376,18 01 04,Transfer,West Berkshire,Transfer (D),D15,0.085,Tiger,84.61954552,7.192661369370001,0.8500000000000001
South West,Bristol City,Professional Hygiene Ltd,51.53047438333241,-2.676285376,18 01 01,Transfer,West Midlands,Transfer (D),D15,0.023,Unknown,93.64930889,2.153934105,0.22999999999999998
South West,Bristol City,Professional Hygiene Ltd,51.53047438333241,-2.676285376,18 01 04,Transfer,West Midlands,Transfer (D),D15,0.335,Tiger,93.64930889,31.37251848,3.35
South West,Bristol City,Professional Hygiene Ltd,51.53047438333241,-2.676285376,18 01 04,Transfer,Arun,Transfer (D),D15,0.952,Tiger,152.1240482,144.8220939,9.52
South West,Bristol City,Professional Hygiene Ltd,51.53047438333241,-2.676285376,18 01 04,Transfer,Chichester,Transfer (D),D15,0.063,Tiger,141.0232553,8.884465084,0.63
South West,Bristol City,Professional Hygiene Ltd,51.53047438333241,-2.676285376,18 01 04,Transfer,Horsham,Transfer (D),D15,3.45,Tiger,148.5287956,512.4243449,34.5
South West,Bristol City,Professional Hygiene Ltd,51.53047438333241,-2.676285376,18 01 01,Transfer,West Sussex,Transfer (D),D15,0.006,Unknown,158.1277348,0.948766409,0.06
South West,Bristol City,Professional Hygiene Ltd,51.53047438333241,-2.676285376,18 01 08*,Transfer,West Sussex,Transfer (D),D15,0.001,Purple,158.1277348,0.15812773482200002,0.01
South West,Bristol City,Professional Hygiene Ltd,51.53047438333241,-2.676285376,18 01 03*,Transfer,West Sussex,Transfer (D),D15,1.7425,Orange,158.1277348,275.5375779,17.425
South West,Bristol City,Professional Hygiene Ltd,51.53047438333241,-2.676285376,18 01 04,Transfer,West Sussex,Transfer (D),D15,0.7695,Tiger,158.1277348,121.6792919,7.694999999999999
South West,Bristol City,Professional Hygiene Ltd,51.53047438333241,-2.676285376,18 01 04,Transfer,Worthing,Transfer (D),D15,0.364,Tiger,161.1556757,58.660665956619994,3.6399999999999997
South West,Bristol City,Professional Hygiene Ltd,51.53047438333241,-2.676285376,18 01 01,Transfer,Westminster,Transfer (D),D15,0.008,Unknown,124.95895084200001,0.9996716067360001,0.08
South West,Bristol City,Professional Hygiene Ltd,51.53047438333241,-2.676285376,18 01 10*,Transfer,Westminster,Transfer (D),D15,0.0033,White,124.95895084200001,0.41236453777860005,0.033
South West,Bristol City,Professional Hygiene Ltd,51.53047438333241,-2.676285376,18 01 08*,Transfer,Westminster,Transfer (D),D15,0.08,Purple,124.95895084200001,9.996716067360001,0.8
South West,Bristol City,Professional Hygiene Ltd,51.53047438333241,-2.676285376,18 01 03*,Transfer,Westminster,Transfer (D),D15,10.7675,Orange,124.95895084200001,1345.495503191235,107.675
South West,Bristol City,Professional Hygiene Ltd,51.53047438333241,-2.676285376,18 01 09,Transfer,Westminster,Transfer (D),D15,0.009,Blue,124.95895084200001,1.124630558,0.09
South West,Bristol City,Professional Hygiene Ltd,51.53047438333241,-2.676285376,18 01 04,Transfer,Westminster,Transfer (D),D15,0.166,Tiger,124.95895084200001,20.743185839772003,1.6600000000000001
South West,Bristol City,Professional Hygiene Ltd,51.53047438333241,-2.676285376,18 01 01,Transfer,Wiltshire,Transfer (D),D15,0.0985,Unknown,54.87513712,5.405201007,0.9850000000000001
South West,Bristol City,Professional Hygiene Ltd,51.53047438333241,-2.676285376,18 01 10*,Transfer,Wiltshire,Transfer (D),D15,0.058,White,54.87513712,3.1827579531340002,0.5800000000000001
South West,Bristol City,Professional Hygiene Ltd,51.53047438333241,-2.676285376,18 01 08*,Transfer,Wiltshire,Transfer (D),D15,0.003,Purple,54.87513712,0.164625411,0.03
South West,Bristol City,Professional Hygiene Ltd,51.53047438333241,-2.676285376,18 01 03*,Transfer,Wiltshire,Transfer (D),D15,17.586,Orange,54.87513712,965.0341614,175.85999999999999
South West,Bristol City,Professional Hygiene Ltd,51.53047438333241,-2.676285376,18 01 09,Transfer,Wiltshire,Transfer (D),D15,0.0315,Blue,54.87513712,1.728566819,0.315
South West,Bristol City,Professional Hygiene Ltd,51.53047438333241,-2.676285376,18 01 04,Transfer,Wiltshire,Transfer (D),D15,12.377,Tiger,54.87513712,679.1895721713711,123.77000000000001
South West,Bristol City,Professional Hygiene Ltd,51.53047438333241,-2.676285376,18 01 10*,Transfer,Windsor and Maidenhead,Transfer (D),D15,0.0027,White,99.96243825,0.269898583,0.027000000000000003
South West,Bristol City,Professional Hygiene Ltd,51.53047438333241,-2.676285376,18 01 08*,Transfer,Windsor and Maidenhead,Transfer (D),D15,0.002,Purple,99.96243825,0.199924877,0.02
South West,Bristol City,Professional Hygiene Ltd,51.53047438333241,-2.676285376,18 01 03*,Transfer,Windsor and Maidenhead,Transfer (D),D15,2.4215,Orange,99.96243825,242.0590442,24.215
South West,Bristol City,Professional Hygiene Ltd,51.53047438333241,-2.676285376,18 01 09,Transfer,Windsor and Maidenhead,Transfer (D),D15,0.0015,Blue,99.96243825,0.14994365738100002,0.015
South West,Bristol City,Professional Hygiene Ltd,51.53047438333241,-2.676285376,18 01 04,Transfer,Windsor and Maidenhead,Transfer (D),D15,0.669,Tiger,99.96243825,66.87487119,6.69
South West,Bristol City,Professional Hygiene Ltd,51.53047438333241,-2.676285376,18 01 03*,Transfer,Wokingham,Transfer (D),D15,0.0025,Orange,94.86657468,0.23716643670749998,0.025
South West,Bristol City,Professional Hygiene Ltd,51.53047438333241,-2.676285376,18 01 04,Transfer,Wokingham,Transfer (D),D15,0.085,Tiger,94.86657468,8.063658848,0.8500000000000001
South West,Bristol City,Professional Hygiene Ltd,51.53047438333241,-2.676285376,18 01 10*,Transfer,Malvern Hills,Transfer (D),D15,0.0785,White,70.39636333,5.5261145215620004,0.785
South West,Bristol City,Professional Hygiene Ltd,51.53047438333241,-2.676285376,18 01 03*,Transfer,Malvern Hills,Transfer (D),D15,2.2865,Orange,70.39636333,160.96128475861804,22.865000000000002
South West,Bristol City,Professional Hygiene Ltd,51.53047438333241,-2.676285376,18 01 09,Transfer,Malvern Hills,Transfer (D),D15,0.003,Blue,70.39636333,0.21118908999600003,0.03
South West,Bristol City,Professional Hygiene Ltd,51.53047438333241,-2.676285376,18 01 04,Transfer,Malvern Hills,Transfer (D),D15,0.301,Tiger,70.39636333,21.18930536,3.01
South West,Bristol City,Professional Hygiene Ltd,51.53047438333241,-2.676285376,18 01 03*,Transfer,Worcestershire,Transfer (D),D15,3.1435,Orange,72.90297395,229.1704986,31.435
South West,Bristol City,Professional Hygiene Ltd,51.53047438333241,-2.676285376,18 01 04,Transfer,Worcestershire,Transfer (D),D15,0.243,Tiger,72.90297395,17.71542267,2.4299999999999997
South West,Bristol City,Professional Hygiene Ltd,51.53047438333241,-2.676285376,18 01 01,Transfer,Wychavon,Transfer (D),D15,0.038,Unknown,69.86944072,2.655038748,0.38
South West,Bristol City,Professional Hygiene Ltd,51.53047438333241,-2.676285376,18 01 10*,Transfer,Wychavon,Transfer (D),D15,0.0075,White,69.86944072,0.524020805,0.075
South West,Bristol City,Professional Hygiene Ltd,51.53047438333241,-2.676285376,18 01 08*,Transfer,Wychavon,Transfer (D),D15,0.1075,Purple,69.86944072,7.510964878,1.075
South West,Bristol City,Professional Hygiene Ltd,51.53047438333241,-2.676285376,18 01 03*,Transfer,Wychavon,Transfer (D),D15,10.2895,Orange,69.86944072,718.9216103,102.89500000000001
South West,Bristol City,Professional Hygiene Ltd,51.53047438333241,-2.676285376,18 01 09,Transfer,Wychavon,Transfer (D),D15,0.0442,Blue,69.86944072,3.0882292800008004,0.44200000000000006
South West,Bristol City,Professional Hygiene Ltd,51.53047438333241,-2.676285376,18 01 04,Transfer,Wychavon,Transfer (D),D15,15.8725,Tiger,69.86944072,1109.002698,158.725
South West,Wiltshire,Westbury WTS EPR/CP3331SC,51.26337270790153,-2.207765257,18 01 09,Transfer,Buckinghamshire,Transfer (D),D15,1.5,Blue,94.47324684,141.7098703,15
South West,Devon,Exeter City Council M R F,50.710481652265095,-3.529298147,18 01 03*,Treatment,Devon,Incineration,D10,5.36,Orange,26.12865055,140.0495669,5756.64
South West,"Bournemouth, Christchurch and Poole",Canford Recycling Centre,50.77167318390495,-1.950313532,18 01 04,Treatment,"Bournemouth, Christchurch and Poole",Recovery,R05.03,0.18,Tiger,6.823896322,1.228301338,3.78
South West,"Bournemouth, Christchurch and Poole",Canford Recycling Centre,50.77167318390495,-1.950313532,18 01 03*,Treatment,Dorset,Recovery,R05.01,51.2,Orange,21.92942533,1122.786577,1075.2
South West,"Bournemouth, Christchurch and Poole",Canford Recycling Centre,50.77167318390495,-1.950313532,18 01 04,Treatment,Dorset,Recovery,R05.03,4201.76,Tiger,21.92942533,92142.18218298432,88236.96
South West,"Bournemouth, Christchurch and Poole",Canford Recycling Centre,50.77167318390495,-1.950313532,18 01 04,Treatment,Hampshire,Recovery,R05.03,53.78,Tiger,45.62416568,2453.66763,1129.38
South West,"Bournemouth, Christchurch and Poole",Canford Recycling Centre,50.77167318390495,-1.950313532,18 01 03*,Treatment,Somerset,Recovery,R05.01,0.14,Orange,57.373669914000004,8.032313787960002,2.9400000000000004
South West,Wiltshire,Sand's Farm Facility,51.444217244507996,-1.982224389,18 01 03*,Treatment,Wiltshire,Transfer (D),D15,14.307,Orange,16.39549521,234.5703499,143.07
South West,Wiltshire,Churchfields Depot,51.06717743,-1.813650623,18 01 08*,Treatment,Wiltshire,Incineration,D10,0.91,Purple,18.09308078,16.46470351,1668.03
South West,Wiltshire,Churchfields Depot,51.06717743,-1.813650623,18 01 03*,Treatment,Wiltshire,Incineration,D10.04,11.07,Orange,18.09308078,200.2904042,11889.18
South West,Wiltshire,Churchfields Depot,51.06717743,-1.813650623,18 01 01,Treatment,Wiltshire,Incineration,D10.04,4.47,Unknown,18.09308078,80.87607108,4800.78
South West,Bristol City,Clinipower Avonmouth L L P,51.51616484867732,-2.675410427,18 01 03*,Treatment,Bath and North East Somerset,Incineration,R01,5.27,Orange,18.7654042,98.89368013,5659.98
South West,Bristol City,Clinipower Avonmouth L L P,51.51616484867732,-2.675410427,18 01 04,Treatment,Bath and North East Somerset,Transfer (D),D15,17.39,Tiger,18.7654042,326.330379,173.9
South West,Bristol City,Clinipower Avonmouth L L P,51.51616484867732,-2.675410427,18 01 03*,Treatment,"Bristol, City of",Incineration,R01,5,Orange,4.75970186,23.7985093,5370
South West,Bristol City,Clinipower Avonmouth L L P,51.51616484867732,-2.675410427,18 01 04,Treatment,"Bristol, City of",Transfer (D),D15,9.73,Tiger,4.75970186,46.3118991,97.30000000000001
South West,Bristol City,Clinipower Avonmouth L L P,51.51616484867732,-2.675410427,18 01 03*,Treatment,Exeter,Incineration,R01,0.79,Orange,76.03903338,60.07083637257001,848.46
South West,Bristol City,Clinipower Avonmouth L L P,51.51616484867732,-2.675410427,18 01 03*,Treatment,"Herefordshire, The County of",Incineration,R01,0.18,Orange,63.980707757000005,11.5165274,193.32
South West,Bristol City,Clinipower Avonmouth L L P,51.51616484867732,-2.675410427,18 01 03*,Treatment,Oxford,Incineration,R01,3.02,Orange,91.95793703,277.7129698,3243.48
South West,Bristol City,Clinipower Avonmouth L L P,51.51616484867732,-2.675410427,18 01 03*,Treatment,Plymouth,Incineration,R01,126.47,Orange,118.3804961,14971.58133734055,135828.78
South West,Bristol City,Clinipower Avonmouth L L P,51.51616484867732,-2.675410427,18 01 03*,Treatment,Glasgow City,Incineration,R01,1.14,Orange,392.38833,447.3226963,1224.36
South West,Bristol City,Clinipower Avonmouth L L P,51.51616484867732,-2.675410427,18 01 03*,Treatment,North Lanarkshire,Incineration,R01,5.61,Orange,387.6857943,2174.9173061352003,6025.14
South West,Bristol City,Clinipower Avonmouth L L P,51.51616484867732,-2.675410427,18 01 03*,Treatment,Somerset,Incineration,R01,9.03,Orange,46.71467178,421.8334862,9698.22
South West,Bristol City,Clinipower Avonmouth L L P,51.51616484867732,-2.675410427,18 01 04,Treatment,Somerset,Transfer (D),D15,20.63,Tiger,46.71467178,963.7236788,206.29999999999998
South West,Bristol City,Clinipower Avonmouth L L P,51.51616484867732,-2.675410427,18 01 03*,Treatment,South Gloucestershire,Incineration,R01,5.91,Orange,15.26149313,90.1954244,6347.34
South West,Bristol City,Clinipower Avonmouth L L P,51.51616484867732,-2.675410427,18 01 03*,Treatment,Swindon,Incineration,R01,0.01,Orange,47.09930043,0.470993004,10.74
South West,Bristol City,Clinipower Avonmouth L L P,51.51616484867732,-2.675410427,18 01 04,Treatment,Swindon,Transfer (D),D15,19.22,Tiger,47.09930043,905.2485542,192.2
South West,Bristol City,Clinipower Avonmouth L L P,51.51616484867732,-2.675410427,18 01 03*,Treatment,Cardiff,Incineration,R01,2.53,Orange,37.28847371,94.33983848629998,2717.22
South West,Bristol City,Clinipower Avonmouth L L P,51.51616484867732,-2.675410427,18 01 03*,Treatment,Newport,Incineration,R01,0.96,Orange,26.131757405000002,25.08648711,1031.04
South West,Bristol City,Clinipower Avonmouth L L P,51.51616484867732,-2.675410427,18 01 03*,Treatment,Swansea,Incineration,R01,66.03,Orange,75.37105956,4976.751063,70916.22
South West,Bristol City,Clinipower Avonmouth L L P,51.51616484867732,-2.675410427,18 01 04,Treatment,Swansea,Transfer (D),D15,3.81,Tiger,75.37105956,287.1637369,38.1
South West,Bristol City,Clinipower Avonmouth L L P,51.51616484867732,-2.675410427,18 01 03*,Treatment,Walsall,Incineration,R01,0.48,Orange,94.44528515,45.333736869599996,515.52
South West,Bristol City,Clinipower Avonmouth L L P,51.51616484867732,-2.675410427,18 01 04,Treatment,Walsall,Transfer (D),D15,0.41,Tiger,94.44528515,38.722566909449995,4.1
South West,Swindon,Waterside Park - EPR/KP3191EK,51.574879116829486,-1.813951399,18 01 04,Treatment,Swindon,Incineration,D10,7.3,Tiger,2.417754561,17.649608295300002,7840.2
South West,Somerset,Frome Clinical Waste Treatment Plant and Transfer Station,51.24620220083283,-2.290353145,18 01 03*,Treatment,"Bournemouth, Christchurch and Poole",Recovery,R13,0.046,Orange,53.66532779,2.468605078,8.51
South West,Somerset,Frome Clinical Waste Treatment Plant and Transfer Station,51.24620220083283,-2.290353145,18 01 03*,Treatment,"Bournemouth, Christchurch and Poole",Transfer (D),D15,0.061,Orange,53.66532779,3.273584995,0.61
South West,Somerset,Frome Clinical Waste Treatment Plant and Transfer Station,51.24620220083283,-2.290353145,18 01 04,Treatment,"Bournemouth, Christchurch and Poole",Transfer (D),D15,0.124,Tiger,53.66532779,6.654500645,1.24
South West,Somerset,Frome Clinical Waste Treatment Plant and Transfer Station,51.24620220083283,-2.290353145,18 01 03*,Treatment,"Bristol, City of",Recovery,R13,0.293,Orange,26.44306428,7.747817833,54.205
South West,Somerset,Frome Clinical Waste Treatment Plant and Transfer Station,51.24620220083283,-2.290353145,18 01 03*,Treatment,"Bristol, City of",Transfer (D),D15,0.43,Orange,26.44306428,11.37051764,4.3
South West,Somerset,Frome Clinical Waste Treatment Plant and Transfer Station,51.24620220083283,-2.290353145,18 01 09,Treatment,"Bristol, City of",Transfer (D),D15,0.263,Blue,26.44306428,6.954525905,2.63
South West,Somerset,Frome Clinical Waste Treatment Plant and Transfer Station,51.24620220083283,-2.290353145,18 01 04,Treatment,"Bristol, City of",Transfer (D),D15,0.051,Tiger,26.44306428,1.348596278,0.51
South West,Somerset,Frome Clinical Waste Treatment Plant and Transfer Station,51.24620220083283,-2.290353145,18 01 03*,Treatment,East Devon,Recovery,R13,0.157,Orange,67.27024583,10.5614286,29.045
South West,Somerset,Frome Clinical Waste Treatment Plant and Transfer Station,51.24620220083283,-2.290353145,18 01 03*,Treatment,East Devon,Transfer (D),D15,0.056,Orange,67.27024583,3.767133767,0.56
South West,Somerset,Frome Clinical Waste Treatment Plant and Transfer Station,51.24620220083283,-2.290353145,18 01 04,Treatment,East Devon,Transfer (D),D15,0.183,Tiger,67.27024583,12.31045499,1.83
South West,Somerset,Frome Clinical Waste Treatment Plant and Transfer Station,51.24620220083283,-2.290353145,18 01 03*,Treatment,North Devon,Transfer (D),D15,1.756,Orange,99.51753661800001,174.7527943,17.56
South West,Somerset,Frome Clinical Waste Treatment Plant and Transfer Station,51.24620220083283,-2.290353145,18 01 09,Treatment,North Devon,Transfer (D),D15,0.215,Blue,99.51753661800001,21.396270372870003,2.15
South West,Somerset,Frome Clinical Waste Treatment Plant and Transfer Station,51.24620220083283,-2.290353145,18 01 03*,Treatment,Teignbridge,Recovery,R13,0.04,Orange,94.93492549300001,3.7973970197200004,7.4
South West,Somerset,Frome Clinical Waste Treatment Plant and Transfer Station,51.24620220083283,-2.290353145,18 01 04,Treatment,Teignbridge,Transfer (D),D15,0.102,Tiger,94.93492549300001,9.6833624,1.02
South West,Somerset,Frome Clinical Waste Treatment Plant and Transfer Station,51.24620220083283,-2.290353145,18 01 03*,Treatment,West Devon,Recovery,R13,0.027,Orange,114.02717083900001,3.078733613,4.995
South West,Somerset,Frome Clinical Waste Treatment Plant and Transfer Station,51.24620220083283,-2.290353145,18 01 03*,Treatment,Dorset,Recovery,R13,0.075,Orange,47.31180931,3.5483856983249997,13.875
South West,Somerset,Frome Clinical Waste Treatment Plant and Transfer Station,51.24620220083283,-2.290353145,18 01 03*,Treatment,Dorset,Transfer (D),D15,0.016,Orange,47.31180931,0.756988949,0.16
South West,Somerset,Frome Clinical Waste Treatment Plant and Transfer Station,51.24620220083283,-2.290353145,18 01 04,Treatment,Dorset,Transfer (D),D15,0.165,Tiger,47.31180931,7.806448536,1.6500000000000001
South West,Somerset,Frome Clinical Waste Treatment Plant and Transfer Station,51.24620220083283,-2.290353145,18 01 04,Treatment,Dorset,Transfer (D),D15,0.087,Tiger,47.31180931,4.11612741,0.8699999999999999
South West,Somerset,Frome Clinical Waste Treatment Plant and Transfer Station,51.24620220083283,-2.290353145,18 01 03*,Treatment,Basingstoke and Deane,Transfer (D),D15,0.386,Orange,64.52999972,24.908579892305998,3.8600000000000003
South West,Somerset,Frome Clinical Waste Treatment Plant and Transfer Station,51.24620220083283,-2.290353145,18 01 09,Treatment,Basingstoke and Deane,Transfer (D),D15,0.101,Blue,64.52999972,6.517529972,1.01
South West,Somerset,Frome Clinical Waste Treatment Plant and Transfer Station,51.24620220083283,-2.290353145,18 01 03*,Treatment,Eastleigh,Recovery,R13,0.685,Orange,66.37671433,45.46804932,126.72500000000001
South West,Somerset,Frome Clinical Waste Treatment Plant and Transfer Station,51.24620220083283,-2.290353145,18 01 03*,Treatment,Eastleigh,Transfer (D),D15,0.184,Orange,66.37671433,12.21331544,1.8399999999999999
South West,Somerset,Frome Clinical Waste Treatment Plant and Transfer Station,51.24620220083283,-2.290353145,18 01 04,Treatment,Eastleigh,Transfer (D),D15,0.602,Tiger,66.37671433,39.95878203,6.02
South West,Somerset,Frome Clinical Waste Treatment Plant and Transfer Station,51.24620220083283,-2.290353145,18 01 03*,Treatment,New Forest,Recovery,R13,0.162,Orange,50.21734011,8.135209097,29.970000000000002
South West,Somerset,Frome Clinical Waste Treatment Plant and Transfer Station,51.24620220083283,-2.290353145,18 01 03*,Treatment,New Forest,Transfer (D),D15,0.096,Orange,50.21734011,4.82086465,0.96
South West,Somerset,Frome Clinical Waste Treatment Plant and Transfer Station,51.24620220083283,-2.290353145,18 01 04,Treatment,New Forest,Transfer (D),D15,0.149,Tiger,50.21734011,7.482383676,1.49
South West,Somerset,Frome Clinical Waste Treatment Plant and Transfer Station,51.24620220083283,-2.290353145,18 01 03*,Treatment,Test Valley,Recovery,R13,0.063,Orange,41.482106589000004,2.6133727151070003,11.655
South West,Somerset,Frome Clinical Waste Treatment Plant and Transfer Station,51.24620220083283,-2.290353145,18 01 08*,Treatment,Test Valley,Transfer (D),D15,0.058,Purple,41.482106589000004,2.4059621821620003,0.5800000000000001
South West,Somerset,Frome Clinical Waste Treatment Plant and Transfer Station,51.24620220083283,-2.290353145,18 01 03*,Treatment,Test Valley,Transfer (D),D15,9.771,Orange,41.482106589000004,405.32166348111906,97.71000000000001
South West,Somerset,Frome Clinical Waste Treatment Plant and Transfer Station,51.24620220083283,-2.290353145,18 01 04,Treatment,Test Valley,Transfer (D),D15,1.675,Tiger,41.482106589000004,69.48252854,16.75
South West,Somerset,Frome Clinical Waste Treatment Plant and Transfer Station,51.24620220083283,-2.290353145,18 01 03*,Treatment,Winchester,Recovery,R13,2.126,Orange,58.512642957000004,124.3978789,393.31
South West,Somerset,Frome Clinical Waste Treatment Plant and Transfer Station,51.24620220083283,-2.290353145,18 01 08*,Treatment,Winchester,Transfer (D),D15,0.116,Purple,58.512642957000004,6.787466583012001,1.1600000000000001
South West,Somerset,Frome Clinical Waste Treatment Plant and Transfer Station,51.24620220083283,-2.290353145,18 01 03*,Treatment,Winchester,Transfer (D),D15,1.497,Orange,58.512642957000004,87.59342650662902,14.97
South West,Somerset,Frome Clinical Waste Treatment Plant and Transfer Station,51.24620220083283,-2.290353145,18 01 09,Treatment,Winchester,Transfer (D),D15,0.157,Blue,58.512642957000004,9.186484944,1.57
South West,Somerset,Frome Clinical Waste Treatment Plant and Transfer Station,51.24620220083283,-2.290353145,18 01 04,Treatment,Winchester,Transfer (D),D15,0.103,Tiger,58.512642957000004,6.026802225,1.03
South West,Somerset,Frome Clinical Waste Treatment Plant and Transfer Station,51.24620220083283,-2.290353145,18 01 03*,Treatment,Isle of Wight,Transfer (D),D15,1.567,Orange,71.78885574,112.4931369,15.67
South West,Somerset,Frome Clinical Waste Treatment Plant and Transfer Station,51.24620220083283,-2.290353145,18 01 09,Treatment,Isle of Wight,Transfer (D),D15,0.359,Blue,71.78885574,25.77219921,3.59
South West,Somerset,Frome Clinical Waste Treatment Plant and Transfer Station,51.24620220083283,-2.290353145,18 01 03*,Treatment,North Somerset,Transfer (D),D15,0.244,Orange,40.15175128,9.797027312,2.44
South West,Somerset,Frome Clinical Waste Treatment Plant and Transfer Station,51.24620220083283,-2.290353145,18 01 09,Treatment,North Somerset,Transfer (D),D15,0.097,Blue,40.15175128,3.894719874,0.97
South West,Somerset,Frome Clinical Waste Treatment Plant and Transfer Station,51.24620220083283,-2.290353145,18 01 03*,Treatment,Poole,Recovery,R13,3.675,Orange,48.20844766,177.1660452,679.875
South West,Somerset,Frome Clinical Waste Treatment Plant and Transfer Station,51.24620220083283,-2.290353145,18 01 08*,Treatment,Poole,Transfer (D),D15,0.139,Purple,48.20844766,6.700974225,1.3900000000000001
South West,Somerset,Frome Clinical Waste Treatment Plant and Transfer Station,51.24620220083283,-2.290353145,18 01 03*,Treatment,Poole,Transfer (D),D15,1.067,Orange,48.20844766,51.43841365748799,10.67
South West,Somerset,Frome Clinical Waste Treatment Plant and Transfer Station,51.24620220083283,-2.290353145,18 01 09,Treatment,Poole,Transfer (D),D15,0.235,Blue,48.20844766,11.328985201039998,2.3499999999999996
South West,Somerset,Frome Clinical Waste Treatment Plant and Transfer Station,51.24620220083283,-2.290353145,18 01 04,Treatment,Poole,Transfer (D),D15,0.692,Tiger,48.20844766,33.36024578,6.92
South West,Somerset,Frome Clinical Waste Treatment Plant and Transfer Station,51.24620220083283,-2.290353145,18 01 03*,Treatment,Somerset,Recovery,R13,0.261,Orange,29.90969309,7.806429895,48.285000000000004
South West,Somerset,Frome Clinical Waste Treatment Plant and Transfer Station,51.24620220083283,-2.290353145,18 01 03*,Treatment,Somerset,Recovery,R13,0.22,Orange,29.90969309,6.580132479,40.7
South West,Somerset,Frome Clinical Waste Treatment Plant and Transfer Station,51.24620220083283,-2.290353145,18 01 03*,Treatment,South East,Transfer (D),D15,126.593,Orange,95.13376421,12043.26861301631,1265.93
South West,Somerset,Frome Clinical Waste Treatment Plant and Transfer Station,51.24620220083283,-2.290353145,18 01 03*,Treatment,South West,Recovery,R13,13.973,Orange,106.7210906,1491.213799247233,2585.005
South West,Somerset,Frome Clinical Waste Treatment Plant and Transfer Station,51.24620220083283,-2.290353145,18 01 08*,Treatment,South West,Transfer (D),D15,0.046,Purple,106.7210906,4.909170169,0.45999999999999996
South West,Somerset,Frome Clinical Waste Treatment Plant and Transfer Station,51.24620220083283,-2.290353145,18 01 03*,Treatment,South West,Transfer (D),D15,13.865,Orange,106.7210906,1479.687921460165,138.65
South West,Somerset,Frome Clinical Waste Treatment Plant and Transfer Station,51.24620220083283,-2.290353145,18 01 09,Treatment,South West,Transfer (D),D15,1.8,Blue,106.7210906,192.09796311780002,18
South West,Somerset,Frome Clinical Waste Treatment Plant and Transfer Station,51.24620220083283,-2.290353145,18 01 04,Treatment,South West,Transfer (D),D15,2.905,Tiger,106.7210906,310.0247683,29.049999999999997
South West,Somerset,Frome Clinical Waste Treatment Plant and Transfer Station,51.24620220083283,-2.290353145,18 01 03*,Treatment,Southampton,Recovery,R13,0.288,Orange,52.68915395,15.17447634,53.279999999999994
South West,Somerset,Frome Clinical Waste Treatment Plant and Transfer Station,51.24620220083283,-2.290353145,18 01 03*,Treatment,Southampton,Transfer (D),D15,4.691,Orange,52.68915395,247.16482115599499,46.91
South West,Somerset,Frome Clinical Waste Treatment Plant and Transfer Station,51.24620220083283,-2.290353145,18 01 09,Treatment,Southampton,Transfer (D),D15,0.804,Blue,52.68915395,42.36207977,8.040000000000001
South West,Somerset,Frome Clinical Waste Treatment Plant and Transfer Station,51.24620220083283,-2.290353145,18 01 04,Treatment,Southampton,Transfer (D),D15,0.205,Tiger,52.68915395,10.80127656,2.05
South West,Somerset,Frome Clinical Waste Treatment Plant and Transfer Station,51.24620220083283,-2.290353145,18 01 03*,Treatment,Cardiff,Transfer (D),D15,0.1,Orange,66.0324748,6.60324748,1
South West,Somerset,Frome Clinical Waste Treatment Plant and Transfer Station,51.24620220083283,-2.290353145,18 01 03*,Treatment,Neath Port Talbot,Transfer (D),D15,0.067,Orange,108.0595238,7.239988092,0.67
South West,Somerset,Frome Clinical Waste Treatment Plant and Transfer Station,51.24620220083283,-2.290353145,18 01 03*,Treatment,Rhondda Cynon Taf,Transfer (D),D15,0.057,Orange,84.38839551,4.810138544,0.5700000000000001
South West,Somerset,Frome Clinical Waste Treatment Plant and Transfer Station,51.24620220083283,-2.290353145,18 01 03*,Treatment,Wales,Transfer (D),D15,0.065,Orange,126.8572392,8.245720551,0.65
South West,Somerset,Frome Clinical Waste Treatment Plant and Transfer Station,51.24620220083283,-2.290353145,18 01 03*,Treatment,Mid Sussex,Transfer (D),D15,0.395,Orange,128.0701554,50.5877114,3.95
South West,Somerset,Frome Clinical Waste Treatment Plant and Transfer Station,51.24620220083283,-2.290353145,18 01 03*,Treatment,Worthing,Transfer (D),D15,1.435,Orange,104.4344453,149.8634291,14.350000000000001
South West,Somerset,Frome Clinical Waste Treatment Plant and Transfer Station,51.24620220083283,-2.290353145,18 01 09,Treatment,Worthing,Transfer (D),D15,0.27,Blue,104.4344453,28.197300242070003,2.7
South West,Somerset,Frome Clinical Waste Treatment Plant and Transfer Station,51.24620220083283,-2.290353145,18 01 03*,Treatment,Wiltshire,Recovery,R13,0.041,Orange,22.47126084,0.921321695,7.585
South West,Somerset,Frome Clinical Waste Treatment Plant and Transfer Station,51.24620220083283,-2.290353145,18 01 04,Treatment,Wiltshire,Transfer (D),D15,0.283,Tiger,22.47126084,6.359366818851999,2.8299999999999996
South West,Devon,South West Waste Recovery Facility,50.79151192949725,-3.207303752,18 01 08*,Treatment,"Bristol, City of",Transfer (D),D15,0.08,Purple,67.31684866,5.3853478924800005,0.8
South West,Devon,South West Waste Recovery Facility,50.79151192949725,-3.207303752,18 01 01,Treatment,Cornwall,Transfer (D),D15,0.01,Unknown,77.82733912,0.7782733912099999,0.1
South West,Devon,South West Waste Recovery Facility,50.79151192949725,-3.207303752,18 01 06*,Treatment,Devon,Recovery,R13,0.03,Yellow/Red,45.2979459,1.358938377,5.55
South West,Devon,South West Waste Recovery Facility,50.79151192949725,-3.207303752,18 01 06*,Treatment,Devon,Transfer (D),D15,0.01,Yellow/Red,45.2979459,0.45297945900000003,0.1
South West,Devon,South West Waste Recovery Facility,50.79151192949725,-3.207303752,18 01 03*,Treatment,Devon,Transfer (D),D15,0.27,Orange,45.2979459,12.230445393000002,2.7
South West,Devon,South West Waste Recovery Facility,50.79151192949725,-3.207303752,18 01 04,Treatment,Devon,Transfer (D),D15,0.03,Tiger,45.2979459,1.358938377,0.3
South West,Devon,South West Waste Recovery Facility,50.79151192949725,-3.207303752,18 01 04,Treatment,East Devon,Transfer (D),D15,0.01,Tiger,5.5277164160000005,0.055277164,0.1
South West,Devon,South West Waste Recovery Facility,50.79151192949725,-3.207303752,18 01 09,Treatment,Teignbridge,Transfer (D),D15,0.01,Blue,33.51178077,0.33511780772000005,0.1
South West,Devon,South West Waste Recovery Facility,50.79151192949725,-3.207303752,18 01 01,Treatment,Dorset,Transfer (D),D15,0.02,Unknown,44.74181886,0.894836377,0.2
South West,Devon,South West Waste Recovery Facility,50.79151192949725,-3.207303752,18 01 04,Treatment,Somerset,Transfer (D),D15,0.07,Tiger,38.49641893,2.694749325,0.7000000000000001
South West,Devon,South West Waste Recovery Facility,50.79151192949725,-3.207303752,18 01 01,Treatment,Wales,Transfer (D),D15,0.05,Unknown,156.5208694,7.826043470800001,0.5
South West,Bristol City,Augean Waste Treatment Plant  EA/EPR/RP3735XP/V002,51.52248640436904,-2.686169951,18 01 08*,Treatment,Devon,Transfer (D),D15,0.05,Purple,103.7006062,5.18503031,0.5
South West,Bristol City,Augean Waste Treatment Plant  EA/EPR/RP3735XP/V002,51.52248640436904,-2.686169951,18 01 06*,Treatment,Middlesbrough,Recovery,R13,0.4,Yellow/Red,270.7711124,108.308445,74
South West,Bristol City,Augean Waste Treatment Plant  EA/EPR/RP3735XP/V002,51.52248640436904,-2.686169951,18 01 07,Treatment,Middlesbrough,Transfer (D),D15,0.25,Unknown,270.7711124,67.69277811,2.5
South West,Bristol City,Augean Waste Treatment Plant  EA/EPR/RP3735XP/V002,51.52248640436904,-2.686169951,18 01 06*,Treatment,Scotland,Transfer (D),D15,0.2,Yellow/Red,580.9607583860001,116.19215167720002,2
South West,Bristol City,Augean Waste Treatment Plant  EA/EPR/RP3735XP/V002,51.52248640436904,-2.686169951,18 01 08*,Treatment,Southampton,Transfer (D),D15,0.01,Purple,110.0522606,1.1005226055200001,0.1
South West,Bristol City,Augean Waste Treatment Plant  EA/EPR/RP3735XP/V002,51.52248640436904,-2.686169951,18 01 06*,Treatment,Ceredigion,Recovery,R13,2,Yellow/Red,119.21126909200001,238.42253818400002,370
South West,Bristol City,Augean Waste Treatment Plant  EA/EPR/RP3735XP/V002,51.52248640436904,-2.686169951,18 01 08*,Treatment,Ceredigion,Recovery,R13,0.04,Purple,119.21126909200001,4.768450763680001,7.4
South West,Bristol City,Augean Waste Treatment Plant  EA/EPR/RP3735XP/V002,51.52248640436904,-2.686169951,18 01 06*,Treatment,Ceredigion,Transfer (D),D15,0.03,Yellow/Red,119.21126909200001,3.576338073,0.3
South West,Bristol City,Augean Waste Treatment Plant  EA/EPR/RP3735XP/V002,51.52248640436904,-2.686169951,18 01 06*,Treatment,Ceredigion,Treatment,D09,1.98,Yellow/Red,119.21126909200001,236.03831280216002,366.3
South West,Bristol City,Augean Waste Treatment Plant  EA/EPR/RP3735XP/V002,51.52248640436904,-2.686169951,18 01 07,Treatment,Wales,Recovery,R13,0.06,Unknown,97.56705305,5.854023183,11.1
South West,Bristol City,Augean Waste Treatment Plant  EA/EPR/RP3735XP/V002,51.52248640436904,-2.686169951,18 01 06*,Treatment,Wales,Transfer (D),D15,0.02,Yellow/Red,97.56705305,1.951341061,0.2
South West,Bristol City,Augean Waste Treatment Plant  EA/EPR/RP3735XP/V002,51.52248640436904,-2.686169951,18 01 08*,Treatment,Wales,Transfer (D),D15,0.02,Purple,97.56705305,1.951341061,0.2
South West,Bristol City,Augean Waste Treatment Plant  EA/EPR/RP3735XP/V002,51.52248640436904,-2.686169951,18 01 06*,Treatment,Wales,Transfer (D),D15,0.02,Yellow/Red,97.56705305,1.951341061,0.2
South West,Bristol City,Augean Waste Treatment Plant  EA/EPR/RP3735XP/V002,51.52248640436904,-2.686169951,18 01 08*,Treatment,Wales,Transfer (D),D15,0.01,Purple,97.56705305,0.97567053,0.1
South West,Bristol City,Augean Waste Treatment Plant  EA/EPR/RP3735XP/V002,51.52248640436904,-2.686169951,18 01 07,Treatment,Wales,Transfer (D),D15,0.04,Unknown,97.56705305,3.902682122,0.4
South West,Bristol City,Augean Waste Treatment Plant  EA/EPR/RP3735XP/V002,51.52248640436904,-2.686169951,18 01 06*,Treatment,Wales,Transfer (D),D15,0.03,Yellow/Red,97.56705305,2.927011591,0.3
South West,Bristol City,Augean Waste Treatment Plant  EA/EPR/RP3735XP/V002,51.52248640436904,-2.686169951,18 01 08*,Treatment,Wales,Transfer (D),D15,0.04,Purple,97.56705305,3.902682122,0.4
South West,Swindon,Swindon Clinical Waste Transfer and Treatment Facility - EPR/CP3138QD,51.57551937345117,-1.769359974,18 01 09,Treatment,Barnet,Recovery,R13,0.1068,Blue,95.80733038,10.232222884263601,1.068
South West,Swindon,Swindon Clinical Waste Transfer and Treatment Facility - EPR/CP3138QD,51.57551937345117,-1.769359974,18 01 03*,Treatment,Barnet,Transfer (D),D15,2.9982,Orange,95.80733038,287.2495379363214,29.982000000000003
South West,Swindon,Swindon Clinical Waste Transfer and Treatment Facility - EPR/CP3138QD,51.57551937345117,-1.769359974,18 01 04,Treatment,Barnet,Transfer (D),D15,0.7456,Tiger,95.80733038,71.43394553,7.456
South West,Swindon,Swindon Clinical Waste Transfer and Treatment Facility - EPR/CP3138QD,51.57551937345117,-1.769359974,18 01 03*,Treatment,Barnet,Treatment,D09,13.0598,Orange,95.80733038,1251.2245732575445,130.59799999999998
South West,Swindon,Swindon Clinical Waste Transfer and Treatment Facility - EPR/CP3138QD,51.57551937345117,-1.769359974,18 01 03*,Treatment,Bath and North East Somerset,Incineration,D10,0.335,Orange,40.75572389,13.6531675,359.79
South West,Swindon,Swindon Clinical Waste Transfer and Treatment Facility - EPR/CP3138QD,51.57551937345117,-1.769359974,18 01 09,Treatment,Bath and North East Somerset,Recovery,R13,5.7156,Blue,40.75572389,232.9434155,57.156000000000006
South West,Swindon,Swindon Clinical Waste Transfer and Treatment Facility - EPR/CP3138QD,51.57551937345117,-1.769359974,18 01 06*,Treatment,Bath and North East Somerset,Transfer (D),D15,5.623,Yellow/Red,40.75572389,229.1694354,56.230000000000004
South West,Swindon,Swindon Clinical Waste Transfer and Treatment Facility - EPR/CP3138QD,51.57551937345117,-1.769359974,18 01 08*,Treatment,Bath and North East Somerset,Transfer (D),D15,14.4264,Purple,40.75572389,587.9583751,144.26399999999998
South West,Swindon,Swindon Clinical Waste Transfer and Treatment Facility - EPR/CP3138QD,51.57551937345117,-1.769359974,18 01 03*,Treatment,Bath and North East Somerset,Transfer (D),D15,255.5801,Orange,40.75572389,10416.351987378588,2555.801
South West,Swindon,Swindon Clinical Waste Transfer and Treatment Facility - EPR/CP3138QD,51.57551937345117,-1.769359974,18 01 09,Treatment,Bath and North East Somerset,Transfer (D),D15,1.4554,Blue,40.75572389,59.31588055,14.554
South West,Swindon,Swindon Clinical Waste Transfer and Treatment Facility - EPR/CP3138QD,51.57551937345117,-1.769359974,18 01 01,Treatment,Bath and North East Somerset,Transfer (D),D15,0.111,Unknown,40.75572389,4.523885352,1.11
South West,Swindon,Swindon Clinical Waste Transfer and Treatment Facility - EPR/CP3138QD,51.57551937345117,-1.769359974,18 01 04,Treatment,Bath and North East Somerset,Transfer (D),D15,11.3586,Tiger,40.75572389,462.9279654,113.58599999999998
South West,Swindon,Swindon Clinical Waste Transfer and Treatment Facility - EPR/CP3138QD,51.57551937345117,-1.769359974,18 01 03*,Treatment,Bath and North East Somerset,Treatment,D09,39.4466,Orange,40.75572389,1607.6747379992737,394.46599999999995
South West,Swindon,Swindon Clinical Waste Transfer and Treatment Facility - EPR/CP3138QD,51.57551937345117,-1.769359974,18 01 08*,Treatment,Bedford,Incineration,D10,0.4612,Purple,81.20697599,37.45265733,845.3796
South West,Swindon,Swindon Clinical Waste Transfer and Treatment Facility - EPR/CP3138QD,51.57551937345117,-1.769359974,18 01 03*,Treatment,Bedford,Incineration,D10,29.0798,Orange,81.20697599,2361.482620394002,31231.7052
South West,Swindon,Swindon Clinical Waste Transfer and Treatment Facility - EPR/CP3138QD,51.57551937345117,-1.769359974,18 01 04,Treatment,Bedford,Incineration,D10,12.3516,Tiger,81.20697599,1003.036084638084,13265.6184
South West,Swindon,Swindon Clinical Waste Transfer and Treatment Facility - EPR/CP3138QD,51.57551937345117,-1.769359974,18 01 08*,Treatment,Bedford,Transfer (D),D15,0.2646,Purple,81.20697599,21.487365846954003,2.646
South West,Swindon,Swindon Clinical Waste Transfer and Treatment Facility - EPR/CP3138QD,51.57551937345117,-1.769359974,18 01 03*,Treatment,Bedford,Transfer (D),D15,8.4278,Orange,81.20697599,684.3961522,84.27799999999999
South West,Swindon,Swindon Clinical Waste Transfer and Treatment Facility - EPR/CP3138QD,51.57551937345117,-1.769359974,18 01 09,Treatment,Bedford,Transfer (D),D15,0.308,Blue,81.20697599,25.0117486,3.08
South West,Swindon,Swindon Clinical Waste Transfer and Treatment Facility - EPR/CP3138QD,51.57551937345117,-1.769359974,18 01 04,Treatment,Bedford,Transfer (D),D15,15.9584,Tiger,81.20697599,1295.9334056388159,159.584
South West,Swindon,Swindon Clinical Waste Transfer and Treatment Facility - EPR/CP3138QD,51.57551937345117,-1.769359974,18 01 03*,Treatment,Bedford,Treatment,D09,19.2936,Orange,81.20697599,1566.7749119606642,192.936
South West,Swindon,Swindon Clinical Waste Transfer and Treatment Facility - EPR/CP3138QD,51.57551937345117,-1.769359974,18 01 09,Treatment,Birmingham,Incineration,D10,0.2492,Blue,89.19594294,22.22762898,267.6408
South West,Swindon,Swindon Clinical Waste Transfer and Treatment Facility - EPR/CP3138QD,51.57551937345117,-1.769359974,18 01 03*,Treatment,Birmingham,Incineration,D10,8.659,Orange,89.19594294,772.3476698914831,9299.766000000001
South West,Swindon,Swindon Clinical Waste Transfer and Treatment Facility - EPR/CP3138QD,51.57551937345117,-1.769359974,18 01 04,Treatment,Birmingham,Incineration,D10,0.7172,Tiger,89.19594294,63.971330274416395,770.2728
South West,Swindon,Swindon Clinical Waste Transfer and Treatment Facility - EPR/CP3138QD,51.57551937345117,-1.769359974,18 01 09,Treatment,Birmingham,Transfer (D),D15,0.045,Blue,89.19594294,4.013817432,0.44999999999999996
South West,Swindon,Swindon Clinical Waste Transfer and Treatment Facility - EPR/CP3138QD,51.57551937345117,-1.769359974,18 01 03*,Treatment,Birmingham,Transfer (D),D15,0.539804,Orange,89.19594294,48.14832678116434,5.39804
South West,Swindon,Swindon Clinical Waste Transfer and Treatment Facility - EPR/CP3138QD,51.57551937345117,-1.769359974,18 01 04,Treatment,Birmingham,Transfer (D),D15,0.015,Tiger,89.19594294,1.337939144,0.15
South West,Swindon,Swindon Clinical Waste Transfer and Treatment Facility - EPR/CP3138QD,51.57551937345117,-1.769359974,18 01 09,Treatment,"Bristol, City of",Recovery,R13,36.114634,Blue,42.05314654,1518.7339957682373,361.14634
South West,Swindon,Swindon Clinical Waste Transfer and Treatment Facility - EPR/CP3138QD,51.57551937345117,-1.769359974,18 01 08*,Treatment,"Bristol, City of",Transfer (D),D15,4.246871,Purple,42.05314654,178.5942884909826,42.468709999999994
South West,Swindon,Swindon Clinical Waste Transfer and Treatment Facility - EPR/CP3138QD,51.57551937345117,-1.769359974,18 01 03*,Treatment,"Bristol, City of",Transfer (D),D15,184.868595,Orange,42.05314654,7774.306115809174,1848.68595
South West,Swindon,Swindon Clinical Waste Transfer and Treatment Facility - EPR/CP3138QD,51.57551937345117,-1.769359974,18 01 09,Treatment,"Bristol, City of",Transfer (D),D15,5.916,Blue,42.05314654,248.78641491880802,59.160000000000004
South West,Swindon,Swindon Clinical Waste Transfer and Treatment Facility - EPR/CP3138QD,51.57551937345117,-1.769359974,18 01 04,Treatment,"Bristol, City of",Transfer (D),D15,202.464367,Tiger,42.05314654,8514.263694174411,2024.6436700000002
South West,Swindon,Swindon Clinical Waste Transfer and Treatment Facility - EPR/CP3138QD,51.57551937345117,-1.769359974,18 01 03*,Treatment,"Bristol, City of",Treatment,D09,411.954782,Orange,42.05314654,17323.994814475845,4119.54782
South West,Swindon,Swindon Clinical Waste Transfer and Treatment Facility - EPR/CP3138QD,51.57551937345117,-1.769359974,18 01 09,Treatment,Buckinghamshire,Recovery,R13,0.164984,Blue,55.46233272,9.150397501,1.64984
South West,Swindon,Swindon Clinical Waste Transfer and Treatment Facility - EPR/CP3138QD,51.57551937345117,-1.769359974,18 01 08*,Treatment,Buckinghamshire,Transfer (D),D15,0.111914,Purple,55.46233272,6.207011503802252,1.11914
South West,Swindon,Swindon Clinical Waste Transfer and Treatment Facility - EPR/CP3138QD,51.57551937345117,-1.769359974,18 01 03*,Treatment,Buckinghamshire,Transfer (D),D15,0.456423,Orange,55.46233272,25.314284286147714,4.56423
South West,Swindon,Swindon Clinical Waste Transfer and Treatment Facility - EPR/CP3138QD,51.57551937345117,-1.769359974,18 01 09,Treatment,Buckinghamshire,Transfer (D),D15,0.08,Blue,55.46233272,4.436986617,0.8
South West,Swindon,Swindon Clinical Waste Transfer and Treatment Facility - EPR/CP3138QD,51.57551937345117,-1.769359974,18 01 04,Treatment,Buckinghamshire,Transfer (D),D15,0.94019,Tiger,55.46233272,52.14513059813642,9.4019
South West,Swindon,Swindon Clinical Waste Transfer and Treatment Facility - EPR/CP3138QD,51.57551937345117,-1.769359974,18 01 03*,Treatment,Buckinghamshire,Treatment,D09,2.476761,Orange,55.46233272,137.3669426449664,24.76761
South West,Swindon,Swindon Clinical Waste Transfer and Treatment Facility - EPR/CP3138QD,51.57551937345117,-1.769359974,18 01 09,Treatment,Buckinghamshire,Recovery,R13,0.108,Blue,55.46233272,5.989931934,1.08
South West,Swindon,Swindon Clinical Waste Transfer and Treatment Facility - EPR/CP3138QD,51.57551937345117,-1.769359974,18 01 08*,Treatment,Buckinghamshire,Transfer (D),D15,0.012,Purple,55.46233272,0.665547993,0.12
South West,Swindon,Swindon Clinical Waste Transfer and Treatment Facility - EPR/CP3138QD,51.57551937345117,-1.769359974,18 01 03*,Treatment,Buckinghamshire,Transfer (D),D15,2.156,Orange,55.46233272,119.5767893,21.560000000000002
South West,Swindon,Swindon Clinical Waste Transfer and Treatment Facility - EPR/CP3138QD,51.57551937345117,-1.769359974,18 01 04,Treatment,Buckinghamshire,Transfer (D),D15,0.157,Tiger,55.46233272,8.707586237,1.57
South West,Swindon,Swindon Clinical Waste Transfer and Treatment Facility - EPR/CP3138QD,51.57551937345117,-1.769359974,18 01 09,Treatment,Buckinghamshire,Recovery,R13,0.0032,Blue,55.46233272,0.177479465,0.032
South West,Swindon,Swindon Clinical Waste Transfer and Treatment Facility - EPR/CP3138QD,51.57551937345117,-1.769359974,18 01 03*,Treatment,Buckinghamshire,Transfer (D),D15,0.027853,Orange,55.46233272,1.5447923531944538,0.27853
South West,Swindon,Swindon Clinical Waste Transfer and Treatment Facility - EPR/CP3138QD,51.57551937345117,-1.769359974,18 01 09,Treatment,Buckinghamshire,Recovery,R13,0.012753,Blue,55.46233272,0.707311129,0.12753
South West,Swindon,Swindon Clinical Waste Transfer and Treatment Facility - EPR/CP3138QD,51.57551937345117,-1.769359974,18 01 08*,Treatment,Buckinghamshire,Transfer (D),D15,0.00225,Purple,55.46233272,0.12479024861549999,0.0225
South West,Swindon,Swindon Clinical Waste Transfer and Treatment Facility - EPR/CP3138QD,51.57551937345117,-1.769359974,18 01 03*,Treatment,Buckinghamshire,Transfer (D),D15,3.545992,Orange,55.46233272,196.66898811936625,35.45992
South West,Swindon,Swindon Clinical Waste Transfer and Treatment Facility - EPR/CP3138QD,51.57551937345117,-1.769359974,18 01 09,Treatment,Buckinghamshire,Transfer (D),D15,0.01,Blue,55.46233272,0.554623327,0.1
South West,Swindon,Swindon Clinical Waste Transfer and Treatment Facility - EPR/CP3138QD,51.57551937345117,-1.769359974,18 01 04,Treatment,Buckinghamshire,Transfer (D),D15,6.7252,Tiger,55.46233272,372.9952799950936,67.252
South West,Swindon,Swindon Clinical Waste Transfer and Treatment Facility - EPR/CP3138QD,51.57551937345117,-1.769359974,18 01 03*,Treatment,Buckinghamshire,Treatment,D09,2.605986,Orange,55.46233272,144.53406259044996,26.05986
South West,Swindon,Swindon Clinical Waste Transfer and Treatment Facility - EPR/CP3138QD,51.57551937345117,-1.769359974,18 01 09,Treatment,South Cambridgeshire,Recovery,R13,88.2359,Blue,127.513407,11251.260230740725,882.359
South West,Swindon,Swindon Clinical Waste Transfer and Treatment Facility - EPR/CP3138QD,51.57551937345117,-1.769359974,18 01 08*,Treatment,South Cambridgeshire,Transfer (D),D15,31.0537,Purple,127.513407,3959.763087670135,310.537
South West,Swindon,Swindon Clinical Waste Transfer and Treatment Facility - EPR/CP3138QD,51.57551937345117,-1.769359974,18 01 03*,Treatment,South Cambridgeshire,Transfer (D),D15,6.1496,Orange,127.513407,784.1564478286408,61.496
South West,Swindon,Swindon Clinical Waste Transfer and Treatment Facility - EPR/CP3138QD,51.57551937345117,-1.769359974,18 01 09,Treatment,Camden,Recovery,R13,0.8718,Blue,84.39336648,73.57413689552041,8.718
South West,Swindon,Swindon Clinical Waste Transfer and Treatment Facility - EPR/CP3138QD,51.57551937345117,-1.769359974,18 01 08*,Treatment,Camden,Transfer (D),D15,0.3148,Purple,84.39336648,26.567031767274404,3.148
South West,Swindon,Swindon Clinical Waste Transfer and Treatment Facility - EPR/CP3138QD,51.57551937345117,-1.769359974,18 01 03*,Treatment,Camden,Transfer (D),D15,3.421,Orange,84.39336648,288.7097067,34.21
South West,Swindon,Swindon Clinical Waste Transfer and Treatment Facility - EPR/CP3138QD,51.57551937345117,-1.769359974,18 01 04,Treatment,Camden,Transfer (D),D15,0.2052,Tiger,84.39336648,17.3175188,2.052
South West,Swindon,Swindon Clinical Waste Transfer and Treatment Facility - EPR/CP3138QD,51.57551937345117,-1.769359974,18 01 03*,Treatment,Camden,Treatment,D09,22.8136,Orange,84.39336648,1925.316505482501,228.13600000000002
South West,Swindon,Swindon Clinical Waste Transfer and Treatment Facility - EPR/CP3138QD,51.57551937345117,-1.769359974,18 01 08*,Treatment,Central Bedfordshire,Incineration,D10,0.005,Purple,75.57051965,0.37785259824500006,9.165000000000001
South West,Swindon,Swindon Clinical Waste Transfer and Treatment Facility - EPR/CP3138QD,51.57551937345117,-1.769359974,18 01 03*,Treatment,Central Bedfordshire,Incineration,D10,0.054,Orange,75.57051965,4.0808080610460005,57.996
South West,Swindon,Swindon Clinical Waste Transfer and Treatment Facility - EPR/CP3138QD,51.57551937345117,-1.769359974,18 01 01,Treatment,Central Bedfordshire,Incineration,D10,0.14,Unknown,75.57051965,10.579872750860002,150.36
South West,Swindon,Swindon Clinical Waste Transfer and Treatment Facility - EPR/CP3138QD,51.57551937345117,-1.769359974,18 01 03*,Treatment,Central Bedfordshire,Transfer (D),D15,0.031,Orange,75.57051965,2.342686109,0.31
South West,Swindon,Swindon Clinical Waste Transfer and Treatment Facility - EPR/CP3138QD,51.57551937345117,-1.769359974,18 01 08*,Treatment,Coventry,Incineration,D10,0.4496,Purple,68.54964872000001,30.819922064512003,824.1168
South West,Swindon,Swindon Clinical Waste Transfer and Treatment Facility - EPR/CP3138QD,51.57551937345117,-1.769359974,18 01 03*,Treatment,Coventry,Incineration,D10,86.5112,Orange,68.54964872000001,5930.312370345665,92913.0288
South West,Swindon,Swindon Clinical Waste Transfer and Treatment Facility - EPR/CP3138QD,51.57551937345117,-1.769359974,18 01 09,Treatment,Coventry,Incineration,D10,0.4768,Blue,68.54964872000001,32.68447251,512.0832
South West,Swindon,Swindon Clinical Waste Transfer and Treatment Facility - EPR/CP3138QD,51.57551937345117,-1.769359974,18 01 04,Treatment,Coventry,Incineration,D10,12.1664,Tiger,68.54964872000001,834.0024461870081,13066.7136
South West,Swindon,Swindon Clinical Waste Transfer and Treatment Facility - EPR/CP3138QD,51.57551937345117,-1.769359974,18 01 08*,Treatment,Coventry,Transfer (D),D15,0.153,Purple,68.54964872000001,10.48809625,1.53
South West,Swindon,Swindon Clinical Waste Transfer and Treatment Facility - EPR/CP3138QD,51.57551937345117,-1.769359974,18 01 03*,Treatment,Coventry,Transfer (D),D15,9.3118,Orange,68.54964872000001,638.320619,93.118
South West,Swindon,Swindon Clinical Waste Transfer and Treatment Facility - EPR/CP3138QD,51.57551937345117,-1.769359974,18 01 09,Treatment,Coventry,Transfer (D),D15,0.3706,Blue,68.54964872000001,25.40449982,3.706
South West,Swindon,Swindon Clinical Waste Transfer and Treatment Facility - EPR/CP3138QD,51.57551937345117,-1.769359974,18 01 04,Treatment,Coventry,Transfer (D),D15,2.8832,Tiger,68.54964872000001,197.64234718950402,28.832
South West,Swindon,Swindon Clinical Waste Transfer and Treatment Facility - EPR/CP3138QD,51.57551937345117,-1.769359974,18 01 03*,Treatment,Chesterfield,Incineration,D10,0.925,Orange,153.3288866,141.82922009482502,993.45
South West,Swindon,Swindon Clinical Waste Transfer and Treatment Facility - EPR/CP3138QD,51.57551937345117,-1.769359974,18 01 03*,Treatment,North East Derbyshire,Incineration,D10,0.375,Orange,154.5542302,57.95783633,402.75
South West,Swindon,Swindon Clinical Waste Transfer and Treatment Facility - EPR/CP3138QD,51.57551937345117,-1.769359974,18 01 03*,Treatment,North East Derbyshire,Transfer (D),D15,0.046,Orange,154.5542302,7.109494589245999,0.45999999999999996
South West,Swindon,Swindon Clinical Waste Transfer and Treatment Facility - EPR/CP3138QD,51.57551937345117,-1.769359974,18 01 04,Treatment,North East Derbyshire,Transfer (D),D15,0.075,Tiger,154.5542302,11.59156727,0.75
South West,Swindon,Swindon Clinical Waste Transfer and Treatment Facility - EPR/CP3138QD,51.57551937345117,-1.769359974,18 01 03*,Treatment,Doncaster,Incineration,D10,0.078599,Orange,175.50561757900002,13.794566036091823,84.41532600000001
South West,Swindon,Swindon Clinical Waste Transfer and Treatment Facility - EPR/CP3138QD,51.57551937345117,-1.769359974,18 01 04,Treatment,Doncaster,Incineration,D10,0.081,Tiger,175.50561757900002,14.215955023899001,86.994
South West,Swindon,Swindon Clinical Waste Transfer and Treatment Facility - EPR/CP3138QD,51.57551937345117,-1.769359974,18 01 03*,Treatment,Dudley,Incineration,D10,1.064,Orange,79.73619083,84.83930705,1142.736
South West,Swindon,Swindon Clinical Waste Transfer and Treatment Facility - EPR/CP3138QD,51.57551937345117,-1.769359974,18 01 03*,Treatment,Enfield,Transfer (D),D15,0.015238,Orange,100.4353016,1.530433126,0.15238
South West,Swindon,Swindon Clinical Waste Transfer and Treatment Facility - EPR/CP3138QD,51.57551937345117,-1.769359974,18 01 03*,Treatment,Enfield,Treatment,D09,0.065954,Orange,100.4353016,6.624109881,0.65954
South West,Swindon,Swindon Clinical Waste Transfer and Treatment Facility - EPR/CP3138QD,51.57551937345117,-1.769359974,18 01 09,Treatment,Cheltenham,Recovery,R13,8.211754,Blue,29.37096443,241.18713462548675,82.11754
South West,Swindon,Swindon Clinical Waste Transfer and Treatment Facility - EPR/CP3138QD,51.57551937345117,-1.769359974,18 01 08*,Treatment,Cheltenham,Transfer (D),D15,0.502206,Purple,29.37096443,14.750274561528169,5.022060000000001
South West,Swindon,Swindon Clinical Waste Transfer and Treatment Facility - EPR/CP3138QD,51.57551937345117,-1.769359974,18 01 03*,Treatment,Cheltenham,Transfer (D),D15,9.42304,Orange,29.37096443,276.7637726436211,94.2304
South West,Swindon,Swindon Clinical Waste Transfer and Treatment Facility - EPR/CP3138QD,51.57551937345117,-1.769359974,18 01 09,Treatment,Cheltenham,Transfer (D),D15,1.655,Blue,29.37096443,48.60894613,16.55
South West,Swindon,Swindon Clinical Waste Transfer and Treatment Facility - EPR/CP3138QD,51.57551937345117,-1.769359974,18 01 01,Treatment,Cheltenham,Transfer (D),D15,0.070197,Unknown,29.37096443,2.061753589952316,0.70197
South West,Swindon,Swindon Clinical Waste Transfer and Treatment Facility - EPR/CP3138QD,51.57551937345117,-1.769359974,18 01 04,Treatment,Cheltenham,Transfer (D),D15,10.043822,Tiger,29.37096443,294.9967386831638,100.43822
South West,Swindon,Swindon Clinical Waste Transfer and Treatment Facility - EPR/CP3138QD,51.57551937345117,-1.769359974,18 01 03*,Treatment,Cheltenham,Treatment,D09,18.970259,Orange,29.37096443,557.1748022789468,189.70259
South West,Swindon,Swindon Clinical Waste Transfer and Treatment Facility - EPR/CP3138QD,51.57551937345117,-1.769359974,18 01 09,Treatment,Cotswold,Recovery,R13,4.379526,Blue,20.37972606,89.25354014388851,43.79526
South West,Swindon,Swindon Clinical Waste Transfer and Treatment Facility - EPR/CP3138QD,51.57551937345117,-1.769359974,18 01 08*,Treatment,Cotswold,Transfer (D),D15,0.440156,Purple,20.37972606,8.970258702785047,4.40156
South West,Swindon,Swindon Clinical Waste Transfer and Treatment Facility - EPR/CP3138QD,51.57551937345117,-1.769359974,18 01 03*,Treatment,Cotswold,Transfer (D),D15,17.454101,Orange,20.37972606,355.70979696866385,174.54101000000003
South West,Swindon,Swindon Clinical Waste Transfer and Treatment Facility - EPR/CP3138QD,51.57551937345117,-1.769359974,18 01 09,Treatment,Cotswold,Transfer (D),D15,0.7476,Blue,20.37972606,15.235883200960801,7.476000000000001
South West,Swindon,Swindon Clinical Waste Transfer and Treatment Facility - EPR/CP3138QD,51.57551937345117,-1.769359974,18 01 04,Treatment,Cotswold,Transfer (D),D15,24.946538,Tiger,20.37972606,508.4036105354872,249.46538
South West,Swindon,Swindon Clinical Waste Transfer and Treatment Facility - EPR/CP3138QD,51.57551937345117,-1.769359974,18 01 03*,Treatment,Cotswold,Treatment,D09,14.760476,Orange,20.37972606,300.8144573656836,147.60476
South West,Swindon,Swindon Clinical Waste Transfer and Treatment Facility - EPR/CP3138QD,51.57551937345117,-1.769359974,18 01 09,Treatment,Forest of Dean,Recovery,R13,3.336722,Blue,58.01181793,193.5693091503622,33.36722
South West,Swindon,Swindon Clinical Waste Transfer and Treatment Facility - EPR/CP3138QD,51.57551937345117,-1.769359974,18 01 08*,Treatment,Forest of Dean,Transfer (D),D15,0.30335,Purple,58.01181793,17.597884969368852,3.0335
South West,Swindon,Swindon Clinical Waste Transfer and Treatment Facility - EPR/CP3138QD,51.57551937345117,-1.769359974,18 01 03*,Treatment,Forest of Dean,Transfer (D),D15,8.686448,Orange,58.01181793,503.9166398430991,86.86448
South West,Swindon,Swindon Clinical Waste Transfer and Treatment Facility - EPR/CP3138QD,51.57551937345117,-1.769359974,18 01 09,Treatment,Forest of Dean,Transfer (D),D15,0.745,Blue,58.01181793,43.21880436,7.45
South West,Swindon,Swindon Clinical Waste Transfer and Treatment Facility - EPR/CP3138QD,51.57551937345117,-1.769359974,18 01 04,Treatment,Forest of Dean,Transfer (D),D15,12.154876,Tiger,58.01181793,705.1264534858816,121.54876
South West,Swindon,Swindon Clinical Waste Transfer and Treatment Facility - EPR/CP3138QD,51.57551937345117,-1.769359974,18 01 03*,Treatment,Forest of Dean,Treatment,D09,12.372108,Orange,58.01181793,717.7284767186686,123.72108
South West,Swindon,Swindon Clinical Waste Transfer and Treatment Facility - EPR/CP3138QD,51.57551937345117,-1.769359974,18 01 09,Treatment,Gloucester,Recovery,R13,7.575795,Blue,32.73755251,248.01298658719227,75.75795000000001
South West,Swindon,Swindon Clinical Waste Transfer and Treatment Facility - EPR/CP3138QD,51.57551937345117,-1.769359974,18 01 08*,Treatment,Gloucester,Transfer (D),D15,0.70498,Purple,32.73755251,23.07931976567988,7.0498
South West,Swindon,Swindon Clinical Waste Transfer and Treatment Facility - EPR/CP3138QD,51.57551937345117,-1.769359974,18 01 03*,Treatment,Gloucester,Transfer (D),D15,9.578643,Orange,32.73755251,313.58132814872937,95.78643
South West,Swindon,Swindon Clinical Waste Transfer and Treatment Facility - EPR/CP3138QD,51.57551937345117,-1.769359974,18 01 09,Treatment,Gloucester,Transfer (D),D15,1.66,Blue,32.73755251,54.34433716,16.599999999999998
South West,Swindon,Swindon Clinical Waste Transfer and Treatment Facility - EPR/CP3138QD,51.57551937345117,-1.769359974,18 01 04,Treatment,Gloucester,Transfer (D),D15,8.22798,Tiger,32.73755251,269.3639272683179,82.27980000000001
South West,Swindon,Swindon Clinical Waste Transfer and Treatment Facility - EPR/CP3138QD,51.57551937345117,-1.769359974,18 01 03*,Treatment,Gloucester,Treatment,D09,19.24942,Orange,32.73755251,630.1788979600466,192.4942
South West,Swindon,Swindon Clinical Waste Transfer and Treatment Facility - EPR/CP3138QD,51.57551937345117,-1.769359974,18 01 08*,Treatment,Gloucestershire,Transfer (D),D15,0.002462,Purple,26.59095057,0.06546692,0.024620000000000003
South West,Swindon,Swindon Clinical Waste Transfer and Treatment Facility - EPR/CP3138QD,51.57551937345117,-1.769359974,18 01 03*,Treatment,Gloucestershire,Transfer (D),D15,0.659455,Orange,26.59095057,17.53553531077717,6.59455
South West,Swindon,Swindon Clinical Waste Transfer and Treatment Facility - EPR/CP3138QD,51.57551937345117,-1.769359974,18 01 04,Treatment,Gloucestershire,Transfer (D),D15,0.655383,Tiger,26.59095057,17.427256960039845,6.5538300000000005
South West,Swindon,Swindon Clinical Waste Transfer and Treatment Facility - EPR/CP3138QD,51.57551937345117,-1.769359974,18 01 03*,Treatment,Gloucestershire,Treatment,D09,0.308643,Orange,26.59095057,8.207110758011082,3.08643
South West,Swindon,Swindon Clinical Waste Transfer and Treatment Facility - EPR/CP3138QD,51.57551937345117,-1.769359974,18 01 09,Treatment,Stroud,Recovery,R13,4.962232,Blue,25.9925703,128.98116410987183,49.62232
South West,Swindon,Swindon Clinical Waste Transfer and Treatment Facility - EPR/CP3138QD,51.57551937345117,-1.769359974,18 01 08*,Treatment,Stroud,Transfer (D),D15,0.327238,Purple,25.9925703,8.505756720158638,3.2723799999999996
South West,Swindon,Swindon Clinical Waste Transfer and Treatment Facility - EPR/CP3138QD,51.57551937345117,-1.769359974,18 01 03*,Treatment,Stroud,Transfer (D),D15,12.014968,Orange,25.9925703,312.2999004042654,120.14967999999999
South West,Swindon,Swindon Clinical Waste Transfer and Treatment Facility - EPR/CP3138QD,51.57551937345117,-1.769359974,18 01 09,Treatment,Stroud,Transfer (D),D15,0.8,Blue,25.9925703,20.794056240800003,8
South West,Swindon,Swindon Clinical Waste Transfer and Treatment Facility - EPR/CP3138QD,51.57551937345117,-1.769359974,18 01 04,Treatment,Stroud,Transfer (D),D15,22.217865,Tiger,25.9925703,577.4994179506274,222.17865
South West,Swindon,Swindon Clinical Waste Transfer and Treatment Facility - EPR/CP3138QD,51.57551937345117,-1.769359974,18 01 03*,Treatment,Stroud,Treatment,D09,20.301435,Orange,25.9925703,527.6864764,203.01435
South West,Swindon,Swindon Clinical Waste Transfer and Treatment Facility - EPR/CP3138QD,51.57551937345117,-1.769359974,18 01 09,Treatment,Tewkesbury,Recovery,R13,2.625969,Blue,39.97838877,104.98200957734215,26.25969
South West,Swindon,Swindon Clinical Waste Transfer and Treatment Facility - EPR/CP3138QD,51.57551937345117,-1.769359974,18 01 08*,Treatment,Tewkesbury,Transfer (D),D15,0.066041,Purple,39.97838877,2.640212772693529,0.66041
South West,Swindon,Swindon Clinical Waste Transfer and Treatment Facility - EPR/CP3138QD,51.57551937345117,-1.769359974,18 01 03*,Treatment,Tewkesbury,Transfer (D),D15,7.861824,Orange,39.97838877,314.3030563054547,78.61824
South West,Swindon,Swindon Clinical Waste Transfer and Treatment Facility - EPR/CP3138QD,51.57551937345117,-1.769359974,18 01 09,Treatment,Tewkesbury,Transfer (D),D15,0.58,Blue,39.97838877,23.18746549,5.8
South West,Swindon,Swindon Clinical Waste Transfer and Treatment Facility - EPR/CP3138QD,51.57551937345117,-1.769359974,18 01 04,Treatment,Tewkesbury,Transfer (D),D15,6.433131,Tiger,39.97838877,257.18621211990575,64.33131
South West,Swindon,Swindon Clinical Waste Transfer and Treatment Facility - EPR/CP3138QD,51.57551937345117,-1.769359974,18 01 03*,Treatment,Tewkesbury,Treatment,D09,9.344274,Orange,39.97838877,373.5690187360587,93.44274
South West,Swindon,Swindon Clinical Waste Transfer and Treatment Facility - EPR/CP3138QD,51.57551937345117,-1.769359974,18 01 09,Treatment,Basingstoke and Deane,Recovery,R13,0.242854,Blue,45.591233012000004,11.072013301896249,2.42854
South West,Swindon,Swindon Clinical Waste Transfer and Treatment Facility - EPR/CP3138QD,51.57551937345117,-1.769359974,18 01 03*,Treatment,Basingstoke and Deane,Transfer (D),D15,0.007,Orange,45.591233012000004,0.31913863108400004,0.07
South West,Swindon,Swindon Clinical Waste Transfer and Treatment Facility - EPR/CP3138QD,51.57551937345117,-1.769359974,18 01 03*,Treatment,Basingstoke and Deane,Treatment,D09,0.016107,Orange,45.591233012000004,0.73433799,0.16107
South West,Swindon,Swindon Clinical Waste Transfer and Treatment Facility - EPR/CP3138QD,51.57551937345117,-1.769359974,18 01 09,Treatment,East Hampshire,Recovery,R13,0.273873,Blue,67.97301643,18.615973929281132,2.73873
South West,Swindon,Swindon Clinical Waste Transfer and Treatment Facility - EPR/CP3138QD,51.57551937345117,-1.769359974,18 01 03*,Treatment,East Hampshire,Transfer (D),D15,0.0037,Orange,67.97301643,0.251500161,0.037000000000000005
South West,Swindon,Swindon Clinical Waste Transfer and Treatment Facility - EPR/CP3138QD,51.57551937345117,-1.769359974,18 01 03*,Treatment,East Hampshire,Treatment,D09,0.0192,Orange,67.97301643,1.3050819154943998,0.19199999999999998
South West,Swindon,Swindon Clinical Waste Transfer and Treatment Facility - EPR/CP3138QD,51.57551937345117,-1.769359974,18 01 09,Treatment,Eastleigh,Recovery,R13,0.058326,Blue,64.51943641,3.7631606482829643,0.58326
South West,Swindon,Swindon Clinical Waste Transfer and Treatment Facility - EPR/CP3138QD,51.57551937345117,-1.769359974,18 01 03*,Treatment,Eastleigh,Transfer (D),D15,0.02771,Orange,64.51943641,1.7878335830319398,0.2771
South West,Swindon,Swindon Clinical Waste Transfer and Treatment Facility - EPR/CP3138QD,51.57551937345117,-1.769359974,18 01 03*,Treatment,Eastleigh,Treatment,D09,0.022115,Orange,64.51943641,1.426847336,0.22114999999999999
South West,Swindon,Swindon Clinical Waste Transfer and Treatment Facility - EPR/CP3138QD,51.57551937345117,-1.769359974,18 01 09,Treatment,Fareham,Recovery,R13,18.659881,Blue,80.99819533,1511.4166861471952,186.59881
South West,Swindon,Swindon Clinical Waste Transfer and Treatment Facility - EPR/CP3138QD,51.57551937345117,-1.769359974,18 01 08*,Treatment,Fareham,Transfer (D),D15,1.2444,Purple,80.99819533,100.7941542736296,12.443999999999999
South West,Swindon,Swindon Clinical Waste Transfer and Treatment Facility - EPR/CP3138QD,51.57551937345117,-1.769359974,18 01 03*,Treatment,Fareham,Transfer (D),D15,130.91335,Orange,80.99819533,10603.74509512831,1309.1335000000001
South West,Swindon,Swindon Clinical Waste Transfer and Treatment Facility - EPR/CP3138QD,51.57551937345117,-1.769359974,18 01 02,Treatment,Fareham,Transfer (D),D15,0.1454,Red,80.99819533,11.7771376,1.454
South West,Swindon,Swindon Clinical Waste Transfer and Treatment Facility - EPR/CP3138QD,51.57551937345117,-1.769359974,18 01 09,Treatment,Fareham,Transfer (D),D15,4.3424,Blue,80.99819533,351.7265634183616,43.42399999999999
South West,Swindon,Swindon Clinical Waste Transfer and Treatment Facility - EPR/CP3138QD,51.57551937345117,-1.769359974,18 01 01,Treatment,Fareham,Transfer (D),D15,0.1356,Unknown,80.99819533,10.98335529,1.3559999999999999
South West,Swindon,Swindon Clinical Waste Transfer and Treatment Facility - EPR/CP3138QD,51.57551937345117,-1.769359974,18 01 03*,Treatment,Fareham,Treatment,D09,206.048573,Orange,80.99819533,16689.56256414596,2060.48573
South West,Swindon,Swindon Clinical Waste Transfer and Treatment Facility - EPR/CP3138QD,51.57551937345117,-1.769359974,18 01 09,Treatment,Gosport,Recovery,R13,0.199757,Blue,83.20903335,16.621586875295463,1.9975699999999998
South West,Swindon,Swindon Clinical Waste Transfer and Treatment Facility - EPR/CP3138QD,51.57551937345117,-1.769359974,18 01 03*,Treatment,Gosport,Transfer (D),D15,0.062559,Orange,83.20903335,5.205473917467769,0.6255900000000001
South West,Swindon,Swindon Clinical Waste Transfer and Treatment Facility - EPR/CP3138QD,51.57551937345117,-1.769359974,18 01 09,Treatment,Hart,Recovery,R13,0.01472,Blue,51.98886883,0.765276149,0.1472
South West,Swindon,Swindon Clinical Waste Transfer and Treatment Facility - EPR/CP3138QD,51.57551937345117,-1.769359974,18 01 09,Treatment,Havant,Recovery,R13,0.173518,Blue,87.79040174,15.233214928253732,1.7351800000000002
South West,Swindon,Swindon Clinical Waste Transfer and Treatment Facility - EPR/CP3138QD,51.57551937345117,-1.769359974,18 01 09,Treatment,New Forest,Recovery,R13,0.166436,Blue,80.23453038,13.353914297493501,1.66436
South West,Swindon,Swindon Clinical Waste Transfer and Treatment Facility - EPR/CP3138QD,51.57551937345117,-1.769359974,18 01 03*,Treatment,New Forest,Transfer (D),D15,0.04928,Orange,80.23453038,3.953957657,0.49279999999999996
South West,Swindon,Swindon Clinical Waste Transfer and Treatment Facility - EPR/CP3138QD,51.57551937345117,-1.769359974,18 01 03*,Treatment,New Forest,Treatment,D09,0.002182,Orange,80.23453038,0.175071745,0.02182
South West,Swindon,Swindon Clinical Waste Transfer and Treatment Facility - EPR/CP3138QD,51.57551937345117,-1.769359974,18 01 09,Treatment,Test Valley,Recovery,R13,0.007,Blue,39.74351053,0.27820457371699997,0.07
South West,Swindon,Swindon Clinical Waste Transfer and Treatment Facility - EPR/CP3138QD,51.57551937345117,-1.769359974,18 01 06*,Treatment,Test Valley,Transfer (D),D15,0.053,Yellow/Red,39.74351053,2.106406058,0.53
South West,Swindon,Swindon Clinical Waste Transfer and Treatment Facility - EPR/CP3138QD,51.57551937345117,-1.769359974,18 01 03*,Treatment,Test Valley,Transfer (D),D15,0.15651,Orange,39.74351053,6.220256833,1.5651000000000002
South West,Swindon,Swindon Clinical Waste Transfer and Treatment Facility - EPR/CP3138QD,51.57551937345117,-1.769359974,18 01 04,Treatment,Test Valley,Transfer (D),D15,0.2672,Tiger,39.74351053,10.61946601,2.6719999999999997
South West,Swindon,Swindon Clinical Waste Transfer and Treatment Facility - EPR/CP3138QD,51.57551937345117,-1.769359974,18 01 03*,Treatment,Test Valley,Treatment,D09,1.682779,Orange,39.74351053,66.87954490784564,16.82779
South West,Swindon,Swindon Clinical Waste Transfer and Treatment Facility - EPR/CP3138QD,51.57551937345117,-1.769359974,18 01 09,Treatment,Winchester,Recovery,R13,0.029068,Blue,56.65536504,1.646858150924584,0.29068
South West,Swindon,Swindon Clinical Waste Transfer and Treatment Facility - EPR/CP3138QD,51.57551937345117,-1.769359974,18 01 03*,Treatment,Winchester,Transfer (D),D15,0.0133,Orange,56.65536504,0.7535163550053999,0.133
South West,Swindon,Swindon Clinical Waste Transfer and Treatment Facility - EPR/CP3138QD,51.57551937345117,-1.769359974,18 01 03*,Treatment,Winchester,Treatment,D09,0.034493,Orange,56.65536504,1.9542135062557342,0.34493
South West,Swindon,Swindon Clinical Waste Transfer and Treatment Facility - EPR/CP3138QD,51.57551937345117,-1.769359974,18 01 03*,Treatment,"Herefordshire, The County of",Incineration,D10,0.1572,Orange,59.659072452000004,9.378406189,168.83280000000002
South West,Swindon,Swindon Clinical Waste Transfer and Treatment Facility - EPR/CP3138QD,51.57551937345117,-1.769359974,18 01 09,Treatment,"Herefordshire, The County of",Recovery,R13,0.234202,Blue,59.659072452000004,13.972274086403305,2.3420199999999998
South West,Swindon,Swindon Clinical Waste Transfer and Treatment Facility - EPR/CP3138QD,51.57551937345117,-1.769359974,18 01 08*,Treatment,"Herefordshire, The County of",Transfer (D),D15,0.069345,Purple,59.659072452000004,4.137058379183941,0.69345
South West,Swindon,Swindon Clinical Waste Transfer and Treatment Facility - EPR/CP3138QD,51.57551937345117,-1.769359974,18 01 03*,Treatment,"Herefordshire, The County of",Transfer (D),D15,8.92784,Orange,59.659072452000004,532.6266533998637,89.2784
South West,Swindon,Swindon Clinical Waste Transfer and Treatment Facility - EPR/CP3138QD,51.57551937345117,-1.769359974,18 01 09,Treatment,"Herefordshire, The County of",Transfer (D),D15,0.235,Blue,59.659072452000004,14.01988203,2.3499999999999996
South West,Swindon,Swindon Clinical Waste Transfer and Treatment Facility - EPR/CP3138QD,51.57551937345117,-1.769359974,18 01 04,Treatment,"Herefordshire, The County of",Transfer (D),D15,9.808267,Tiger,59.659072452000004,585.1521115815608,98.08267000000001
South West,Swindon,Swindon Clinical Waste Transfer and Treatment Facility - EPR/CP3138QD,51.57551937345117,-1.769359974,18 01 03*,Treatment,"Herefordshire, The County of",Treatment,D09,6.71501,Orange,59.659072452000004,400.61126810590457,67.15010000000001
South West,Swindon,Swindon Clinical Waste Transfer and Treatment Facility - EPR/CP3138QD,51.57551937345117,-1.769359974,18 01 08*,Treatment,Broxbourne,Transfer (D),D15,0.0152,Purple,105.6579248,1.606000458,0.152
South West,Swindon,Swindon Clinical Waste Transfer and Treatment Facility - EPR/CP3138QD,51.57551937345117,-1.769359974,18 01 03*,Treatment,Broxbourne,Transfer (D),D15,0.097699,Orange,105.6579248,10.32267359894316,0.9769899999999999
South West,Swindon,Swindon Clinical Waste Transfer and Treatment Facility - EPR/CP3138QD,51.57551937345117,-1.769359974,18 01 03*,Treatment,Broxbourne,Treatment,D09,0.350751,Orange,105.6579248,37.05962279555484,3.50751
South West,Swindon,Swindon Clinical Waste Transfer and Treatment Facility - EPR/CP3138QD,51.57551937345117,-1.769359974,18 01 03*,Treatment,Hertfordshire,Transfer (D),D15,0.4546,Orange,97.60930628,44.37319063,4.546
South West,Swindon,Swindon Clinical Waste Transfer and Treatment Facility - EPR/CP3138QD,51.57551937345117,-1.769359974,18 01 04,Treatment,Hertfordshire,Transfer (D),D15,2.8816,Tiger,97.60930628,281.2709769678032,28.816000000000003
South West,Swindon,Swindon Clinical Waste Transfer and Treatment Facility - EPR/CP3138QD,51.57551937345117,-1.769359974,18 01 03*,Treatment,Hertfordshire,Treatment,D09,2.8248,Orange,97.60930628,275.7267683712696,28.248
South West,Swindon,Swindon Clinical Waste Transfer and Treatment Facility - EPR/CP3138QD,51.57551937345117,-1.769359974,18 01 03*,Treatment,Hertsmere,Transfer (D),D15,0.003162,Orange,88.29992596,0.27920436586971004,0.031619999999999995
South West,Swindon,Swindon Clinical Waste Transfer and Treatment Facility - EPR/CP3138QD,51.57551937345117,-1.769359974,18 01 03*,Treatment,Hertsmere,Treatment,D09,0.000921,Orange,88.29992596,0.081324232,0.00921
South West,Swindon,Swindon Clinical Waste Transfer and Treatment Facility - EPR/CP3138QD,51.57551937345117,-1.769359974,18 01 03*,Treatment,North Hertfordshire,Incineration,D10,0.039,Orange,108.9418706,4.248732952,41.886
South West,Swindon,Swindon Clinical Waste Transfer and Treatment Facility - EPR/CP3138QD,51.57551937345117,-1.769359974,18 01 09,Treatment,Watford,Recovery,R13,1.0346,Blue,84.09262291,87.00222767,10.346
South West,Swindon,Swindon Clinical Waste Transfer and Treatment Facility - EPR/CP3138QD,51.57551937345117,-1.769359974,18 01 06*,Treatment,Watford,Transfer (D),D15,1.768,Yellow/Red,84.09262291,148.6757573,17.68
South West,Swindon,Swindon Clinical Waste Transfer and Treatment Facility - EPR/CP3138QD,51.57551937345117,-1.769359974,18 01 08*,Treatment,Watford,Transfer (D),D15,1.6024,Purple,84.09262291,134.75001895739362,16.024
South West,Swindon,Swindon Clinical Waste Transfer and Treatment Facility - EPR/CP3138QD,51.57551937345117,-1.769359974,18 01 03*,Treatment,Watford,Transfer (D),D15,81.7905,Orange,84.09262291,6877.977674447517,817.905
South West,Swindon,Swindon Clinical Waste Transfer and Treatment Facility - EPR/CP3138QD,51.57551937345117,-1.769359974,18 01 02,Treatment,Watford,Transfer (D),D15,0.429,Red,84.09262291,36.07573523,4.29
South West,Swindon,Swindon Clinical Waste Transfer and Treatment Facility - EPR/CP3138QD,51.57551937345117,-1.769359974,18 01 09,Treatment,Watford,Transfer (D),D15,0.1684,Blue,84.09262291,14.1611977,1.684
South West,Swindon,Swindon Clinical Waste Transfer and Treatment Facility - EPR/CP3138QD,51.57551937345117,-1.769359974,18 01 04,Treatment,Watford,Transfer (D),D15,119.7548,Tiger,84.09262291,10070.495238541487,1197.548
South West,Swindon,Swindon Clinical Waste Transfer and Treatment Facility - EPR/CP3138QD,51.57551937345117,-1.769359974,18 01 03*,Treatment,Watford,Treatment,D09,33.4325,Orange,84.09262291,2811.426615572305,334.325
South West,Swindon,Swindon Clinical Waste Transfer and Treatment Facility - EPR/CP3138QD,51.57551937345117,-1.769359974,18 01 03*,Treatment,Ashford,Incineration,D10,0.7562,Orange,145.1292749,109.74675765896261,812.1587999999999
South West,Swindon,Swindon Clinical Waste Transfer and Treatment Facility - EPR/CP3138QD,51.57551937345117,-1.769359974,18 01 09,Treatment,Ashford,Incineration,D10,0.0422,Blue,145.1292749,6.124455399640601,45.3228
South West,Swindon,Swindon Clinical Waste Transfer and Treatment Facility - EPR/CP3138QD,51.57551937345117,-1.769359974,18 01 09,Treatment,Ashford,Recovery,R13,0.165303,Blue,145.1292749,23.99030452433152,1.65303
South West,Swindon,Swindon Clinical Waste Transfer and Treatment Facility - EPR/CP3138QD,51.57551937345117,-1.769359974,18 01 03*,Treatment,Ashford,Transfer (D),D15,0.039584,Orange,145.1292749,5.744797216572833,0.39584
South West,Swindon,Swindon Clinical Waste Transfer and Treatment Facility - EPR/CP3138QD,51.57551937345117,-1.769359974,18 01 09,Treatment,Ashford,Transfer (D),D15,0.272,Blue,145.1292749,39.475162765456005,2.72
South West,Swindon,Swindon Clinical Waste Transfer and Treatment Facility - EPR/CP3138QD,51.57551937345117,-1.769359974,18 01 04,Treatment,Ashford,Transfer (D),D15,1.448374,Tiger,145.1292749,210.20146836490653,14.483740000000001
South West,Swindon,Swindon Clinical Waste Transfer and Treatment Facility - EPR/CP3138QD,51.57551937345117,-1.769359974,18 01 03*,Treatment,Ashford,Treatment,D09,1.613461,Orange,145.1292749,234.16042496586547,16.134610000000002
South West,Swindon,Swindon Clinical Waste Transfer and Treatment Facility - EPR/CP3138QD,51.57551937345117,-1.769359974,18 01 03*,Treatment,Leeds,Transfer (D),D15,12.261,Orange,200.5754519,2459.255616297645,122.60999999999999
South West,Swindon,Swindon Clinical Waste Transfer and Treatment Facility - EPR/CP3138QD,51.57551937345117,-1.769359974,18 01 04,Treatment,Leeds,Transfer (D),D15,1.2876,Tiger,200.5754519,258.2609519,12.876000000000001
South West,Swindon,Swindon Clinical Waste Transfer and Treatment Facility - EPR/CP3138QD,51.57551937345117,-1.769359974,18 01 03*,Treatment,Leeds,Treatment,D09,0.1744,Orange,200.5754519,34.98035882,1.744
South West,Swindon,Swindon Clinical Waste Transfer and Treatment Facility - EPR/CP3138QD,51.57551937345117,-1.769359974,18 01 08*,Treatment,Leicester,Incineration,D10,0.035,Purple,91.72119468,3.210241814,64.155
South West,Swindon,Swindon Clinical Waste Transfer and Treatment Facility - EPR/CP3138QD,51.57551937345117,-1.769359974,18 01 03*,Treatment,Leicester,Incineration,D10,1.0698,Orange,91.72119468,98.12333407,1148.9652
South West,Swindon,Swindon Clinical Waste Transfer and Treatment Facility - EPR/CP3138QD,51.57551937345117,-1.769359974,18 01 08*,Treatment,Leicester,Transfer (D),D15,0.025,Purple,91.72119468,2.293029867,0.25
South West,Swindon,Swindon Clinical Waste Transfer and Treatment Facility - EPR/CP3138QD,51.57551937345117,-1.769359974,18 01 03*,Treatment,Leicester,Transfer (D),D15,0.16,Orange,91.72119468,14.675391148960001,1.6
South West,Swindon,Swindon Clinical Waste Transfer and Treatment Facility - EPR/CP3138QD,51.57551937345117,-1.769359974,18 01 03*,Treatment,Harborough,Incineration,D10,4.8536,Orange,86.66137063,420.61962848006084,5212.7664
South West,Swindon,Swindon Clinical Waste Transfer and Treatment Facility - EPR/CP3138QD,51.57551937345117,-1.769359974,18 01 03*,Treatment,Hinckley and Bosworth,Incineration,D10,0.7068,Orange,114.0451906,80.60714071,759.1032
South West,Swindon,Swindon Clinical Waste Transfer and Treatment Facility - EPR/CP3138QD,51.57551937345117,-1.769359974,18 01 01,Treatment,Hinckley and Bosworth,Incineration,D10,0.2424,Unknown,114.0451906,27.644554200955202,260.3376
South West,Swindon,Swindon Clinical Waste Transfer and Treatment Facility - EPR/CP3138QD,51.57551937345117,-1.769359974,18 01 04,Treatment,Hinckley and Bosworth,Incineration,D10,4.206795,Tiger,114.0451906,479.7647375817134,4518.09783
South West,Swindon,Swindon Clinical Waste Transfer and Treatment Facility - EPR/CP3138QD,51.57551937345117,-1.769359974,18 01 04,Treatment,Hinckley and Bosworth,Transfer (D),D15,0.7926,Tiger,114.0451906,90.39221807,7.926
South West,Swindon,Swindon Clinical Waste Transfer and Treatment Facility - EPR/CP3138QD,51.57551937345117,-1.769359974,18 01 09,Treatment,Luton,Incineration,D10,0.208599,Blue,97.27811553400001,20.29211762227687,224.035326
South West,Swindon,Swindon Clinical Waste Transfer and Treatment Facility - EPR/CP3138QD,51.57551937345117,-1.769359974,18 01 06*,Treatment,Luton,Incineration,D10,0.0904,Yellow/Red,97.27811553400001,8.793941644,97.08959999999999
South West,Swindon,Swindon Clinical Waste Transfer and Treatment Facility - EPR/CP3138QD,51.57551937345117,-1.769359974,18 01 08*,Treatment,Luton,Incineration,D10,0.7684,Purple,97.27811553400001,74.74850397632561,1408.4772
South West,Swindon,Swindon Clinical Waste Transfer and Treatment Facility - EPR/CP3138QD,51.57551937345117,-1.769359974,18 01 03*,Treatment,Luton,Incineration,D10,48.609596,Orange,97.27811553400001,4728.649895749065,52206.706104000004
South West,Swindon,Swindon Clinical Waste Transfer and Treatment Facility - EPR/CP3138QD,51.57551937345117,-1.769359974,18 01 04,Treatment,Luton,Incineration,D10,0.1798,Tiger,97.27811553400001,17.49060517,193.1052
South West,Swindon,Swindon Clinical Waste Transfer and Treatment Facility - EPR/CP3138QD,51.57551937345117,-1.769359974,18 01 06*,Treatment,Luton,Transfer (D),D15,0.158,Yellow/Red,97.27811553400001,15.36994225,1.58
South West,Swindon,Swindon Clinical Waste Transfer and Treatment Facility - EPR/CP3138QD,51.57551937345117,-1.769359974,18 01 08*,Treatment,Luton,Transfer (D),D15,0.0374,Purple,97.27811553400001,3.6382015209716005,0.374
South West,Swindon,Swindon Clinical Waste Transfer and Treatment Facility - EPR/CP3138QD,51.57551937345117,-1.769359974,18 01 03*,Treatment,Luton,Transfer (D),D15,9.448798,Orange,97.27811553400001,919.1612635014283,94.48798
South West,Swindon,Swindon Clinical Waste Transfer and Treatment Facility - EPR/CP3138QD,51.57551937345117,-1.769359974,18 01 04,Treatment,Luton,Transfer (D),D15,0.7668,Tiger,97.27811553400001,74.59285899,7.668
South West,Swindon,Swindon Clinical Waste Transfer and Treatment Facility - EPR/CP3138QD,51.57551937345117,-1.769359974,18 01 03*,Treatment,Luton,Treatment,D09,0.1044,Orange,97.27811553400001,10.155835261749601,1.044
South West,Swindon,Swindon Clinical Waste Transfer and Treatment Facility - EPR/CP3138QD,51.57551937345117,-1.769359974,18 01 09,Treatment,Medway,Recovery,R13,0.7504,Blue,136.6270555,102.52494243219199,7.504
South West,Swindon,Swindon Clinical Waste Transfer and Treatment Facility - EPR/CP3138QD,51.57551937345117,-1.769359974,18 01 08*,Treatment,Medway,Transfer (D),D15,0.3602,Purple,136.6270555,49.21306538,3.6020000000000003
South West,Swindon,Swindon Clinical Waste Transfer and Treatment Facility - EPR/CP3138QD,51.57551937345117,-1.769359974,18 01 03*,Treatment,Medway,Transfer (D),D15,3.6976,Orange,136.6270555,505.19220034284797,36.976
South West,Swindon,Swindon Clinical Waste Transfer and Treatment Facility - EPR/CP3138QD,51.57551937345117,-1.769359974,18 01 03*,Treatment,Medway,Treatment,D09,0.1602,Orange,136.6270555,21.88765429,1.602
South West,Swindon,Swindon Clinical Waste Transfer and Treatment Facility - EPR/CP3138QD,51.57551937345117,-1.769359974,18 01 08*,Treatment,Milton Keynes,Incineration,D10,0.2168,Purple,66.31892683,14.377943336743998,397.39439999999996
South West,Swindon,Swindon Clinical Waste Transfer and Treatment Facility - EPR/CP3138QD,51.57551937345117,-1.769359974,18 01 03*,Treatment,Milton Keynes,Incineration,D10,23.174199,Orange,66.31892683,1536.8880078248592,24889.089726000002
South West,Swindon,Swindon Clinical Waste Transfer and Treatment Facility - EPR/CP3138QD,51.57551937345117,-1.769359974,18 01 04,Treatment,Milton Keynes,Incineration,D10,5.5116,Tiger,66.31892683,365.52339711622795,5919.4583999999995
South West,Swindon,Swindon Clinical Waste Transfer and Treatment Facility - EPR/CP3138QD,51.57551937345117,-1.769359974,18 01 08*,Treatment,Milton Keynes,Transfer (D),D15,0.5166,Purple,66.31892683,34.26035760037799,5.1659999999999995
South West,Swindon,Swindon Clinical Waste Transfer and Treatment Facility - EPR/CP3138QD,51.57551937345117,-1.769359974,18 01 03*,Treatment,Milton Keynes,Transfer (D),D15,15.9522,Orange,66.31892683,1057.9327845775258,159.522
South West,Swindon,Swindon Clinical Waste Transfer and Treatment Facility - EPR/CP3138QD,51.57551937345117,-1.769359974,18 01 04,Treatment,Milton Keynes,Transfer (D),D15,27.6474,Tiger,66.31892683,1833.545897639742,276.474
South West,Swindon,Swindon Clinical Waste Transfer and Treatment Facility - EPR/CP3138QD,51.57551937345117,-1.769359974,18 01 03*,Treatment,Milton Keynes,Treatment,D09,21.0142,Orange,66.31892683,1393.6391921909858,210.142
South West,Swindon,Swindon Clinical Waste Transfer and Treatment Facility - EPR/CP3138QD,51.57551937345117,-1.769359974,18 01 09,Treatment,North Somerset,Recovery,R13,12.445422,Blue,51.67942607,643.1722661589515,124.45422
South West,Swindon,Swindon Clinical Waste Transfer and Treatment Facility - EPR/CP3138QD,51.57551937345117,-1.769359974,18 01 08*,Treatment,North Somerset,Transfer (D),D15,0.996421,Purple,51.67942607,51.49446540409547,9.96421
South West,Swindon,Swindon Clinical Waste Transfer and Treatment Facility - EPR/CP3138QD,51.57551937345117,-1.769359974,18 01 03*,Treatment,North Somerset,Transfer (D),D15,19.367373,Orange,51.67942607,1000.8947211236141,193.67373
South West,Swindon,Swindon Clinical Waste Transfer and Treatment Facility - EPR/CP3138QD,51.57551937345117,-1.769359974,18 01 09,Treatment,North Somerset,Transfer (D),D15,2.68,Blue,51.67942607,138.5008619,26.8
South West,Swindon,Swindon Clinical Waste Transfer and Treatment Facility - EPR/CP3138QD,51.57551937345117,-1.769359974,18 01 04,Treatment,North Somerset,Transfer (D),D15,0.593761,Tiger,51.67942607,30.68522770274927,5.937609999999999
South West,Swindon,Swindon Clinical Waste Transfer and Treatment Facility - EPR/CP3138QD,51.57551937345117,-1.769359974,18 01 03*,Treatment,North Somerset,Treatment,D09,36.841734,Orange,51.67942607,1903.9596685436054,368.41734
South West,Swindon,Swindon Clinical Waste Transfer and Treatment Facility - EPR/CP3138QD,51.57551937345117,-1.769359974,18 01 03*,Treatment,North West,Incineration,D10,0.0448,Orange,164.2886283,7.360130547,48.1152
South West,Swindon,Swindon Clinical Waste Transfer and Treatment Facility - EPR/CP3138QD,51.57551937345117,-1.769359974,18 01 03*,Treatment,North Northamptonshire,Incineration,D10,1.355,Orange,90.52194865,122.6572404,1455.27
South West,Swindon,Swindon Clinical Waste Transfer and Treatment Facility - EPR/CP3138QD,51.57551937345117,-1.769359974,18 01 08*,Treatment,North Northamptonshire,Incineration,D10,2.07,Purple,90.52194865,187.38043370756998,3794.3099999999995
South West,Swindon,Swindon Clinical Waste Transfer and Treatment Facility - EPR/CP3138QD,51.57551937345117,-1.769359974,18 01 03*,Treatment,North Northamptonshire,Incineration,D10,29.0824,Orange,90.52194865,2632.5955194478424,31234.4976
South West,Swindon,Swindon Clinical Waste Transfer and Treatment Facility - EPR/CP3138QD,51.57551937345117,-1.769359974,18 01 04,Treatment,North Northamptonshire,Incineration,D10,11.9756,Tiger,90.52194865,1084.0546482649156,12861.7944
South West,Swindon,Swindon Clinical Waste Transfer and Treatment Facility - EPR/CP3138QD,51.57551937345117,-1.769359974,18 01 08*,Treatment,North Northamptonshire,Transfer (D),D15,0.2416,Purple,90.52194865,21.87010279,2.416
South West,Swindon,Swindon Clinical Waste Transfer and Treatment Facility - EPR/CP3138QD,51.57551937345117,-1.769359974,18 01 03*,Treatment,North Northamptonshire,Transfer (D),D15,4.740621,Orange,90.52194865,429.13025073585226,47.40621
South West,Swindon,Swindon Clinical Waste Transfer and Treatment Facility - EPR/CP3138QD,51.57551937345117,-1.769359974,18 01 04,Treatment,North Northamptonshire,Transfer (D),D15,32.9684,Tiger,90.52194865,2984.3638119056286,329.684
South West,Swindon,Swindon Clinical Waste Transfer and Treatment Facility - EPR/CP3138QD,51.57551937345117,-1.769359974,18 01 03*,Treatment,North Northamptonshire,Treatment,D09,1.569,Orange,90.52194865,142.0289374,15.69
South West,Swindon,Swindon Clinical Waste Transfer and Treatment Facility - EPR/CP3138QD,51.57551937345117,-1.769359974,18 01 03*,Treatment,North Northamptonshire,Incineration,D10,4.8798,Orange,90.52194865,441.72900502714987,5240.9052
South West,Swindon,Swindon Clinical Waste Transfer and Treatment Facility - EPR/CP3138QD,51.57551937345117,-1.769359974,18 01 04,Treatment,North Northamptonshire,Incineration,D10,0.405,Tiger,90.52194865,36.661389203655006,434.97
South West,Swindon,Swindon Clinical Waste Transfer and Treatment Facility - EPR/CP3138QD,51.57551937345117,-1.769359974,18 01 03*,Treatment,North Northamptonshire,Transfer (D),D15,0.3002,Orange,90.52194865,27.17468899,3.0020000000000002
South West,Swindon,Swindon Clinical Waste Transfer and Treatment Facility - EPR/CP3138QD,51.57551937345117,-1.769359974,18 01 04,Treatment,North Northamptonshire,Transfer (D),D15,1.345,Tiger,90.52194865,121.7520209,13.45
South West,Swindon,Swindon Clinical Waste Transfer and Treatment Facility - EPR/CP3138QD,51.57551937345117,-1.769359974,18 01 08*,Treatment,Northamptonshire,Incineration,D10,0.005,Purple,73.01233524,0.365061676,9.165000000000001
South West,Swindon,Swindon Clinical Waste Transfer and Treatment Facility - EPR/CP3138QD,51.57551937345117,-1.769359974,18 01 03*,Treatment,Northamptonshire,Incineration,D10,2.174,Orange,73.01233524,158.7288168,2334.8759999999997
South West,Swindon,Swindon Clinical Waste Transfer and Treatment Facility - EPR/CP3138QD,51.57551937345117,-1.769359974,18 01 09,Treatment,Northamptonshire,Incineration,D10,0.035,Blue,73.01233524,2.5554317334700003,37.59
South West,Swindon,Swindon Clinical Waste Transfer and Treatment Facility - EPR/CP3138QD,51.57551937345117,-1.769359974,18 01 03*,Treatment,Northamptonshire,Transfer (D),D15,0.661,Orange,73.01233524,48.26115359,6.61
South West,Swindon,Swindon Clinical Waste Transfer and Treatment Facility - EPR/CP3138QD,51.57551937345117,-1.769359974,18 01 09,Treatment,Northamptonshire,Transfer (D),D15,0.005,Blue,73.01233524,0.365061676,0.05
South West,Swindon,Swindon Clinical Waste Transfer and Treatment Facility - EPR/CP3138QD,51.57551937345117,-1.769359974,18 01 03*,Treatment,West Northamptonshire,Incineration,D10,2.455,Orange,72.59601667,178.2232209,2636.67
South West,Swindon,Swindon Clinical Waste Transfer and Treatment Facility - EPR/CP3138QD,51.57551937345117,-1.769359974,18 01 08*,Treatment,West Northamptonshire,Incineration,D10,0.6722,Purple,72.59601667,48.79904241,1232.1426000000001
South West,Swindon,Swindon Clinical Waste Transfer and Treatment Facility - EPR/CP3138QD,51.57551937345117,-1.769359974,18 01 03*,Treatment,West Northamptonshire,Incineration,D10,39.3262,Orange,72.59601667,2854.9254708464064,42236.3388
South West,Swindon,Swindon Clinical Waste Transfer and Treatment Facility - EPR/CP3138QD,51.57551937345117,-1.769359974,18 01 09,Treatment,West Northamptonshire,Incineration,D10,3.6408,Blue,72.59601667,264.3075774994176,3910.2192
South West,Swindon,Swindon Clinical Waste Transfer and Treatment Facility - EPR/CP3138QD,51.57551937345117,-1.769359974,18 01 04,Treatment,West Northamptonshire,Incineration,D10,0.6494,Tiger,72.59601667,47.14385323,697.4556
South West,Swindon,Swindon Clinical Waste Transfer and Treatment Facility - EPR/CP3138QD,51.57551937345117,-1.769359974,18 01 08*,Treatment,West Northamptonshire,Transfer (D),D15,0.1374,Purple,72.59601667,9.974692691,1.3739999999999999
South West,Swindon,Swindon Clinical Waste Transfer and Treatment Facility - EPR/CP3138QD,51.57551937345117,-1.769359974,18 01 03*,Treatment,West Northamptonshire,Transfer (D),D15,9.425384,Orange,72.59601667,684.2453340040021,94.25384
South West,Swindon,Swindon Clinical Waste Transfer and Treatment Facility - EPR/CP3138QD,51.57551937345117,-1.769359974,18 01 09,Treatment,West Northamptonshire,Transfer (D),D15,0.6152,Blue,72.59601667,44.66106946,6.151999999999999
South West,Swindon,Swindon Clinical Waste Transfer and Treatment Facility - EPR/CP3138QD,51.57551937345117,-1.769359974,18 01 04,Treatment,West Northamptonshire,Transfer (D),D15,1.4318,Tiger,72.59601667,103.9429766709696,14.318
South West,Swindon,Swindon Clinical Waste Transfer and Treatment Facility - EPR/CP3138QD,51.57551937345117,-1.769359974,18 01 03*,Treatment,West Northamptonshire,Treatment,D09,0.9126,Orange,72.59601667,66.25112481,9.126
South West,Swindon,Swindon Clinical Waste Transfer and Treatment Facility - EPR/CP3138QD,51.57551937345117,-1.769359974,18 01 09,Treatment,Not Codeable,Recovery,R13,0.763604,Blue,331.4908652,253.12775062483556,7.6360399999999995
South West,Swindon,Swindon Clinical Waste Transfer and Treatment Facility - EPR/CP3138QD,51.57551937345117,-1.769359974,18 01 08*,Treatment,Not Codeable,Transfer (D),D15,0.061243,Purple,331.4908652,20.301495057014897,0.61243
South West,Swindon,Swindon Clinical Waste Transfer and Treatment Facility - EPR/CP3138QD,51.57551937345117,-1.769359974,18 01 03*,Treatment,Not Codeable,Transfer (D),D15,1.930065,Orange,331.4908652,639.7989167287275,19.300649999999997
South West,Swindon,Swindon Clinical Waste Transfer and Treatment Facility - EPR/CP3138QD,51.57551937345117,-1.769359974,18 01 04,Treatment,Not Codeable,Transfer (D),D15,17.240425,Tiger,331.4908652,5715.043399545027,172.40425
South West,Swindon,Swindon Clinical Waste Transfer and Treatment Facility - EPR/CP3138QD,51.57551937345117,-1.769359974,18 01 03*,Treatment,Not Codeable,Treatment,D09,11.023206,Orange,331.4908652,3654.0920941406685,110.23206
South West,Swindon,Swindon Clinical Waste Transfer and Treatment Facility - EPR/CP3138QD,51.57551937345117,-1.769359974,18 01 03*,Treatment,Nottingham,Incineration,D10,0.168,Orange,131.5659887,22.103086099080002,180.43200000000002
South West,Swindon,Swindon Clinical Waste Transfer and Treatment Facility - EPR/CP3138QD,51.57551937345117,-1.769359974,18 01 03*,Treatment,Nottingham,Transfer (D),D15,0.1434,Orange,131.5659887,18.86656278,1.434
South West,Swindon,Swindon Clinical Waste Transfer and Treatment Facility - EPR/CP3138QD,51.57551937345117,-1.769359974,18 01 04,Treatment,Nottingham,Transfer (D),D15,1.3608,Tiger,131.5659887,179.03499740254802,13.608
South West,Swindon,Swindon Clinical Waste Transfer and Treatment Facility - EPR/CP3138QD,51.57551937345117,-1.769359974,18 01 08*,Treatment,Bassetlaw,Incineration,D10,0.023999,Purple,147.2462859,3.5337636145941302,43.990167
South West,Swindon,Swindon Clinical Waste Transfer and Treatment Facility - EPR/CP3138QD,51.57551937345117,-1.769359974,18 01 03*,Treatment,Bassetlaw,Incineration,D10,0.2582,Orange,147.2462859,38.01899101,277.3068
South West,Swindon,Swindon Clinical Waste Transfer and Treatment Facility - EPR/CP3138QD,51.57551937345117,-1.769359974,18 01 04,Treatment,Bassetlaw,Incineration,D10,0.3272,Tiger,147.2462859,48.17898474,351.4128
South West,Swindon,Swindon Clinical Waste Transfer and Treatment Facility - EPR/CP3138QD,51.57551937345117,-1.769359974,18 01 09,Treatment,Rushcliffe,Recovery,R13,0.09277,Blue,112.1692715,10.40594332160073,0.9277000000000001
South West,Swindon,Swindon Clinical Waste Transfer and Treatment Facility - EPR/CP3138QD,51.57551937345117,-1.769359974,18 01 09,Treatment,Cherwell,Recovery,R13,4.700722,Blue,40.37855169,189.80834627142232,47.00722
South West,Swindon,Swindon Clinical Waste Transfer and Treatment Facility - EPR/CP3138QD,51.57551937345117,-1.769359974,18 01 08*,Treatment,Cherwell,Transfer (D),D15,2.604643,Purple,40.37855169,105.17171201731058,26.046429999999997
South West,Swindon,Swindon Clinical Waste Transfer and Treatment Facility - EPR/CP3138QD,51.57551937345117,-1.769359974,18 01 03*,Treatment,Cherwell,Transfer (D),D15,66.206378,Orange,40.37855169,2673.317656479298,662.06378
South West,Swindon,Swindon Clinical Waste Transfer and Treatment Facility - EPR/CP3138QD,51.57551937345117,-1.769359974,18 01 09,Treatment,Cherwell,Transfer (D),D15,1.1004,Blue,40.37855169,44.43255828,11.004000000000001
South West,Swindon,Swindon Clinical Waste Transfer and Treatment Facility - EPR/CP3138QD,51.57551937345117,-1.769359974,18 01 04,Treatment,Cherwell,Transfer (D),D15,7.245228,Tiger,40.37855169,292.5518133,72.45228
South West,Swindon,Swindon Clinical Waste Transfer and Treatment Facility - EPR/CP3138QD,51.57551937345117,-1.769359974,18 01 03*,Treatment,Cherwell,Treatment,D09,127.964804,Orange,40.37855169,5167.033453198613,1279.64804
South West,Swindon,Swindon Clinical Waste Transfer and Treatment Facility - EPR/CP3138QD,51.57551937345117,-1.769359974,18 01 09,Treatment,Oxford,Recovery,R13,18.947565,Blue,32.64745371,618.5897512736636,189.47565
South West,Swindon,Swindon Clinical Waste Transfer and Treatment Facility - EPR/CP3138QD,51.57551937345117,-1.769359974,18 01 06*,Treatment,Oxford,Transfer (D),D15,0.3672,Yellow/Red,32.64745371,11.988145,3.672
South West,Swindon,Swindon Clinical Waste Transfer and Treatment Facility - EPR/CP3138QD,51.57551937345117,-1.769359974,18 01 08*,Treatment,Oxford,Transfer (D),D15,11.408282,Purple,32.64745371,372.45135851703446,114.08282
South West,Swindon,Swindon Clinical Waste Transfer and Treatment Facility - EPR/CP3138QD,51.57551937345117,-1.769359974,18 01 03*,Treatment,Oxford,Transfer (D),D15,966.55524,Orange,32.64745371,31555.567457024496,9665.5524
South West,Swindon,Swindon Clinical Waste Transfer and Treatment Facility - EPR/CP3138QD,51.57551937345117,-1.769359974,18 01 09,Treatment,Oxford,Transfer (D),D15,4.624,Blue,32.64745371,150.96182595966397,46.239999999999995
South West,Swindon,Swindon Clinical Waste Transfer and Treatment Facility - EPR/CP3138QD,51.57551937345117,-1.769359974,18 01 04,Treatment,Oxford,Transfer (D),D15,22.156962,Tiger,32.64745371,723.3683912713859,221.56962
South West,Swindon,Swindon Clinical Waste Transfer and Treatment Facility - EPR/CP3138QD,51.57551937345117,-1.769359974,18 01 03*,Treatment,Oxford,Treatment,D09,686.822815,Orange,32.64745371,22423.016060371214,6868.22815
South West,Swindon,Swindon Clinical Waste Transfer and Treatment Facility - EPR/CP3138QD,51.57551937345117,-1.769359974,18 01 09,Treatment,South Oxfordshire,Recovery,R13,0.0502,Blue,37.60847978,1.887945685,0.502
South West,Swindon,Swindon Clinical Waste Transfer and Treatment Facility - EPR/CP3138QD,51.57551937345117,-1.769359974,18 01 06*,Treatment,South Oxfordshire,Transfer (D),D15,0.015,Yellow/Red,37.60847978,0.564127197,0.15
South West,Swindon,Swindon Clinical Waste Transfer and Treatment Facility - EPR/CP3138QD,51.57551937345117,-1.769359974,18 01 08*,Treatment,South Oxfordshire,Transfer (D),D15,0.0006,Purple,37.60847978,0.022565087864999996,0.006
South West,Swindon,Swindon Clinical Waste Transfer and Treatment Facility - EPR/CP3138QD,51.57551937345117,-1.769359974,18 01 03*,Treatment,South Oxfordshire,Transfer (D),D15,3.515002,Orange,37.60847978,132.19388162608453,35.15002
South West,Swindon,Swindon Clinical Waste Transfer and Treatment Facility - EPR/CP3138QD,51.57551937345117,-1.769359974,18 01 09,Treatment,South Oxfordshire,Transfer (D),D15,0.065,Blue,37.60847978,2.444551185,0.65
South West,Swindon,Swindon Clinical Waste Transfer and Treatment Facility - EPR/CP3138QD,51.57551937345117,-1.769359974,18 01 04,Treatment,South Oxfordshire,Transfer (D),D15,11.8436,Tiger,37.60847978,445.4197911,118.436
South West,Swindon,Swindon Clinical Waste Transfer and Treatment Facility - EPR/CP3138QD,51.57551937345117,-1.769359974,18 01 03*,Treatment,South Oxfordshire,Treatment,D09,2.390501,Orange,37.60847978,89.90310851061727,23.90501
South West,Swindon,Swindon Clinical Waste Transfer and Treatment Facility - EPR/CP3138QD,51.57551937345117,-1.769359974,18 01 09,Treatment,Vale of White Horse,Recovery,R13,0.009519,Blue,16.49802142,0.15704466590649901,0.09519
South West,Swindon,Swindon Clinical Waste Transfer and Treatment Facility - EPR/CP3138QD,51.57551937345117,-1.769359974,18 01 08*,Treatment,Vale of White Horse,Transfer (D),D15,0.003,Purple,16.49802142,0.049494064,0.03
South West,Swindon,Swindon Clinical Waste Transfer and Treatment Facility - EPR/CP3138QD,51.57551937345117,-1.769359974,18 01 03*,Treatment,Vale of White Horse,Transfer (D),D15,5.943888,Orange,16.49802142,98.06239154802486,59.438880000000005
South West,Swindon,Swindon Clinical Waste Transfer and Treatment Facility - EPR/CP3138QD,51.57551937345117,-1.769359974,18 01 09,Treatment,Vale of White Horse,Transfer (D),D15,0.01,Blue,16.49802142,0.164980214,0.1
South West,Swindon,Swindon Clinical Waste Transfer and Treatment Facility - EPR/CP3138QD,51.57551937345117,-1.769359974,18 01 04,Treatment,Vale of White Horse,Transfer (D),D15,13.608766,Tiger,16.49802142,224.5177129813765,136.08766
South West,Swindon,Swindon Clinical Waste Transfer and Treatment Facility - EPR/CP3138QD,51.57551937345117,-1.769359974,18 01 03*,Treatment,Vale of White Horse,Treatment,D09,4.980199,Orange,16.49802142,82.16342978284278,49.801989999999996
South West,Swindon,Swindon Clinical Waste Transfer and Treatment Facility - EPR/CP3138QD,51.57551937345117,-1.769359974,18 01 09,Treatment,West Oxfordshire,Recovery,R13,0.04278,Blue,25.8726457,1.106831783,0.42779999999999996
South West,Swindon,Swindon Clinical Waste Transfer and Treatment Facility - EPR/CP3138QD,51.57551937345117,-1.769359974,18 01 08*,Treatment,West Oxfordshire,Transfer (D),D15,0.002,Purple,25.8726457,0.051745291,0.02
South West,Swindon,Swindon Clinical Waste Transfer and Treatment Facility - EPR/CP3138QD,51.57551937345117,-1.769359974,18 01 03*,Treatment,West Oxfordshire,Transfer (D),D15,2.858079,Orange,25.8726457,73.94606534389415,28.58079
South West,Swindon,Swindon Clinical Waste Transfer and Treatment Facility - EPR/CP3138QD,51.57551937345117,-1.769359974,18 01 04,Treatment,West Oxfordshire,Transfer (D),D15,10.569015,Tiger,25.8726457,273.4483804718475,105.69015
South West,Swindon,Swindon Clinical Waste Transfer and Treatment Facility - EPR/CP3138QD,51.57551937345117,-1.769359974,18 01 03*,Treatment,West Oxfordshire,Treatment,D09,3.93641,Orange,25.8726457,101.84534125206417,39.3641
South West,Swindon,Swindon Clinical Waste Transfer and Treatment Facility - EPR/CP3138QD,51.57551937345117,-1.769359974,18 01 03*,Treatment,Reading,Transfer (D),D15,10.8172,Orange,41.74246104,451.5365495402536,108.172
South West,Swindon,Swindon Clinical Waste Transfer and Treatment Facility - EPR/CP3138QD,51.57551937345117,-1.769359974,18 01 03*,Treatment,Reading,Treatment,D09,32.2244,Orange,41.74246104,1345.1257614729275,322.244
South West,Swindon,Swindon Clinical Waste Transfer and Treatment Facility - EPR/CP3138QD,51.57551937345117,-1.769359974,18 01 03*,Treatment,Salford,Incineration,D10,0.0806,Orange,166.5591179,13.4246649,86.5644
South West,Swindon,Swindon Clinical Waste Transfer and Treatment Facility - EPR/CP3138QD,51.57551937345117,-1.769359974,18 01 03*,Treatment,Sandwell,Incineration,D10,0.119,Orange,81.29583204,9.674204013,127.806
South West,Swindon,Swindon Clinical Waste Transfer and Treatment Facility - EPR/CP3138QD,51.57551937345117,-1.769359974,18 01 09,Treatment,North Lanarkshire,Recovery,R13,75.9473,Blue,378.4764547,28744.264850239782,759.473
South West,Swindon,Swindon Clinical Waste Transfer and Treatment Facility - EPR/CP3138QD,51.57551937345117,-1.769359974,18 01 08*,Treatment,North Lanarkshire,Transfer (D),D15,18.80234,Purple,378.4764547,7116.242983809267,188.0234
South West,Swindon,Swindon Clinical Waste Transfer and Treatment Facility - EPR/CP3138QD,51.57551937345117,-1.769359974,18 01 03*,Treatment,North Lanarkshire,Transfer (D),D15,207.36774,Orange,378.4764547,78483.80706036504,2073.6774
South West,Swindon,Swindon Clinical Waste Transfer and Treatment Facility - EPR/CP3138QD,51.57551937345117,-1.769359974,18 01 04,Treatment,North Lanarkshire,Transfer (D),D15,28.11143,Tiger,378.4764547,10639.514363762451,281.11429999999996
South West,Swindon,Swindon Clinical Waste Transfer and Treatment Facility - EPR/CP3138QD,51.57551937345117,-1.769359974,18 01 03*,Treatment,North Lanarkshire,Treatment,D09,19.4616,Orange,378.4764547,7365.757371353907,194.616
South West,Swindon,Swindon Clinical Waste Transfer and Treatment Facility - EPR/CP3138QD,51.57551937345117,-1.769359974,18 01 08*,Treatment,Shropshire,Incineration,D10,0.01,Purple,120.365155,1.20365155,18.330000000000002
South West,Swindon,Swindon Clinical Waste Transfer and Treatment Facility - EPR/CP3138QD,51.57551937345117,-1.769359974,18 01 03*,Treatment,Shropshire,Incineration,D10,3.972,Orange,120.365155,478.0903958,4265.928
South West,Swindon,Swindon Clinical Waste Transfer and Treatment Facility - EPR/CP3138QD,51.57551937345117,-1.769359974,18 01 04,Treatment,Shropshire,Incineration,D10,0.055,Tiger,120.365155,6.620083527,59.07
South West,Swindon,Swindon Clinical Waste Transfer and Treatment Facility - EPR/CP3138QD,51.57551937345117,-1.769359974,18 01 03*,Treatment,Shropshire,Transfer (D),D15,0.134,Orange,120.365155,16.12893078,1.34
South West,Swindon,Swindon Clinical Waste Transfer and Treatment Facility - EPR/CP3138QD,51.57551937345117,-1.769359974,18 01 09,Treatment,Solihull,Incineration,D10,0.005,Blue,83.15000311,0.415750016,5.37
South West,Swindon,Swindon Clinical Waste Transfer and Treatment Facility - EPR/CP3138QD,51.57551937345117,-1.769359974,18 01 03*,Treatment,Solihull,Incineration,D10,0.4997,Orange,83.15000311,41.55005655,536.6777999999999
South West,Swindon,Swindon Clinical Waste Transfer and Treatment Facility - EPR/CP3138QD,51.57551937345117,-1.769359974,18 01 04,Treatment,Solihull,Incineration,D10,0.489,Tiger,83.15000311,40.66035152,525.186
South West,Swindon,Swindon Clinical Waste Transfer and Treatment Facility - EPR/CP3138QD,51.57551937345117,-1.769359974,18 01 09,Treatment,Solihull,Transfer (D),D15,0.01,Blue,83.15000311,0.831500031,0.1
South West,Swindon,Swindon Clinical Waste Transfer and Treatment Facility - EPR/CP3138QD,51.57551937345117,-1.769359974,18 01 03*,Treatment,Solihull,Transfer (D),D15,0.357,Orange,83.15000311,29.68455111,3.57
South West,Swindon,Swindon Clinical Waste Transfer and Treatment Facility - EPR/CP3138QD,51.57551937345117,-1.769359974,18 01 04,Treatment,Solihull,Transfer (D),D15,0.444,Tiger,83.15000311,36.918601379508004,4.44
South West,Swindon,Swindon Clinical Waste Transfer and Treatment Facility - EPR/CP3138QD,51.57551937345117,-1.769359974,18 01 09,Treatment,Somerset,Recovery,R13,15.4802,Blue,89.09403809,1379.1935284872586,154.802
South West,Swindon,Swindon Clinical Waste Transfer and Treatment Facility - EPR/CP3138QD,51.57551937345117,-1.769359974,18 01 06*,Treatment,Somerset,Transfer (D),D15,0.9998,Yellow/Red,89.09403809,89.07621929,9.998000000000001
South West,Swindon,Swindon Clinical Waste Transfer and Treatment Facility - EPR/CP3138QD,51.57551937345117,-1.769359974,18 01 08*,Treatment,Somerset,Transfer (D),D15,1.1676,Purple,89.09403809,104.02619887738679,11.676
South West,Swindon,Swindon Clinical Waste Transfer and Treatment Facility - EPR/CP3138QD,51.57551937345117,-1.769359974,18 01 03*,Treatment,Somerset,Transfer (D),D15,36.596129,Orange,89.09403809,3260.4969111823416,365.96128999999996
South West,Swindon,Swindon Clinical Waste Transfer and Treatment Facility - EPR/CP3138QD,51.57551937345117,-1.769359974,18 01 09,Treatment,Somerset,Transfer (D),D15,3.871,Blue,89.09403809,344.8830215,38.71
South West,Swindon,Swindon Clinical Waste Transfer and Treatment Facility - EPR/CP3138QD,51.57551937345117,-1.769359974,18 01 04,Treatment,Somerset,Transfer (D),D15,138.6949,Tiger,89.09403809,12356.888703904824,1386.9489999999998
South West,Swindon,Swindon Clinical Waste Transfer and Treatment Facility - EPR/CP3138QD,51.57551937345117,-1.769359974,18 01 03*,Treatment,Somerset,Treatment,D09,85.816201,Orange,89.09403809,7645.711880890545,858.16201
South West,Swindon,Swindon Clinical Waste Transfer and Treatment Facility - EPR/CP3138QD,51.57551937345117,-1.769359974,18 01 09,Treatment,Somerset,Recovery,R13,17.3642,Blue,89.09403809,1547.0466962544706,173.642
South West,Swindon,Swindon Clinical Waste Transfer and Treatment Facility - EPR/CP3138QD,51.57551937345117,-1.769359974,18 01 06*,Treatment,Somerset,Transfer (D),D15,6.1832,Yellow/Red,89.09403809,550.8862563366376,61.832
South West,Swindon,Swindon Clinical Waste Transfer and Treatment Facility - EPR/CP3138QD,51.57551937345117,-1.769359974,18 01 08*,Treatment,Somerset,Transfer (D),D15,5.8186,Purple,89.09403809,518.4025700479298,58.186
South West,Swindon,Swindon Clinical Waste Transfer and Treatment Facility - EPR/CP3138QD,51.57551937345117,-1.769359974,18 01 03*,Treatment,Somerset,Transfer (D),D15,75.2586,Orange,89.09403809,6705.092575,752.586
South West,Swindon,Swindon Clinical Waste Transfer and Treatment Facility - EPR/CP3138QD,51.57551937345117,-1.769359974,18 01 09,Treatment,Somerset,Transfer (D),D15,1.9088,Blue,89.09403809,170.0626999119184,19.088
South West,Swindon,Swindon Clinical Waste Transfer and Treatment Facility - EPR/CP3138QD,51.57551937345117,-1.769359974,18 01 04,Treatment,Somerset,Transfer (D),D15,6.5988,Tiger,89.09403809,587.9137385680883,65.988
South West,Swindon,Swindon Clinical Waste Transfer and Treatment Facility - EPR/CP3138QD,51.57551937345117,-1.769359974,18 01 03*,Treatment,Somerset,Treatment,D09,102.5762,Orange,89.09403809,9138.927870235186,1025.762
South West,Swindon,Swindon Clinical Waste Transfer and Treatment Facility - EPR/CP3138QD,51.57551937345117,-1.769359974,18 01 09,Treatment,South Gloucestershire,Recovery,R13,5.692753,Blue,35.02544053,199.39118164209356,56.92753
South West,Swindon,Swindon Clinical Waste Transfer and Treatment Facility - EPR/CP3138QD,51.57551937345117,-1.769359974,18 01 08*,Treatment,South Gloucestershire,Transfer (D),D15,3.406648,Purple,35.02544053,119.31934692383014,34.06648
South West,Swindon,Swindon Clinical Waste Transfer and Treatment Facility - EPR/CP3138QD,51.57551937345117,-1.769359974,18 01 03*,Treatment,South Gloucestershire,Transfer (D),D15,47.571999,Orange,35.02544053,1666.2302217725753,475.71999
South West,Swindon,Swindon Clinical Waste Transfer and Treatment Facility - EPR/CP3138QD,51.57551937345117,-1.769359974,18 01 02,Treatment,South Gloucestershire,Transfer (D),D15,106.463,Red,35.02544053,3728.9134749324635,1064.6299999999999
South West,Swindon,Swindon Clinical Waste Transfer and Treatment Facility - EPR/CP3138QD,51.57551937345117,-1.769359974,18 01 09,Treatment,South Gloucestershire,Transfer (D),D15,1.385,Blue,35.02544053,48.51023513,13.85
South West,Swindon,Swindon Clinical Waste Transfer and Treatment Facility - EPR/CP3138QD,51.57551937345117,-1.769359974,18 01 04,Treatment,South Gloucestershire,Transfer (D),D15,4.930898,Tiger,35.02544053,172.70687464863414,49.30898
South West,Swindon,Swindon Clinical Waste Transfer and Treatment Facility - EPR/CP3138QD,51.57551937345117,-1.769359974,18 01 03*,Treatment,South Gloucestershire,Treatment,D09,139.331495,Orange,35.02544053,4880.146991799828,1393.31495
South West,Swindon,Swindon Clinical Waste Transfer and Treatment Facility - EPR/CP3138QD,51.57551937345117,-1.769359974,18 01 09,Treatment,Southwark,Recovery,R13,1.0566,Blue,85.04394192,89.85742903,10.565999999999999
South West,Swindon,Swindon Clinical Waste Transfer and Treatment Facility - EPR/CP3138QD,51.57551937345117,-1.769359974,18 01 06*,Treatment,Southwark,Transfer (D),D15,25.0498,Yellow/Red,85.04394192,2130.3337361823674,250.49800000000002
South West,Swindon,Swindon Clinical Waste Transfer and Treatment Facility - EPR/CP3138QD,51.57551937345117,-1.769359974,18 01 08*,Treatment,Southwark,Transfer (D),D15,15.8292,Purple,85.04394192,1346.1775653609182,158.292
South West,Swindon,Swindon Clinical Waste Transfer and Treatment Facility - EPR/CP3138QD,51.57551937345117,-1.769359974,18 01 03*,Treatment,Southwark,Transfer (D),D15,376.784006,Orange,85.04394192,32043.197120765013,3767.8400599999995
South West,Swindon,Swindon Clinical Waste Transfer and Treatment Facility - EPR/CP3138QD,51.57551937345117,-1.769359974,18 01 04,Treatment,Southwark,Transfer (D),D15,15.5264,Tiger,85.04394192,1320.426259749056,155.264
South West,Swindon,Swindon Clinical Waste Transfer and Treatment Facility - EPR/CP3138QD,51.57551937345117,-1.769359974,18 01 03*,Treatment,Southwark,Treatment,D09,8.4586,Orange,85.04394192,719.3526870822191,84.58600000000001
South West,Swindon,Swindon Clinical Waste Transfer and Treatment Facility - EPR/CP3138QD,51.57551937345117,-1.769359974,18 01 03*,Treatment,Cannock Chase,Incineration,D10,0.095,Orange,96.52314977,9.169699228,102.03
South West,Swindon,Swindon Clinical Waste Transfer and Treatment Facility - EPR/CP3138QD,51.57551937345117,-1.769359974,18 01 03*,Treatment,East Staffordshire,Incineration,D10,0.71,Orange,110.4312969,78.40622077201999,762.54
South West,Swindon,Swindon Clinical Waste Transfer and Treatment Facility - EPR/CP3138QD,51.57551937345117,-1.769359974,18 01 03*,Treatment,Lichfield,Incineration,D10,0.492,Orange,103.9789804,51.157658355816004,528.408
South West,Swindon,Swindon Clinical Waste Transfer and Treatment Facility - EPR/CP3138QD,51.57551937345117,-1.769359974,18 01 03*,Treatment,Lichfield,Transfer (D),D15,0.099,Orange,103.9789804,10.29391906,0.99
South West,Swindon,Swindon Clinical Waste Transfer and Treatment Facility - EPR/CP3138QD,51.57551937345117,-1.769359974,18 01 08*,Treatment,South Staffordshire,Incineration,D10,0.005,Purple,96.14349209,0.48071746,9.165000000000001
South West,Swindon,Swindon Clinical Waste Transfer and Treatment Facility - EPR/CP3138QD,51.57551937345117,-1.769359974,18 01 03*,Treatment,South Staffordshire,Incineration,D10,0.46,Orange,96.14349209,44.22600636,494.04
South West,Swindon,Swindon Clinical Waste Transfer and Treatment Facility - EPR/CP3138QD,51.57551937345117,-1.769359974,18 01 04,Treatment,South Staffordshire,Incineration,D10,0.08,Tiger,96.14349209,7.691479367,85.92
South West,Swindon,Swindon Clinical Waste Transfer and Treatment Facility - EPR/CP3138QD,51.57551937345117,-1.769359974,18 01 03*,Treatment,Stafford,Incineration,D10,0.4212,Orange,105.6001373,44.47877784634441,452.3688
South West,Swindon,Swindon Clinical Waste Transfer and Treatment Facility - EPR/CP3138QD,51.57551937345117,-1.769359974,18 01 03*,Treatment,Stoke-on-Trent,Incineration,D10,0.3814,Orange,118.0667037,45.03064079,409.6236
South West,Swindon,Swindon Clinical Waste Transfer and Treatment Facility - EPR/CP3138QD,51.57551937345117,-1.769359974,18 01 09,Treatment,Guildford,Recovery,R13,4.0244,Blue,68.90010196,277.2815703439216,40.244
South West,Swindon,Swindon Clinical Waste Transfer and Treatment Facility - EPR/CP3138QD,51.57551937345117,-1.769359974,18 01 06*,Treatment,Guildford,Transfer (D),D15,3.4824,Yellow/Red,68.90010196,239.93771507943362,34.824
South West,Swindon,Swindon Clinical Waste Transfer and Treatment Facility - EPR/CP3138QD,51.57551937345117,-1.769359974,18 01 08*,Treatment,Guildford,Transfer (D),D15,21.7722,Purple,68.90010196,1500.106799980601,217.722
South West,Swindon,Swindon Clinical Waste Transfer and Treatment Facility - EPR/CP3138QD,51.57551937345117,-1.769359974,18 01 03*,Treatment,Guildford,Transfer (D),D15,303.77399,Orange,68.90010196,20930.05888501112,3037.7399000000005
South West,Swindon,Swindon Clinical Waste Transfer and Treatment Facility - EPR/CP3138QD,51.57551937345117,-1.769359974,18 01 02,Treatment,Guildford,Transfer (D),D15,0.1592,Red,68.90010196,10.96889623,1.592
South West,Swindon,Swindon Clinical Waste Transfer and Treatment Facility - EPR/CP3138QD,51.57551937345117,-1.769359974,18 01 09,Treatment,Guildford,Transfer (D),D15,0.104,Blue,68.90010196,7.165610604,1.04
South West,Swindon,Swindon Clinical Waste Transfer and Treatment Facility - EPR/CP3138QD,51.57551937345117,-1.769359974,18 01 04,Treatment,Guildford,Transfer (D),D15,61.128001,Tiger,68.90010196,4211.7255017554935,611.28001
South West,Swindon,Swindon Clinical Waste Transfer and Treatment Facility - EPR/CP3138QD,51.57551937345117,-1.769359974,18 01 03*,Treatment,Guildford,Treatment,D09,174.6366,Orange,68.90010196,12032.479546646282,1746.366
South West,Swindon,Swindon Clinical Waste Transfer and Treatment Facility - EPR/CP3138QD,51.57551937345117,-1.769359974,18 01 03*,Treatment,Tandridge,Incineration,D10,0.075,Orange,101.0175262,7.576314466,80.55
South West,Swindon,Swindon Clinical Waste Transfer and Treatment Facility - EPR/CP3138QD,51.57551937345117,-1.769359974,18 01 03*,Treatment,Tandridge,Transfer (D),D15,0.0028,Orange,101.0175262,0.282849073,0.028
South West,Swindon,Swindon Clinical Waste Transfer and Treatment Facility - EPR/CP3138QD,51.57551937345117,-1.769359974,18 01 04,Treatment,Tandridge,Transfer (D),D15,5.8694,Tiger,101.0175262,592.9122683487128,58.693999999999996
South West,Swindon,Swindon Clinical Waste Transfer and Treatment Facility - EPR/CP3138QD,51.57551937345117,-1.769359974,18 01 03*,Treatment,Tandridge,Treatment,D09,0.0086,Orange,101.0175262,0.8687507254232001,0.086
South West,Swindon,Swindon Clinical Waste Transfer and Treatment Facility - EPR/CP3138QD,51.57551937345117,-1.769359974,18 01 09,Treatment,Swindon,Recovery,R13,20.089489,Blue,2.008271072,40.34513961,200.89489
South West,Swindon,Swindon Clinical Waste Transfer and Treatment Facility - EPR/CP3138QD,51.57551937345117,-1.769359974,18 01 08*,Treatment,Swindon,Transfer (D),D15,1.1173,Purple,2.008271072,2.2438412687455997,11.173
South West,Swindon,Swindon Clinical Waste Transfer and Treatment Facility - EPR/CP3138QD,51.57551937345117,-1.769359974,18 01 03*,Treatment,Swindon,Transfer (D),D15,74.794172,Orange,2.008271072,150.20697198179238,747.94172
South West,Swindon,Swindon Clinical Waste Transfer and Treatment Facility - EPR/CP3138QD,51.57551937345117,-1.769359974,18 01 09,Treatment,Swindon,Transfer (D),D15,5.2136,Blue,2.008271072,10.470322060979198,52.135999999999996
South West,Swindon,Swindon Clinical Waste Transfer and Treatment Facility - EPR/CP3138QD,51.57551937345117,-1.769359974,18 01 04,Treatment,Swindon,Transfer (D),D15,0.920968,Tiger,2.008271072,1.849553392637696,9.20968
South West,Swindon,Swindon Clinical Waste Transfer and Treatment Facility - EPR/CP3138QD,51.57551937345117,-1.769359974,18 01 03*,Treatment,Swindon,Treatment,D09,46.01658,Orange,2.008271072,92.41376644637376,460.1658
South West,Swindon,Swindon Clinical Waste Transfer and Treatment Facility - EPR/CP3138QD,51.57551937345117,-1.769359974,18 01 03*,Treatment,Telford and Wrekin,Incineration,D10,0.3718,Orange,112.0549393,41.66202643,399.3132
South West,Swindon,Swindon Clinical Waste Transfer and Treatment Facility - EPR/CP3138QD,51.57551937345117,-1.769359974,18 01 03*,Treatment,Telford and Wrekin,Transfer (D),D15,0.0584,Orange,112.0549393,6.5440084542440005,0.584
South West,Swindon,Swindon Clinical Waste Transfer and Treatment Facility - EPR/CP3138QD,51.57551937345117,-1.769359974,18 01 06*,Treatment,Newport,Transfer (D),D15,4.4822,Yellow/Red,61.08760438,273.8068603565182,44.821999999999996
South West,Swindon,Swindon Clinical Waste Transfer and Treatment Facility - EPR/CP3138QD,51.57551937345117,-1.769359974,18 01 03*,Treatment,Newport,Transfer (D),D15,4.2182,Orange,61.08760438,257.67973279993424,42.182
South West,Swindon,Swindon Clinical Waste Transfer and Treatment Facility - EPR/CP3138QD,51.57551937345117,-1.769359974,18 01 03*,Treatment,Newport,Treatment,D09,1.588,Orange,61.08760438,97.00711576,15.88
South West,Swindon,Swindon Clinical Waste Transfer and Treatment Facility - EPR/CP3138QD,51.57551937345117,-1.769359974,18 01 03*,Treatment,Wrexham,Transfer (D),D15,86.72545,Orange,143.7939486,12470.594899091517,867.2545
South West,Swindon,Swindon Clinical Waste Transfer and Treatment Facility - EPR/CP3138QD,51.57551937345117,-1.769359974,18 01 03*,Treatment,Wrexham,Treatment,D09,79.3501,Orange,143.7939486,11410.06420032876,793.501
South West,Swindon,Swindon Clinical Waste Transfer and Treatment Facility - EPR/CP3138QD,51.57551937345117,-1.769359974,18 01 03*,Treatment,Walsall,Incineration,D10,0.5224,Orange,85.23594555,44.527257957409596,561.0576
South West,Swindon,Swindon Clinical Waste Transfer and Treatment Facility - EPR/CP3138QD,51.57551937345117,-1.769359974,18 01 03*,Treatment,Walsall,Transfer (D),D15,0.0054,Orange,85.23594555,0.460274106,0.054000000000000006
South West,Swindon,Swindon Clinical Waste Transfer and Treatment Facility - EPR/CP3138QD,51.57551937345117,-1.769359974,18 01 03*,Treatment,North Warwickshire,Incineration,D10,1.9218,Orange,101.9359126,195.9004367,2064.0132
South West,Swindon,Swindon Clinical Waste Transfer and Treatment Facility - EPR/CP3138QD,51.57551937345117,-1.769359974,18 01 04,Treatment,North Warwickshire,Incineration,D10,1.2464,Tiger,101.9359126,127.0529214,1338.6336
South West,Swindon,Swindon Clinical Waste Transfer and Treatment Facility - EPR/CP3138QD,51.57551937345117,-1.769359974,18 01 08*,Treatment,Rugby,Incineration,D10,0.0312,Purple,69.80792499500001,2.17800726,57.1896
South West,Swindon,Swindon Clinical Waste Transfer and Treatment Facility - EPR/CP3138QD,51.57551937345117,-1.769359974,18 01 03*,Treatment,Rugby,Incineration,D10,11.8512,Orange,69.80792499500001,827.3076807007441,12728.1888
South West,Swindon,Swindon Clinical Waste Transfer and Treatment Facility - EPR/CP3138QD,51.57551937345117,-1.769359974,18 01 04,Treatment,Rugby,Incineration,D10,2.2892,Tiger,69.80792499500001,159.80430189855403,2458.6008
South West,Swindon,Swindon Clinical Waste Transfer and Treatment Facility - EPR/CP3138QD,51.57551937345117,-1.769359974,18 01 03*,Treatment,Rugby,Transfer (D),D15,1.8268,Orange,69.80792499500001,127.5251174,18.268
South West,Swindon,Swindon Clinical Waste Transfer and Treatment Facility - EPR/CP3138QD,51.57551937345117,-1.769359974,18 01 04,Treatment,Rugby,Transfer (D),D15,0.4698,Tiger,69.80792499500001,32.795763162651006,4.698
South West,Swindon,Swindon Clinical Waste Transfer and Treatment Facility - EPR/CP3138QD,51.57551937345117,-1.769359974,18 01 03*,Treatment,Stratford-on-Avon,Incineration,D10,0.805796,Orange,51.97706278,41.882909279067086,865.424904
South West,Swindon,Swindon Clinical Waste Transfer and Treatment Facility - EPR/CP3138QD,51.57551937345117,-1.769359974,18 01 03*,Treatment,Stratford-on-Avon,Transfer (D),D15,0.275144,Orange,51.97706278,14.301176961265176,2.75144
South West,Swindon,Swindon Clinical Waste Transfer and Treatment Facility - EPR/CP3138QD,51.57551937345117,-1.769359974,18 01 03*,Treatment,Stratford-on-Avon,Treatment,D09,0.035141,Orange,51.97706278,1.826525963116839,0.35141
South West,Swindon,Swindon Clinical Waste Transfer and Treatment Facility - EPR/CP3138QD,51.57551937345117,-1.769359974,18 01 03*,Treatment,Warwick,Incineration,D10,1.2236,Orange,59.01471073,72.21040004,1314.1464
South West,Swindon,Swindon Clinical Waste Transfer and Treatment Facility - EPR/CP3138QD,51.57551937345117,-1.769359974,18 01 03*,Treatment,Warwick,Transfer (D),D15,0.2446,Orange,59.01471073,14.43499824,2.446
South West,Swindon,Swindon Clinical Waste Transfer and Treatment Facility - EPR/CP3138QD,51.57551937345117,-1.769359974,18 01 09,Treatment,West Midlands,Incineration,D10,0.02,Blue,84.21006203,1.684201241,21.48
South West,Swindon,Swindon Clinical Waste Transfer and Treatment Facility - EPR/CP3138QD,51.57551937345117,-1.769359974,18 01 03*,Treatment,West Midlands,Incineration,D10,0.665,Orange,84.21006203,55.99969125,714.21
South West,Swindon,Swindon Clinical Waste Transfer and Treatment Facility - EPR/CP3138QD,51.57551937345117,-1.769359974,18 01 09,Treatment,Arun,Recovery,R13,0.849,Blue,109.2823819,92.78074222,8.49
South West,Swindon,Swindon Clinical Waste Transfer and Treatment Facility - EPR/CP3138QD,51.57551937345117,-1.769359974,18 01 08*,Treatment,Arun,Transfer (D),D15,1.5376,Purple,109.2823819,168.0325903833008,15.376000000000001
South West,Swindon,Swindon Clinical Waste Transfer and Treatment Facility - EPR/CP3138QD,51.57551937345117,-1.769359974,18 01 03*,Treatment,Arun,Transfer (D),D15,22.3276,Orange,109.2823819,2440.013309730871,223.276
South West,Swindon,Swindon Clinical Waste Transfer and Treatment Facility - EPR/CP3138QD,51.57551937345117,-1.769359974,18 01 02,Treatment,Arun,Transfer (D),D15,0.783,Red,109.2823819,85.56810501,7.83
South West,Swindon,Swindon Clinical Waste Transfer and Treatment Facility - EPR/CP3138QD,51.57551937345117,-1.769359974,18 01 09,Treatment,Arun,Transfer (D),D15,0.2478,Blue,109.2823819,27.080174230607398,2.4779999999999998
South West,Swindon,Swindon Clinical Waste Transfer and Treatment Facility - EPR/CP3138QD,51.57551937345117,-1.769359974,18 01 04,Treatment,Arun,Transfer (D),D15,57.355,Tiger,109.2823819,6267.891012899465,573.55
South West,Swindon,Swindon Clinical Waste Transfer and Treatment Facility - EPR/CP3138QD,51.57551937345117,-1.769359974,18 01 03*,Treatment,Arun,Treatment,D09,14.4663,Orange,109.2823819,1580.911721034043,144.663
South West,Swindon,Swindon Clinical Waste Transfer and Treatment Facility - EPR/CP3138QD,51.57551937345117,-1.769359974,18 01 09,Treatment,Wiltshire,Recovery,R13,0.185792,Blue,28.78376883,5.347793979020737,1.85792
South West,Swindon,Swindon Clinical Waste Transfer and Treatment Facility - EPR/CP3138QD,51.57551937345117,-1.769359974,18 01 08*,Treatment,Wiltshire,Transfer (D),D15,0.02053,Purple,28.78376883,0.590930774,0.20529999999999998
South West,Swindon,Swindon Clinical Waste Transfer and Treatment Facility - EPR/CP3138QD,51.57551937345117,-1.769359974,18 01 03*,Treatment,Wiltshire,Transfer (D),D15,7.958886,Orange,28.78376883,229.08673479220002,79.58886
South West,Swindon,Swindon Clinical Waste Transfer and Treatment Facility - EPR/CP3138QD,51.57551937345117,-1.769359974,18 01 09,Treatment,Wiltshire,Transfer (D),D15,0.07,Blue,28.78376883,2.0148638183100003,0.7000000000000001
South West,Swindon,Swindon Clinical Waste Transfer and Treatment Facility - EPR/CP3138QD,51.57551937345117,-1.769359974,18 01 01,Treatment,Wiltshire,Transfer (D),D15,0.037,Unknown,28.78376883,1.064999447,0.37
South West,Swindon,Swindon Clinical Waste Transfer and Treatment Facility - EPR/CP3138QD,51.57551937345117,-1.769359974,18 01 04,Treatment,Wiltshire,Transfer (D),D15,17.445761,Tiger,28.78376883,502.15475173976694,174.45761000000002
South West,Swindon,Swindon Clinical Waste Transfer and Treatment Facility - EPR/CP3138QD,51.57551937345117,-1.769359974,18 01 03*,Treatment,Wiltshire,Treatment,D09,2.366743,Orange,28.78376883,68.12378339912092,23.66743
South West,Swindon,Swindon Clinical Waste Transfer and Treatment Facility - EPR/CP3138QD,51.57551937345117,-1.769359974,18 01 03*,Treatment,Wolverhampton,Incineration,D10,1.0148,Orange,85.49070766,86.75597014,1089.8952
South West,Swindon,Swindon Clinical Waste Transfer and Treatment Facility - EPR/CP3138QD,51.57551937345117,-1.769359974,18 01 03*,Treatment,Wolverhampton,Transfer (D),D15,0.4622,Orange,85.49070766,39.51380508,4.622
South West,Swindon,Swindon Clinical Waste Transfer and Treatment Facility - EPR/CP3138QD,51.57551937345117,-1.769359974,18 01 03*,Treatment,Wolverhampton,Treatment,D09,10.587,Orange,85.49070766,905.090122,105.87
South West,Swindon,Swindon Clinical Waste Transfer and Treatment Facility - EPR/CP3138QD,51.57551937345117,-1.769359974,18 01 03*,Treatment,Bromsgrove,Incineration,D10,0.7866,Orange,64.52316464,50.75392131,844.8084
South West,Swindon,Swindon Clinical Waste Transfer and Treatment Facility - EPR/CP3138QD,51.57551937345117,-1.769359974,18 01 04,Treatment,Bromsgrove,Incineration,D10,1.4712,Tiger,64.52316464,94.92647981836801,1580.0688
South West,Swindon,Swindon Clinical Waste Transfer and Treatment Facility - EPR/CP3138QD,51.57551937345117,-1.769359974,18 01 04,Treatment,Bromsgrove,Transfer (D),D15,1.0964,Tiger,64.52316464,70.74319771,10.964
South West,Swindon,Swindon Clinical Waste Transfer and Treatment Facility - EPR/CP3138QD,51.57551937345117,-1.769359974,18 01 03*,Treatment,Malvern Hills,Transfer (D),D15,0.592142,Orange,60.95773784,36.09563680123756,5.9214199999999995
South West,Swindon,Swindon Clinical Waste Transfer and Treatment Facility - EPR/CP3138QD,51.57551937345117,-1.769359974,18 01 04,Treatment,Malvern Hills,Transfer (D),D15,0.864017,Tiger,60.95773784,52.668521777031316,8.640170000000001
South West,Swindon,Swindon Clinical Waste Transfer and Treatment Facility - EPR/CP3138QD,51.57551937345117,-1.769359974,18 01 03*,Treatment,Redditch,Incineration,D10,16.0608,Orange,75.34558335,1210.1103450194976,17249.2992
South West,Swindon,Swindon Clinical Waste Transfer and Treatment Facility - EPR/CP3138QD,51.57551937345117,-1.769359974,18 01 04,Treatment,Redditch,Incineration,D10,2.713597,Tiger,75.34558335,204.45754893366916,2914.403178
South West,Swindon,Swindon Clinical Waste Transfer and Treatment Facility - EPR/CP3138QD,51.57551937345117,-1.769359974,18 01 09,Treatment,Redditch,Recovery,R13,50.476,Blue,75.34558335,3803.143665023172,504.76
South West,Swindon,Swindon Clinical Waste Transfer and Treatment Facility - EPR/CP3138QD,51.57551937345117,-1.769359974,18 01 08*,Treatment,Redditch,Transfer (D),D15,0.9728,Purple,75.34558335,73.29618348,9.728
South West,Swindon,Swindon Clinical Waste Transfer and Treatment Facility - EPR/CP3138QD,51.57551937345117,-1.769359974,18 01 03*,Treatment,Redditch,Transfer (D),D15,36.4904,Orange,75.34558335,2749.390474565369,364.904
South West,Swindon,Swindon Clinical Waste Transfer and Treatment Facility - EPR/CP3138QD,51.57551937345117,-1.769359974,18 01 04,Treatment,Redditch,Transfer (D),D15,46.752299,Tiger,75.34558335,3522.579240968365,467.52299
South West,Swindon,Swindon Clinical Waste Transfer and Treatment Facility - EPR/CP3138QD,51.57551937345117,-1.769359974,18 01 03*,Treatment,Redditch,Treatment,D09,67.8034,Orange,75.34558335,5108.686726,678.034
South West,Swindon,Swindon Clinical Waste Transfer and Treatment Facility - EPR/CP3138QD,51.57551937345117,-1.769359974,18 01 09,Treatment,Worcester,Incineration,D10,0.4942,Blue,54.14813305,26.76000735,530.7708
South West,Swindon,Swindon Clinical Waste Transfer and Treatment Facility - EPR/CP3138QD,51.57551937345117,-1.769359974,18 01 08*,Treatment,Worcester,Incineration,D10,0.8084,Purple,54.14813305,43.773350760045204,1481.7972
South West,Swindon,Swindon Clinical Waste Transfer and Treatment Facility - EPR/CP3138QD,51.57551937345117,-1.769359974,18 01 03*,Treatment,Worcester,Incineration,D10,55.179197,Orange,54.14813305,2987.850500913699,59262.45758
South West,Swindon,Swindon Clinical Waste Transfer and Treatment Facility - EPR/CP3138QD,51.57551937345117,-1.769359974,18 01 04,Treatment,Worcester,Incineration,D10,8.960399,Tiger,54.14813305,485.1888772599682,9623.468526
South West,Swindon,Swindon Clinical Waste Transfer and Treatment Facility - EPR/CP3138QD,51.57551937345117,-1.769359974,18 01 08*,Treatment,Worcester,Transfer (D),D15,0.0852,Purple,54.14813305,4.613420936,0.852
South West,Swindon,Swindon Clinical Waste Transfer and Treatment Facility - EPR/CP3138QD,51.57551937345117,-1.769359974,18 01 03*,Treatment,Worcester,Transfer (D),D15,7.8812,Orange,54.14813305,426.7522662173036,78.812
South West,Swindon,Swindon Clinical Waste Transfer and Treatment Facility - EPR/CP3138QD,51.57551937345117,-1.769359974,18 01 04,Treatment,Worcester,Transfer (D),D15,4,Tiger,54.14813305,216.5925322,40
South West,Swindon,Swindon Clinical Waste Transfer and Treatment Facility - EPR/CP3138QD,51.57551937345117,-1.769359974,18 01 03*,Treatment,Worcester,Treatment,D09,0.4654,Orange,54.14813305,25.20054112,4.654
South West,Swindon,Swindon Clinical Waste Transfer and Treatment Facility - EPR/CP3138QD,51.57551937345117,-1.769359974,18 01 03*,Treatment,Wyre Forest,Incineration,D10,0.7118,Orange,71.32469161,50.76891549,764.4732
South West,Swindon,Swindon Clinical Waste Transfer and Treatment Facility - EPR/CP3138QD,51.57551937345117,-1.769359974,18 01 04,Treatment,Wyre Forest,Incineration,D10,1.3088,Tiger,71.32469161,93.34975637,1405.6512
South West,Swindon,Swindon Clinical Waste Transfer and Treatment Facility - EPR/CP3138QD,51.57551937345117,-1.769359974,18 01 03*,Treatment,Wyre Forest,Transfer (D),D15,0.3186,Orange,71.32469161,22.72404675,3.186
South West,Swindon,Swindon Clinical Waste Transfer and Treatment Facility - EPR/CP3138QD,51.57551937345117,-1.769359974,18 01 04,Treatment,Wyre Forest,Transfer (D),D15,5.8056,Tiger,71.32469161,414.08262958779363,58.056
