Facility RPA,Site Name,Facility WPA,Waste Code,Fate,Tonnes Received,R and D code,Compliance Status
South West,Avonmouth Treatment Centre  EPR/KP3937DU,Bristol City,18 01 01,Recovery,0.04,R13,COMPLIANT
South West,Avonmouth Treatment Centre  EPR/KP3937DU,Bristol City,18 01 01,Recovery,0.2,R13,COMPLIANT
South West,Avonmouth Treatment Centre  EPR/KP3937DU,Bristol City,18 01 09,Recovery,2.17,R13,COMPLIANT
South West,Avonmouth Treatment Centre  EPR/KP3937DU,Bristol City,18 01 07,Recovery,1.0,R13,COMPLIANT
South West,Avonmouth Treatment Centre  EPR/KP3937DU,Bristol City,18 01 09,Recovery,0.2,R13,COMPLIANT
South West,Avonmouth Treatment Centre  EPR/KP3937DU,Bristol City,18 01 01,Recovery,0.02,R13,COMPLIANT
South West,Avonmouth Treatment Centre  EPR/KP3937DU,Bristol City,18 01 06*,Recovery,0.73,R13,COMPLIANT
South West,Avonmouth Treatment Centre  EPR/KP3937DU,Bristol City,18 01 06*,Recovery,0.03,R13,COMPLIANT
South West,Avonmouth Treatment Centre  EPR/KP3937DU,Bristol City,18 01 07,Recovery,0.21,R13,COMPLIANT
South West,Avonmouth Treatment Centre  EPR/KP3937DU,Bristol City,18 01 01,Recovery,0.26,R13,COMPLIANT
South West,Avonmouth Treatment Centre  EPR/KP3937DU,Bristol City,18 01 06*,Recovery,0.26,R13,COMPLIANT
South West,Avonmouth Healthcare Waste Incinerator and Transfer Facility - EPR/VP3130EF,Bristol City,18 01 08*,Incineration,0.031,D10,COMPLIANT
South West,Avonmouth Healthcare Waste Incinerator and Transfer Facility - EPR/VP3130EF,Bristol City,18 01 03*,Incineration,4.603,D10,COMPLIANT
South West,Avonmouth Healthcare Waste Incinerator and Transfer Facility - EPR/VP3130EF,Bristol City,18 01 09,Incineration,2.155,D10,COMPLIANT
South West,Avonmouth Healthcare Waste Incinerator and Transfer Facility - EPR/VP3130EF,Bristol City,18 01 08*,Incineration,17.851,D10,COMPLIANT
South West,Avonmouth Healthcare Waste Incinerator and Transfer Facility - EPR/VP3130EF,Bristol City,18 01 03*,Incineration,287.588,D10,COMPLIANT
South West,Avonmouth Healthcare Waste Incinerator and Transfer Facility - EPR/VP3130EF,Bristol City,18 01 09,Incineration,29.665,D10,COMPLIANT
South West,Avonmouth Healthcare Waste Incinerator and Transfer Facility - EPR/VP3130EF,Bristol City,18 01 04,Incineration,1.362,D10,COMPLIANT
South West,Avonmouth Healthcare Waste Incinerator and Transfer Facility - EPR/VP3130EF,Bristol City,18 01 10*,Recovery,0.028,R13,COMPLIANT
South West,Avonmouth Healthcare Waste Incinerator and Transfer Facility - EPR/VP3130EF,Bristol City,18 01 04,Recovery,7.353,R13,COMPLIANT
South West,Avonmouth Healthcare Waste Incinerator and Transfer Facility - EPR/VP3130EF,Bristol City,18 01 10*,Recovery,0.023,R13,COMPLIANT
South West,Avonmouth Healthcare Waste Incinerator and Transfer Facility - EPR/VP3130EF,Bristol City,18 01 04,Recovery,89.303,R13,COMPLIANT
South West,Avonmouth Healthcare Waste Incinerator and Transfer Facility - EPR/VP3130EF,Bristol City,18 01 06*,Incineration,0.054,D10,COMPLIANT
South West,Avonmouth Healthcare Waste Incinerator and Transfer Facility - EPR/VP3130EF,Bristol City,18 01 08*,Incineration,63.43,D10,COMPLIANT
South West,Avonmouth Healthcare Waste Incinerator and Transfer Facility - EPR/VP3130EF,Bristol City,18 01 03*,Incineration,1343.911,D10,COMPLIANT
South West,Avonmouth Healthcare Waste Incinerator and Transfer Facility - EPR/VP3130EF,Bristol City,18 01 02,Incineration,0.998,D10,COMPLIANT
South West,Avonmouth Healthcare Waste Incinerator and Transfer Facility - EPR/VP3130EF,Bristol City,18 01 09,Incineration,95.021,D10,COMPLIANT
South West,Avonmouth Healthcare Waste Incinerator and Transfer Facility - EPR/VP3130EF,Bristol City,18 01 04,Incineration,5.97,D10,COMPLIANT
South West,Avonmouth Healthcare Waste Incinerator and Transfer Facility - EPR/VP3130EF,Bristol City,18 01 08*,Incineration,4.096,D10,COMPLIANT
South West,Avonmouth Healthcare Waste Incinerator and Transfer Facility - EPR/VP3130EF,Bristol City,18 01 03*,Incineration,149.441,D10,COMPLIANT
South West,Avonmouth Healthcare Waste Incinerator and Transfer Facility - EPR/VP3130EF,Bristol City,18 01 02,Incineration,0.136,D10,COMPLIANT
South West,Avonmouth Healthcare Waste Incinerator and Transfer Facility - EPR/VP3130EF,Bristol City,18 01 09,Incineration,11.99,D10,COMPLIANT
South West,Avonmouth Healthcare Waste Incinerator and Transfer Facility - EPR/VP3130EF,Bristol City,18 01 04,Incineration,0.641,D10,COMPLIANT
South West,Avonmouth Healthcare Waste Incinerator and Transfer Facility - EPR/VP3130EF,Bristol City,18 01 10*,Recovery,0.29,R13,COMPLIANT
South West,Avonmouth Healthcare Waste Incinerator and Transfer Facility - EPR/VP3130EF,Bristol City,18 01 04,Recovery,475.879,R13,COMPLIANT
South West,Avonmouth Healthcare Waste Incinerator and Transfer Facility - EPR/VP3130EF,Bristol City,18 01 04,Recovery,107.288,R13,COMPLIANT
South West,Avonmouth Healthcare Waste Incinerator and Transfer Facility - EPR/VP3130EF,Bristol City,18 01 03*,Incineration,0.127,D10,COMPLIANT
South West,Avonmouth Healthcare Waste Incinerator and Transfer Facility - EPR/VP3130EF,Bristol City,18 01 03*,Incineration,0.042,D10,COMPLIANT
South West,Avonmouth Healthcare Waste Incinerator and Transfer Facility - EPR/VP3130EF,Bristol City,18 01 03*,Incineration,0.748,D10,COMPLIANT
South West,Avonmouth Healthcare Waste Incinerator and Transfer Facility - EPR/VP3130EF,Bristol City,18 01 08*,Incineration,0.038,D10,COMPLIANT
South West,Avonmouth Healthcare Waste Incinerator and Transfer Facility - EPR/VP3130EF,Bristol City,18 01 03*,Incineration,0.789,D10,COMPLIANT
South West,Avonmouth Healthcare Waste Incinerator and Transfer Facility - EPR/VP3130EF,Bristol City,18 01 08*,Incineration,0.003,D10,COMPLIANT
South West,Avonmouth Healthcare Waste Incinerator and Transfer Facility - EPR/VP3130EF,Bristol City,18 01 03*,Incineration,5.805,D10,COMPLIANT
South West,Avonmouth Healthcare Waste Incinerator and Transfer Facility - EPR/VP3130EF,Bristol City,18 01 09,Incineration,0.476,D10,COMPLIANT
South West,Avonmouth Healthcare Waste Incinerator and Transfer Facility - EPR/VP3130EF,Bristol City,18 01 03*,Incineration,1.939,D10,COMPLIANT
South West,Avonmouth Healthcare Waste Incinerator and Transfer Facility - EPR/VP3130EF,Bristol City,18 01 09,Incineration,0.146,D10,COMPLIANT
South West,Avonmouth Healthcare Waste Incinerator and Transfer Facility - EPR/VP3130EF,Bristol City,18 01 04,Recovery,2.011,R13,COMPLIANT
South West,Avonmouth Healthcare Waste Incinerator and Transfer Facility - EPR/VP3130EF,Bristol City,18 01 04,Recovery,0.699,R13,COMPLIANT
South West,Avonmouth Healthcare Waste Incinerator and Transfer Facility - EPR/VP3130EF,Bristol City,18 01 08*,Incineration,0.259,D10,COMPLIANT
South West,Avonmouth Healthcare Waste Incinerator and Transfer Facility - EPR/VP3130EF,Bristol City,18 01 03*,Incineration,23.117,D10,COMPLIANT
South West,Avonmouth Healthcare Waste Incinerator and Transfer Facility - EPR/VP3130EF,Bristol City,18 01 09,Incineration,0.229,D10,COMPLIANT
South West,Avonmouth Healthcare Waste Incinerator and Transfer Facility - EPR/VP3130EF,Bristol City,18 01 08*,Incineration,0.074,D10,COMPLIANT
South West,Avonmouth Healthcare Waste Incinerator and Transfer Facility - EPR/VP3130EF,Bristol City,18 01 03*,Incineration,6.469,D10,COMPLIANT
South West,Avonmouth Healthcare Waste Incinerator and Transfer Facility - EPR/VP3130EF,Bristol City,18 01 09,Incineration,0.061,D10,COMPLIANT
South West,Avonmouth Healthcare Waste Incinerator and Transfer Facility - EPR/VP3130EF,Bristol City,18 01 04,Recovery,11.576,R13,COMPLIANT
South West,Avonmouth Healthcare Waste Incinerator and Transfer Facility - EPR/VP3130EF,Bristol City,18 01 04,Recovery,3.5,R13,COMPLIANT
South West,Avonmouth Healthcare Waste Incinerator and Transfer Facility - EPR/VP3130EF,Bristol City,18 01 06*,Incineration,0.048,D10,COMPLIANT
South West,Avonmouth Healthcare Waste Incinerator and Transfer Facility - EPR/VP3130EF,Bristol City,18 01 08*,Incineration,0.042,D10,COMPLIANT
South West,Avonmouth Healthcare Waste Incinerator and Transfer Facility - EPR/VP3130EF,Bristol City,18 01 03*,Incineration,25.357,D10,COMPLIANT
South West,Avonmouth Healthcare Waste Incinerator and Transfer Facility - EPR/VP3130EF,Bristol City,18 01 09,Incineration,0.3,D10,COMPLIANT
South West,Avonmouth Healthcare Waste Incinerator and Transfer Facility - EPR/VP3130EF,Bristol City,18 01 08*,Incineration,0.006,D10,COMPLIANT
South West,Avonmouth Healthcare Waste Incinerator and Transfer Facility - EPR/VP3130EF,Bristol City,18 01 03*,Incineration,4.246,D10,COMPLIANT
South West,Avonmouth Healthcare Waste Incinerator and Transfer Facility - EPR/VP3130EF,Bristol City,18 01 09,Incineration,0.014,D10,COMPLIANT
South West,Avonmouth Healthcare Waste Incinerator and Transfer Facility - EPR/VP3130EF,Bristol City,18 01 04,Recovery,7.377,R13,COMPLIANT
South West,Avonmouth Healthcare Waste Incinerator and Transfer Facility - EPR/VP3130EF,Bristol City,18 01 04,Recovery,1.075,R13,COMPLIANT
South West,Avonmouth Healthcare Waste Incinerator and Transfer Facility - EPR/VP3130EF,Bristol City,18 01 08*,Incineration,4.215,D10,COMPLIANT
South West,Avonmouth Healthcare Waste Incinerator and Transfer Facility - EPR/VP3130EF,Bristol City,18 01 03*,Incineration,167.499,D10,COMPLIANT
South West,Avonmouth Healthcare Waste Incinerator and Transfer Facility - EPR/VP3130EF,Bristol City,18 01 09,Incineration,1.819,D10,COMPLIANT
South West,Avonmouth Healthcare Waste Incinerator and Transfer Facility - EPR/VP3130EF,Bristol City,18 01 08*,Incineration,1.453,D10,COMPLIANT
South West,Avonmouth Healthcare Waste Incinerator and Transfer Facility - EPR/VP3130EF,Bristol City,18 01 03*,Incineration,53.509,D10,COMPLIANT
South West,Avonmouth Healthcare Waste Incinerator and Transfer Facility - EPR/VP3130EF,Bristol City,18 01 09,Incineration,0.659,D10,COMPLIANT
South West,Avonmouth Healthcare Waste Incinerator and Transfer Facility - EPR/VP3130EF,Bristol City,18 01 03*,Recovery,1.048,R13,COMPLIANT
South West,Avonmouth Healthcare Waste Incinerator and Transfer Facility - EPR/VP3130EF,Bristol City,18 01 04,Recovery,42.894,R13,COMPLIANT
South West,Avonmouth Healthcare Waste Incinerator and Transfer Facility - EPR/VP3130EF,Bristol City,18 01 04,Recovery,15.808,R13,COMPLIANT
South West,Avonmouth Healthcare Waste Incinerator and Transfer Facility - EPR/VP3130EF,Bristol City,18 01 08*,Incineration,0.007,D10,COMPLIANT
South West,Avonmouth Healthcare Waste Incinerator and Transfer Facility - EPR/VP3130EF,Bristol City,18 01 03*,Incineration,15.673,D10,COMPLIANT
South West,Avonmouth Healthcare Waste Incinerator and Transfer Facility - EPR/VP3130EF,Bristol City,18 01 09,Incineration,0.788,D10,COMPLIANT
South West,Avonmouth Healthcare Waste Incinerator and Transfer Facility - EPR/VP3130EF,Bristol City,18 01 03*,Incineration,5.0,D10,COMPLIANT
South West,Avonmouth Healthcare Waste Incinerator and Transfer Facility - EPR/VP3130EF,Bristol City,18 01 09,Incineration,0.308,D10,COMPLIANT
South West,Avonmouth Healthcare Waste Incinerator and Transfer Facility - EPR/VP3130EF,Bristol City,18 01 04,Recovery,25.834,R13,COMPLIANT
South West,Avonmouth Healthcare Waste Incinerator and Transfer Facility - EPR/VP3130EF,Bristol City,18 01 04,Recovery,8.003,R13,COMPLIANT
South West,Avonmouth Healthcare Waste Incinerator and Transfer Facility - EPR/VP3130EF,Bristol City,18 01 08*,Incineration,0.025,D10,COMPLIANT
South West,Avonmouth Healthcare Waste Incinerator and Transfer Facility - EPR/VP3130EF,Bristol City,18 01 03*,Incineration,3.792,D10,COMPLIANT
South West,Avonmouth Healthcare Waste Incinerator and Transfer Facility - EPR/VP3130EF,Bristol City,18 01 09,Incineration,0.105,D10,COMPLIANT
South West,Avonmouth Healthcare Waste Incinerator and Transfer Facility - EPR/VP3130EF,Bristol City,18 01 08*,Incineration,0.009,D10,COMPLIANT
South West,Avonmouth Healthcare Waste Incinerator and Transfer Facility - EPR/VP3130EF,Bristol City,18 01 03*,Incineration,1.102,D10,COMPLIANT
South West,Avonmouth Healthcare Waste Incinerator and Transfer Facility - EPR/VP3130EF,Bristol City,18 01 09,Incineration,0.02,D10,COMPLIANT
South West,Avonmouth Healthcare Waste Incinerator and Transfer Facility - EPR/VP3130EF,Bristol City,18 01 04,Recovery,5.01,R13,COMPLIANT
South West,Avonmouth Healthcare Waste Incinerator and Transfer Facility - EPR/VP3130EF,Bristol City,18 01 04,Recovery,1.431,R13,COMPLIANT
South West,Avonmouth Healthcare Waste Incinerator and Transfer Facility - EPR/VP3130EF,Bristol City,18 01 08*,Incineration,0.152,D10,COMPLIANT
South West,Avonmouth Healthcare Waste Incinerator and Transfer Facility - EPR/VP3130EF,Bristol City,18 01 03*,Incineration,97.78,D10,COMPLIANT
South West,Avonmouth Healthcare Waste Incinerator and Transfer Facility - EPR/VP3130EF,Bristol City,18 01 09,Incineration,1.287,D10,COMPLIANT
South West,Avonmouth Healthcare Waste Incinerator and Transfer Facility - EPR/VP3130EF,Bristol City,18 01 08*,Incineration,0.073,D10,COMPLIANT
South West,Avonmouth Healthcare Waste Incinerator and Transfer Facility - EPR/VP3130EF,Bristol City,18 01 03*,Incineration,51.076,D10,COMPLIANT
South West,Avonmouth Healthcare Waste Incinerator and Transfer Facility - EPR/VP3130EF,Bristol City,18 01 09,Incineration,0.986,D10,COMPLIANT
South West,Avonmouth Healthcare Waste Incinerator and Transfer Facility - EPR/VP3130EF,Bristol City,18 01 04,Recovery,0.254,R13,COMPLIANT
South West,Avonmouth Healthcare Waste Incinerator and Transfer Facility - EPR/VP3130EF,Bristol City,18 01 04,Recovery,0.115,R13,COMPLIANT
South West,Avonmouth Healthcare Waste Incinerator and Transfer Facility - EPR/VP3130EF,Bristol City,18 01 03*,Incineration,0.059,D10,COMPLIANT
South West,Avonmouth Healthcare Waste Incinerator and Transfer Facility - EPR/VP3130EF,Bristol City,18 01 04,Recovery,0.145,R13,COMPLIANT
South West,Avonmouth Healthcare Waste Incinerator and Transfer Facility - EPR/VP3130EF,Bristol City,18 01 09,Incineration,0.463,D10,COMPLIANT
South West,Avonmouth Healthcare Waste Incinerator and Transfer Facility - EPR/VP3130EF,Bristol City,18 01 09,Incineration,0.279,D10,COMPLIANT
South West,Avonmouth Healthcare Waste Incinerator and Transfer Facility - EPR/VP3130EF,Bristol City,18 01 03*,Incineration,4.248,D10,COMPLIANT
South West,Avonmouth Healthcare Waste Incinerator and Transfer Facility - EPR/VP3130EF,Bristol City,18 01 03*,Incineration,0.235,D10,COMPLIANT
South West,Avonmouth Healthcare Waste Incinerator and Transfer Facility - EPR/VP3130EF,Bristol City,18 01 03*,Incineration,0.296,D10,COMPLIANT
South West,Avonmouth Healthcare Waste Incinerator and Transfer Facility - EPR/VP3130EF,Bristol City,18 01 04,Incineration,0.132,D10,COMPLIANT
South West,Avonmouth Healthcare Waste Incinerator and Transfer Facility - EPR/VP3130EF,Bristol City,18 01 08*,Incineration,0.054,D10,COMPLIANT
South West,Avonmouth Healthcare Waste Incinerator and Transfer Facility - EPR/VP3130EF,Bristol City,18 01 03*,Incineration,2.518,D10,COMPLIANT
South West,Avonmouth Healthcare Waste Incinerator and Transfer Facility - EPR/VP3130EF,Bristol City,18 01 09,Incineration,0.254,D10,COMPLIANT
South West,Avonmouth Healthcare Waste Incinerator and Transfer Facility - EPR/VP3130EF,Bristol City,18 01 04,Incineration,0.207,D10,COMPLIANT
South West,Avonmouth Healthcare Waste Incinerator and Transfer Facility - EPR/VP3130EF,Bristol City,18 01 08*,Incineration,0.176,D10,COMPLIANT
South West,Avonmouth Healthcare Waste Incinerator and Transfer Facility - EPR/VP3130EF,Bristol City,18 01 03*,Incineration,1.972,D10,COMPLIANT
South West,Avonmouth Healthcare Waste Incinerator and Transfer Facility - EPR/VP3130EF,Bristol City,18 01 04,Recovery,2.889,R13,COMPLIANT
South West,Avonmouth Healthcare Waste Incinerator and Transfer Facility - EPR/VP3130EF,Bristol City,18 01 04,Recovery,0.879,R13,COMPLIANT
South West,Avonmouth Healthcare Waste Incinerator and Transfer Facility - EPR/VP3130EF,Bristol City,18 01 03*,Incineration,0.321,D10,COMPLIANT
South West,Avonmouth Healthcare Waste Incinerator and Transfer Facility - EPR/VP3130EF,Bristol City,18 01 03*,Incineration,0.238,D10,COMPLIANT
South West,Avonmouth Healthcare Waste Incinerator and Transfer Facility - EPR/VP3130EF,Bristol City,18 01 03*,Incineration,0.327,D10,COMPLIANT
South West,Avonmouth Healthcare Waste Incinerator and Transfer Facility - EPR/VP3130EF,Bristol City,18 01 09,Incineration,0.014,D10,COMPLIANT
South West,Avonmouth Healthcare Waste Incinerator and Transfer Facility - EPR/VP3130EF,Bristol City,18 01 09,Incineration,0.041,D10,COMPLIANT
South West,Avonmouth Healthcare Waste Incinerator and Transfer Facility - EPR/VP3130EF,Bristol City,18 01 08*,Incineration,0.068,D10,COMPLIANT
South West,Avonmouth Healthcare Waste Incinerator and Transfer Facility - EPR/VP3130EF,Bristol City,18 01 03*,Incineration,1.243,D10,COMPLIANT
South West,Avonmouth Healthcare Waste Incinerator and Transfer Facility - EPR/VP3130EF,Bristol City,18 01 03*,Incineration,2.501,D10,COMPLIANT
South West,Avonmouth Healthcare Waste Incinerator and Transfer Facility - EPR/VP3130EF,Bristol City,18 01 03*,Incineration,1.386,D10,COMPLIANT
South West,Avonmouth Healthcare Waste Incinerator and Transfer Facility - EPR/VP3130EF,Bristol City,18 01 04,Recovery,0.139,R13,COMPLIANT
South West,Avonmouth Healthcare Waste Incinerator and Transfer Facility - EPR/VP3130EF,Bristol City,18 01 03*,Incineration,0.462,D10,COMPLIANT
South West,Avonmouth Healthcare Waste Incinerator and Transfer Facility - EPR/VP3130EF,Bristol City,18 01 08*,Incineration,0.115,D10,COMPLIANT
South West,Avonmouth Healthcare Waste Incinerator and Transfer Facility - EPR/VP3130EF,Bristol City,18 01 03*,Incineration,10.601,D10,COMPLIANT
South West,Avonmouth Healthcare Waste Incinerator and Transfer Facility - EPR/VP3130EF,Bristol City,18 01 04,Recovery,0.868,R13,COMPLIANT
South West,Avonmouth Healthcare Waste Incinerator and Transfer Facility - EPR/VP3130EF,Bristol City,18 01 03*,Incineration,5.511,D10,COMPLIANT
South West,Avonmouth Healthcare Waste Incinerator and Transfer Facility - EPR/VP3130EF,Bristol City,18 01 09,Incineration,0.535,D10,COMPLIANT
South West,Avonmouth Healthcare Waste Incinerator and Transfer Facility - EPR/VP3130EF,Bristol City,18 01 03*,Incineration,0.595,D10,COMPLIANT
South West,Avonmouth Healthcare Waste Incinerator and Transfer Facility - EPR/VP3130EF,Bristol City,18 01 03*,Incineration,0.095,D10,COMPLIANT
South West,Avonmouth Healthcare Waste Incinerator and Transfer Facility - EPR/VP3130EF,Bristol City,18 01 03*,Incineration,0.121,D10,COMPLIANT
South West,Avonmouth Healthcare Waste Incinerator and Transfer Facility - EPR/VP3130EF,Bristol City,18 01 06*,Incineration,0.26,D10,COMPLIANT
South West,Avonmouth Healthcare Waste Incinerator and Transfer Facility - EPR/VP3130EF,Bristol City,18 01 08*,Incineration,0.221,D10,COMPLIANT
South West,Avonmouth Healthcare Waste Incinerator and Transfer Facility - EPR/VP3130EF,Bristol City,18 01 03*,Incineration,4.753,D10,COMPLIANT
South West,Avonmouth Healthcare Waste Incinerator and Transfer Facility - EPR/VP3130EF,Bristol City,18 01 08*,Incineration,0.067,D10,COMPLIANT
South West,Avonmouth Healthcare Waste Incinerator and Transfer Facility - EPR/VP3130EF,Bristol City,18 01 03*,Incineration,69.237,D10,COMPLIANT
South West,Avonmouth Healthcare Waste Incinerator and Transfer Facility - EPR/VP3130EF,Bristol City,18 01 09,Incineration,1.404,D10,COMPLIANT
South West,Avonmouth Healthcare Waste Incinerator and Transfer Facility - EPR/VP3130EF,Bristol City,18 01 04,Incineration,0.108,D10,COMPLIANT
South West,Avonmouth Healthcare Waste Incinerator and Transfer Facility - EPR/VP3130EF,Bristol City,18 01 08*,Incineration,0.091,D10,COMPLIANT
South West,Avonmouth Healthcare Waste Incinerator and Transfer Facility - EPR/VP3130EF,Bristol City,18 01 03*,Incineration,26.387,D10,COMPLIANT
South West,Avonmouth Healthcare Waste Incinerator and Transfer Facility - EPR/VP3130EF,Bristol City,18 01 09,Incineration,0.507,D10,COMPLIANT
South West,Avonmouth Healthcare Waste Incinerator and Transfer Facility - EPR/VP3130EF,Bristol City,18 01 04,Recovery,93.822,R13,COMPLIANT
South West,Avonmouth Healthcare Waste Incinerator and Transfer Facility - EPR/VP3130EF,Bristol City,18 01 04,Recovery,46.893,R13,COMPLIANT
South West,Avonmouth Healthcare Waste Incinerator and Transfer Facility - EPR/VP3130EF,Bristol City,18 01 03*,Incineration,0.1,D10,COMPLIANT
South West,Avonmouth Healthcare Waste Incinerator and Transfer Facility - EPR/VP3130EF,Bristol City,18 01 03*,Incineration,0.018,D10,COMPLIANT
South West,Avonmouth Healthcare Waste Incinerator and Transfer Facility - EPR/VP3130EF,Bristol City,18 01 08*,Incineration,0.146,D10,COMPLIANT
South West,Avonmouth Healthcare Waste Incinerator and Transfer Facility - EPR/VP3130EF,Bristol City,18 01 03*,Incineration,0.352,D10,COMPLIANT
South West,Avonmouth Healthcare Waste Incinerator and Transfer Facility - EPR/VP3130EF,Bristol City,18 01 09,Incineration,0.133,D10,COMPLIANT
South West,Avonmouth Healthcare Waste Incinerator and Transfer Facility - EPR/VP3130EF,Bristol City,18 01 08*,Incineration,0.006,D10,COMPLIANT
South West,Avonmouth Healthcare Waste Incinerator and Transfer Facility - EPR/VP3130EF,Bristol City,18 01 03*,Incineration,5.277,D10,COMPLIANT
South West,Avonmouth Healthcare Waste Incinerator and Transfer Facility - EPR/VP3130EF,Bristol City,18 01 09,Incineration,0.967,D10,COMPLIANT
South West,Avonmouth Healthcare Waste Incinerator and Transfer Facility - EPR/VP3130EF,Bristol City,18 01 04,Incineration,0.014,D10,COMPLIANT
South West,Avonmouth Healthcare Waste Incinerator and Transfer Facility - EPR/VP3130EF,Bristol City,18 01 08*,Incineration,0.007,D10,COMPLIANT
South West,Avonmouth Healthcare Waste Incinerator and Transfer Facility - EPR/VP3130EF,Bristol City,18 01 03*,Incineration,1.267,D10,COMPLIANT
South West,Avonmouth Healthcare Waste Incinerator and Transfer Facility - EPR/VP3130EF,Bristol City,18 01 09,Incineration,0.156,D10,COMPLIANT
South West,Avonmouth Healthcare Waste Incinerator and Transfer Facility - EPR/VP3130EF,Bristol City,18 01 04,Recovery,0.388,R13,COMPLIANT
South West,Avonmouth Healthcare Waste Incinerator and Transfer Facility - EPR/VP3130EF,Bristol City,18 01 04,Recovery,0.142,R13,COMPLIANT
South West,Avonmouth Healthcare Waste Incinerator and Transfer Facility - EPR/VP3130EF,Bristol City,18 01 08*,Incineration,0.001,D10,COMPLIANT
South West,Avonmouth Healthcare Waste Incinerator and Transfer Facility - EPR/VP3130EF,Bristol City,18 01 03*,Incineration,0.339,D10,COMPLIANT
South West,Avonmouth Healthcare Waste Incinerator and Transfer Facility - EPR/VP3130EF,Bristol City,18 01 09,Incineration,0.183,D10,COMPLIANT
South West,Avonmouth Healthcare Waste Incinerator and Transfer Facility - EPR/VP3130EF,Bristol City,18 01 03*,Incineration,0.114,D10,COMPLIANT
South West,Avonmouth Healthcare Waste Incinerator and Transfer Facility - EPR/VP3130EF,Bristol City,18 01 09,Incineration,0.041,D10,COMPLIANT
South West,Avonmouth Healthcare Waste Incinerator and Transfer Facility - EPR/VP3130EF,Bristol City,18 01 04,Recovery,0.735,R13,COMPLIANT
South West,Avonmouth Healthcare Waste Incinerator and Transfer Facility - EPR/VP3130EF,Bristol City,18 01 04,Recovery,0.234,R13,COMPLIANT
South West,Avonmouth Healthcare Waste Incinerator and Transfer Facility - EPR/VP3130EF,Bristol City,18 01 08*,Incineration,0.088,D10,COMPLIANT
South West,Avonmouth Healthcare Waste Incinerator and Transfer Facility - EPR/VP3130EF,Bristol City,18 01 03*,Incineration,14.35,D10,COMPLIANT
South West,Avonmouth Healthcare Waste Incinerator and Transfer Facility - EPR/VP3130EF,Bristol City,18 01 09,Incineration,0.962,D10,COMPLIANT
South West,Avonmouth Healthcare Waste Incinerator and Transfer Facility - EPR/VP3130EF,Bristol City,18 01 04,Incineration,0.054,D10,COMPLIANT
South West,Avonmouth Healthcare Waste Incinerator and Transfer Facility - EPR/VP3130EF,Bristol City,18 01 08*,Incineration,0.025,D10,COMPLIANT
South West,Avonmouth Healthcare Waste Incinerator and Transfer Facility - EPR/VP3130EF,Bristol City,18 01 03*,Incineration,4.301,D10,COMPLIANT
South West,Avonmouth Healthcare Waste Incinerator and Transfer Facility - EPR/VP3130EF,Bristol City,18 01 09,Incineration,0.454,D10,COMPLIANT
South West,Avonmouth Healthcare Waste Incinerator and Transfer Facility - EPR/VP3130EF,Bristol City,18 01 10*,Recovery,0.022,R13,COMPLIANT
South West,Avonmouth Healthcare Waste Incinerator and Transfer Facility - EPR/VP3130EF,Bristol City,18 01 04,Recovery,2.906,R13,COMPLIANT
South West,Avonmouth Healthcare Waste Incinerator and Transfer Facility - EPR/VP3130EF,Bristol City,18 01 04,Recovery,0.954,R13,COMPLIANT
South West,Avonmouth Healthcare Waste Incinerator and Transfer Facility - EPR/VP3130EF,Bristol City,18 01 08*,Incineration,0.003,D10,COMPLIANT
South West,Avonmouth Healthcare Waste Incinerator and Transfer Facility - EPR/VP3130EF,Bristol City,18 01 03*,Incineration,1.467,D10,COMPLIANT
South West,Avonmouth Healthcare Waste Incinerator and Transfer Facility - EPR/VP3130EF,Bristol City,18 01 09,Incineration,0.155,D10,COMPLIANT
South West,Avonmouth Healthcare Waste Incinerator and Transfer Facility - EPR/VP3130EF,Bristol City,18 01 03*,Incineration,0.497,D10,COMPLIANT
South West,Avonmouth Healthcare Waste Incinerator and Transfer Facility - EPR/VP3130EF,Bristol City,18 01 09,Incineration,0.027,D10,COMPLIANT
South West,Avonmouth Healthcare Waste Incinerator and Transfer Facility - EPR/VP3130EF,Bristol City,18 01 04,Recovery,6.266,R13,COMPLIANT
South West,Avonmouth Healthcare Waste Incinerator and Transfer Facility - EPR/VP3130EF,Bristol City,18 01 04,Recovery,1.796,R13,COMPLIANT
South West,Avonmouth Healthcare Waste Incinerator and Transfer Facility - EPR/VP3130EF,Bristol City,18 01 03*,Incineration,1.975,D10,COMPLIANT
South West,Avonmouth Healthcare Waste Incinerator and Transfer Facility - EPR/VP3130EF,Bristol City,18 01 09,Incineration,0.286,D10,COMPLIANT
South West,Avonmouth Healthcare Waste Incinerator and Transfer Facility - EPR/VP3130EF,Bristol City,18 01 04,Incineration,0.014,D10,COMPLIANT
South West,Avonmouth Healthcare Waste Incinerator and Transfer Facility - EPR/VP3130EF,Bristol City,18 01 03*,Incineration,0.853,D10,COMPLIANT
South West,Avonmouth Healthcare Waste Incinerator and Transfer Facility - EPR/VP3130EF,Bristol City,18 01 04,Incineration,0.009,D10,COMPLIANT
South West,Avonmouth Healthcare Waste Incinerator and Transfer Facility - EPR/VP3130EF,Bristol City,18 01 03*,Incineration,0.258,D10,COMPLIANT
South West,Avonmouth Healthcare Waste Incinerator and Transfer Facility - EPR/VP3130EF,Bristol City,18 01 06*,Incineration,0.428,D10,COMPLIANT
South West,Avonmouth Healthcare Waste Incinerator and Transfer Facility - EPR/VP3130EF,Bristol City,18 01 03*,Incineration,79.506,D10,COMPLIANT
South West,Avonmouth Healthcare Waste Incinerator and Transfer Facility - EPR/VP3130EF,Bristol City,18 01 09,Incineration,1.384,D10,COMPLIANT
South West,Avonmouth Healthcare Waste Incinerator and Transfer Facility - EPR/VP3130EF,Bristol City,18 01 04,Incineration,0.023,D10,COMPLIANT
South West,Avonmouth Healthcare Waste Incinerator and Transfer Facility - EPR/VP3130EF,Bristol City,18 01 06*,Incineration,0.088,D10,COMPLIANT
South West,Avonmouth Healthcare Waste Incinerator and Transfer Facility - EPR/VP3130EF,Bristol City,18 01 08*,Incineration,0.008,D10,COMPLIANT
South West,Avonmouth Healthcare Waste Incinerator and Transfer Facility - EPR/VP3130EF,Bristol City,18 01 03*,Incineration,27.161,D10,COMPLIANT
South West,Avonmouth Healthcare Waste Incinerator and Transfer Facility - EPR/VP3130EF,Bristol City,18 01 09,Incineration,0.418,D10,COMPLIANT
South West,Avonmouth Healthcare Waste Incinerator and Transfer Facility - EPR/VP3130EF,Bristol City,18 01 04,Incineration,0.014,D10,COMPLIANT
South West,Avonmouth Healthcare Waste Incinerator and Transfer Facility - EPR/VP3130EF,Bristol City,18 01 10*,Recovery,0.022,R13,COMPLIANT
South West,Avonmouth Healthcare Waste Incinerator and Transfer Facility - EPR/VP3130EF,Bristol City,18 01 04,Recovery,35.384,R13,COMPLIANT
South West,Avonmouth Healthcare Waste Incinerator and Transfer Facility - EPR/VP3130EF,Bristol City,18 01 10*,Recovery,0.028,R13,COMPLIANT
South West,Avonmouth Healthcare Waste Incinerator and Transfer Facility - EPR/VP3130EF,Bristol City,18 01 04,Recovery,13.249,R13,COMPLIANT
South West,Avonmouth Healthcare Waste Incinerator and Transfer Facility - EPR/VP3130EF,Bristol City,18 01 08*,Incineration,1.368,D10,COMPLIANT
South West,Avonmouth Healthcare Waste Incinerator and Transfer Facility - EPR/VP3130EF,Bristol City,18 01 03*,Incineration,13.282,D10,COMPLIANT
South West,Avonmouth Healthcare Waste Incinerator and Transfer Facility - EPR/VP3130EF,Bristol City,18 01 09,Incineration,0.245,D10,COMPLIANT
South West,Avonmouth Healthcare Waste Incinerator and Transfer Facility - EPR/VP3130EF,Bristol City,18 01 03*,Incineration,0.122,D10,COMPLIANT
South West,Avonmouth Healthcare Waste Incinerator and Transfer Facility - EPR/VP3130EF,Bristol City,18 01 04,Recovery,2.084,R13,COMPLIANT
South West,Avonmouth Healthcare Waste Incinerator and Transfer Facility - EPR/VP3130EF,Bristol City,18 01 03*,Incineration,4.3,D10,COMPLIANT
South West,Avonmouth Healthcare Waste Incinerator and Transfer Facility - EPR/VP3130EF,Bristol City,18 01 09,Incineration,0.035,D10,COMPLIANT
South West,Avonmouth Healthcare Waste Incinerator and Transfer Facility - EPR/VP3130EF,Bristol City,18 01 03*,Incineration,1.171,D10,COMPLIANT
South West,Avonmouth Healthcare Waste Incinerator and Transfer Facility - EPR/VP3130EF,Bristol City,18 01 04,Recovery,0.154,R13,COMPLIANT
South West,Avonmouth Healthcare Waste Incinerator and Transfer Facility - EPR/VP3130EF,Bristol City,18 01 08*,Incineration,0.035,D10,COMPLIANT
South West,Avonmouth Healthcare Waste Incinerator and Transfer Facility - EPR/VP3130EF,Bristol City,18 01 08*,Incineration,0.068,D10,COMPLIANT
South West,Avonmouth Healthcare Waste Incinerator and Transfer Facility - EPR/VP3130EF,Bristol City,18 01 03*,Incineration,0.287,D10,COMPLIANT
South West,Avonmouth Healthcare Waste Incinerator and Transfer Facility - EPR/VP3130EF,Bristol City,18 01 09,Incineration,0.028,D10,COMPLIANT
South West,Avonmouth Healthcare Waste Incinerator and Transfer Facility - EPR/VP3130EF,Bristol City,18 01 04,Incineration,0.062,D10,COMPLIANT
South West,Avonmouth Healthcare Waste Incinerator and Transfer Facility - EPR/VP3130EF,Bristol City,18 01 03*,Incineration,0.107,D10,COMPLIANT
South West,Avonmouth Healthcare Waste Incinerator and Transfer Facility - EPR/VP3130EF,Bristol City,18 01 08*,Incineration,0.002,D10,COMPLIANT
South West,Avonmouth Healthcare Waste Incinerator and Transfer Facility - EPR/VP3130EF,Bristol City,18 01 03*,Incineration,1.786,D10,COMPLIANT
South West,Avonmouth Healthcare Waste Incinerator and Transfer Facility - EPR/VP3130EF,Bristol City,18 01 09,Incineration,0.94,D10,COMPLIANT
South West,Avonmouth Healthcare Waste Incinerator and Transfer Facility - EPR/VP3130EF,Bristol City,18 01 08*,Incineration,0.008,D10,COMPLIANT
South West,Avonmouth Healthcare Waste Incinerator and Transfer Facility - EPR/VP3130EF,Bristol City,18 01 03*,Incineration,0.76,D10,COMPLIANT
South West,Avonmouth Healthcare Waste Incinerator and Transfer Facility - EPR/VP3130EF,Bristol City,18 01 09,Incineration,0.252,D10,COMPLIANT
South West,Avonmouth Healthcare Waste Incinerator and Transfer Facility - EPR/VP3130EF,Bristol City,18 01 04,Recovery,0.481,R13,COMPLIANT
South West,Avonmouth Healthcare Waste Incinerator and Transfer Facility - EPR/VP3130EF,Bristol City,18 01 04,Recovery,0.203,R13,COMPLIANT
South West,Avonmouth Healthcare Waste Incinerator and Transfer Facility - EPR/VP3130EF,Bristol City,18 01 08*,Incineration,0.05,D10,COMPLIANT
South West,Avonmouth Healthcare Waste Incinerator and Transfer Facility - EPR/VP3130EF,Bristol City,18 01 03*,Incineration,0.418,D10,COMPLIANT
South West,Avonmouth Healthcare Waste Incinerator and Transfer Facility - EPR/VP3130EF,Bristol City,18 01 09,Incineration,0.079,D10,COMPLIANT
South West,Avonmouth Healthcare Waste Incinerator and Transfer Facility - EPR/VP3130EF,Bristol City,18 01 03*,Incineration,0.146,D10,COMPLIANT
South West,Avonmouth Healthcare Waste Incinerator and Transfer Facility - EPR/VP3130EF,Bristol City,18 01 09,Incineration,0.061,D10,COMPLIANT
South West,Avonmouth Healthcare Waste Incinerator and Transfer Facility - EPR/VP3130EF,Bristol City,18 01 08*,Incineration,0.426,D10,COMPLIANT
South West,Avonmouth Healthcare Waste Incinerator and Transfer Facility - EPR/VP3130EF,Bristol City,18 01 03*,Incineration,12.563,D10,COMPLIANT
South West,Avonmouth Healthcare Waste Incinerator and Transfer Facility - EPR/VP3130EF,Bristol City,18 01 07,Incineration,5.841,D10,COMPLIANT
South West,Avonmouth Healthcare Waste Incinerator and Transfer Facility - EPR/VP3130EF,Bristol City,18 01 09,Incineration,0.969,D10,COMPLIANT
South West,Avonmouth Healthcare Waste Incinerator and Transfer Facility - EPR/VP3130EF,Bristol City,18 01 04,Incineration,0.464,D10,COMPLIANT
South West,Avonmouth Healthcare Waste Incinerator and Transfer Facility - EPR/VP3130EF,Bristol City,18 01 08*,Incineration,0.077,D10,COMPLIANT
South West,Avonmouth Healthcare Waste Incinerator and Transfer Facility - EPR/VP3130EF,Bristol City,18 01 03*,Incineration,5.214,D10,COMPLIANT
South West,Avonmouth Healthcare Waste Incinerator and Transfer Facility - EPR/VP3130EF,Bristol City,18 01 07,Incineration,2.175,D10,COMPLIANT
South West,Avonmouth Healthcare Waste Incinerator and Transfer Facility - EPR/VP3130EF,Bristol City,18 01 09,Incineration,0.416,D10,COMPLIANT
South West,Avonmouth Healthcare Waste Incinerator and Transfer Facility - EPR/VP3130EF,Bristol City,18 01 04,Incineration,0.267,D10,COMPLIANT
South West,Avonmouth Healthcare Waste Incinerator and Transfer Facility - EPR/VP3130EF,Bristol City,18 01 04,Recovery,0.384,R13,COMPLIANT
South West,Avonmouth Healthcare Waste Incinerator and Transfer Facility - EPR/VP3130EF,Bristol City,18 01 04,Recovery,0.013,R13,COMPLIANT
South West,Avonmouth Healthcare Waste Incinerator and Transfer Facility - EPR/VP3130EF,Bristol City,18 01 03*,Incineration,3.221,D10,COMPLIANT
South West,Avonmouth Healthcare Waste Incinerator and Transfer Facility - EPR/VP3130EF,Bristol City,18 01 09,Incineration,0.708,D10,COMPLIANT
South West,Avonmouth Healthcare Waste Incinerator and Transfer Facility - EPR/VP3130EF,Bristol City,18 01 03*,Incineration,1.256,D10,COMPLIANT
South West,Avonmouth Healthcare Waste Incinerator and Transfer Facility - EPR/VP3130EF,Bristol City,18 01 09,Incineration,0.375,D10,COMPLIANT
South West,Avonmouth Healthcare Waste Incinerator and Transfer Facility - EPR/VP3130EF,Bristol City,18 01 04,Recovery,0.06,R13,COMPLIANT
South West,Avonmouth Healthcare Waste Incinerator and Transfer Facility - EPR/VP3130EF,Bristol City,18 01 06*,Incineration,0.108,D10,COMPLIANT
South West,Avonmouth Healthcare Waste Incinerator and Transfer Facility - EPR/VP3130EF,Bristol City,18 01 08*,Incineration,16.849,D10,COMPLIANT
South West,Avonmouth Healthcare Waste Incinerator and Transfer Facility - EPR/VP3130EF,Bristol City,18 01 03*,Incineration,234.937,D10,COMPLIANT
South West,Avonmouth Healthcare Waste Incinerator and Transfer Facility - EPR/VP3130EF,Bristol City,18 01 09,Incineration,2.585,D10,COMPLIANT
South West,Avonmouth Healthcare Waste Incinerator and Transfer Facility - EPR/VP3130EF,Bristol City,18 01 04,Incineration,1.796,D10,COMPLIANT
South West,Avonmouth Healthcare Waste Incinerator and Transfer Facility - EPR/VP3130EF,Bristol City,18 01 08*,Incineration,4.008,D10,COMPLIANT
South West,Avonmouth Healthcare Waste Incinerator and Transfer Facility - EPR/VP3130EF,Bristol City,18 01 03*,Incineration,48.773,D10,COMPLIANT
South West,Avonmouth Healthcare Waste Incinerator and Transfer Facility - EPR/VP3130EF,Bristol City,18 01 09,Incineration,0.98,D10,COMPLIANT
South West,Avonmouth Healthcare Waste Incinerator and Transfer Facility - EPR/VP3130EF,Bristol City,18 01 04,Incineration,0.531,D10,COMPLIANT
South West,Avonmouth Healthcare Waste Incinerator and Transfer Facility - EPR/VP3130EF,Bristol City,18 01 04,Recovery,0.392,R13,COMPLIANT
South West,Avonmouth Healthcare Waste Incinerator and Transfer Facility - EPR/VP3130EF,Bristol City,18 01 04,Recovery,0.213,R13,COMPLIANT
South West,Avonmouth Healthcare Waste Incinerator and Transfer Facility - EPR/VP3130EF,Bristol City,18 01 08*,Incineration,2.061,D10,COMPLIANT
South West,Avonmouth Healthcare Waste Incinerator and Transfer Facility - EPR/VP3130EF,Bristol City,18 01 03*,Incineration,35.435,D10,COMPLIANT
South West,Avonmouth Healthcare Waste Incinerator and Transfer Facility - EPR/VP3130EF,Bristol City,18 01 09,Incineration,5.725,D10,COMPLIANT
South West,Avonmouth Healthcare Waste Incinerator and Transfer Facility - EPR/VP3130EF,Bristol City,18 01 04,Incineration,0.599,D10,COMPLIANT
South West,Avonmouth Healthcare Waste Incinerator and Transfer Facility - EPR/VP3130EF,Bristol City,18 01 08*,Incineration,0.433,D10,COMPLIANT
South West,Avonmouth Healthcare Waste Incinerator and Transfer Facility - EPR/VP3130EF,Bristol City,18 01 03*,Incineration,16.756,D10,COMPLIANT
South West,Avonmouth Healthcare Waste Incinerator and Transfer Facility - EPR/VP3130EF,Bristol City,18 01 09,Incineration,2.079,D10,COMPLIANT
South West,Avonmouth Healthcare Waste Incinerator and Transfer Facility - EPR/VP3130EF,Bristol City,18 01 04,Incineration,0.105,D10,COMPLIANT
South West,Avonmouth Healthcare Waste Incinerator and Transfer Facility - EPR/VP3130EF,Bristol City,18 01 08*,Incineration,0.369,D10,COMPLIANT
South West,Avonmouth Healthcare Waste Incinerator and Transfer Facility - EPR/VP3130EF,Bristol City,18 01 03*,Incineration,5.179,D10,COMPLIANT
South West,Avonmouth Healthcare Waste Incinerator and Transfer Facility - EPR/VP3130EF,Bristol City,18 01 09,Incineration,0.575,D10,COMPLIANT
South West,Avonmouth Healthcare Waste Incinerator and Transfer Facility - EPR/VP3130EF,Bristol City,18 01 08*,Incineration,0.116,D10,COMPLIANT
South West,Avonmouth Healthcare Waste Incinerator and Transfer Facility - EPR/VP3130EF,Bristol City,18 01 03*,Incineration,2.613,D10,COMPLIANT
South West,Avonmouth Healthcare Waste Incinerator and Transfer Facility - EPR/VP3130EF,Bristol City,18 01 09,Incineration,0.3,D10,COMPLIANT
South West,Avonmouth Healthcare Waste Incinerator and Transfer Facility - EPR/VP3130EF,Bristol City,18 01 04,Recovery,0.06,R13,COMPLIANT
South West,Avonmouth Healthcare Waste Incinerator and Transfer Facility - EPR/VP3130EF,Bristol City,18 01 08*,Incineration,2.765,D10,COMPLIANT
South West,Avonmouth Healthcare Waste Incinerator and Transfer Facility - EPR/VP3130EF,Bristol City,18 01 03*,Incineration,15.002,D10,COMPLIANT
South West,Avonmouth Healthcare Waste Incinerator and Transfer Facility - EPR/VP3130EF,Bristol City,18 01 09,Incineration,0.957,D10,COMPLIANT
South West,Avonmouth Healthcare Waste Incinerator and Transfer Facility - EPR/VP3130EF,Bristol City,18 01 04,Incineration,0.309,D10,COMPLIANT
South West,Avonmouth Healthcare Waste Incinerator and Transfer Facility - EPR/VP3130EF,Bristol City,18 01 08*,Incineration,0.655,D10,COMPLIANT
South West,Avonmouth Healthcare Waste Incinerator and Transfer Facility - EPR/VP3130EF,Bristol City,18 01 03*,Incineration,7.064,D10,COMPLIANT
South West,Avonmouth Healthcare Waste Incinerator and Transfer Facility - EPR/VP3130EF,Bristol City,18 01 09,Incineration,0.352,D10,COMPLIANT
South West,Avonmouth Healthcare Waste Incinerator and Transfer Facility - EPR/VP3130EF,Bristol City,18 01 04,Incineration,0.293,D10,COMPLIANT
South West,Avonmouth Healthcare Waste Incinerator and Transfer Facility - EPR/VP3130EF,Bristol City,18 01 04,Recovery,0.117,R13,COMPLIANT
South West,Avonmouth Healthcare Waste Incinerator and Transfer Facility - EPR/VP3130EF,Bristol City,18 01 04,Recovery,0.049,R13,COMPLIANT
South West,Avonmouth Healthcare Waste Incinerator and Transfer Facility - EPR/VP3130EF,Bristol City,18 01 03*,Incineration,11.331,D10,COMPLIANT
South West,Avonmouth Healthcare Waste Incinerator and Transfer Facility - EPR/VP3130EF,Bristol City,18 01 03*,Incineration,4.215,D10,COMPLIANT
South West,Avonmouth Healthcare Waste Incinerator and Transfer Facility - EPR/VP3130EF,Bristol City,18 01 04,Recovery,0.056,R13,COMPLIANT
South West,Avonmouth Healthcare Waste Incinerator and Transfer Facility - EPR/VP3130EF,Bristol City,18 01 08*,Incineration,0.231,D10,COMPLIANT
South West,Avonmouth Healthcare Waste Incinerator and Transfer Facility - EPR/VP3130EF,Bristol City,18 01 03*,Incineration,3.664,D10,COMPLIANT
South West,Avonmouth Healthcare Waste Incinerator and Transfer Facility - EPR/VP3130EF,Bristol City,18 01 09,Incineration,0.371,D10,COMPLIANT
South West,Avonmouth Healthcare Waste Incinerator and Transfer Facility - EPR/VP3130EF,Bristol City,18 01 08*,Incineration,0.048,D10,COMPLIANT
South West,Avonmouth Healthcare Waste Incinerator and Transfer Facility - EPR/VP3130EF,Bristol City,18 01 03*,Incineration,1.61,D10,COMPLIANT
South West,Avonmouth Healthcare Waste Incinerator and Transfer Facility - EPR/VP3130EF,Bristol City,18 01 09,Incineration,0.212,D10,COMPLIANT
South West,Avonmouth Healthcare Waste Incinerator and Transfer Facility - EPR/VP3130EF,Bristol City,18 01 08*,Incineration,1.431,D10,COMPLIANT
South West,Avonmouth Healthcare Waste Incinerator and Transfer Facility - EPR/VP3130EF,Bristol City,18 01 03*,Incineration,90.81,D10,COMPLIANT
South West,Avonmouth Healthcare Waste Incinerator and Transfer Facility - EPR/VP3130EF,Bristol City,18 01 09,Incineration,2.38,D10,COMPLIANT
South West,Avonmouth Healthcare Waste Incinerator and Transfer Facility - EPR/VP3130EF,Bristol City,18 01 08*,Incineration,0.548,D10,COMPLIANT
South West,Avonmouth Healthcare Waste Incinerator and Transfer Facility - EPR/VP3130EF,Bristol City,18 01 03*,Incineration,35.176,D10,COMPLIANT
South West,Avonmouth Healthcare Waste Incinerator and Transfer Facility - EPR/VP3130EF,Bristol City,18 01 09,Incineration,1.01,D10,COMPLIANT
South West,Avonmouth Healthcare Waste Incinerator and Transfer Facility - EPR/VP3130EF,Bristol City,18 01 04,Recovery,0.221,R13,COMPLIANT
South West,Avonmouth Healthcare Waste Incinerator and Transfer Facility - EPR/VP3130EF,Bristol City,18 01 08*,Incineration,2.035,D10,COMPLIANT
South West,Avonmouth Healthcare Waste Incinerator and Transfer Facility - EPR/VP3130EF,Bristol City,18 01 03*,Incineration,9.691,D10,COMPLIANT
South West,Avonmouth Healthcare Waste Incinerator and Transfer Facility - EPR/VP3130EF,Bristol City,18 01 09,Incineration,1.071,D10,COMPLIANT
South West,Avonmouth Healthcare Waste Incinerator and Transfer Facility - EPR/VP3130EF,Bristol City,18 01 08*,Incineration,0.434,D10,COMPLIANT
South West,Avonmouth Healthcare Waste Incinerator and Transfer Facility - EPR/VP3130EF,Bristol City,18 01 03*,Incineration,4.558,D10,COMPLIANT
South West,Avonmouth Healthcare Waste Incinerator and Transfer Facility - EPR/VP3130EF,Bristol City,18 01 09,Incineration,0.421,D10,COMPLIANT
South West,Avonmouth Healthcare Waste Incinerator and Transfer Facility - EPR/VP3130EF,Bristol City,18 01 08*,Incineration,2.217,D10,COMPLIANT
South West,Avonmouth Healthcare Waste Incinerator and Transfer Facility - EPR/VP3130EF,Bristol City,18 01 03*,Incineration,31.662,D10,COMPLIANT
South West,Avonmouth Healthcare Waste Incinerator and Transfer Facility - EPR/VP3130EF,Bristol City,18 01 09,Incineration,10.4,D10,COMPLIANT
South West,Avonmouth Healthcare Waste Incinerator and Transfer Facility - EPR/VP3130EF,Bristol City,18 01 04,Incineration,1.269,D10,COMPLIANT
South West,Avonmouth Healthcare Waste Incinerator and Transfer Facility - EPR/VP3130EF,Bristol City,18 01 08*,Incineration,0.567,D10,COMPLIANT
South West,Avonmouth Healthcare Waste Incinerator and Transfer Facility - EPR/VP3130EF,Bristol City,18 01 03*,Incineration,15.775,D10,COMPLIANT
South West,Avonmouth Healthcare Waste Incinerator and Transfer Facility - EPR/VP3130EF,Bristol City,18 01 09,Incineration,2.37,D10,COMPLIANT
South West,Avonmouth Healthcare Waste Incinerator and Transfer Facility - EPR/VP3130EF,Bristol City,18 01 04,Incineration,0.324,D10,COMPLIANT
South West,Avonmouth Healthcare Waste Incinerator and Transfer Facility - EPR/VP3130EF,Bristol City,18 01 01,Recovery,3.257,R13,COMPLIANT
South West,Avonmouth Healthcare Waste Incinerator and Transfer Facility - EPR/VP3130EF,Bristol City,18 01 04,Recovery,2.935,R13,COMPLIANT
South West,Avonmouth Healthcare Waste Incinerator and Transfer Facility - EPR/VP3130EF,Bristol City,18 01 01,Recovery,1.667,R13,COMPLIANT
South West,Avonmouth Healthcare Waste Incinerator and Transfer Facility - EPR/VP3130EF,Bristol City,18 01 08*,Incineration,1.744,D10,COMPLIANT
South West,Avonmouth Healthcare Waste Incinerator and Transfer Facility - EPR/VP3130EF,Bristol City,18 01 03*,Incineration,131.316,D10,COMPLIANT
South West,Avonmouth Healthcare Waste Incinerator and Transfer Facility - EPR/VP3130EF,Bristol City,18 01 09,Incineration,5.618,D10,COMPLIANT
South West,Avonmouth Healthcare Waste Incinerator and Transfer Facility - EPR/VP3130EF,Bristol City,18 01 08*,Incineration,0.394,D10,COMPLIANT
South West,Avonmouth Healthcare Waste Incinerator and Transfer Facility - EPR/VP3130EF,Bristol City,18 01 03*,Incineration,69.135,D10,COMPLIANT
South West,Avonmouth Healthcare Waste Incinerator and Transfer Facility - EPR/VP3130EF,Bristol City,18 01 09,Incineration,1.673,D10,COMPLIANT
South West,Avonmouth Healthcare Waste Incinerator and Transfer Facility - EPR/VP3130EF,Bristol City,18 01 04,Recovery,5.238,R13,COMPLIANT
South West,Avonmouth Healthcare Waste Incinerator and Transfer Facility - EPR/VP3130EF,Bristol City,18 01 04,Recovery,2.14,R13,COMPLIANT
South West,Avonmouth Healthcare Waste Incinerator and Transfer Facility - EPR/VP3130EF,Bristol City,18 01 08*,Incineration,1.442,D10,COMPLIANT
South West,Avonmouth Healthcare Waste Incinerator and Transfer Facility - EPR/VP3130EF,Bristol City,18 01 03*,Incineration,23.441,D10,COMPLIANT
South West,Avonmouth Healthcare Waste Incinerator and Transfer Facility - EPR/VP3130EF,Bristol City,18 01 09,Incineration,2.261,D10,COMPLIANT
South West,Avonmouth Healthcare Waste Incinerator and Transfer Facility - EPR/VP3130EF,Bristol City,18 01 08*,Incineration,1.307,D10,COMPLIANT
South West,Avonmouth Healthcare Waste Incinerator and Transfer Facility - EPR/VP3130EF,Bristol City,18 01 03*,Incineration,9.623,D10,COMPLIANT
South West,Avonmouth Healthcare Waste Incinerator and Transfer Facility - EPR/VP3130EF,Bristol City,18 01 09,Incineration,0.362,D10,COMPLIANT
South West,Avonmouth Healthcare Waste Incinerator and Transfer Facility - EPR/VP3130EF,Bristol City,18 01 04,Recovery,0.457,R13,COMPLIANT
South West,Avonmouth Healthcare Waste Incinerator and Transfer Facility - EPR/VP3130EF,Bristol City,18 01 08*,Incineration,20.379,D10,COMPLIANT
South West,Avonmouth Healthcare Waste Incinerator and Transfer Facility - EPR/VP3130EF,Bristol City,18 01 03*,Incineration,239.176,D10,COMPLIANT
South West,Avonmouth Healthcare Waste Incinerator and Transfer Facility - EPR/VP3130EF,Bristol City,18 01 09,Incineration,9.11,D10,COMPLIANT
South West,Avonmouth Healthcare Waste Incinerator and Transfer Facility - EPR/VP3130EF,Bristol City,18 01 04,Incineration,4.395,D10,COMPLIANT
South West,Avonmouth Healthcare Waste Incinerator and Transfer Facility - EPR/VP3130EF,Bristol City,18 01 08*,Incineration,15.582,D10,COMPLIANT
South West,Avonmouth Healthcare Waste Incinerator and Transfer Facility - EPR/VP3130EF,Bristol City,18 01 03*,Incineration,128.685,D10,COMPLIANT
South West,Avonmouth Healthcare Waste Incinerator and Transfer Facility - EPR/VP3130EF,Bristol City,18 01 09,Incineration,4.808,D10,COMPLIANT
South West,Avonmouth Healthcare Waste Incinerator and Transfer Facility - EPR/VP3130EF,Bristol City,18 01 04,Incineration,2.551,D10,COMPLIANT
South West,Avonmouth Healthcare Waste Incinerator and Transfer Facility - EPR/VP3130EF,Bristol City,18 01 04,Recovery,31.089,R13,COMPLIANT
South West,Avonmouth Healthcare Waste Incinerator and Transfer Facility - EPR/VP3130EF,Bristol City,18 01 04,Recovery,14.478,R13,COMPLIANT
South West,Avonmouth Healthcare Waste Incinerator and Transfer Facility - EPR/VP3130EF,Bristol City,18 01 03*,Incineration,0.049,D10,COMPLIANT
South West,Avonmouth Healthcare Waste Incinerator and Transfer Facility - EPR/VP3130EF,Bristol City,18 01 03*,Incineration,0.179,D10,COMPLIANT
South West,Avonmouth Healthcare Waste Incinerator and Transfer Facility - EPR/VP3130EF,Bristol City,18 01 03*,Incineration,0.063,D10,COMPLIANT
South West,Avonmouth Healthcare Waste Incinerator and Transfer Facility - EPR/VP3130EF,Bristol City,18 01 08*,Incineration,0.71,D10,COMPLIANT
South West,Avonmouth Healthcare Waste Incinerator and Transfer Facility - EPR/VP3130EF,Bristol City,18 01 03*,Incineration,13.062,D10,COMPLIANT
South West,Avonmouth Healthcare Waste Incinerator and Transfer Facility - EPR/VP3130EF,Bristol City,18 01 09,Incineration,2.275,D10,COMPLIANT
South West,Avonmouth Healthcare Waste Incinerator and Transfer Facility - EPR/VP3130EF,Bristol City,18 01 04,Incineration,0.167,D10,COMPLIANT
South West,Avonmouth Healthcare Waste Incinerator and Transfer Facility - EPR/VP3130EF,Bristol City,18 01 03*,Incineration,0.076,D10,COMPLIANT
South West,Avonmouth Healthcare Waste Incinerator and Transfer Facility - EPR/VP3130EF,Bristol City,18 01 06*,Incineration,0.194,D10,COMPLIANT
South West,Avonmouth Healthcare Waste Incinerator and Transfer Facility - EPR/VP3130EF,Bristol City,18 01 08*,Incineration,1.102,D10,COMPLIANT
South West,Avonmouth Healthcare Waste Incinerator and Transfer Facility - EPR/VP3130EF,Bristol City,18 01 03*,Incineration,33.477,D10,COMPLIANT
South West,Avonmouth Healthcare Waste Incinerator and Transfer Facility - EPR/VP3130EF,Bristol City,18 01 09,Incineration,8.367,D10,COMPLIANT
South West,Avonmouth Healthcare Waste Incinerator and Transfer Facility - EPR/VP3130EF,Bristol City,18 01 04,Incineration,0.029,D10,COMPLIANT
South West,Avonmouth Healthcare Waste Incinerator and Transfer Facility - EPR/VP3130EF,Bristol City,18 01 04,Recovery,28.68,R13,COMPLIANT
South West,Stoneybridge Park EPR/YP3934SM,Cornwall,18 01 06*,Incineration,1.56,D10,COMPLIANT
South West,Stoneybridge Park EPR/YP3934SM,Cornwall,18 01 08*,Incineration,61.167,D10,COMPLIANT
South West,Stoneybridge Park EPR/YP3934SM,Cornwall,18 01 03*,Incineration,1203.543,D10,COMPLIANT
South West,Stoneybridge Park EPR/YP3934SM,Cornwall,18 01 09,Incineration,138.643,D10,COMPLIANT
South West,Stoneybridge Park EPR/YP3934SM,Cornwall,18 01 04,Incineration,649.939,D10,COMPLIANT
South West,Derriford Incinerator EPR/GP3236AX/T001,Plymouth,18 01 08*,Incineration,29.604,D10,COMPLIANT
South West,Derriford Incinerator EPR/GP3236AX/T001,Plymouth,18 01 03*,Incineration,2642.488,D10,COMPLIANT
South West,Derriford Incinerator EPR/GP3236AX/T001,Plymouth,18 01 09,Incineration,7.885,D10,COMPLIANT
South West,Derriford Incinerator EPR/GP3236AX/T001,Plymouth,18 01 04,Incineration,11.566,D10,COMPLIANT
South West,Severn Road Resource Recovery Centre - Energy from Waste Facility,Bristol City,18 01 04,Incineration,3058.98,R01,COMPLIANT
South West,Severn Road Resource Recovery Centre - Energy from Waste Facility,Bristol City,18 01 04,Incineration,509.72,R01,COMPLIANT
South West,Severn Road Resource Recovery Centre - Energy from Waste Facility,Bristol City,18 01 04,Incineration,515.12,R01,COMPLIANT
South West,Severn Road Resource Recovery Centre - Energy from Waste Facility,Bristol City,18 01 04,Incineration,714.76,R01,COMPLIANT
South West,Severn Road Resource Recovery Centre - Energy from Waste Facility,Bristol City,18 01 04,Incineration,287.36,R01,COMPLIANT
South West,Severn Road Resource Recovery Centre - Energy from Waste Facility,Bristol City,18 01 04,Incineration,4.72,R01,COMPLIANT
South West,Severn Road Resource Recovery Centre - Energy from Waste Facility,Bristol City,18 01 04,Incineration,0.76,R01,COMPLIANT
South West,Walpole Recovery Facility and Landfill Site - EPR/BK6785IE,Somerset,18 01 04,Landfill,797.66,D01.02,COMPLIANT
South West,Walpole Recovery Facility and Landfill Site - EPR/BK6785IE,Somerset,18 01 04,Landfill,121.74,D01.02,COMPLIANT
South West,Walpole Recovery Facility and Landfill Site - EPR/BK6785IE,Somerset,18 01 04,Landfill,13.64,D01.02,COMPLIANT
South West,Walpole Recovery Facility and Landfill Site - EPR/BK6785IE,Somerset,18 01 04,Landfill,44.12,D01.02,COMPLIANT
South West,Lower Compton Landfill EPR/BU5801ID,Wiltshire,18 01 04,Landfill,0.96,D05,COMPLIANT
South West,Lower Compton Landfill EPR/BU5801ID,Wiltshire,18 01 04,Landfill,5.56,D05,COMPLIANT
South West,Lower Compton Landfill EPR/BU5801ID,Wiltshire,18 01 04,Landfill,1098.28,D05,COMPLIANT
South West,Heathfield Landfill EPR/BV7028IP,Devon,18 01 04,Landfill,893.24,D01.02,COMPLIANT
South West,( Initial Washrooms ) Okehampton Service Centre,Devon,18 01 08*,Transfer (D),0.754,D15,COMPLIANT
South West,( Initial Washrooms ) Okehampton Service Centre,Devon,18 01 03*,Transfer (D),204.958,D15,COMPLIANT
South West,( Initial Washrooms ) Okehampton Service Centre,Devon,18 01 09,Transfer (D),3.434,D15,COMPLIANT
South West,( Initial Washrooms ) Okehampton Service Centre,Devon,18 01 04,Transfer (D),415.5,D15,COMPLIANT
South West,"Wastecare, Unit 3 Cornishway East  EPR/AP3894EA",Somerset,18 01 06*,Recovery,0.01,R13,COMPLIANT
South West,"Wastecare, Unit 3 Cornishway East  EPR/AP3894EA",Somerset,18 01 06*,Recovery,0.12,R13,COMPLIANT
South West,"Wastecare, Unit 3 Cornishway East  EPR/AP3894EA",Somerset,18 01 01,Recovery,0.05,R13,COMPLIANT
South West,"Wastecare, Unit 3 Cornishway East  EPR/AP3894EA",Somerset,18 01 06*,Recovery,0.93,R13,COMPLIANT
South West,"Wastecare, Unit 3 Cornishway East  EPR/AP3894EA",Somerset,18 01 08*,Recovery,0.24,R13,COMPLIANT
South West,"Wastecare, Unit 3 Cornishway East  EPR/AP3894EA",Somerset,18 01 09,Recovery,0.84,R13,COMPLIANT
South West,"Wastecare, Unit 3 Cornishway East  EPR/AP3894EA",Somerset,18 01 01,Recovery,0.02,R13,COMPLIANT
South West,"Wastecare, Unit 3 Cornishway East  EPR/AP3894EA",Somerset,18 01 06*,Recovery,1.68,R13,COMPLIANT
South West,"Wastecare, Unit 3 Cornishway East  EPR/AP3894EA",Somerset,18 01 01,Recovery,0.02,R13,COMPLIANT
South West,"Wastecare, Unit 3 Cornishway East  EPR/AP3894EA",Somerset,18 01 09,Recovery,0.31,R13,COMPLIANT
South West,"Wastecare, Unit 3 Cornishway East  EPR/AP3894EA",Somerset,18 01 01,Recovery,0.05,R13,COMPLIANT
South West,"Wastecare, Unit 3 Cornishway East  EPR/AP3894EA",Somerset,18 01 09,Recovery,0.15,R13,COMPLIANT
South West,"Wastecare, Unit 3 Cornishway East  EPR/AP3894EA",Somerset,18 01 01,Recovery,0.09,R13,COMPLIANT
South West,"Wastecare, Unit 3 Cornishway East  EPR/AP3894EA",Somerset,18 01 06*,Recovery,0.22,R13,COMPLIANT
South West,"Wastecare, Unit 3 Cornishway East  EPR/AP3894EA",Somerset,18 01 09,Recovery,0.18,R13,COMPLIANT
South West,"Wastecare, Unit 3 Cornishway East  EPR/AP3894EA",Somerset,18 01 01,Recovery,0.04,R13,COMPLIANT
South West,"Wastecare, Unit 3 Cornishway East  EPR/AP3894EA",Somerset,18 01 06*,Recovery,0.71,R13,COMPLIANT
South West,"Wastecare, Unit 3 Cornishway East  EPR/AP3894EA",Somerset,18 01 06*,Recovery,0.01,R13,COMPLIANT
South West,"Wastecare, Unit 3 Cornishway East  EPR/AP3894EA",Somerset,18 01 07,Recovery,1.01,R13,COMPLIANT
South West,S W M & Waste Recycling Limited,Devon,18 01 09,Recovery,22.18,R13,COMPLIANT
South West,Launceston H W R C And R T S,Cornwall,18 01 04,Recovery,14.58,R13,COMPLIANT
South West,St Erth Household Waste Recycling Centre,Cornwall,18 01 03*,Recovery,5.14,R13,COMPLIANT
South West,St Erth Household Waste Recycling Centre,Cornwall,18 01 04,Recovery,85.56,R13,COMPLIANT
South West,Connon Bridge Transfer Station,Cornwall,18 01 03*,Recovery,11.5,R13,COMPLIANT
South West,Connon Bridge Transfer Station,Cornwall,18 01 04,Recovery,1236.76,R13,COMPLIANT
South West,Torbay Transfer Station,Torbay,18 01 01,Incineration,0.94,D10,COMPLIANT
South West,Bath Destructor Depot Waste Transfer Station,Bath and North East Somerset,18 01 04,Transfer (D),42.81,D15,COMPLIANT
South West,Southwood Waste Transfer Station,Somerset,18 01 04,Recovery,5.4,R05.03,COMPLIANT
South West,Avonmouth Transfer Facility,Bristol City,18 01 04,Recovery,0.52,R13,COMPLIANT
South West,Walpole Waste Transfer Station,Somerset,18 01 04,Recovery,33.62,R13,COMPLIANT
South West,Walpole Waste Transfer Station,Somerset,18 01 04,Recovery,1.9,R13,COMPLIANT
South West,Walpole Waste Transfer Station,Somerset,18 01 04,Recovery,17.48,R13,COMPLIANT
South West,Walpole Waste Transfer Station,Somerset,18 01 04,Recovery,24.92,R13,COMPLIANT
South West,Walpole Waste Transfer Station,Somerset,18 01 04,Recovery,690.65,R13,COMPLIANT
South West,Walpole Waste Transfer Station,Somerset,18 01 04,Recovery,80.78,R13,COMPLIANT
South West,Walpole Waste Transfer Station,Somerset,18 01 04,Recovery,10.06,R13,COMPLIANT
South West,Personnel Hygiene Services Ltd - Exeter,Devon,18 01 08*,Transfer (D),0.16,D15,COMPLIANT
South West,Personnel Hygiene Services Ltd - Exeter,Devon,18 01 03*,Transfer (D),136.8,D15,COMPLIANT
South West,Personnel Hygiene Services Ltd - Exeter,Devon,18 01 09,Transfer (D),80.8,D15,COMPLIANT
South West,Personnel Hygiene Services Ltd - Exeter,Devon,18 01 04,Transfer (D),375.64,D15,COMPLIANT
South West,Bristol Waste Transfer Facility,Bristol City,18 01 10*,Recovery,0.209,R13,COMPLIANT
South West,Bristol Waste Transfer Facility,Bristol City,18 01 10*,Recovery,0.438,R13,COMPLIANT
South West,Bristol Waste Transfer Facility,Bristol City,18 01 04,Recovery,6.505,R13,COMPLIANT
South West,Bristol Waste Transfer Facility,Bristol City,18 01 08*,Transfer (D),0.229,D15,COMPLIANT
South West,Bristol Waste Transfer Facility,Bristol City,18 01 03*,Transfer (D),227.91,D15,COMPLIANT
South West,Bristol Waste Transfer Facility,Bristol City,18 01 02,Transfer (D),0.609,D15,COMPLIANT
South West,Bristol Waste Transfer Facility,Bristol City,18 01 09,Transfer (D),0.724,D15,COMPLIANT
South West,Bristol Waste Transfer Facility,Bristol City,18 01 01,Transfer (D),0.058,D15,COMPLIANT
South West,Bristol Waste Transfer Facility,Bristol City,18 01 04,Transfer (D),678.01,D15,COMPLIANT
South West,P H S Swindon,Swindon,18 01 08*,Transfer (D),0.14,D15,COMPLIANT
South West,P H S Swindon,Swindon,18 01 08*,Transfer (D),1.16,D15,COMPLIANT
South West,P H S Swindon,Swindon,18 01 03*,Transfer (D),5.88,D15,COMPLIANT
South West,P H S Swindon,Swindon,18 01 01,Transfer (D),5.73,D15,COMPLIANT
South West,P H S Swindon,Swindon,18 01 04,Transfer (D),410.33,D15,COMPLIANT
South West,Launceston H W R C And R T S,Cornwall,18 01 04,Recovery,578.9,R13,COMPLIANT
South West,St Erth Household Waste Recycling Centre,Cornwall,18 01 03*,Recovery,12.499999,R13,COMPLIANT
South West,St Erth Household Waste Recycling Centre,Cornwall,18 01 04,Recovery,329.46,R13,COMPLIANT
South West,Chelson Meadow Landfill,Plymouth,18 01 03*,Transfer (D),0.329,D15,COMPLIANT
South West,Yate Waste Transfer Station & Household Waste Recycling Centre,South Gloucestershire,18 01 04,Recovery,3.28,R13,COMPLIANT
South West,Stoneybridge Incinerator,Cornwall,18 01 10*,Recovery,0.095,R13,COMPLIANT
South West,Stoneybridge Incinerator,Cornwall,18 01 04,Recovery,44.92,R13,COMPLIANT
South West,Lean M R F,Cornwall,18 01 04,Transfer (D),773.66,D15,COMPLIANT
South West,Lean M R F,Cornwall,18 01 04,Transfer (D),834.38,D15,COMPLIANT
South West,Vetspeed Ltd,Gloucestershire,18 01 09,Transfer (D),0.062,D15,COMPLIANT
South West,Vetspeed Ltd,Gloucestershire,18 01 03*,Transfer (D),2.554,D15,COMPLIANT
South West,Vetspeed Ltd,Gloucestershire,18 01 04,Transfer (D),7.722,D15,COMPLIANT
South West,Vetspeed Ltd,Gloucestershire,18 01 04,Transfer (D),0.983,D15,COMPLIANT
South West,Vetspeed Ltd,Gloucestershire,18 01 03*,Transfer (D),0.071,D15,COMPLIANT
South West,Vetspeed Ltd,Gloucestershire,18 01 03*,Transfer (D),0.088,D15,COMPLIANT
South West,Vetspeed Ltd,Gloucestershire,18 01 04,Transfer (D),2.7575,D15,COMPLIANT
South West,Vetspeed Ltd,Gloucestershire,18 01 03*,Transfer (D),2.32,D15,COMPLIANT
South West,Vetspeed Ltd,Gloucestershire,18 01 09,Transfer (D),0.6615,D15,COMPLIANT
South West,Vetspeed Ltd,Gloucestershire,18 01 04,Transfer (D),7.321,D15,COMPLIANT
South West,Vetspeed Ltd,Gloucestershire,18 01 03*,Transfer (D),7.392,D15,COMPLIANT
South West,Vetspeed Ltd,Gloucestershire,18 01 03*,Transfer (D),0.945,D15,COMPLIANT
South West,Vetspeed Ltd,Gloucestershire,18 01 04,Transfer (D),0.082,D15,COMPLIANT
South West,Vetspeed Ltd,Gloucestershire,18 01 03*,Transfer (D),0.163,D15,COMPLIANT
South West,Vetspeed Ltd,Gloucestershire,18 01 03*,Transfer (D),0.06,D15,COMPLIANT
South West,Vetspeed Ltd,Gloucestershire,18 01 03*,Transfer (D),18.089,D15,COMPLIANT
South West,Vetspeed Ltd,Gloucestershire,18 01 03*,Transfer (D),0.01,D15,COMPLIANT
South West,Vetspeed Ltd,Gloucestershire,18 01 04,Transfer (D),1.746,D15,COMPLIANT
South West,Vetspeed Ltd,Gloucestershire,18 01 03*,Transfer (D),0.02,D15,COMPLIANT
South West,Vetspeed Ltd,Gloucestershire,18 01 03*,Transfer (D),6.198,D15,COMPLIANT
South West,Vetspeed Ltd,Gloucestershire,18 01 09,Transfer (D),0.462,D15,COMPLIANT
South West,Vetspeed Ltd,Gloucestershire,18 01 04,Transfer (D),3.934,D15,COMPLIANT
South West,Vetspeed Ltd,Gloucestershire,18 01 03*,Transfer (D),5.92,D15,COMPLIANT
South West,Vetspeed Ltd,Gloucestershire,18 01 09,Transfer (D),0.361,D15,COMPLIANT
South West,Vetspeed Ltd,Gloucestershire,18 01 04,Transfer (D),8.981,D15,COMPLIANT
South West,Waterside Park,Swindon,18 01 04,Incineration,31.9,D10,COMPLIANT
South West,Colley Lane,Somerset,18 01 08*,Transfer (D),1.26,D15,COMPLIANT
South West,Colley Lane,Somerset,18 01 03*,Transfer (D),4.56,D15,COMPLIANT
South West,Colley Lane,Somerset,18 01 08*,Transfer (D),1.98,D15,COMPLIANT
South West,Colley Lane,Somerset,18 01 03*,Transfer (D),12.97,D15,COMPLIANT
South West,Bristol Site,South Gloucestershire,18 01 10*,Recovery,0.254,R13,COMPLIANT
South West,Bristol Site,South Gloucestershire,18 01 04,Recovery,0.145,R13,COMPLIANT
South West,Bristol Site,South Gloucestershire,18 01 08*,Transfer (D),0.006,D15,COMPLIANT
South West,Bristol Site,South Gloucestershire,18 01 03*,Transfer (D),30.136,D15,COMPLIANT
South West,Bristol Site,South Gloucestershire,18 01 09,Transfer (D),0.6,D15,COMPLIANT
South West,Bristol Site,South Gloucestershire,18 01 04,Transfer (D),18.24,D15,COMPLIANT
South West,Bristol Site,South Gloucestershire,18 01 04,Transfer (D),41.04,D15,COMPLIANT
South West,Bournemouth Clinical Waste Incinerator,"Bournemouth, Christchurch and Poole",18 01 03*,Transfer (D),148.41,D15,COMPLIANT
South West,Bournemouth Clinical Waste Incinerator,"Bournemouth, Christchurch and Poole",18 01 04,Transfer (D),22.7,D15,COMPLIANT
South West,Professional Hygiene Ltd,Bristol City,18 01 01,Transfer (D),0.001,D15,COMPLIANT
South West,Professional Hygiene Ltd,Bristol City,18 01 10*,Transfer (D),0.0012,D15,COMPLIANT
South West,Professional Hygiene Ltd,Bristol City,18 01 08*,Transfer (D),0.001,D15,COMPLIANT
South West,Professional Hygiene Ltd,Bristol City,18 01 03*,Transfer (D),0.751,D15,COMPLIANT
South West,Professional Hygiene Ltd,Bristol City,18 01 04,Transfer (D),1.271,D15,COMPLIANT
South West,Professional Hygiene Ltd,Bristol City,18 01 01,Transfer (D),0.111,D15,COMPLIANT
South West,Professional Hygiene Ltd,Bristol City,18 01 10*,Transfer (D),0.0502,D15,COMPLIANT
South West,Professional Hygiene Ltd,Bristol City,18 01 08*,Transfer (D),0.5685,D15,COMPLIANT
South West,Professional Hygiene Ltd,Bristol City,18 01 03*,Transfer (D),29.939,D15,COMPLIANT
South West,Professional Hygiene Ltd,Bristol City,18 01 09,Transfer (D),0.072,D15,COMPLIANT
South West,Professional Hygiene Ltd,Bristol City,18 01 04,Transfer (D),52.8675,D15,COMPLIANT
South West,Professional Hygiene Ltd,Bristol City,18 01 01,Transfer (D),0.006,D15,COMPLIANT
South West,Professional Hygiene Ltd,Bristol City,18 01 10*,Transfer (D),0.001,D15,COMPLIANT
South West,Professional Hygiene Ltd,Bristol City,18 01 03*,Transfer (D),0.4965,D15,COMPLIANT
South West,Professional Hygiene Ltd,Bristol City,18 01 04,Transfer (D),0.255,D15,COMPLIANT
South West,Professional Hygiene Ltd,Bristol City,18 01 10*,Transfer (D),0.0005,D15,COMPLIANT
South West,Professional Hygiene Ltd,Bristol City,18 01 08*,Transfer (D),0.003,D15,COMPLIANT
South West,Professional Hygiene Ltd,Bristol City,18 01 03*,Transfer (D),1.6885,D15,COMPLIANT
South West,Professional Hygiene Ltd,Bristol City,18 01 04,Transfer (D),0.6845,D15,COMPLIANT
South West,Professional Hygiene Ltd,Bristol City,18 01 01,Transfer (D),0.224,D15,COMPLIANT
South West,Professional Hygiene Ltd,Bristol City,18 01 10*,Transfer (D),0.0723,D15,COMPLIANT
South West,Professional Hygiene Ltd,Bristol City,18 01 03*,Transfer (D),5.2255,D15,COMPLIANT
South West,Professional Hygiene Ltd,Bristol City,18 01 09,Transfer (D),0.04,D15,COMPLIANT
South West,Professional Hygiene Ltd,Bristol City,18 01 04,Transfer (D),9.0915,D15,COMPLIANT
South West,Professional Hygiene Ltd,Bristol City,18 01 04,Transfer (D),2.34,D15,COMPLIANT
South West,Professional Hygiene Ltd,Bristol City,18 01 10*,Transfer (D),0.0015,D15,COMPLIANT
South West,Professional Hygiene Ltd,Bristol City,18 01 03*,Transfer (D),1.673,D15,COMPLIANT
South West,Professional Hygiene Ltd,Bristol City,18 01 04,Transfer (D),0.49,D15,COMPLIANT
South West,Professional Hygiene Ltd,Bristol City,18 01 01,Transfer (D),0.9695,D15,COMPLIANT
South West,Professional Hygiene Ltd,Bristol City,18 01 10*,Transfer (D),0.1834,D15,COMPLIANT
South West,Professional Hygiene Ltd,Bristol City,18 01 08*,Transfer (D),0.692,D15,COMPLIANT
South West,Professional Hygiene Ltd,Bristol City,18 01 03*,Transfer (D),91.29875,D15,COMPLIANT
South West,Professional Hygiene Ltd,Bristol City,18 01 09,Transfer (D),0.689,D15,COMPLIANT
South West,Professional Hygiene Ltd,Bristol City,18 01 04,Transfer (D),207.0935,D15,COMPLIANT
South West,Professional Hygiene Ltd,Bristol City,18 01 04,Transfer (D),0.494,D15,COMPLIANT
South West,Professional Hygiene Ltd,Bristol City,18 01 10*,Transfer (D),0.002,D15,COMPLIANT
South West,Professional Hygiene Ltd,Bristol City,18 01 03*,Transfer (D),0.4265,D15,COMPLIANT
South West,Professional Hygiene Ltd,Bristol City,18 01 04,Transfer (D),0.0895,D15,COMPLIANT
South West,Professional Hygiene Ltd,Bristol City,18 01 01,Transfer (D),0.002,D15,COMPLIANT
South West,Professional Hygiene Ltd,Bristol City,18 01 01,Transfer (D),0.0105,D15,COMPLIANT
South West,Professional Hygiene Ltd,Bristol City,18 01 03*,Transfer (D),4.5165,D15,COMPLIANT
South West,Professional Hygiene Ltd,Bristol City,18 01 04,Transfer (D),0.1,D15,COMPLIANT
South West,Professional Hygiene Ltd,Bristol City,18 01 10*,Transfer (D),0.0012,D15,COMPLIANT
South West,Professional Hygiene Ltd,Bristol City,18 01 03*,Transfer (D),0.6105,D15,COMPLIANT
South West,Professional Hygiene Ltd,Bristol City,18 01 04,Transfer (D),0.0105,D15,COMPLIANT
South West,Professional Hygiene Ltd,Bristol City,18 01 01,Transfer (D),0.122,D15,COMPLIANT
South West,Professional Hygiene Ltd,Bristol City,18 01 10*,Transfer (D),0.0257,D15,COMPLIANT
South West,Professional Hygiene Ltd,Bristol City,18 01 08*,Transfer (D),0.0185,D15,COMPLIANT
South West,Professional Hygiene Ltd,Bristol City,18 01 03*,Transfer (D),15.7495,D15,COMPLIANT
South West,Professional Hygiene Ltd,Bristol City,18 01 09,Transfer (D),0.019,D15,COMPLIANT
South West,Professional Hygiene Ltd,Bristol City,18 01 04,Transfer (D),100.11,D15,COMPLIANT
South West,Professional Hygiene Ltd,Bristol City,18 01 03*,Transfer (D),0.1615,D15,COMPLIANT
South West,Professional Hygiene Ltd,Bristol City,18 01 01,Transfer (D),0.041,D15,COMPLIANT
South West,Professional Hygiene Ltd,Bristol City,18 01 10*,Transfer (D),0.0254,D15,COMPLIANT
South West,Professional Hygiene Ltd,Bristol City,18 01 08*,Transfer (D),0.001,D15,COMPLIANT
South West,Professional Hygiene Ltd,Bristol City,18 01 03*,Transfer (D),4.7735,D15,COMPLIANT
South West,Professional Hygiene Ltd,Bristol City,18 01 09,Transfer (D),0.0015,D15,COMPLIANT
South West,Professional Hygiene Ltd,Bristol City,18 01 04,Transfer (D),3.6115,D15,COMPLIANT
South West,Professional Hygiene Ltd,Bristol City,18 01 01,Transfer (D),0.103,D15,COMPLIANT
South West,Professional Hygiene Ltd,Bristol City,18 01 10*,Transfer (D),0.0399,D15,COMPLIANT
South West,Professional Hygiene Ltd,Bristol City,18 01 08*,Transfer (D),0.009,D15,COMPLIANT
South West,Professional Hygiene Ltd,Bristol City,18 01 03*,Transfer (D),15.106,D15,COMPLIANT
South West,Professional Hygiene Ltd,Bristol City,18 01 09,Transfer (D),0.0465,D15,COMPLIANT
South West,Professional Hygiene Ltd,Bristol City,18 01 04,Transfer (D),0.8975,D15,COMPLIANT
South West,Professional Hygiene Ltd,Bristol City,18 01 01,Transfer (D),0.087,D15,COMPLIANT
South West,Professional Hygiene Ltd,Bristol City,18 01 10*,Transfer (D),0.0972,D15,COMPLIANT
South West,Professional Hygiene Ltd,Bristol City,18 01 08*,Transfer (D),0.0035,D15,COMPLIANT
South West,Professional Hygiene Ltd,Bristol City,18 01 03*,Transfer (D),11.596,D15,COMPLIANT
South West,Professional Hygiene Ltd,Bristol City,18 01 09,Transfer (D),0.031,D15,COMPLIANT
South West,Professional Hygiene Ltd,Bristol City,18 01 04,Transfer (D),2.7775,D15,COMPLIANT
South West,Professional Hygiene Ltd,Bristol City,18 01 01,Transfer (D),0.065,D15,COMPLIANT
South West,Professional Hygiene Ltd,Bristol City,18 01 10*,Transfer (D),0.006,D15,COMPLIANT
South West,Professional Hygiene Ltd,Bristol City,18 01 03*,Transfer (D),1.204,D15,COMPLIANT
South West,Professional Hygiene Ltd,Bristol City,18 01 04,Transfer (D),0.751,D15,COMPLIANT
South West,Professional Hygiene Ltd,Bristol City,18 01 01,Transfer (D),0.03,D15,COMPLIANT
South West,Professional Hygiene Ltd,Bristol City,18 01 10*,Transfer (D),0.0067,D15,COMPLIANT
South West,Professional Hygiene Ltd,Bristol City,18 01 03*,Transfer (D),18.6875,D15,COMPLIANT
South West,Professional Hygiene Ltd,Bristol City,18 01 09,Transfer (D),0.0075,D15,COMPLIANT
South West,Professional Hygiene Ltd,Bristol City,18 01 04,Transfer (D),0.0835,D15,COMPLIANT
South West,Professional Hygiene Ltd,Bristol City,18 01 01,Transfer (D),0.012,D15,COMPLIANT
South West,Professional Hygiene Ltd,Bristol City,18 01 10*,Transfer (D),0.0108,D15,COMPLIANT
South West,Professional Hygiene Ltd,Bristol City,18 01 03*,Transfer (D),3.653,D15,COMPLIANT
South West,Professional Hygiene Ltd,Bristol City,18 01 09,Transfer (D),0.009,D15,COMPLIANT
South West,Professional Hygiene Ltd,Bristol City,18 01 04,Transfer (D),0.5455,D15,COMPLIANT
South West,Professional Hygiene Ltd,Bristol City,18 01 01,Transfer (D),0.032,D15,COMPLIANT
South West,Professional Hygiene Ltd,Bristol City,18 01 10*,Transfer (D),0.0194,D15,COMPLIANT
South West,Professional Hygiene Ltd,Bristol City,18 01 03*,Transfer (D),10.423,D15,COMPLIANT
South West,Professional Hygiene Ltd,Bristol City,18 01 09,Transfer (D),0.055,D15,COMPLIANT
South West,Professional Hygiene Ltd,Bristol City,18 01 04,Transfer (D),1.0715,D15,COMPLIANT
South West,Professional Hygiene Ltd,Bristol City,18 01 10*,Transfer (D),0.0087,D15,COMPLIANT
South West,Professional Hygiene Ltd,Bristol City,18 01 08*,Transfer (D),0.027,D15,COMPLIANT
South West,Professional Hygiene Ltd,Bristol City,18 01 03*,Transfer (D),2.3625,D15,COMPLIANT
South West,Professional Hygiene Ltd,Bristol City,18 01 09,Transfer (D),0.0015,D15,COMPLIANT
South West,Professional Hygiene Ltd,Bristol City,18 01 04,Transfer (D),0.068,D15,COMPLIANT
South West,Professional Hygiene Ltd,Bristol City,18 01 01,Transfer (D),0.034,D15,COMPLIANT
South West,Professional Hygiene Ltd,Bristol City,18 01 10*,Transfer (D),0.0123,D15,COMPLIANT
South West,Professional Hygiene Ltd,Bristol City,18 01 03*,Transfer (D),3.097,D15,COMPLIANT
South West,Professional Hygiene Ltd,Bristol City,18 01 09,Transfer (D),0.0275,D15,COMPLIANT
South West,Professional Hygiene Ltd,Bristol City,18 01 04,Transfer (D),0.032,D15,COMPLIANT
South West,Professional Hygiene Ltd,Bristol City,18 01 01,Transfer (D),0.0435,D15,COMPLIANT
South West,Professional Hygiene Ltd,Bristol City,18 01 08*,Transfer (D),0.001,D15,COMPLIANT
South West,Professional Hygiene Ltd,Bristol City,18 01 03*,Transfer (D),0.5095,D15,COMPLIANT
South West,Professional Hygiene Ltd,Bristol City,18 01 04,Transfer (D),1.7185,D15,COMPLIANT
South West,Professional Hygiene Ltd,Bristol City,18 01 10*,Transfer (D),0.0005,D15,COMPLIANT
South West,Professional Hygiene Ltd,Bristol City,18 01 03*,Transfer (D),0.7185,D15,COMPLIANT
South West,Professional Hygiene Ltd,Bristol City,18 01 09,Transfer (D),0.0015,D15,COMPLIANT
South West,Professional Hygiene Ltd,Bristol City,18 01 04,Transfer (D),0.0105,D15,COMPLIANT
South West,Professional Hygiene Ltd,Bristol City,18 01 01,Transfer (D),0.001,D15,COMPLIANT
South West,Professional Hygiene Ltd,Bristol City,18 01 10*,Transfer (D),0.006,D15,COMPLIANT
South West,Professional Hygiene Ltd,Bristol City,18 01 03*,Transfer (D),1.019,D15,COMPLIANT
South West,Professional Hygiene Ltd,Bristol City,18 01 09,Transfer (D),0.003,D15,COMPLIANT
South West,Professional Hygiene Ltd,Bristol City,18 01 04,Transfer (D),0.0105,D15,COMPLIANT
South West,Professional Hygiene Ltd,Bristol City,18 01 01,Transfer (D),0.008,D15,COMPLIANT
South West,Professional Hygiene Ltd,Bristol City,18 01 04,Transfer (D),0.005,D15,COMPLIANT
South West,Professional Hygiene Ltd,Bristol City,18 01 03*,Transfer (D),3.1475,D15,COMPLIANT
South West,Professional Hygiene Ltd,Bristol City,18 01 04,Transfer (D),0.6945,D15,COMPLIANT
South West,Professional Hygiene Ltd,Bristol City,18 01 01,Transfer (D),0.017,D15,COMPLIANT
South West,Professional Hygiene Ltd,Bristol City,18 01 10*,Transfer (D),0.0005,D15,COMPLIANT
South West,Professional Hygiene Ltd,Bristol City,18 01 03*,Transfer (D),1.7495,D15,COMPLIANT
South West,Professional Hygiene Ltd,Bristol City,18 01 09,Transfer (D),0.0015,D15,COMPLIANT
South West,Professional Hygiene Ltd,Bristol City,18 01 04,Transfer (D),0.878,D15,COMPLIANT
South West,Professional Hygiene Ltd,Bristol City,18 01 01,Transfer (D),0.013,D15,COMPLIANT
South West,Professional Hygiene Ltd,Bristol City,18 01 03*,Transfer (D),0.2295,D15,COMPLIANT
South West,Professional Hygiene Ltd,Bristol City,18 01 09,Transfer (D),3.7955,D15,COMPLIANT
South West,Professional Hygiene Ltd,Bristol City,18 01 04,Transfer (D),0.081,D15,COMPLIANT
South West,Professional Hygiene Ltd,Bristol City,18 01 01,Transfer (D),0.0065,D15,COMPLIANT
South West,Professional Hygiene Ltd,Bristol City,18 01 04,Transfer (D),0.138,D15,COMPLIANT
South West,Professional Hygiene Ltd,Bristol City,18 01 01,Transfer (D),0.0205,D15,COMPLIANT
South West,Professional Hygiene Ltd,Bristol City,18 01 10*,Transfer (D),0.0086,D15,COMPLIANT
South West,Professional Hygiene Ltd,Bristol City,18 01 03*,Transfer (D),0.9945,D15,COMPLIANT
South West,Professional Hygiene Ltd,Bristol City,18 01 04,Transfer (D),4.069,D15,COMPLIANT
South West,Professional Hygiene Ltd,Bristol City,18 01 01,Transfer (D),0.008,D15,COMPLIANT
South West,Professional Hygiene Ltd,Bristol City,18 01 04,Transfer (D),0.045,D15,COMPLIANT
South West,Professional Hygiene Ltd,Bristol City,18 01 03*,Transfer (D),1.063,D15,COMPLIANT
South West,Professional Hygiene Ltd,Bristol City,18 01 04,Transfer (D),0.0105,D15,COMPLIANT
South West,Professional Hygiene Ltd,Bristol City,18 01 04,Transfer (D),0.235,D15,COMPLIANT
South West,Professional Hygiene Ltd,Bristol City,18 01 04,Transfer (D),0.05,D15,COMPLIANT
South West,Professional Hygiene Ltd,Bristol City,18 01 10*,Transfer (D),0.0111,D15,COMPLIANT
South West,Professional Hygiene Ltd,Bristol City,18 01 03*,Transfer (D),0.415,D15,COMPLIANT
South West,Professional Hygiene Ltd,Bristol City,18 01 04,Transfer (D),0.051,D15,COMPLIANT
South West,Professional Hygiene Ltd,Bristol City,18 01 01,Transfer (D),0.003,D15,COMPLIANT
South West,Professional Hygiene Ltd,Bristol City,18 01 09,Transfer (D),0.004,D15,COMPLIANT
South West,Professional Hygiene Ltd,Bristol City,18 01 04,Transfer (D),0.575,D15,COMPLIANT
South West,Professional Hygiene Ltd,Bristol City,18 01 01,Transfer (D),0.002,D15,COMPLIANT
South West,Professional Hygiene Ltd,Bristol City,18 01 10*,Transfer (D),0.0065,D15,COMPLIANT
South West,Professional Hygiene Ltd,Bristol City,18 01 08*,Transfer (D),0.012,D15,COMPLIANT
South West,Professional Hygiene Ltd,Bristol City,18 01 03*,Transfer (D),7.139,D15,COMPLIANT
South West,Professional Hygiene Ltd,Bristol City,18 01 09,Transfer (D),0.009,D15,COMPLIANT
South West,Professional Hygiene Ltd,Bristol City,18 01 04,Transfer (D),4.089,D15,COMPLIANT
South West,Professional Hygiene Ltd,Bristol City,18 01 01,Transfer (D),0.018,D15,COMPLIANT
South West,Professional Hygiene Ltd,Bristol City,18 01 10*,Transfer (D),0.006,D15,COMPLIANT
South West,Professional Hygiene Ltd,Bristol City,18 01 03*,Transfer (D),3.6541,D15,COMPLIANT
South West,Professional Hygiene Ltd,Bristol City,18 01 09,Transfer (D),0.0195,D15,COMPLIANT
South West,Professional Hygiene Ltd,Bristol City,18 01 04,Transfer (D),0.3935,D15,COMPLIANT
South West,Professional Hygiene Ltd,Bristol City,18 01 10*,Transfer (D),0.0111,D15,COMPLIANT
South West,Professional Hygiene Ltd,Bristol City,18 01 03*,Transfer (D),3.4425,D15,COMPLIANT
South West,Professional Hygiene Ltd,Bristol City,18 01 09,Transfer (D),0.065,D15,COMPLIANT
South West,Professional Hygiene Ltd,Bristol City,18 01 04,Transfer (D),2.363,D15,COMPLIANT
South West,Professional Hygiene Ltd,Bristol City,18 01 10*,Transfer (D),0.0245,D15,COMPLIANT
South West,Professional Hygiene Ltd,Bristol City,18 01 03*,Transfer (D),2.9835,D15,COMPLIANT
South West,Professional Hygiene Ltd,Bristol City,18 01 09,Transfer (D),0.006,D15,COMPLIANT
South West,Professional Hygiene Ltd,Bristol City,18 01 04,Transfer (D),4.1875,D15,COMPLIANT
South West,Professional Hygiene Ltd,Bristol City,18 01 01,Transfer (D),0.008,D15,COMPLIANT
South West,Professional Hygiene Ltd,Bristol City,18 01 10*,Transfer (D),0.0321,D15,COMPLIANT
South West,Professional Hygiene Ltd,Bristol City,18 01 03*,Transfer (D),13.115,D15,COMPLIANT
South West,Professional Hygiene Ltd,Bristol City,18 01 09,Transfer (D),0.0105,D15,COMPLIANT
South West,Professional Hygiene Ltd,Bristol City,18 01 04,Transfer (D),38.9465,D15,COMPLIANT
South West,Professional Hygiene Ltd,Bristol City,18 01 01,Transfer (D),0.0045,D15,COMPLIANT
South West,Professional Hygiene Ltd,Bristol City,18 01 10*,Transfer (D),0.0036,D15,COMPLIANT
South West,Professional Hygiene Ltd,Bristol City,18 01 08*,Transfer (D),0.0075,D15,COMPLIANT
South West,Professional Hygiene Ltd,Bristol City,18 01 03*,Transfer (D),2.071,D15,COMPLIANT
South West,Professional Hygiene Ltd,Bristol City,18 01 09,Transfer (D),0.581,D15,COMPLIANT
South West,Professional Hygiene Ltd,Bristol City,18 01 04,Transfer (D),7.451,D15,COMPLIANT
South West,Professional Hygiene Ltd,Bristol City,18 01 01,Transfer (D),0.012,D15,COMPLIANT
South West,Professional Hygiene Ltd,Bristol City,18 01 03*,Transfer (D),0.3415,D15,COMPLIANT
South West,Professional Hygiene Ltd,Bristol City,18 01 09,Transfer (D),0.003,D15,COMPLIANT
South West,Professional Hygiene Ltd,Bristol City,18 01 04,Transfer (D),0.07,D15,COMPLIANT
South West,Professional Hygiene Ltd,Bristol City,18 01 10*,Transfer (D),0.0005,D15,COMPLIANT
South West,Professional Hygiene Ltd,Bristol City,18 01 03*,Transfer (D),0.533,D15,COMPLIANT
South West,Professional Hygiene Ltd,Bristol City,18 01 04,Transfer (D),0.0085,D15,COMPLIANT
South West,Professional Hygiene Ltd,Bristol City,18 01 10*,Transfer (D),0.0017,D15,COMPLIANT
South West,Professional Hygiene Ltd,Bristol City,18 01 03*,Transfer (D),4.004,D15,COMPLIANT
South West,Professional Hygiene Ltd,Bristol City,18 01 09,Transfer (D),0.003,D15,COMPLIANT
South West,Professional Hygiene Ltd,Bristol City,18 01 04,Transfer (D),0.378,D15,COMPLIANT
South West,Professional Hygiene Ltd,Bristol City,18 01 04,Transfer (D),2.6,D15,COMPLIANT
South West,Professional Hygiene Ltd,Bristol City,18 01 01,Transfer (D),0.015,D15,COMPLIANT
South West,Professional Hygiene Ltd,Bristol City,18 01 10*,Transfer (D),0.0217,D15,COMPLIANT
South West,Professional Hygiene Ltd,Bristol City,18 01 03*,Transfer (D),0.341,D15,COMPLIANT
South West,Professional Hygiene Ltd,Bristol City,18 01 01,Transfer (D),0.008,D15,COMPLIANT
South West,Professional Hygiene Ltd,Bristol City,18 01 10*,Transfer (D),0.0295,D15,COMPLIANT
South West,Professional Hygiene Ltd,Bristol City,18 01 08*,Transfer (D),0.003,D15,COMPLIANT
South West,Professional Hygiene Ltd,Bristol City,18 01 03*,Transfer (D),3.732,D15,COMPLIANT
South West,Professional Hygiene Ltd,Bristol City,18 01 09,Transfer (D),0.005,D15,COMPLIANT
South West,Professional Hygiene Ltd,Bristol City,18 01 04,Transfer (D),13.733,D15,COMPLIANT
South West,Professional Hygiene Ltd,Bristol City,18 01 03*,Transfer (D),0.27,D15,COMPLIANT
South West,Professional Hygiene Ltd,Bristol City,18 01 09,Transfer (D),0.0015,D15,COMPLIANT
South West,Professional Hygiene Ltd,Bristol City,18 01 04,Transfer (D),0.0085,D15,COMPLIANT
South West,Professional Hygiene Ltd,Bristol City,18 01 01,Transfer (D),0.045,D15,COMPLIANT
South West,Professional Hygiene Ltd,Bristol City,18 01 10*,Transfer (D),0.001,D15,COMPLIANT
South West,Professional Hygiene Ltd,Bristol City,18 01 03*,Transfer (D),1.0725,D15,COMPLIANT
South West,Professional Hygiene Ltd,Bristol City,18 01 04,Transfer (D),6.422,D15,COMPLIANT
South West,Professional Hygiene Ltd,Bristol City,18 01 10*,Transfer (D),0.035,D15,COMPLIANT
South West,Professional Hygiene Ltd,Bristol City,18 01 03*,Transfer (D),0.6625,D15,COMPLIANT
South West,Professional Hygiene Ltd,Bristol City,18 01 04,Transfer (D),0.032,D15,COMPLIANT
South West,Professional Hygiene Ltd,Bristol City,18 01 10*,Transfer (D),0.0115,D15,COMPLIANT
South West,Professional Hygiene Ltd,Bristol City,18 01 03*,Transfer (D),0.989,D15,COMPLIANT
South West,Professional Hygiene Ltd,Bristol City,18 01 09,Transfer (D),0.003,D15,COMPLIANT
South West,Professional Hygiene Ltd,Bristol City,18 01 04,Transfer (D),0.7625,D15,COMPLIANT
South West,Professional Hygiene Ltd,Bristol City,18 01 10*,Transfer (D),0.0005,D15,COMPLIANT
South West,Professional Hygiene Ltd,Bristol City,18 01 03*,Transfer (D),0.2435,D15,COMPLIANT
South West,Professional Hygiene Ltd,Bristol City,18 01 04,Transfer (D),0.572,D15,COMPLIANT
South West,Professional Hygiene Ltd,Bristol City,18 01 10*,Transfer (D),0.0067,D15,COMPLIANT
South West,Professional Hygiene Ltd,Bristol City,18 01 03*,Transfer (D),0.7505,D15,COMPLIANT
South West,Professional Hygiene Ltd,Bristol City,18 01 04,Transfer (D),0.4055,D15,COMPLIANT
South West,Professional Hygiene Ltd,Bristol City,18 01 01,Transfer (D),0.003,D15,COMPLIANT
South West,Professional Hygiene Ltd,Bristol City,18 01 10*,Transfer (D),0.001,D15,COMPLIANT
South West,Professional Hygiene Ltd,Bristol City,18 01 03*,Transfer (D),1.31,D15,COMPLIANT
South West,Professional Hygiene Ltd,Bristol City,18 01 09,Transfer (D),0.0075,D15,COMPLIANT
South West,Professional Hygiene Ltd,Bristol City,18 01 04,Transfer (D),0.682,D15,COMPLIANT
South West,Professional Hygiene Ltd,Bristol City,18 01 04,Transfer (D),0.175,D15,COMPLIANT
South West,Professional Hygiene Ltd,Bristol City,18 01 10*,Transfer (D),0.002,D15,COMPLIANT
South West,Professional Hygiene Ltd,Bristol City,18 01 04,Transfer (D),0.572,D15,COMPLIANT
South West,Professional Hygiene Ltd,Bristol City,18 01 10*,Transfer (D),0.0035,D15,COMPLIANT
South West,Professional Hygiene Ltd,Bristol City,18 01 03*,Transfer (D),0.424,D15,COMPLIANT
South West,Professional Hygiene Ltd,Bristol City,18 01 04,Transfer (D),0.0315,D15,COMPLIANT
South West,Professional Hygiene Ltd,Bristol City,18 01 03*,Transfer (D),0.0585,D15,COMPLIANT
South West,Professional Hygiene Ltd,Bristol City,18 01 09,Transfer (D),0.555,D15,COMPLIANT
South West,Professional Hygiene Ltd,Bristol City,18 01 08*,Transfer (D),0.001,D15,COMPLIANT
South West,Professional Hygiene Ltd,Bristol City,18 01 03*,Transfer (D),1.715,D15,COMPLIANT
South West,Professional Hygiene Ltd,Bristol City,18 01 04,Transfer (D),0.258,D15,COMPLIANT
South West,Professional Hygiene Ltd,Bristol City,18 01 01,Transfer (D),0.005,D15,COMPLIANT
South West,Professional Hygiene Ltd,Bristol City,18 01 10*,Transfer (D),0.014,D15,COMPLIANT
South West,Professional Hygiene Ltd,Bristol City,18 01 08*,Transfer (D),0.001,D15,COMPLIANT
South West,Professional Hygiene Ltd,Bristol City,18 01 03*,Transfer (D),1.523,D15,COMPLIANT
South West,Professional Hygiene Ltd,Bristol City,18 01 09,Transfer (D),0.0045,D15,COMPLIANT
South West,Professional Hygiene Ltd,Bristol City,18 01 04,Transfer (D),0.376,D15,COMPLIANT
South West,Professional Hygiene Ltd,Bristol City,18 01 01,Transfer (D),0.0015,D15,COMPLIANT
South West,Professional Hygiene Ltd,Bristol City,18 01 03*,Transfer (D),0.1375,D15,COMPLIANT
South West,Professional Hygiene Ltd,Bristol City,18 01 10*,Transfer (D),0.0017,D15,COMPLIANT
South West,Professional Hygiene Ltd,Bristol City,18 01 03*,Transfer (D),1.9265,D15,COMPLIANT
South West,Professional Hygiene Ltd,Bristol City,18 01 03*,Transfer (D),1.6065,D15,COMPLIANT
South West,Professional Hygiene Ltd,Bristol City,18 01 01,Transfer (D),0.033,D15,COMPLIANT
South West,Professional Hygiene Ltd,Bristol City,18 01 10*,Transfer (D),0.0052,D15,COMPLIANT
South West,Professional Hygiene Ltd,Bristol City,18 01 08*,Transfer (D),0.0205,D15,COMPLIANT
South West,Professional Hygiene Ltd,Bristol City,18 01 03*,Transfer (D),5.8105,D15,COMPLIANT
South West,Professional Hygiene Ltd,Bristol City,18 01 09,Transfer (D),0.0015,D15,COMPLIANT
South West,Professional Hygiene Ltd,Bristol City,18 01 04,Transfer (D),4.834,D15,COMPLIANT
South West,Professional Hygiene Ltd,Bristol City,18 01 03*,Transfer (D),0.3365,D15,COMPLIANT
South West,Professional Hygiene Ltd,Bristol City,18 01 04,Transfer (D),0.24,D15,COMPLIANT
South West,Professional Hygiene Ltd,Bristol City,18 01 03*,Transfer (D),0.2615,D15,COMPLIANT
South West,Professional Hygiene Ltd,Bristol City,18 01 04,Transfer (D),0.129,D15,COMPLIANT
South West,Professional Hygiene Ltd,Bristol City,18 01 10*,Transfer (D),0.0187,D15,COMPLIANT
South West,Professional Hygiene Ltd,Bristol City,18 01 08*,Transfer (D),0.002,D15,COMPLIANT
South West,Professional Hygiene Ltd,Bristol City,18 01 03*,Transfer (D),2.2675,D15,COMPLIANT
South West,Professional Hygiene Ltd,Bristol City,18 01 04,Transfer (D),0.0315,D15,COMPLIANT
South West,Professional Hygiene Ltd,Bristol City,18 01 10*,Transfer (D),0.0163,D15,COMPLIANT
South West,Professional Hygiene Ltd,Bristol City,18 01 03*,Transfer (D),2.0555,D15,COMPLIANT
South West,Professional Hygiene Ltd,Bristol City,18 01 09,Transfer (D),0.0015,D15,COMPLIANT
South West,Professional Hygiene Ltd,Bristol City,18 01 04,Transfer (D),0.0855,D15,COMPLIANT
South West,Professional Hygiene Ltd,Bristol City,18 01 01,Transfer (D),0.028,D15,COMPLIANT
South West,Professional Hygiene Ltd,Bristol City,18 01 10*,Transfer (D),0.0749,D15,COMPLIANT
South West,Professional Hygiene Ltd,Bristol City,18 01 08*,Transfer (D),0.008,D15,COMPLIANT
South West,Professional Hygiene Ltd,Bristol City,18 01 03*,Transfer (D),19.403,D15,COMPLIANT
South West,Professional Hygiene Ltd,Bristol City,18 01 09,Transfer (D),0.0645,D15,COMPLIANT
South West,Professional Hygiene Ltd,Bristol City,18 01 04,Transfer (D),32.2105,D15,COMPLIANT
South West,Professional Hygiene Ltd,Bristol City,18 01 03*,Transfer (D),0.8305,D15,COMPLIANT
South West,Professional Hygiene Ltd,Bristol City,18 01 09,Transfer (D),0.0015,D15,COMPLIANT
South West,Professional Hygiene Ltd,Bristol City,18 01 04,Transfer (D),0.035,D15,COMPLIANT
South West,Professional Hygiene Ltd,Bristol City,18 01 03*,Transfer (D),0.055,D15,COMPLIANT
South West,Professional Hygiene Ltd,Bristol City,18 01 04,Transfer (D),0.098,D15,COMPLIANT
South West,Professional Hygiene Ltd,Bristol City,18 01 01,Transfer (D),0.002,D15,COMPLIANT
South West,Professional Hygiene Ltd,Bristol City,18 01 10*,Transfer (D),0.0005,D15,COMPLIANT
South West,Professional Hygiene Ltd,Bristol City,18 01 03*,Transfer (D),0.461,D15,COMPLIANT
South West,Professional Hygiene Ltd,Bristol City,18 01 09,Transfer (D),0.0015,D15,COMPLIANT
South West,Professional Hygiene Ltd,Bristol City,18 01 04,Transfer (D),0.875,D15,COMPLIANT
South West,Professional Hygiene Ltd,Bristol City,18 01 10*,Transfer (D),0.0145,D15,COMPLIANT
South West,Professional Hygiene Ltd,Bristol City,18 01 03*,Transfer (D),0.915,D15,COMPLIANT
South West,Professional Hygiene Ltd,Bristol City,18 01 09,Transfer (D),0.003,D15,COMPLIANT
South West,Professional Hygiene Ltd,Bristol City,18 01 04,Transfer (D),2.0825,D15,COMPLIANT
South West,Professional Hygiene Ltd,Bristol City,18 01 01,Transfer (D),0.026,D15,COMPLIANT
South West,Professional Hygiene Ltd,Bristol City,18 01 10*,Transfer (D),0.0414,D15,COMPLIANT
South West,Professional Hygiene Ltd,Bristol City,18 01 08*,Transfer (D),0.004,D15,COMPLIANT
South West,Professional Hygiene Ltd,Bristol City,18 01 03*,Transfer (D),18.306,D15,COMPLIANT
South West,Professional Hygiene Ltd,Bristol City,18 01 09,Transfer (D),0.031,D15,COMPLIANT
South West,Professional Hygiene Ltd,Bristol City,18 01 04,Transfer (D),1.3115,D15,COMPLIANT
South West,Professional Hygiene Ltd,Bristol City,18 01 01,Transfer (D),0.076,D15,COMPLIANT
South West,Professional Hygiene Ltd,Bristol City,18 01 10*,Transfer (D),0.0015,D15,COMPLIANT
South West,Professional Hygiene Ltd,Bristol City,18 01 08*,Transfer (D),0.0035,D15,COMPLIANT
South West,Professional Hygiene Ltd,Bristol City,18 01 03*,Transfer (D),1.469,D15,COMPLIANT
South West,Professional Hygiene Ltd,Bristol City,18 01 04,Transfer (D),1.955,D15,COMPLIANT
South West,Professional Hygiene Ltd,Bristol City,18 01 01,Transfer (D),0.095,D15,COMPLIANT
South West,Professional Hygiene Ltd,Bristol City,18 01 03*,Transfer (D),0.009,D15,COMPLIANT
South West,Professional Hygiene Ltd,Bristol City,18 01 04,Transfer (D),4.173,D15,COMPLIANT
South West,Professional Hygiene Ltd,Bristol City,18 01 04,Transfer (D),0.364,D15,COMPLIANT
South West,Professional Hygiene Ltd,Bristol City,18 01 03*,Transfer (D),0.2465,D15,COMPLIANT
South West,Professional Hygiene Ltd,Bristol City,18 01 04,Transfer (D),0.045,D15,COMPLIANT
South West,Professional Hygiene Ltd,Bristol City,18 01 01,Transfer (D),0.009,D15,COMPLIANT
South West,Professional Hygiene Ltd,Bristol City,18 01 10*,Transfer (D),0.007,D15,COMPLIANT
South West,Professional Hygiene Ltd,Bristol City,18 01 03*,Transfer (D),0.9675,D15,COMPLIANT
South West,Professional Hygiene Ltd,Bristol City,18 01 09,Transfer (D),0.006,D15,COMPLIANT
South West,Professional Hygiene Ltd,Bristol City,18 01 04,Transfer (D),0.0215,D15,COMPLIANT
South West,Professional Hygiene Ltd,Bristol City,18 01 10*,Transfer (D),0.0115,D15,COMPLIANT
South West,Professional Hygiene Ltd,Bristol City,18 01 03*,Transfer (D),2.3935,D15,COMPLIANT
South West,Professional Hygiene Ltd,Bristol City,18 01 04,Transfer (D),0.319,D15,COMPLIANT
South West,Professional Hygiene Ltd,Bristol City,18 01 01,Transfer (D),0.024,D15,COMPLIANT
South West,Professional Hygiene Ltd,Bristol City,18 01 03*,Transfer (D),2.27,D15,COMPLIANT
South West,Professional Hygiene Ltd,Bristol City,18 01 04,Transfer (D),0.71,D15,COMPLIANT
South West,Professional Hygiene Ltd,Bristol City,18 01 10*,Transfer (D),0.0064,D15,COMPLIANT
South West,Professional Hygiene Ltd,Bristol City,18 01 03*,Transfer (D),1.0145,D15,COMPLIANT
South West,Professional Hygiene Ltd,Bristol City,18 01 09,Transfer (D),0.0015,D15,COMPLIANT
South West,Professional Hygiene Ltd,Bristol City,18 01 04,Transfer (D),0.0105,D15,COMPLIANT
South West,Professional Hygiene Ltd,Bristol City,18 01 01,Transfer (D),0.143,D15,COMPLIANT
South West,Professional Hygiene Ltd,Bristol City,18 01 10*,Transfer (D),0.0277,D15,COMPLIANT
South West,Professional Hygiene Ltd,Bristol City,18 01 08*,Transfer (D),0.003,D15,COMPLIANT
South West,Professional Hygiene Ltd,Bristol City,18 01 03*,Transfer (D),13.306,D15,COMPLIANT
South West,Professional Hygiene Ltd,Bristol City,18 01 09,Transfer (D),0.0405,D15,COMPLIANT
South West,Professional Hygiene Ltd,Bristol City,18 01 04,Transfer (D),2.0245,D15,COMPLIANT
South West,Professional Hygiene Ltd,Bristol City,18 01 01,Transfer (D),0.055,D15,COMPLIANT
South West,Professional Hygiene Ltd,Bristol City,18 01 03*,Transfer (D),0.05,D15,COMPLIANT
South West,Professional Hygiene Ltd,Bristol City,18 01 04,Transfer (D),1.52,D15,COMPLIANT
South West,Professional Hygiene Ltd,Bristol City,18 01 01,Transfer (D),0.041,D15,COMPLIANT
South West,Professional Hygiene Ltd,Bristol City,18 01 10*,Transfer (D),0.0032,D15,COMPLIANT
South West,Professional Hygiene Ltd,Bristol City,18 01 08*,Transfer (D),0.003,D15,COMPLIANT
South West,Professional Hygiene Ltd,Bristol City,18 01 03*,Transfer (D),2.8925,D15,COMPLIANT
South West,Professional Hygiene Ltd,Bristol City,18 01 09,Transfer (D),0.013,D15,COMPLIANT
South West,Professional Hygiene Ltd,Bristol City,18 01 04,Transfer (D),1.4655,D15,COMPLIANT
South West,Professional Hygiene Ltd,Bristol City,18 01 01,Transfer (D),0.028,D15,COMPLIANT
South West,Professional Hygiene Ltd,Bristol City,18 01 10*,Transfer (D),0.0015,D15,COMPLIANT
South West,Professional Hygiene Ltd,Bristol City,18 01 03*,Transfer (D),3.7105,D15,COMPLIANT
South West,Professional Hygiene Ltd,Bristol City,18 01 09,Transfer (D),0.0015,D15,COMPLIANT
South West,Professional Hygiene Ltd,Bristol City,18 01 04,Transfer (D),1.512,D15,COMPLIANT
South West,Professional Hygiene Ltd,Bristol City,18 01 01,Transfer (D),0.0355,D15,COMPLIANT
South West,Professional Hygiene Ltd,Bristol City,18 01 10*,Transfer (D),0.0086,D15,COMPLIANT
South West,Professional Hygiene Ltd,Bristol City,18 01 08*,Transfer (D),0.001,D15,COMPLIANT
South West,Professional Hygiene Ltd,Bristol City,18 01 03*,Transfer (D),3.405,D15,COMPLIANT
South West,Professional Hygiene Ltd,Bristol City,18 01 09,Transfer (D),0.0015,D15,COMPLIANT
South West,Professional Hygiene Ltd,Bristol City,18 01 04,Transfer (D),4.7115,D15,COMPLIANT
South West,Professional Hygiene Ltd,Bristol City,18 01 01,Transfer (D),0.042,D15,COMPLIANT
South West,Professional Hygiene Ltd,Bristol City,18 01 10*,Transfer (D),0.0595,D15,COMPLIANT
South West,Professional Hygiene Ltd,Bristol City,18 01 08*,Transfer (D),0.0525,D15,COMPLIANT
South West,Professional Hygiene Ltd,Bristol City,18 01 03*,Transfer (D),31.154,D15,COMPLIANT
South West,Professional Hygiene Ltd,Bristol City,18 01 09,Transfer (D),5.0392,D15,COMPLIANT
South West,Professional Hygiene Ltd,Bristol City,18 01 04,Transfer (D),117.157,D15,COMPLIANT
South West,Professional Hygiene Ltd,Bristol City,18 01 01,Transfer (D),0.002,D15,COMPLIANT
South West,Professional Hygiene Ltd,Bristol City,18 01 04,Transfer (D),10.271,D15,COMPLIANT
South West,Professional Hygiene Ltd,Bristol City,18 01 03*,Transfer (D),0.275,D15,COMPLIANT
South West,Professional Hygiene Ltd,Bristol City,18 01 09,Transfer (D),0.003,D15,COMPLIANT
South West,Professional Hygiene Ltd,Bristol City,18 01 04,Transfer (D),0.021,D15,COMPLIANT
South West,Professional Hygiene Ltd,Bristol City,18 01 01,Transfer (D),0.7145,D15,COMPLIANT
South West,Professional Hygiene Ltd,Bristol City,18 01 10*,Transfer (D),0.0345,D15,COMPLIANT
South West,Professional Hygiene Ltd,Bristol City,18 01 08*,Transfer (D),0.0305,D15,COMPLIANT
South West,Professional Hygiene Ltd,Bristol City,18 01 03*,Transfer (D),27.431,D15,COMPLIANT
South West,Professional Hygiene Ltd,Bristol City,18 01 09,Transfer (D),5.381,D15,COMPLIANT
South West,Professional Hygiene Ltd,Bristol City,18 01 04,Transfer (D),0.5035,D15,COMPLIANT
South West,Professional Hygiene Ltd,Bristol City,18 01 01,Transfer (D),0.051,D15,COMPLIANT
South West,Professional Hygiene Ltd,Bristol City,18 01 10*,Transfer (D),0.0686,D15,COMPLIANT
South West,Professional Hygiene Ltd,Bristol City,18 01 08*,Transfer (D),0.002,D15,COMPLIANT
South West,Professional Hygiene Ltd,Bristol City,18 01 03*,Transfer (D),4.7145,D15,COMPLIANT
South West,Professional Hygiene Ltd,Bristol City,18 01 09,Transfer (D),0.0015,D15,COMPLIANT
South West,Professional Hygiene Ltd,Bristol City,18 01 04,Transfer (D),1.145,D15,COMPLIANT
South West,Professional Hygiene Ltd,Bristol City,18 01 01,Transfer (D),0.012,D15,COMPLIANT
South West,Professional Hygiene Ltd,Bristol City,18 01 10*,Transfer (D),0.0015,D15,COMPLIANT
South West,Professional Hygiene Ltd,Bristol City,18 01 08*,Transfer (D),0.0015,D15,COMPLIANT
South West,Professional Hygiene Ltd,Bristol City,18 01 03*,Transfer (D),0.6675,D15,COMPLIANT
South West,Professional Hygiene Ltd,Bristol City,18 01 09,Transfer (D),0.0015,D15,COMPLIANT
South West,Professional Hygiene Ltd,Bristol City,18 01 04,Transfer (D),2.392,D15,COMPLIANT
South West,Professional Hygiene Ltd,Bristol City,18 01 03*,Transfer (D),0.261,D15,COMPLIANT
South West,Professional Hygiene Ltd,Bristol City,18 01 01,Transfer (D),0.004,D15,COMPLIANT
South West,Professional Hygiene Ltd,Bristol City,18 01 03*,Transfer (D),0.1965,D15,COMPLIANT
South West,Professional Hygiene Ltd,Bristol City,18 01 04,Transfer (D),0.2005,D15,COMPLIANT
South West,Professional Hygiene Ltd,Bristol City,18 01 01,Transfer (D),0.053,D15,COMPLIANT
South West,Professional Hygiene Ltd,Bristol City,18 01 10*,Transfer (D),0.0166,D15,COMPLIANT
South West,Professional Hygiene Ltd,Bristol City,18 01 08*,Transfer (D),0.003,D15,COMPLIANT
South West,Professional Hygiene Ltd,Bristol City,18 01 03*,Transfer (D),7.667,D15,COMPLIANT
South West,Professional Hygiene Ltd,Bristol City,18 01 09,Transfer (D),0.009,D15,COMPLIANT
South West,Professional Hygiene Ltd,Bristol City,18 01 04,Transfer (D),18.9995,D15,COMPLIANT
South West,Professional Hygiene Ltd,Bristol City,18 01 01,Transfer (D),0.038,D15,COMPLIANT
South West,Professional Hygiene Ltd,Bristol City,18 01 10*,Transfer (D),0.1418,D15,COMPLIANT
South West,Professional Hygiene Ltd,Bristol City,18 01 08*,Transfer (D),0.003,D15,COMPLIANT
South West,Professional Hygiene Ltd,Bristol City,18 01 03*,Transfer (D),7.334,D15,COMPLIANT
South West,Professional Hygiene Ltd,Bristol City,18 01 09,Transfer (D),0.03,D15,COMPLIANT
South West,Professional Hygiene Ltd,Bristol City,18 01 04,Transfer (D),1.044,D15,COMPLIANT
South West,Professional Hygiene Ltd,Bristol City,18 01 10*,Transfer (D),0.0033,D15,COMPLIANT
South West,Professional Hygiene Ltd,Bristol City,18 01 03*,Transfer (D),0.466,D15,COMPLIANT
South West,Professional Hygiene Ltd,Bristol City,18 01 04,Transfer (D),0.01,D15,COMPLIANT
South West,Professional Hygiene Ltd,Bristol City,18 01 01,Transfer (D),0.0335,D15,COMPLIANT
South West,Professional Hygiene Ltd,Bristol City,18 01 03*,Transfer (D),0.46,D15,COMPLIANT
South West,Professional Hygiene Ltd,Bristol City,18 01 04,Transfer (D),4.2745,D15,COMPLIANT
South West,Professional Hygiene Ltd,Bristol City,18 01 01,Transfer (D),0.051,D15,COMPLIANT
South West,Professional Hygiene Ltd,Bristol City,18 01 10*,Transfer (D),0.0072,D15,COMPLIANT
South West,Professional Hygiene Ltd,Bristol City,18 01 03*,Transfer (D),2.5095,D15,COMPLIANT
South West,Professional Hygiene Ltd,Bristol City,18 01 09,Transfer (D),0.0015,D15,COMPLIANT
South West,Professional Hygiene Ltd,Bristol City,18 01 04,Transfer (D),2.0395,D15,COMPLIANT
South West,Professional Hygiene Ltd,Bristol City,18 01 01,Transfer (D),0.112,D15,COMPLIANT
South West,Professional Hygiene Ltd,Bristol City,18 01 10*,Transfer (D),0.0339,D15,COMPLIANT
South West,Professional Hygiene Ltd,Bristol City,18 01 08*,Transfer (D),0.001,D15,COMPLIANT
South West,Professional Hygiene Ltd,Bristol City,18 01 03*,Transfer (D),1.7315,D15,COMPLIANT
South West,Professional Hygiene Ltd,Bristol City,18 01 04,Transfer (D),4.9375,D15,COMPLIANT
South West,Professional Hygiene Ltd,Bristol City,18 01 01,Transfer (D),0.013,D15,COMPLIANT
South West,Professional Hygiene Ltd,Bristol City,18 01 04,Transfer (D),0.232,D15,COMPLIANT
South West,Professional Hygiene Ltd,Bristol City,18 01 01,Transfer (D),0.016,D15,COMPLIANT
South West,Professional Hygiene Ltd,Bristol City,18 01 04,Transfer (D),0.04,D15,COMPLIANT
South West,Professional Hygiene Ltd,Bristol City,18 01 01,Transfer (D),0.041,D15,COMPLIANT
South West,Professional Hygiene Ltd,Bristol City,18 01 10*,Transfer (D),0.1827,D15,COMPLIANT
South West,Professional Hygiene Ltd,Bristol City,18 01 08*,Transfer (D),0.002,D15,COMPLIANT
South West,Professional Hygiene Ltd,Bristol City,18 01 03*,Transfer (D),8.96,D15,COMPLIANT
South West,Professional Hygiene Ltd,Bristol City,18 01 09,Transfer (D),0.0225,D15,COMPLIANT
South West,Professional Hygiene Ltd,Bristol City,18 01 04,Transfer (D),26.88719,D15,COMPLIANT
South West,Professional Hygiene Ltd,Bristol City,18 01 01,Transfer (D),0.0265,D15,COMPLIANT
South West,Professional Hygiene Ltd,Bristol City,18 01 03*,Transfer (D),0.002,D15,COMPLIANT
South West,Professional Hygiene Ltd,Bristol City,18 01 04,Transfer (D),0.342,D15,COMPLIANT
South West,Professional Hygiene Ltd,Bristol City,18 01 04,Transfer (D),0.294,D15,COMPLIANT
South West,Professional Hygiene Ltd,Bristol City,18 01 01,Transfer (D),0.039,D15,COMPLIANT
South West,Professional Hygiene Ltd,Bristol City,18 01 10*,Transfer (D),0.0875,D15,COMPLIANT
South West,Professional Hygiene Ltd,Bristol City,18 01 03*,Transfer (D),3.437,D15,COMPLIANT
South West,Professional Hygiene Ltd,Bristol City,18 01 04,Transfer (D),0.887,D15,COMPLIANT
South West,Professional Hygiene Ltd,Bristol City,18 01 01,Transfer (D),0.0335,D15,COMPLIANT
South West,Professional Hygiene Ltd,Bristol City,18 01 03*,Transfer (D),0.825,D15,COMPLIANT
South West,Professional Hygiene Ltd,Bristol City,18 01 04,Transfer (D),1.528,D15,COMPLIANT
South West,Professional Hygiene Ltd,Bristol City,18 01 01,Transfer (D),0.0495,D15,COMPLIANT
South West,Professional Hygiene Ltd,Bristol City,18 01 10*,Transfer (D),0.0473,D15,COMPLIANT
South West,Professional Hygiene Ltd,Bristol City,18 01 08*,Transfer (D),0.008,D15,COMPLIANT
South West,Professional Hygiene Ltd,Bristol City,18 01 03*,Transfer (D),2.208,D15,COMPLIANT
South West,Professional Hygiene Ltd,Bristol City,18 01 04,Transfer (D),1.5,D15,COMPLIANT
South West,Professional Hygiene Ltd,Bristol City,18 01 04,Transfer (D),4.585,D15,COMPLIANT
South West,Professional Hygiene Ltd,Bristol City,18 01 01,Transfer (D),0.012,D15,COMPLIANT
South West,Professional Hygiene Ltd,Bristol City,18 01 04,Transfer (D),0.115,D15,COMPLIANT
South West,Professional Hygiene Ltd,Bristol City,18 01 04,Transfer (D),0.32,D15,COMPLIANT
South West,Professional Hygiene Ltd,Bristol City,18 01 01,Transfer (D),0.107,D15,COMPLIANT
South West,Professional Hygiene Ltd,Bristol City,18 01 10*,Transfer (D),0.0002,D15,COMPLIANT
South West,Professional Hygiene Ltd,Bristol City,18 01 08*,Transfer (D),0.002,D15,COMPLIANT
South West,Professional Hygiene Ltd,Bristol City,18 01 03*,Transfer (D),1.213,D15,COMPLIANT
South West,Professional Hygiene Ltd,Bristol City,18 01 04,Transfer (D),0.4925,D15,COMPLIANT
South West,Professional Hygiene Ltd,Bristol City,18 01 10*,Transfer (D),0.002,D15,COMPLIANT
South West,Professional Hygiene Ltd,Bristol City,18 01 03*,Transfer (D),4.0935,D15,COMPLIANT
South West,Professional Hygiene Ltd,Bristol City,18 01 04,Transfer (D),0.017,D15,COMPLIANT
South West,Professional Hygiene Ltd,Bristol City,18 01 10*,Transfer (D),0.0005,D15,COMPLIANT
South West,Professional Hygiene Ltd,Bristol City,18 01 03*,Transfer (D),0.656,D15,COMPLIANT
South West,Professional Hygiene Ltd,Bristol City,18 01 04,Transfer (D),0.0845,D15,COMPLIANT
South West,Professional Hygiene Ltd,Bristol City,18 01 10*,Transfer (D),0.0066,D15,COMPLIANT
South West,Professional Hygiene Ltd,Bristol City,18 01 04,Transfer (D),0.042,D15,COMPLIANT
South West,Professional Hygiene Ltd,Bristol City,18 01 10*,Transfer (D),0.0221,D15,COMPLIANT
South West,Professional Hygiene Ltd,Bristol City,18 01 03*,Transfer (D),4.976,D15,COMPLIANT
South West,Professional Hygiene Ltd,Bristol City,18 01 04,Transfer (D),0.017,D15,COMPLIANT
South West,Professional Hygiene Ltd,Bristol City,18 01 08*,Transfer (D),0.0045,D15,COMPLIANT
South West,Professional Hygiene Ltd,Bristol City,18 01 03*,Transfer (D),0.01,D15,COMPLIANT
South West,Professional Hygiene Ltd,Bristol City,18 01 04,Transfer (D),0.085,D15,COMPLIANT
South West,Professional Hygiene Ltd,Bristol City,18 01 01,Transfer (D),0.023,D15,COMPLIANT
South West,Professional Hygiene Ltd,Bristol City,18 01 04,Transfer (D),0.335,D15,COMPLIANT
South West,Professional Hygiene Ltd,Bristol City,18 01 04,Transfer (D),0.952,D15,COMPLIANT
South West,Professional Hygiene Ltd,Bristol City,18 01 04,Transfer (D),0.063,D15,COMPLIANT
South West,Professional Hygiene Ltd,Bristol City,18 01 04,Transfer (D),3.45,D15,COMPLIANT
South West,Professional Hygiene Ltd,Bristol City,18 01 01,Transfer (D),0.006,D15,COMPLIANT
South West,Professional Hygiene Ltd,Bristol City,18 01 08*,Transfer (D),0.001,D15,COMPLIANT
South West,Professional Hygiene Ltd,Bristol City,18 01 03*,Transfer (D),1.7425,D15,COMPLIANT
South West,Professional Hygiene Ltd,Bristol City,18 01 04,Transfer (D),0.7695,D15,COMPLIANT
South West,Professional Hygiene Ltd,Bristol City,18 01 04,Transfer (D),0.364,D15,COMPLIANT
South West,Professional Hygiene Ltd,Bristol City,18 01 01,Transfer (D),0.008,D15,COMPLIANT
South West,Professional Hygiene Ltd,Bristol City,18 01 10*,Transfer (D),0.0033,D15,COMPLIANT
South West,Professional Hygiene Ltd,Bristol City,18 01 08*,Transfer (D),0.08,D15,COMPLIANT
South West,Professional Hygiene Ltd,Bristol City,18 01 03*,Transfer (D),10.7675,D15,COMPLIANT
South West,Professional Hygiene Ltd,Bristol City,18 01 09,Transfer (D),0.009,D15,COMPLIANT
South West,Professional Hygiene Ltd,Bristol City,18 01 04,Transfer (D),0.166,D15,COMPLIANT
South West,Professional Hygiene Ltd,Bristol City,18 01 01,Transfer (D),0.0985,D15,COMPLIANT
South West,Professional Hygiene Ltd,Bristol City,18 01 10*,Transfer (D),0.058,D15,COMPLIANT
South West,Professional Hygiene Ltd,Bristol City,18 01 08*,Transfer (D),0.003,D15,COMPLIANT
South West,Professional Hygiene Ltd,Bristol City,18 01 03*,Transfer (D),17.586,D15,COMPLIANT
South West,Professional Hygiene Ltd,Bristol City,18 01 09,Transfer (D),0.0315,D15,COMPLIANT
South West,Professional Hygiene Ltd,Bristol City,18 01 04,Transfer (D),12.377,D15,COMPLIANT
South West,Professional Hygiene Ltd,Bristol City,18 01 10*,Transfer (D),0.0027,D15,COMPLIANT
South West,Professional Hygiene Ltd,Bristol City,18 01 08*,Transfer (D),0.002,D15,COMPLIANT
South West,Professional Hygiene Ltd,Bristol City,18 01 03*,Transfer (D),2.4215,D15,COMPLIANT
South West,Professional Hygiene Ltd,Bristol City,18 01 09,Transfer (D),0.0015,D15,COMPLIANT
South West,Professional Hygiene Ltd,Bristol City,18 01 04,Transfer (D),0.669,D15,COMPLIANT
South West,Professional Hygiene Ltd,Bristol City,18 01 03*,Transfer (D),0.0025,D15,COMPLIANT
South West,Professional Hygiene Ltd,Bristol City,18 01 04,Transfer (D),0.085,D15,COMPLIANT
South West,Professional Hygiene Ltd,Bristol City,18 01 10*,Transfer (D),0.0785,D15,COMPLIANT
South West,Professional Hygiene Ltd,Bristol City,18 01 03*,Transfer (D),2.2865,D15,COMPLIANT
South West,Professional Hygiene Ltd,Bristol City,18 01 09,Transfer (D),0.003,D15,COMPLIANT
South West,Professional Hygiene Ltd,Bristol City,18 01 04,Transfer (D),0.301,D15,COMPLIANT
South West,Professional Hygiene Ltd,Bristol City,18 01 03*,Transfer (D),3.1435,D15,COMPLIANT
South West,Professional Hygiene Ltd,Bristol City,18 01 04,Transfer (D),0.243,D15,COMPLIANT
South West,Professional Hygiene Ltd,Bristol City,18 01 01,Transfer (D),0.038,D15,COMPLIANT
South West,Professional Hygiene Ltd,Bristol City,18 01 10*,Transfer (D),0.0075,D15,COMPLIANT
South West,Professional Hygiene Ltd,Bristol City,18 01 08*,Transfer (D),0.1075,D15,COMPLIANT
South West,Professional Hygiene Ltd,Bristol City,18 01 03*,Transfer (D),10.2895,D15,COMPLIANT
South West,Professional Hygiene Ltd,Bristol City,18 01 09,Transfer (D),0.0442,D15,COMPLIANT
South West,Professional Hygiene Ltd,Bristol City,18 01 04,Transfer (D),15.8725,D15,COMPLIANT
South West,Westbury WTS EPR/CP3331SC,Wiltshire,18 01 09,Transfer (D),1.5,D15,COMPLIANT
South West,Exeter City Council M R F,Devon,18 01 03*,Incineration,5.36,D10,COMPLIANT
South West,Canford Recycling Centre,"Bournemouth, Christchurch and Poole",18 01 04,Recovery,0.18,R05.03,COMPLIANT
South West,Canford Recycling Centre,"Bournemouth, Christchurch and Poole",18 01 03*,Recovery,51.2,R05.01,NON-COMPLIANT
South West,Canford Recycling Centre,"Bournemouth, Christchurch and Poole",18 01 04,Recovery,4201.76,R05.03,COMPLIANT
South West,Canford Recycling Centre,"Bournemouth, Christchurch and Poole",18 01 04,Recovery,53.78,R05.03,COMPLIANT
South West,Canford Recycling Centre,"Bournemouth, Christchurch and Poole",18 01 03*,Recovery,0.14,R05.01,NON-COMPLIANT
South West,Sand's Farm Facility,Wiltshire,18 01 03*,Transfer (D),14.307,D15,COMPLIANT
South West,Churchfields Depot,Wiltshire,18 01 08*,Incineration,0.91,D10,COMPLIANT
South West,Churchfields Depot,Wiltshire,18 01 03*,Incineration,11.07,D10.04,COMPLIANT
South West,Churchfields Depot,Wiltshire,18 01 01,Incineration,4.47,D10.04,COMPLIANT
South West,Clinipower Avonmouth L L P,Bristol City,18 01 03*,Incineration,5.27,R01,COMPLIANT
South West,Clinipower Avonmouth L L P,Bristol City,18 01 04,Transfer (D),17.39,D15,COMPLIANT
South West,Clinipower Avonmouth L L P,Bristol City,18 01 03*,Incineration,5.0,R01,COMPLIANT
South West,Clinipower Avonmouth L L P,Bristol City,18 01 04,Transfer (D),9.73,D15,COMPLIANT
South West,Clinipower Avonmouth L L P,Bristol City,18 01 03*,Incineration,0.79,R01,COMPLIANT
South West,Clinipower Avonmouth L L P,Bristol City,18 01 03*,Incineration,0.18,R01,COMPLIANT
South West,Clinipower Avonmouth L L P,Bristol City,18 01 03*,Incineration,3.02,R01,COMPLIANT
South West,Clinipower Avonmouth L L P,Bristol City,18 01 03*,Incineration,126.47,R01,COMPLIANT
South West,Clinipower Avonmouth L L P,Bristol City,18 01 03*,Incineration,1.14,R01,COMPLIANT
South West,Clinipower Avonmouth L L P,Bristol City,18 01 03*,Incineration,5.61,R01,COMPLIANT
South West,Clinipower Avonmouth L L P,Bristol City,18 01 03*,Incineration,9.03,R01,COMPLIANT
South West,Clinipower Avonmouth L L P,Bristol City,18 01 04,Transfer (D),20.63,D15,COMPLIANT
South West,Clinipower Avonmouth L L P,Bristol City,18 01 03*,Incineration,5.91,R01,COMPLIANT
South West,Clinipower Avonmouth L L P,Bristol City,18 01 03*,Incineration,0.01,R01,COMPLIANT
South West,Clinipower Avonmouth L L P,Bristol City,18 01 04,Transfer (D),19.22,D15,COMPLIANT
South West,Clinipower Avonmouth L L P,Bristol City,18 01 03*,Incineration,2.53,R01,COMPLIANT
South West,Clinipower Avonmouth L L P,Bristol City,18 01 03*,Incineration,0.96,R01,COMPLIANT
South West,Clinipower Avonmouth L L P,Bristol City,18 01 03*,Incineration,66.03,R01,COMPLIANT
South West,Clinipower Avonmouth L L P,Bristol City,18 01 04,Transfer (D),3.81,D15,COMPLIANT
South West,Clinipower Avonmouth L L P,Bristol City,18 01 03*,Incineration,0.48,R01,COMPLIANT
South West,Clinipower Avonmouth L L P,Bristol City,18 01 04,Transfer (D),0.41,D15,COMPLIANT
South West,Waterside Park - EPR/KP3191EK,Swindon,18 01 04,Incineration,7.3,D10,COMPLIANT
South West,Frome Clinical Waste Treatment Plant and Transfer Station,Somerset,18 01 03*,Recovery,0.046,R13,COMPLIANT
South West,Frome Clinical Waste Treatment Plant and Transfer Station,Somerset,18 01 03*,Transfer (D),0.061,D15,COMPLIANT
South West,Frome Clinical Waste Treatment Plant and Transfer Station,Somerset,18 01 04,Transfer (D),0.124,D15,COMPLIANT
South West,Frome Clinical Waste Treatment Plant and Transfer Station,Somerset,18 01 03*,Recovery,0.293,R13,COMPLIANT
South West,Frome Clinical Waste Treatment Plant and Transfer Station,Somerset,18 01 03*,Transfer (D),0.43,D15,COMPLIANT
South West,Frome Clinical Waste Treatment Plant and Transfer Station,Somerset,18 01 09,Transfer (D),0.263,D15,COMPLIANT
South West,Frome Clinical Waste Treatment Plant and Transfer Station,Somerset,18 01 04,Transfer (D),0.051,D15,COMPLIANT
South West,Frome Clinical Waste Treatment Plant and Transfer Station,Somerset,18 01 03*,Recovery,0.157,R13,COMPLIANT
South West,Frome Clinical Waste Treatment Plant and Transfer Station,Somerset,18 01 03*,Transfer (D),0.056,D15,COMPLIANT
South West,Frome Clinical Waste Treatment Plant and Transfer Station,Somerset,18 01 04,Transfer (D),0.183,D15,COMPLIANT
South West,Frome Clinical Waste Treatment Plant and Transfer Station,Somerset,18 01 03*,Transfer (D),1.756,D15,COMPLIANT
South West,Frome Clinical Waste Treatment Plant and Transfer Station,Somerset,18 01 09,Transfer (D),0.215,D15,COMPLIANT
South West,Frome Clinical Waste Treatment Plant and Transfer Station,Somerset,18 01 03*,Recovery,0.04,R13,COMPLIANT
South West,Frome Clinical Waste Treatment Plant and Transfer Station,Somerset,18 01 04,Transfer (D),0.102,D15,COMPLIANT
South West,Frome Clinical Waste Treatment Plant and Transfer Station,Somerset,18 01 03*,Recovery,0.027,R13,COMPLIANT
South West,Frome Clinical Waste Treatment Plant and Transfer Station,Somerset,18 01 03*,Recovery,0.075,R13,COMPLIANT
South West,Frome Clinical Waste Treatment Plant and Transfer Station,Somerset,18 01 03*,Transfer (D),0.016,D15,COMPLIANT
South West,Frome Clinical Waste Treatment Plant and Transfer Station,Somerset,18 01 04,Transfer (D),0.165,D15,COMPLIANT
South West,Frome Clinical Waste Treatment Plant and Transfer Station,Somerset,18 01 04,Transfer (D),0.087,D15,COMPLIANT
South West,Frome Clinical Waste Treatment Plant and Transfer Station,Somerset,18 01 03*,Transfer (D),0.386,D15,COMPLIANT
South West,Frome Clinical Waste Treatment Plant and Transfer Station,Somerset,18 01 09,Transfer (D),0.101,D15,COMPLIANT
South West,Frome Clinical Waste Treatment Plant and Transfer Station,Somerset,18 01 03*,Recovery,0.685,R13,COMPLIANT
South West,Frome Clinical Waste Treatment Plant and Transfer Station,Somerset,18 01 03*,Transfer (D),0.184,D15,COMPLIANT
South West,Frome Clinical Waste Treatment Plant and Transfer Station,Somerset,18 01 04,Transfer (D),0.602,D15,COMPLIANT
South West,Frome Clinical Waste Treatment Plant and Transfer Station,Somerset,18 01 03*,Recovery,0.162,R13,COMPLIANT
South West,Frome Clinical Waste Treatment Plant and Transfer Station,Somerset,18 01 03*,Transfer (D),0.096,D15,COMPLIANT
South West,Frome Clinical Waste Treatment Plant and Transfer Station,Somerset,18 01 04,Transfer (D),0.149,D15,COMPLIANT
South West,Frome Clinical Waste Treatment Plant and Transfer Station,Somerset,18 01 03*,Recovery,0.063,R13,COMPLIANT
South West,Frome Clinical Waste Treatment Plant and Transfer Station,Somerset,18 01 08*,Transfer (D),0.058,D15,COMPLIANT
South West,Frome Clinical Waste Treatment Plant and Transfer Station,Somerset,18 01 03*,Transfer (D),9.771,D15,COMPLIANT
South West,Frome Clinical Waste Treatment Plant and Transfer Station,Somerset,18 01 04,Transfer (D),1.675,D15,COMPLIANT
South West,Frome Clinical Waste Treatment Plant and Transfer Station,Somerset,18 01 03*,Recovery,2.126,R13,COMPLIANT
South West,Frome Clinical Waste Treatment Plant and Transfer Station,Somerset,18 01 08*,Transfer (D),0.116,D15,COMPLIANT
South West,Frome Clinical Waste Treatment Plant and Transfer Station,Somerset,18 01 03*,Transfer (D),1.497,D15,COMPLIANT
South West,Frome Clinical Waste Treatment Plant and Transfer Station,Somerset,18 01 09,Transfer (D),0.157,D15,COMPLIANT
South West,Frome Clinical Waste Treatment Plant and Transfer Station,Somerset,18 01 04,Transfer (D),0.103,D15,COMPLIANT
South West,Frome Clinical Waste Treatment Plant and Transfer Station,Somerset,18 01 03*,Transfer (D),1.567,D15,COMPLIANT
South West,Frome Clinical Waste Treatment Plant and Transfer Station,Somerset,18 01 09,Transfer (D),0.359,D15,COMPLIANT
South West,Frome Clinical Waste Treatment Plant and Transfer Station,Somerset,18 01 03*,Transfer (D),0.244,D15,COMPLIANT
South West,Frome Clinical Waste Treatment Plant and Transfer Station,Somerset,18 01 09,Transfer (D),0.097,D15,COMPLIANT
South West,Frome Clinical Waste Treatment Plant and Transfer Station,Somerset,18 01 03*,Recovery,3.675,R13,COMPLIANT
South West,Frome Clinical Waste Treatment Plant and Transfer Station,Somerset,18 01 08*,Transfer (D),0.139,D15,COMPLIANT
South West,Frome Clinical Waste Treatment Plant and Transfer Station,Somerset,18 01 03*,Transfer (D),1.067,D15,COMPLIANT
South West,Frome Clinical Waste Treatment Plant and Transfer Station,Somerset,18 01 09,Transfer (D),0.235,D15,COMPLIANT
South West,Frome Clinical Waste Treatment Plant and Transfer Station,Somerset,18 01 04,Transfer (D),0.692,D15,COMPLIANT
South West,Frome Clinical Waste Treatment Plant and Transfer Station,Somerset,18 01 03*,Recovery,0.261,R13,COMPLIANT
South West,Frome Clinical Waste Treatment Plant and Transfer Station,Somerset,18 01 03*,Recovery,0.22,R13,COMPLIANT
South West,Frome Clinical Waste Treatment Plant and Transfer Station,Somerset,18 01 03*,Transfer (D),126.593,D15,COMPLIANT
South West,Frome Clinical Waste Treatment Plant and Transfer Station,Somerset,18 01 03*,Recovery,13.973,R13,COMPLIANT
South West,Frome Clinical Waste Treatment Plant and Transfer Station,Somerset,18 01 08*,Transfer (D),0.046,D15,COMPLIANT
South West,Frome Clinical Waste Treatment Plant and Transfer Station,Somerset,18 01 03*,Transfer (D),13.865,D15,COMPLIANT
South West,Frome Clinical Waste Treatment Plant and Transfer Station,Somerset,18 01 09,Transfer (D),1.8,D15,COMPLIANT
South West,Frome Clinical Waste Treatment Plant and Transfer Station,Somerset,18 01 04,Transfer (D),2.905,D15,COMPLIANT
South West,Frome Clinical Waste Treatment Plant and Transfer Station,Somerset,18 01 03*,Recovery,0.288,R13,COMPLIANT
South West,Frome Clinical Waste Treatment Plant and Transfer Station,Somerset,18 01 03*,Transfer (D),4.691,D15,COMPLIANT
South West,Frome Clinical Waste Treatment Plant and Transfer Station,Somerset,18 01 09,Transfer (D),0.804,D15,COMPLIANT
South West,Frome Clinical Waste Treatment Plant and Transfer Station,Somerset,18 01 04,Transfer (D),0.205,D15,COMPLIANT
South West,Frome Clinical Waste Treatment Plant and Transfer Station,Somerset,18 01 03*,Transfer (D),0.1,D15,COMPLIANT
South West,Frome Clinical Waste Treatment Plant and Transfer Station,Somerset,18 01 03*,Transfer (D),0.067,D15,COMPLIANT
South West,Frome Clinical Waste Treatment Plant and Transfer Station,Somerset,18 01 03*,Transfer (D),0.057,D15,COMPLIANT
South West,Frome Clinical Waste Treatment Plant and Transfer Station,Somerset,18 01 03*,Transfer (D),0.065,D15,COMPLIANT
South West,Frome Clinical Waste Treatment Plant and Transfer Station,Somerset,18 01 03*,Transfer (D),0.395,D15,COMPLIANT
South West,Frome Clinical Waste Treatment Plant and Transfer Station,Somerset,18 01 03*,Transfer (D),1.435,D15,COMPLIANT
South West,Frome Clinical Waste Treatment Plant and Transfer Station,Somerset,18 01 09,Transfer (D),0.27,D15,COMPLIANT
South West,Frome Clinical Waste Treatment Plant and Transfer Station,Somerset,18 01 03*,Recovery,0.041,R13,COMPLIANT
South West,Frome Clinical Waste Treatment Plant and Transfer Station,Somerset,18 01 04,Transfer (D),0.283,D15,COMPLIANT
South West,South West Waste Recovery Facility,Devon,18 01 08*,Transfer (D),0.08,D15,COMPLIANT
South West,South West Waste Recovery Facility,Devon,18 01 01,Transfer (D),0.01,D15,COMPLIANT
South West,South West Waste Recovery Facility,Devon,18 01 06*,Recovery,0.03,R13,COMPLIANT
South West,South West Waste Recovery Facility,Devon,18 01 06*,Transfer (D),0.01,D15,COMPLIANT
South West,South West Waste Recovery Facility,Devon,18 01 03*,Transfer (D),0.27,D15,COMPLIANT
South West,South West Waste Recovery Facility,Devon,18 01 04,Transfer (D),0.03,D15,COMPLIANT
South West,South West Waste Recovery Facility,Devon,18 01 04,Transfer (D),0.01,D15,COMPLIANT
South West,South West Waste Recovery Facility,Devon,18 01 09,Transfer (D),0.01,D15,COMPLIANT
South West,South West Waste Recovery Facility,Devon,18 01 01,Transfer (D),0.02,D15,COMPLIANT
South West,South West Waste Recovery Facility,Devon,18 01 04,Transfer (D),0.07,D15,COMPLIANT
South West,South West Waste Recovery Facility,Devon,18 01 01,Transfer (D),0.05,D15,COMPLIANT
South West,Augean Waste Treatment Plant  EA/EPR/RP3735XP/V002,Bristol City,18 01 08*,Transfer (D),0.05,D15,COMPLIANT
South West,Augean Waste Treatment Plant  EA/EPR/RP3735XP/V002,Bristol City,18 01 06*,Recovery,0.4,R13,COMPLIANT
South West,Augean Waste Treatment Plant  EA/EPR/RP3735XP/V002,Bristol City,18 01 07,Transfer (D),0.25,D15,COMPLIANT
South West,Augean Waste Treatment Plant  EA/EPR/RP3735XP/V002,Bristol City,18 01 06*,Transfer (D),0.2,D15,COMPLIANT
South West,Augean Waste Treatment Plant  EA/EPR/RP3735XP/V002,Bristol City,18 01 08*,Transfer (D),0.01,D15,COMPLIANT
South West,Augean Waste Treatment Plant  EA/EPR/RP3735XP/V002,Bristol City,18 01 06*,Recovery,2.0,R13,COMPLIANT
South West,Augean Waste Treatment Plant  EA/EPR/RP3735XP/V002,Bristol City,18 01 08*,Recovery,0.04,R13,COMPLIANT
South West,Augean Waste Treatment Plant  EA/EPR/RP3735XP/V002,Bristol City,18 01 06*,Transfer (D),0.03,D15,COMPLIANT
South West,Augean Waste Treatment Plant  EA/EPR/RP3735XP/V002,Bristol City,18 01 06*,Treatment,1.98,D09,COMPLIANT
South West,Augean Waste Treatment Plant  EA/EPR/RP3735XP/V002,Bristol City,18 01 07,Recovery,0.06,R13,COMPLIANT
South West,Augean Waste Treatment Plant  EA/EPR/RP3735XP/V002,Bristol City,18 01 06*,Transfer (D),0.02,D15,COMPLIANT
South West,Augean Waste Treatment Plant  EA/EPR/RP3735XP/V002,Bristol City,18 01 08*,Transfer (D),0.02,D15,COMPLIANT
South West,Augean Waste Treatment Plant  EA/EPR/RP3735XP/V002,Bristol City,18 01 06*,Transfer (D),0.02,D15,COMPLIANT
South West,Augean Waste Treatment Plant  EA/EPR/RP3735XP/V002,Bristol City,18 01 08*,Transfer (D),0.01,D15,COMPLIANT
South West,Augean Waste Treatment Plant  EA/EPR/RP3735XP/V002,Bristol City,18 01 07,Transfer (D),0.04,D15,COMPLIANT
South West,Augean Waste Treatment Plant  EA/EPR/RP3735XP/V002,Bristol City,18 01 06*,Transfer (D),0.03,D15,COMPLIANT
South West,Augean Waste Treatment Plant  EA/EPR/RP3735XP/V002,Bristol City,18 01 08*,Transfer (D),0.04,D15,COMPLIANT
South West,Swindon Clinical Waste Transfer and Treatment Facility - EPR/CP3138QD,Swindon,18 01 09,Recovery,0.1068,R13,COMPLIANT
South West,Swindon Clinical Waste Transfer and Treatment Facility - EPR/CP3138QD,Swindon,18 01 03*,Transfer (D),2.9982,D15,COMPLIANT
South West,Swindon Clinical Waste Transfer and Treatment Facility - EPR/CP3138QD,Swindon,18 01 04,Transfer (D),0.7456,D15,COMPLIANT
South West,Swindon Clinical Waste Transfer and Treatment Facility - EPR/CP3138QD,Swindon,18 01 03*,Treatment,13.0598,D09,COMPLIANT
South West,Swindon Clinical Waste Transfer and Treatment Facility - EPR/CP3138QD,Swindon,18 01 03*,Incineration,0.335,D10,COMPLIANT
South West,Swindon Clinical Waste Transfer and Treatment Facility - EPR/CP3138QD,Swindon,18 01 09,Recovery,5.7156,R13,COMPLIANT
South West,Swindon Clinical Waste Transfer and Treatment Facility - EPR/CP3138QD,Swindon,18 01 06*,Transfer (D),5.623,D15,COMPLIANT
South West,Swindon Clinical Waste Transfer and Treatment Facility - EPR/CP3138QD,Swindon,18 01 08*,Transfer (D),14.4264,D15,COMPLIANT
South West,Swindon Clinical Waste Transfer and Treatment Facility - EPR/CP3138QD,Swindon,18 01 03*,Transfer (D),255.5801,D15,COMPLIANT
South West,Swindon Clinical Waste Transfer and Treatment Facility - EPR/CP3138QD,Swindon,18 01 09,Transfer (D),1.4554,D15,COMPLIANT
South West,Swindon Clinical Waste Transfer and Treatment Facility - EPR/CP3138QD,Swindon,18 01 01,Transfer (D),0.111,D15,COMPLIANT
South West,Swindon Clinical Waste Transfer and Treatment Facility - EPR/CP3138QD,Swindon,18 01 04,Transfer (D),11.3586,D15,COMPLIANT
South West,Swindon Clinical Waste Transfer and Treatment Facility - EPR/CP3138QD,Swindon,18 01 03*,Treatment,39.4466,D09,COMPLIANT
South West,Swindon Clinical Waste Transfer and Treatment Facility - EPR/CP3138QD,Swindon,18 01 08*,Incineration,0.4612,D10,COMPLIANT
South West,Swindon Clinical Waste Transfer and Treatment Facility - EPR/CP3138QD,Swindon,18 01 03*,Incineration,29.0798,D10,COMPLIANT
South West,Swindon Clinical Waste Transfer and Treatment Facility - EPR/CP3138QD,Swindon,18 01 04,Incineration,12.3516,D10,COMPLIANT
South West,Swindon Clinical Waste Transfer and Treatment Facility - EPR/CP3138QD,Swindon,18 01 08*,Transfer (D),0.2646,D15,COMPLIANT
South West,Swindon Clinical Waste Transfer and Treatment Facility - EPR/CP3138QD,Swindon,18 01 03*,Transfer (D),8.4278,D15,COMPLIANT
South West,Swindon Clinical Waste Transfer and Treatment Facility - EPR/CP3138QD,Swindon,18 01 09,Transfer (D),0.308,D15,COMPLIANT
South West,Swindon Clinical Waste Transfer and Treatment Facility - EPR/CP3138QD,Swindon,18 01 04,Transfer (D),15.9584,D15,COMPLIANT
South West,Swindon Clinical Waste Transfer and Treatment Facility - EPR/CP3138QD,Swindon,18 01 03*,Treatment,19.2936,D09,COMPLIANT
South West,Swindon Clinical Waste Transfer and Treatment Facility - EPR/CP3138QD,Swindon,18 01 09,Incineration,0.2492,D10,COMPLIANT
South West,Swindon Clinical Waste Transfer and Treatment Facility - EPR/CP3138QD,Swindon,18 01 03*,Incineration,8.659,D10,COMPLIANT
South West,Swindon Clinical Waste Transfer and Treatment Facility - EPR/CP3138QD,Swindon,18 01 04,Incineration,0.7172,D10,COMPLIANT
South West,Swindon Clinical Waste Transfer and Treatment Facility - EPR/CP3138QD,Swindon,18 01 09,Transfer (D),0.045,D15,COMPLIANT
South West,Swindon Clinical Waste Transfer and Treatment Facility - EPR/CP3138QD,Swindon,18 01 03*,Transfer (D),0.539804,D15,COMPLIANT
South West,Swindon Clinical Waste Transfer and Treatment Facility - EPR/CP3138QD,Swindon,18 01 04,Transfer (D),0.015,D15,COMPLIANT
South West,Swindon Clinical Waste Transfer and Treatment Facility - EPR/CP3138QD,Swindon,18 01 09,Recovery,36.114634,R13,COMPLIANT
South West,Swindon Clinical Waste Transfer and Treatment Facility - EPR/CP3138QD,Swindon,18 01 08*,Transfer (D),4.246871,D15,COMPLIANT
South West,Swindon Clinical Waste Transfer and Treatment Facility - EPR/CP3138QD,Swindon,18 01 03*,Transfer (D),184.868595,D15,COMPLIANT
South West,Swindon Clinical Waste Transfer and Treatment Facility - EPR/CP3138QD,Swindon,18 01 09,Transfer (D),5.916,D15,COMPLIANT
South West,Swindon Clinical Waste Transfer and Treatment Facility - EPR/CP3138QD,Swindon,18 01 04,Transfer (D),202.464367,D15,COMPLIANT
South West,Swindon Clinical Waste Transfer and Treatment Facility - EPR/CP3138QD,Swindon,18 01 03*,Treatment,411.954782,D09,COMPLIANT
South West,Swindon Clinical Waste Transfer and Treatment Facility - EPR/CP3138QD,Swindon,18 01 09,Recovery,0.164984,R13,COMPLIANT
South West,Swindon Clinical Waste Transfer and Treatment Facility - EPR/CP3138QD,Swindon,18 01 08*,Transfer (D),0.111914,D15,COMPLIANT
South West,Swindon Clinical Waste Transfer and Treatment Facility - EPR/CP3138QD,Swindon,18 01 03*,Transfer (D),0.456423,D15,COMPLIANT
South West,Swindon Clinical Waste Transfer and Treatment Facility - EPR/CP3138QD,Swindon,18 01 09,Transfer (D),0.08,D15,COMPLIANT
South West,Swindon Clinical Waste Transfer and Treatment Facility - EPR/CP3138QD,Swindon,18 01 04,Transfer (D),0.94019,D15,COMPLIANT
South West,Swindon Clinical Waste Transfer and Treatment Facility - EPR/CP3138QD,Swindon,18 01 03*,Treatment,2.476761,D09,COMPLIANT
South West,Swindon Clinical Waste Transfer and Treatment Facility - EPR/CP3138QD,Swindon,18 01 09,Recovery,0.108,R13,COMPLIANT
South West,Swindon Clinical Waste Transfer and Treatment Facility - EPR/CP3138QD,Swindon,18 01 08*,Transfer (D),0.012,D15,COMPLIANT
South West,Swindon Clinical Waste Transfer and Treatment Facility - EPR/CP3138QD,Swindon,18 01 03*,Transfer (D),2.156,D15,COMPLIANT
South West,Swindon Clinical Waste Transfer and Treatment Facility - EPR/CP3138QD,Swindon,18 01 04,Transfer (D),0.157,D15,COMPLIANT
South West,Swindon Clinical Waste Transfer and Treatment Facility - EPR/CP3138QD,Swindon,18 01 09,Recovery,0.0032,R13,COMPLIANT
South West,Swindon Clinical Waste Transfer and Treatment Facility - EPR/CP3138QD,Swindon,18 01 03*,Transfer (D),0.027853,D15,COMPLIANT
South West,Swindon Clinical Waste Transfer and Treatment Facility - EPR/CP3138QD,Swindon,18 01 09,Recovery,0.012753,R13,COMPLIANT
South West,Swindon Clinical Waste Transfer and Treatment Facility - EPR/CP3138QD,Swindon,18 01 08*,Transfer (D),0.00225,D15,COMPLIANT
South West,Swindon Clinical Waste Transfer and Treatment Facility - EPR/CP3138QD,Swindon,18 01 03*,Transfer (D),3.545992,D15,COMPLIANT
South West,Swindon Clinical Waste Transfer and Treatment Facility - EPR/CP3138QD,Swindon,18 01 09,Transfer (D),0.01,D15,COMPLIANT
South West,Swindon Clinical Waste Transfer and Treatment Facility - EPR/CP3138QD,Swindon,18 01 04,Transfer (D),6.7252,D15,COMPLIANT
South West,Swindon Clinical Waste Transfer and Treatment Facility - EPR/CP3138QD,Swindon,18 01 03*,Treatment,2.605986,D09,COMPLIANT
South West,Swindon Clinical Waste Transfer and Treatment Facility - EPR/CP3138QD,Swindon,18 01 09,Recovery,88.2359,R13,COMPLIANT
South West,Swindon Clinical Waste Transfer and Treatment Facility - EPR/CP3138QD,Swindon,18 01 08*,Transfer (D),31.0537,D15,COMPLIANT
South West,Swindon Clinical Waste Transfer and Treatment Facility - EPR/CP3138QD,Swindon,18 01 03*,Transfer (D),6.1496,D15,COMPLIANT
South West,Swindon Clinical Waste Transfer and Treatment Facility - EPR/CP3138QD,Swindon,18 01 09,Recovery,0.8718,R13,COMPLIANT
South West,Swindon Clinical Waste Transfer and Treatment Facility - EPR/CP3138QD,Swindon,18 01 08*,Transfer (D),0.3148,D15,COMPLIANT
South West,Swindon Clinical Waste Transfer and Treatment Facility - EPR/CP3138QD,Swindon,18 01 03*,Transfer (D),3.421,D15,COMPLIANT
South West,Swindon Clinical Waste Transfer and Treatment Facility - EPR/CP3138QD,Swindon,18 01 04,Transfer (D),0.2052,D15,COMPLIANT
South West,Swindon Clinical Waste Transfer and Treatment Facility - EPR/CP3138QD,Swindon,18 01 03*,Treatment,22.8136,D09,COMPLIANT
South West,Swindon Clinical Waste Transfer and Treatment Facility - EPR/CP3138QD,Swindon,18 01 08*,Incineration,0.005,D10,COMPLIANT
South West,Swindon Clinical Waste Transfer and Treatment Facility - EPR/CP3138QD,Swindon,18 01 03*,Incineration,0.054,D10,COMPLIANT
South West,Swindon Clinical Waste Transfer and Treatment Facility - EPR/CP3138QD,Swindon,18 01 01,Incineration,0.14,D10,COMPLIANT
South West,Swindon Clinical Waste Transfer and Treatment Facility - EPR/CP3138QD,Swindon,18 01 03*,Transfer (D),0.031,D15,COMPLIANT
South West,Swindon Clinical Waste Transfer and Treatment Facility - EPR/CP3138QD,Swindon,18 01 08*,Incineration,0.4496,D10,COMPLIANT
South West,Swindon Clinical Waste Transfer and Treatment Facility - EPR/CP3138QD,Swindon,18 01 03*,Incineration,86.5112,D10,COMPLIANT
South West,Swindon Clinical Waste Transfer and Treatment Facility - EPR/CP3138QD,Swindon,18 01 09,Incineration,0.4768,D10,COMPLIANT
South West,Swindon Clinical Waste Transfer and Treatment Facility - EPR/CP3138QD,Swindon,18 01 04,Incineration,12.1664,D10,COMPLIANT
South West,Swindon Clinical Waste Transfer and Treatment Facility - EPR/CP3138QD,Swindon,18 01 08*,Transfer (D),0.153,D15,COMPLIANT
South West,Swindon Clinical Waste Transfer and Treatment Facility - EPR/CP3138QD,Swindon,18 01 03*,Transfer (D),9.3118,D15,COMPLIANT
South West,Swindon Clinical Waste Transfer and Treatment Facility - EPR/CP3138QD,Swindon,18 01 09,Transfer (D),0.3706,D15,COMPLIANT
South West,Swindon Clinical Waste Transfer and Treatment Facility - EPR/CP3138QD,Swindon,18 01 04,Transfer (D),2.8832,D15,COMPLIANT
South West,Swindon Clinical Waste Transfer and Treatment Facility - EPR/CP3138QD,Swindon,18 01 03*,Incineration,0.925,D10,COMPLIANT
South West,Swindon Clinical Waste Transfer and Treatment Facility - EPR/CP3138QD,Swindon,18 01 03*,Incineration,0.375,D10,COMPLIANT
South West,Swindon Clinical Waste Transfer and Treatment Facility - EPR/CP3138QD,Swindon,18 01 03*,Transfer (D),0.046,D15,COMPLIANT
South West,Swindon Clinical Waste Transfer and Treatment Facility - EPR/CP3138QD,Swindon,18 01 04,Transfer (D),0.075,D15,COMPLIANT
South West,Swindon Clinical Waste Transfer and Treatment Facility - EPR/CP3138QD,Swindon,18 01 03*,Incineration,0.078599,D10,COMPLIANT
South West,Swindon Clinical Waste Transfer and Treatment Facility - EPR/CP3138QD,Swindon,18 01 04,Incineration,0.081,D10,COMPLIANT
South West,Swindon Clinical Waste Transfer and Treatment Facility - EPR/CP3138QD,Swindon,18 01 03*,Incineration,1.064,D10,COMPLIANT
South West,Swindon Clinical Waste Transfer and Treatment Facility - EPR/CP3138QD,Swindon,18 01 03*,Transfer (D),0.015238,D15,COMPLIANT
South West,Swindon Clinical Waste Transfer and Treatment Facility - EPR/CP3138QD,Swindon,18 01 03*,Treatment,0.065954,D09,COMPLIANT
South West,Swindon Clinical Waste Transfer and Treatment Facility - EPR/CP3138QD,Swindon,18 01 09,Recovery,8.211754,R13,COMPLIANT
South West,Swindon Clinical Waste Transfer and Treatment Facility - EPR/CP3138QD,Swindon,18 01 08*,Transfer (D),0.502206,D15,COMPLIANT
South West,Swindon Clinical Waste Transfer and Treatment Facility - EPR/CP3138QD,Swindon,18 01 03*,Transfer (D),9.42304,D15,COMPLIANT
South West,Swindon Clinical Waste Transfer and Treatment Facility - EPR/CP3138QD,Swindon,18 01 09,Transfer (D),1.655,D15,COMPLIANT
South West,Swindon Clinical Waste Transfer and Treatment Facility - EPR/CP3138QD,Swindon,18 01 01,Transfer (D),0.070197,D15,COMPLIANT
South West,Swindon Clinical Waste Transfer and Treatment Facility - EPR/CP3138QD,Swindon,18 01 04,Transfer (D),10.043822,D15,COMPLIANT
South West,Swindon Clinical Waste Transfer and Treatment Facility - EPR/CP3138QD,Swindon,18 01 03*,Treatment,18.970259,D09,COMPLIANT
South West,Swindon Clinical Waste Transfer and Treatment Facility - EPR/CP3138QD,Swindon,18 01 09,Recovery,4.379526,R13,COMPLIANT
South West,Swindon Clinical Waste Transfer and Treatment Facility - EPR/CP3138QD,Swindon,18 01 08*,Transfer (D),0.440156,D15,COMPLIANT
South West,Swindon Clinical Waste Transfer and Treatment Facility - EPR/CP3138QD,Swindon,18 01 03*,Transfer (D),17.454101,D15,COMPLIANT
South West,Swindon Clinical Waste Transfer and Treatment Facility - EPR/CP3138QD,Swindon,18 01 09,Transfer (D),0.7476,D15,COMPLIANT
South West,Swindon Clinical Waste Transfer and Treatment Facility - EPR/CP3138QD,Swindon,18 01 04,Transfer (D),24.946538,D15,COMPLIANT
South West,Swindon Clinical Waste Transfer and Treatment Facility - EPR/CP3138QD,Swindon,18 01 03*,Treatment,14.760476,D09,COMPLIANT
South West,Swindon Clinical Waste Transfer and Treatment Facility - EPR/CP3138QD,Swindon,18 01 09,Recovery,3.336722,R13,COMPLIANT
South West,Swindon Clinical Waste Transfer and Treatment Facility - EPR/CP3138QD,Swindon,18 01 08*,Transfer (D),0.30335,D15,COMPLIANT
South West,Swindon Clinical Waste Transfer and Treatment Facility - EPR/CP3138QD,Swindon,18 01 03*,Transfer (D),8.686448,D15,COMPLIANT
South West,Swindon Clinical Waste Transfer and Treatment Facility - EPR/CP3138QD,Swindon,18 01 09,Transfer (D),0.745,D15,COMPLIANT
South West,Swindon Clinical Waste Transfer and Treatment Facility - EPR/CP3138QD,Swindon,18 01 04,Transfer (D),12.154876,D15,COMPLIANT
South West,Swindon Clinical Waste Transfer and Treatment Facility - EPR/CP3138QD,Swindon,18 01 03*,Treatment,12.372108,D09,COMPLIANT
South West,Swindon Clinical Waste Transfer and Treatment Facility - EPR/CP3138QD,Swindon,18 01 09,Recovery,7.575795,R13,COMPLIANT
South West,Swindon Clinical Waste Transfer and Treatment Facility - EPR/CP3138QD,Swindon,18 01 08*,Transfer (D),0.70498,D15,COMPLIANT
South West,Swindon Clinical Waste Transfer and Treatment Facility - EPR/CP3138QD,Swindon,18 01 03*,Transfer (D),9.578643,D15,COMPLIANT
South West,Swindon Clinical Waste Transfer and Treatment Facility - EPR/CP3138QD,Swindon,18 01 09,Transfer (D),1.66,D15,COMPLIANT
South West,Swindon Clinical Waste Transfer and Treatment Facility - EPR/CP3138QD,Swindon,18 01 04,Transfer (D),8.22798,D15,COMPLIANT
South West,Swindon Clinical Waste Transfer and Treatment Facility - EPR/CP3138QD,Swindon,18 01 03*,Treatment,19.24942,D09,COMPLIANT
South West,Swindon Clinical Waste Transfer and Treatment Facility - EPR/CP3138QD,Swindon,18 01 08*,Transfer (D),0.002462,D15,COMPLIANT
South West,Swindon Clinical Waste Transfer and Treatment Facility - EPR/CP3138QD,Swindon,18 01 03*,Transfer (D),0.659455,D15,COMPLIANT
South West,Swindon Clinical Waste Transfer and Treatment Facility - EPR/CP3138QD,Swindon,18 01 04,Transfer (D),0.655383,D15,COMPLIANT
South West,Swindon Clinical Waste Transfer and Treatment Facility - EPR/CP3138QD,Swindon,18 01 03*,Treatment,0.308643,D09,COMPLIANT
South West,Swindon Clinical Waste Transfer and Treatment Facility - EPR/CP3138QD,Swindon,18 01 09,Recovery,4.962232,R13,COMPLIANT
South West,Swindon Clinical Waste Transfer and Treatment Facility - EPR/CP3138QD,Swindon,18 01 08*,Transfer (D),0.327238,D15,COMPLIANT
South West,Swindon Clinical Waste Transfer and Treatment Facility - EPR/CP3138QD,Swindon,18 01 03*,Transfer (D),12.014968,D15,COMPLIANT
South West,Swindon Clinical Waste Transfer and Treatment Facility - EPR/CP3138QD,Swindon,18 01 09,Transfer (D),0.8,D15,COMPLIANT
South West,Swindon Clinical Waste Transfer and Treatment Facility - EPR/CP3138QD,Swindon,18 01 04,Transfer (D),22.217865,D15,COMPLIANT
South West,Swindon Clinical Waste Transfer and Treatment Facility - EPR/CP3138QD,Swindon,18 01 03*,Treatment,20.301435,D09,COMPLIANT
South West,Swindon Clinical Waste Transfer and Treatment Facility - EPR/CP3138QD,Swindon,18 01 09,Recovery,2.625969,R13,COMPLIANT
South West,Swindon Clinical Waste Transfer and Treatment Facility - EPR/CP3138QD,Swindon,18 01 08*,Transfer (D),0.066041,D15,COMPLIANT
South West,Swindon Clinical Waste Transfer and Treatment Facility - EPR/CP3138QD,Swindon,18 01 03*,Transfer (D),7.861824,D15,COMPLIANT
South West,Swindon Clinical Waste Transfer and Treatment Facility - EPR/CP3138QD,Swindon,18 01 09,Transfer (D),0.58,D15,COMPLIANT
South West,Swindon Clinical Waste Transfer and Treatment Facility - EPR/CP3138QD,Swindon,18 01 04,Transfer (D),6.433131,D15,COMPLIANT
South West,Swindon Clinical Waste Transfer and Treatment Facility - EPR/CP3138QD,Swindon,18 01 03*,Treatment,9.344274,D09,COMPLIANT
South West,Swindon Clinical Waste Transfer and Treatment Facility - EPR/CP3138QD,Swindon,18 01 09,Recovery,0.242854,R13,COMPLIANT
South West,Swindon Clinical Waste Transfer and Treatment Facility - EPR/CP3138QD,Swindon,18 01 03*,Transfer (D),0.007,D15,COMPLIANT
South West,Swindon Clinical Waste Transfer and Treatment Facility - EPR/CP3138QD,Swindon,18 01 03*,Treatment,0.016107,D09,COMPLIANT
South West,Swindon Clinical Waste Transfer and Treatment Facility - EPR/CP3138QD,Swindon,18 01 09,Recovery,0.273873,R13,COMPLIANT
South West,Swindon Clinical Waste Transfer and Treatment Facility - EPR/CP3138QD,Swindon,18 01 03*,Transfer (D),0.0037,D15,COMPLIANT
South West,Swindon Clinical Waste Transfer and Treatment Facility - EPR/CP3138QD,Swindon,18 01 03*,Treatment,0.0192,D09,COMPLIANT
South West,Swindon Clinical Waste Transfer and Treatment Facility - EPR/CP3138QD,Swindon,18 01 09,Recovery,0.058326,R13,COMPLIANT
South West,Swindon Clinical Waste Transfer and Treatment Facility - EPR/CP3138QD,Swindon,18 01 03*,Transfer (D),0.02771,D15,COMPLIANT
South West,Swindon Clinical Waste Transfer and Treatment Facility - EPR/CP3138QD,Swindon,18 01 03*,Treatment,0.022115,D09,COMPLIANT
South West,Swindon Clinical Waste Transfer and Treatment Facility - EPR/CP3138QD,Swindon,18 01 09,Recovery,18.659881,R13,COMPLIANT
South West,Swindon Clinical Waste Transfer and Treatment Facility - EPR/CP3138QD,Swindon,18 01 08*,Transfer (D),1.2444,D15,COMPLIANT
South West,Swindon Clinical Waste Transfer and Treatment Facility - EPR/CP3138QD,Swindon,18 01 03*,Transfer (D),130.91335,D15,COMPLIANT
South West,Swindon Clinical Waste Transfer and Treatment Facility - EPR/CP3138QD,Swindon,18 01 02,Transfer (D),0.1454,D15,COMPLIANT
South West,Swindon Clinical Waste Transfer and Treatment Facility - EPR/CP3138QD,Swindon,18 01 09,Transfer (D),4.3424,D15,COMPLIANT
South West,Swindon Clinical Waste Transfer and Treatment Facility - EPR/CP3138QD,Swindon,18 01 01,Transfer (D),0.1356,D15,COMPLIANT
South West,Swindon Clinical Waste Transfer and Treatment Facility - EPR/CP3138QD,Swindon,18 01 03*,Treatment,206.048573,D09,COMPLIANT
South West,Swindon Clinical Waste Transfer and Treatment Facility - EPR/CP3138QD,Swindon,18 01 09,Recovery,0.199757,R13,COMPLIANT
South West,Swindon Clinical Waste Transfer and Treatment Facility - EPR/CP3138QD,Swindon,18 01 03*,Transfer (D),0.062559,D15,COMPLIANT
South West,Swindon Clinical Waste Transfer and Treatment Facility - EPR/CP3138QD,Swindon,18 01 09,Recovery,0.01472,R13,COMPLIANT
South West,Swindon Clinical Waste Transfer and Treatment Facility - EPR/CP3138QD,Swindon,18 01 09,Recovery,0.173518,R13,COMPLIANT
South West,Swindon Clinical Waste Transfer and Treatment Facility - EPR/CP3138QD,Swindon,18 01 09,Recovery,0.166436,R13,COMPLIANT
South West,Swindon Clinical Waste Transfer and Treatment Facility - EPR/CP3138QD,Swindon,18 01 03*,Transfer (D),0.04928,D15,COMPLIANT
South West,Swindon Clinical Waste Transfer and Treatment Facility - EPR/CP3138QD,Swindon,18 01 03*,Treatment,0.002182,D09,COMPLIANT
South West,Swindon Clinical Waste Transfer and Treatment Facility - EPR/CP3138QD,Swindon,18 01 09,Recovery,0.007,R13,COMPLIANT
South West,Swindon Clinical Waste Transfer and Treatment Facility - EPR/CP3138QD,Swindon,18 01 06*,Transfer (D),0.053,D15,COMPLIANT
South West,Swindon Clinical Waste Transfer and Treatment Facility - EPR/CP3138QD,Swindon,18 01 03*,Transfer (D),0.15651,D15,COMPLIANT
South West,Swindon Clinical Waste Transfer and Treatment Facility - EPR/CP3138QD,Swindon,18 01 04,Transfer (D),0.2672,D15,COMPLIANT
South West,Swindon Clinical Waste Transfer and Treatment Facility - EPR/CP3138QD,Swindon,18 01 03*,Treatment,1.682779,D09,COMPLIANT
South West,Swindon Clinical Waste Transfer and Treatment Facility - EPR/CP3138QD,Swindon,18 01 09,Recovery,0.029068,R13,COMPLIANT
South West,Swindon Clinical Waste Transfer and Treatment Facility - EPR/CP3138QD,Swindon,18 01 03*,Transfer (D),0.0133,D15,COMPLIANT
South West,Swindon Clinical Waste Transfer and Treatment Facility - EPR/CP3138QD,Swindon,18 01 03*,Treatment,0.034493,D09,COMPLIANT
South West,Swindon Clinical Waste Transfer and Treatment Facility - EPR/CP3138QD,Swindon,18 01 03*,Incineration,0.1572,D10,COMPLIANT
South West,Swindon Clinical Waste Transfer and Treatment Facility - EPR/CP3138QD,Swindon,18 01 09,Recovery,0.234202,R13,COMPLIANT
South West,Swindon Clinical Waste Transfer and Treatment Facility - EPR/CP3138QD,Swindon,18 01 08*,Transfer (D),0.069345,D15,COMPLIANT
South West,Swindon Clinical Waste Transfer and Treatment Facility - EPR/CP3138QD,Swindon,18 01 03*,Transfer (D),8.92784,D15,COMPLIANT
South West,Swindon Clinical Waste Transfer and Treatment Facility - EPR/CP3138QD,Swindon,18 01 09,Transfer (D),0.235,D15,COMPLIANT
South West,Swindon Clinical Waste Transfer and Treatment Facility - EPR/CP3138QD,Swindon,18 01 04,Transfer (D),9.808267,D15,COMPLIANT
South West,Swindon Clinical Waste Transfer and Treatment Facility - EPR/CP3138QD,Swindon,18 01 03*,Treatment,6.71501,D09,COMPLIANT
South West,Swindon Clinical Waste Transfer and Treatment Facility - EPR/CP3138QD,Swindon,18 01 08*,Transfer (D),0.0152,D15,COMPLIANT
South West,Swindon Clinical Waste Transfer and Treatment Facility - EPR/CP3138QD,Swindon,18 01 03*,Transfer (D),0.097699,D15,COMPLIANT
South West,Swindon Clinical Waste Transfer and Treatment Facility - EPR/CP3138QD,Swindon,18 01 03*,Treatment,0.350751,D09,COMPLIANT
South West,Swindon Clinical Waste Transfer and Treatment Facility - EPR/CP3138QD,Swindon,18 01 03*,Transfer (D),0.4546,D15,COMPLIANT
South West,Swindon Clinical Waste Transfer and Treatment Facility - EPR/CP3138QD,Swindon,18 01 04,Transfer (D),2.8816,D15,COMPLIANT
South West,Swindon Clinical Waste Transfer and Treatment Facility - EPR/CP3138QD,Swindon,18 01 03*,Treatment,2.8248,D09,COMPLIANT
South West,Swindon Clinical Waste Transfer and Treatment Facility - EPR/CP3138QD,Swindon,18 01 03*,Transfer (D),0.003162,D15,COMPLIANT
South West,Swindon Clinical Waste Transfer and Treatment Facility - EPR/CP3138QD,Swindon,18 01 03*,Treatment,0.000921,D09,COMPLIANT
South West,Swindon Clinical Waste Transfer and Treatment Facility - EPR/CP3138QD,Swindon,18 01 03*,Incineration,0.039,D10,COMPLIANT
South West,Swindon Clinical Waste Transfer and Treatment Facility - EPR/CP3138QD,Swindon,18 01 09,Recovery,1.0346,R13,COMPLIANT
South West,Swindon Clinical Waste Transfer and Treatment Facility - EPR/CP3138QD,Swindon,18 01 06*,Transfer (D),1.768,D15,COMPLIANT
South West,Swindon Clinical Waste Transfer and Treatment Facility - EPR/CP3138QD,Swindon,18 01 08*,Transfer (D),1.6024,D15,COMPLIANT
South West,Swindon Clinical Waste Transfer and Treatment Facility - EPR/CP3138QD,Swindon,18 01 03*,Transfer (D),81.7905,D15,COMPLIANT
South West,Swindon Clinical Waste Transfer and Treatment Facility - EPR/CP3138QD,Swindon,18 01 02,Transfer (D),0.429,D15,COMPLIANT
South West,Swindon Clinical Waste Transfer and Treatment Facility - EPR/CP3138QD,Swindon,18 01 09,Transfer (D),0.1684,D15,COMPLIANT
South West,Swindon Clinical Waste Transfer and Treatment Facility - EPR/CP3138QD,Swindon,18 01 04,Transfer (D),119.7548,D15,COMPLIANT
South West,Swindon Clinical Waste Transfer and Treatment Facility - EPR/CP3138QD,Swindon,18 01 03*,Treatment,33.4325,D09,COMPLIANT
South West,Swindon Clinical Waste Transfer and Treatment Facility - EPR/CP3138QD,Swindon,18 01 03*,Incineration,0.7562,D10,COMPLIANT
South West,Swindon Clinical Waste Transfer and Treatment Facility - EPR/CP3138QD,Swindon,18 01 09,Incineration,0.0422,D10,COMPLIANT
South West,Swindon Clinical Waste Transfer and Treatment Facility - EPR/CP3138QD,Swindon,18 01 09,Recovery,0.165303,R13,COMPLIANT
South West,Swindon Clinical Waste Transfer and Treatment Facility - EPR/CP3138QD,Swindon,18 01 03*,Transfer (D),0.039584,D15,COMPLIANT
South West,Swindon Clinical Waste Transfer and Treatment Facility - EPR/CP3138QD,Swindon,18 01 09,Transfer (D),0.272,D15,COMPLIANT
South West,Swindon Clinical Waste Transfer and Treatment Facility - EPR/CP3138QD,Swindon,18 01 04,Transfer (D),1.448374,D15,COMPLIANT
South West,Swindon Clinical Waste Transfer and Treatment Facility - EPR/CP3138QD,Swindon,18 01 03*,Treatment,1.613461,D09,COMPLIANT
South West,Swindon Clinical Waste Transfer and Treatment Facility - EPR/CP3138QD,Swindon,18 01 03*,Transfer (D),12.261,D15,COMPLIANT
South West,Swindon Clinical Waste Transfer and Treatment Facility - EPR/CP3138QD,Swindon,18 01 04,Transfer (D),1.2876,D15,COMPLIANT
South West,Swindon Clinical Waste Transfer and Treatment Facility - EPR/CP3138QD,Swindon,18 01 03*,Treatment,0.1744,D09,COMPLIANT
South West,Swindon Clinical Waste Transfer and Treatment Facility - EPR/CP3138QD,Swindon,18 01 08*,Incineration,0.035,D10,COMPLIANT
South West,Swindon Clinical Waste Transfer and Treatment Facility - EPR/CP3138QD,Swindon,18 01 03*,Incineration,1.0698,D10,COMPLIANT
South West,Swindon Clinical Waste Transfer and Treatment Facility - EPR/CP3138QD,Swindon,18 01 08*,Transfer (D),0.025,D15,COMPLIANT
South West,Swindon Clinical Waste Transfer and Treatment Facility - EPR/CP3138QD,Swindon,18 01 03*,Transfer (D),0.16,D15,COMPLIANT
South West,Swindon Clinical Waste Transfer and Treatment Facility - EPR/CP3138QD,Swindon,18 01 03*,Incineration,4.8536,D10,COMPLIANT
South West,Swindon Clinical Waste Transfer and Treatment Facility - EPR/CP3138QD,Swindon,18 01 03*,Incineration,0.7068,D10,COMPLIANT
South West,Swindon Clinical Waste Transfer and Treatment Facility - EPR/CP3138QD,Swindon,18 01 01,Incineration,0.2424,D10,COMPLIANT
South West,Swindon Clinical Waste Transfer and Treatment Facility - EPR/CP3138QD,Swindon,18 01 04,Incineration,4.206795,D10,COMPLIANT
South West,Swindon Clinical Waste Transfer and Treatment Facility - EPR/CP3138QD,Swindon,18 01 04,Transfer (D),0.7926,D15,COMPLIANT
South West,Swindon Clinical Waste Transfer and Treatment Facility - EPR/CP3138QD,Swindon,18 01 09,Incineration,0.208599,D10,COMPLIANT
South West,Swindon Clinical Waste Transfer and Treatment Facility - EPR/CP3138QD,Swindon,18 01 06*,Incineration,0.0904,D10,COMPLIANT
South West,Swindon Clinical Waste Transfer and Treatment Facility - EPR/CP3138QD,Swindon,18 01 08*,Incineration,0.7684,D10,COMPLIANT
South West,Swindon Clinical Waste Transfer and Treatment Facility - EPR/CP3138QD,Swindon,18 01 03*,Incineration,48.609596,D10,COMPLIANT
South West,Swindon Clinical Waste Transfer and Treatment Facility - EPR/CP3138QD,Swindon,18 01 04,Incineration,0.1798,D10,COMPLIANT
South West,Swindon Clinical Waste Transfer and Treatment Facility - EPR/CP3138QD,Swindon,18 01 06*,Transfer (D),0.158,D15,COMPLIANT
South West,Swindon Clinical Waste Transfer and Treatment Facility - EPR/CP3138QD,Swindon,18 01 08*,Transfer (D),0.0374,D15,COMPLIANT
South West,Swindon Clinical Waste Transfer and Treatment Facility - EPR/CP3138QD,Swindon,18 01 03*,Transfer (D),9.448798,D15,COMPLIANT
South West,Swindon Clinical Waste Transfer and Treatment Facility - EPR/CP3138QD,Swindon,18 01 04,Transfer (D),0.7668,D15,COMPLIANT
South West,Swindon Clinical Waste Transfer and Treatment Facility - EPR/CP3138QD,Swindon,18 01 03*,Treatment,0.1044,D09,COMPLIANT
South West,Swindon Clinical Waste Transfer and Treatment Facility - EPR/CP3138QD,Swindon,18 01 09,Recovery,0.7504,R13,COMPLIANT
South West,Swindon Clinical Waste Transfer and Treatment Facility - EPR/CP3138QD,Swindon,18 01 08*,Transfer (D),0.3602,D15,COMPLIANT
South West,Swindon Clinical Waste Transfer and Treatment Facility - EPR/CP3138QD,Swindon,18 01 03*,Transfer (D),3.6976,D15,COMPLIANT
South West,Swindon Clinical Waste Transfer and Treatment Facility - EPR/CP3138QD,Swindon,18 01 03*,Treatment,0.1602,D09,COMPLIANT
South West,Swindon Clinical Waste Transfer and Treatment Facility - EPR/CP3138QD,Swindon,18 01 08*,Incineration,0.2168,D10,COMPLIANT
South West,Swindon Clinical Waste Transfer and Treatment Facility - EPR/CP3138QD,Swindon,18 01 03*,Incineration,23.174199,D10,COMPLIANT
South West,Swindon Clinical Waste Transfer and Treatment Facility - EPR/CP3138QD,Swindon,18 01 04,Incineration,5.5116,D10,COMPLIANT
South West,Swindon Clinical Waste Transfer and Treatment Facility - EPR/CP3138QD,Swindon,18 01 08*,Transfer (D),0.5166,D15,COMPLIANT
South West,Swindon Clinical Waste Transfer and Treatment Facility - EPR/CP3138QD,Swindon,18 01 03*,Transfer (D),15.9522,D15,COMPLIANT
South West,Swindon Clinical Waste Transfer and Treatment Facility - EPR/CP3138QD,Swindon,18 01 04,Transfer (D),27.6474,D15,COMPLIANT
South West,Swindon Clinical Waste Transfer and Treatment Facility - EPR/CP3138QD,Swindon,18 01 03*,Treatment,21.0142,D09,COMPLIANT
South West,Swindon Clinical Waste Transfer and Treatment Facility - EPR/CP3138QD,Swindon,18 01 09,Recovery,12.445422,R13,COMPLIANT
South West,Swindon Clinical Waste Transfer and Treatment Facility - EPR/CP3138QD,Swindon,18 01 08*,Transfer (D),0.996421,D15,COMPLIANT
South West,Swindon Clinical Waste Transfer and Treatment Facility - EPR/CP3138QD,Swindon,18 01 03*,Transfer (D),19.367373,D15,COMPLIANT
South West,Swindon Clinical Waste Transfer and Treatment Facility - EPR/CP3138QD,Swindon,18 01 09,Transfer (D),2.68,D15,COMPLIANT
South West,Swindon Clinical Waste Transfer and Treatment Facility - EPR/CP3138QD,Swindon,18 01 04,Transfer (D),0.593761,D15,COMPLIANT
South West,Swindon Clinical Waste Transfer and Treatment Facility - EPR/CP3138QD,Swindon,18 01 03*,Treatment,36.841734,D09,COMPLIANT
South West,Swindon Clinical Waste Transfer and Treatment Facility - EPR/CP3138QD,Swindon,18 01 03*,Incineration,0.0448,D10,COMPLIANT
South West,Swindon Clinical Waste Transfer and Treatment Facility - EPR/CP3138QD,Swindon,18 01 03*,Incineration,1.355,D10,COMPLIANT
South West,Swindon Clinical Waste Transfer and Treatment Facility - EPR/CP3138QD,Swindon,18 01 08*,Incineration,2.07,D10,COMPLIANT
South West,Swindon Clinical Waste Transfer and Treatment Facility - EPR/CP3138QD,Swindon,18 01 03*,Incineration,29.0824,D10,COMPLIANT
South West,Swindon Clinical Waste Transfer and Treatment Facility - EPR/CP3138QD,Swindon,18 01 04,Incineration,11.9756,D10,COMPLIANT
South West,Swindon Clinical Waste Transfer and Treatment Facility - EPR/CP3138QD,Swindon,18 01 08*,Transfer (D),0.2416,D15,COMPLIANT
South West,Swindon Clinical Waste Transfer and Treatment Facility - EPR/CP3138QD,Swindon,18 01 03*,Transfer (D),4.740621,D15,COMPLIANT
South West,Swindon Clinical Waste Transfer and Treatment Facility - EPR/CP3138QD,Swindon,18 01 04,Transfer (D),32.9684,D15,COMPLIANT
South West,Swindon Clinical Waste Transfer and Treatment Facility - EPR/CP3138QD,Swindon,18 01 03*,Treatment,1.569,D09,COMPLIANT
South West,Swindon Clinical Waste Transfer and Treatment Facility - EPR/CP3138QD,Swindon,18 01 03*,Incineration,4.8798,D10,COMPLIANT
South West,Swindon Clinical Waste Transfer and Treatment Facility - EPR/CP3138QD,Swindon,18 01 04,Incineration,0.405,D10,COMPLIANT
South West,Swindon Clinical Waste Transfer and Treatment Facility - EPR/CP3138QD,Swindon,18 01 03*,Transfer (D),0.3002,D15,COMPLIANT
South West,Swindon Clinical Waste Transfer and Treatment Facility - EPR/CP3138QD,Swindon,18 01 04,Transfer (D),1.345,D15,COMPLIANT
South West,Swindon Clinical Waste Transfer and Treatment Facility - EPR/CP3138QD,Swindon,18 01 08*,Incineration,0.005,D10,COMPLIANT
South West,Swindon Clinical Waste Transfer and Treatment Facility - EPR/CP3138QD,Swindon,18 01 03*,Incineration,2.174,D10,COMPLIANT
South West,Swindon Clinical Waste Transfer and Treatment Facility - EPR/CP3138QD,Swindon,18 01 09,Incineration,0.035,D10,COMPLIANT
South West,Swindon Clinical Waste Transfer and Treatment Facility - EPR/CP3138QD,Swindon,18 01 03*,Transfer (D),0.661,D15,COMPLIANT
South West,Swindon Clinical Waste Transfer and Treatment Facility - EPR/CP3138QD,Swindon,18 01 09,Transfer (D),0.005,D15,COMPLIANT
South West,Swindon Clinical Waste Transfer and Treatment Facility - EPR/CP3138QD,Swindon,18 01 03*,Incineration,2.455,D10,COMPLIANT
South West,Swindon Clinical Waste Transfer and Treatment Facility - EPR/CP3138QD,Swindon,18 01 08*,Incineration,0.6722,D10,COMPLIANT
South West,Swindon Clinical Waste Transfer and Treatment Facility - EPR/CP3138QD,Swindon,18 01 03*,Incineration,39.3262,D10,COMPLIANT
South West,Swindon Clinical Waste Transfer and Treatment Facility - EPR/CP3138QD,Swindon,18 01 09,Incineration,3.6408,D10,COMPLIANT
South West,Swindon Clinical Waste Transfer and Treatment Facility - EPR/CP3138QD,Swindon,18 01 04,Incineration,0.6494,D10,COMPLIANT
South West,Swindon Clinical Waste Transfer and Treatment Facility - EPR/CP3138QD,Swindon,18 01 08*,Transfer (D),0.1374,D15,COMPLIANT
South West,Swindon Clinical Waste Transfer and Treatment Facility - EPR/CP3138QD,Swindon,18 01 03*,Transfer (D),9.425384,D15,COMPLIANT
South West,Swindon Clinical Waste Transfer and Treatment Facility - EPR/CP3138QD,Swindon,18 01 09,Transfer (D),0.6152,D15,COMPLIANT
South West,Swindon Clinical Waste Transfer and Treatment Facility - EPR/CP3138QD,Swindon,18 01 04,Transfer (D),1.4318,D15,COMPLIANT
South West,Swindon Clinical Waste Transfer and Treatment Facility - EPR/CP3138QD,Swindon,18 01 03*,Treatment,0.9126,D09,COMPLIANT
South West,Swindon Clinical Waste Transfer and Treatment Facility - EPR/CP3138QD,Swindon,18 01 09,Recovery,0.763604,R13,COMPLIANT
South West,Swindon Clinical Waste Transfer and Treatment Facility - EPR/CP3138QD,Swindon,18 01 08*,Transfer (D),0.061243,D15,COMPLIANT
South West,Swindon Clinical Waste Transfer and Treatment Facility - EPR/CP3138QD,Swindon,18 01 03*,Transfer (D),1.930065,D15,COMPLIANT
South West,Swindon Clinical Waste Transfer and Treatment Facility - EPR/CP3138QD,Swindon,18 01 04,Transfer (D),17.240425,D15,COMPLIANT
South West,Swindon Clinical Waste Transfer and Treatment Facility - EPR/CP3138QD,Swindon,18 01 03*,Treatment,11.023206,D09,COMPLIANT
South West,Swindon Clinical Waste Transfer and Treatment Facility - EPR/CP3138QD,Swindon,18 01 03*,Incineration,0.168,D10,COMPLIANT
South West,Swindon Clinical Waste Transfer and Treatment Facility - EPR/CP3138QD,Swindon,18 01 03*,Transfer (D),0.1434,D15,COMPLIANT
South West,Swindon Clinical Waste Transfer and Treatment Facility - EPR/CP3138QD,Swindon,18 01 04,Transfer (D),1.3608,D15,COMPLIANT
South West,Swindon Clinical Waste Transfer and Treatment Facility - EPR/CP3138QD,Swindon,18 01 08*,Incineration,0.023999,D10,COMPLIANT
South West,Swindon Clinical Waste Transfer and Treatment Facility - EPR/CP3138QD,Swindon,18 01 03*,Incineration,0.2582,D10,COMPLIANT
South West,Swindon Clinical Waste Transfer and Treatment Facility - EPR/CP3138QD,Swindon,18 01 04,Incineration,0.3272,D10,COMPLIANT
South West,Swindon Clinical Waste Transfer and Treatment Facility - EPR/CP3138QD,Swindon,18 01 09,Recovery,0.09277,R13,COMPLIANT
South West,Swindon Clinical Waste Transfer and Treatment Facility - EPR/CP3138QD,Swindon,18 01 09,Recovery,4.700722,R13,COMPLIANT
South West,Swindon Clinical Waste Transfer and Treatment Facility - EPR/CP3138QD,Swindon,18 01 08*,Transfer (D),2.604643,D15,COMPLIANT
South West,Swindon Clinical Waste Transfer and Treatment Facility - EPR/CP3138QD,Swindon,18 01 03*,Transfer (D),66.206378,D15,COMPLIANT
South West,Swindon Clinical Waste Transfer and Treatment Facility - EPR/CP3138QD,Swindon,18 01 09,Transfer (D),1.1004,D15,COMPLIANT
South West,Swindon Clinical Waste Transfer and Treatment Facility - EPR/CP3138QD,Swindon,18 01 04,Transfer (D),7.245228,D15,COMPLIANT
South West,Swindon Clinical Waste Transfer and Treatment Facility - EPR/CP3138QD,Swindon,18 01 03*,Treatment,127.964804,D09,COMPLIANT
South West,Swindon Clinical Waste Transfer and Treatment Facility - EPR/CP3138QD,Swindon,18 01 09,Recovery,18.947565,R13,COMPLIANT
South West,Swindon Clinical Waste Transfer and Treatment Facility - EPR/CP3138QD,Swindon,18 01 06*,Transfer (D),0.3672,D15,COMPLIANT
South West,Swindon Clinical Waste Transfer and Treatment Facility - EPR/CP3138QD,Swindon,18 01 08*,Transfer (D),11.408282,D15,COMPLIANT
South West,Swindon Clinical Waste Transfer and Treatment Facility - EPR/CP3138QD,Swindon,18 01 03*,Transfer (D),966.55524,D15,COMPLIANT
South West,Swindon Clinical Waste Transfer and Treatment Facility - EPR/CP3138QD,Swindon,18 01 09,Transfer (D),4.624,D15,COMPLIANT
South West,Swindon Clinical Waste Transfer and Treatment Facility - EPR/CP3138QD,Swindon,18 01 04,Transfer (D),22.156962,D15,COMPLIANT
South West,Swindon Clinical Waste Transfer and Treatment Facility - EPR/CP3138QD,Swindon,18 01 03*,Treatment,686.822815,D09,COMPLIANT
South West,Swindon Clinical Waste Transfer and Treatment Facility - EPR/CP3138QD,Swindon,18 01 09,Recovery,0.0502,R13,COMPLIANT
South West,Swindon Clinical Waste Transfer and Treatment Facility - EPR/CP3138QD,Swindon,18 01 06*,Transfer (D),0.015,D15,COMPLIANT
South West,Swindon Clinical Waste Transfer and Treatment Facility - EPR/CP3138QD,Swindon,18 01 08*,Transfer (D),0.0006,D15,COMPLIANT
South West,Swindon Clinical Waste Transfer and Treatment Facility - EPR/CP3138QD,Swindon,18 01 03*,Transfer (D),3.515002,D15,COMPLIANT
South West,Swindon Clinical Waste Transfer and Treatment Facility - EPR/CP3138QD,Swindon,18 01 09,Transfer (D),0.065,D15,COMPLIANT
South West,Swindon Clinical Waste Transfer and Treatment Facility - EPR/CP3138QD,Swindon,18 01 04,Transfer (D),11.8436,D15,COMPLIANT
South West,Swindon Clinical Waste Transfer and Treatment Facility - EPR/CP3138QD,Swindon,18 01 03*,Treatment,2.390501,D09,COMPLIANT
South West,Swindon Clinical Waste Transfer and Treatment Facility - EPR/CP3138QD,Swindon,18 01 09,Recovery,0.009519,R13,COMPLIANT
South West,Swindon Clinical Waste Transfer and Treatment Facility - EPR/CP3138QD,Swindon,18 01 08*,Transfer (D),0.003,D15,COMPLIANT
South West,Swindon Clinical Waste Transfer and Treatment Facility - EPR/CP3138QD,Swindon,18 01 03*,Transfer (D),5.943888,D15,COMPLIANT
South West,Swindon Clinical Waste Transfer and Treatment Facility - EPR/CP3138QD,Swindon,18 01 09,Transfer (D),0.01,D15,COMPLIANT
South West,Swindon Clinical Waste Transfer and Treatment Facility - EPR/CP3138QD,Swindon,18 01 04,Transfer (D),13.608766,D15,COMPLIANT
South West,Swindon Clinical Waste Transfer and Treatment Facility - EPR/CP3138QD,Swindon,18 01 03*,Treatment,4.980199,D09,COMPLIANT
South West,Swindon Clinical Waste Transfer and Treatment Facility - EPR/CP3138QD,Swindon,18 01 09,Recovery,0.04278,R13,COMPLIANT
South West,Swindon Clinical Waste Transfer and Treatment Facility - EPR/CP3138QD,Swindon,18 01 08*,Transfer (D),0.002,D15,COMPLIANT
South West,Swindon Clinical Waste Transfer and Treatment Facility - EPR/CP3138QD,Swindon,18 01 03*,Transfer (D),2.858079,D15,COMPLIANT
South West,Swindon Clinical Waste Transfer and Treatment Facility - EPR/CP3138QD,Swindon,18 01 04,Transfer (D),10.569015,D15,COMPLIANT
South West,Swindon Clinical Waste Transfer and Treatment Facility - EPR/CP3138QD,Swindon,18 01 03*,Treatment,3.93641,D09,COMPLIANT
South West,Swindon Clinical Waste Transfer and Treatment Facility - EPR/CP3138QD,Swindon,18 01 03*,Transfer (D),10.8172,D15,COMPLIANT
South West,Swindon Clinical Waste Transfer and Treatment Facility - EPR/CP3138QD,Swindon,18 01 03*,Treatment,32.2244,D09,COMPLIANT
South West,Swindon Clinical Waste Transfer and Treatment Facility - EPR/CP3138QD,Swindon,18 01 03*,Incineration,0.0806,D10,COMPLIANT
South West,Swindon Clinical Waste Transfer and Treatment Facility - EPR/CP3138QD,Swindon,18 01 03*,Incineration,0.119,D10,COMPLIANT
South West,Swindon Clinical Waste Transfer and Treatment Facility - EPR/CP3138QD,Swindon,18 01 09,Recovery,75.9473,R13,COMPLIANT
South West,Swindon Clinical Waste Transfer and Treatment Facility - EPR/CP3138QD,Swindon,18 01 08*,Transfer (D),18.80234,D15,COMPLIANT
South West,Swindon Clinical Waste Transfer and Treatment Facility - EPR/CP3138QD,Swindon,18 01 03*,Transfer (D),207.36774,D15,COMPLIANT
South West,Swindon Clinical Waste Transfer and Treatment Facility - EPR/CP3138QD,Swindon,18 01 04,Transfer (D),28.11143,D15,COMPLIANT
South West,Swindon Clinical Waste Transfer and Treatment Facility - EPR/CP3138QD,Swindon,18 01 03*,Treatment,19.4616,D09,COMPLIANT
South West,Swindon Clinical Waste Transfer and Treatment Facility - EPR/CP3138QD,Swindon,18 01 08*,Incineration,0.01,D10,COMPLIANT
South West,Swindon Clinical Waste Transfer and Treatment Facility - EPR/CP3138QD,Swindon,18 01 03*,Incineration,3.972,D10,COMPLIANT
South West,Swindon Clinical Waste Transfer and Treatment Facility - EPR/CP3138QD,Swindon,18 01 04,Incineration,0.055,D10,COMPLIANT
South West,Swindon Clinical Waste Transfer and Treatment Facility - EPR/CP3138QD,Swindon,18 01 03*,Transfer (D),0.134,D15,COMPLIANT
South West,Swindon Clinical Waste Transfer and Treatment Facility - EPR/CP3138QD,Swindon,18 01 09,Incineration,0.005,D10,COMPLIANT
South West,Swindon Clinical Waste Transfer and Treatment Facility - EPR/CP3138QD,Swindon,18 01 03*,Incineration,0.4997,D10,COMPLIANT
South West,Swindon Clinical Waste Transfer and Treatment Facility - EPR/CP3138QD,Swindon,18 01 04,Incineration,0.489,D10,COMPLIANT
South West,Swindon Clinical Waste Transfer and Treatment Facility - EPR/CP3138QD,Swindon,18 01 09,Transfer (D),0.01,D15,COMPLIANT
South West,Swindon Clinical Waste Transfer and Treatment Facility - EPR/CP3138QD,Swindon,18 01 03*,Transfer (D),0.357,D15,COMPLIANT
South West,Swindon Clinical Waste Transfer and Treatment Facility - EPR/CP3138QD,Swindon,18 01 04,Transfer (D),0.444,D15,COMPLIANT
South West,Swindon Clinical Waste Transfer and Treatment Facility - EPR/CP3138QD,Swindon,18 01 09,Recovery,15.4802,R13,COMPLIANT
South West,Swindon Clinical Waste Transfer and Treatment Facility - EPR/CP3138QD,Swindon,18 01 06*,Transfer (D),0.9998,D15,COMPLIANT
South West,Swindon Clinical Waste Transfer and Treatment Facility - EPR/CP3138QD,Swindon,18 01 08*,Transfer (D),1.1676,D15,COMPLIANT
South West,Swindon Clinical Waste Transfer and Treatment Facility - EPR/CP3138QD,Swindon,18 01 03*,Transfer (D),36.596129,D15,COMPLIANT
South West,Swindon Clinical Waste Transfer and Treatment Facility - EPR/CP3138QD,Swindon,18 01 09,Transfer (D),3.871,D15,COMPLIANT
South West,Swindon Clinical Waste Transfer and Treatment Facility - EPR/CP3138QD,Swindon,18 01 04,Transfer (D),138.6949,D15,COMPLIANT
South West,Swindon Clinical Waste Transfer and Treatment Facility - EPR/CP3138QD,Swindon,18 01 03*,Treatment,85.816201,D09,COMPLIANT
South West,Swindon Clinical Waste Transfer and Treatment Facility - EPR/CP3138QD,Swindon,18 01 09,Recovery,17.3642,R13,COMPLIANT
South West,Swindon Clinical Waste Transfer and Treatment Facility - EPR/CP3138QD,Swindon,18 01 06*,Transfer (D),6.1832,D15,COMPLIANT
South West,Swindon Clinical Waste Transfer and Treatment Facility - EPR/CP3138QD,Swindon,18 01 08*,Transfer (D),5.8186,D15,COMPLIANT
South West,Swindon Clinical Waste Transfer and Treatment Facility - EPR/CP3138QD,Swindon,18 01 03*,Transfer (D),75.2586,D15,COMPLIANT
South West,Swindon Clinical Waste Transfer and Treatment Facility - EPR/CP3138QD,Swindon,18 01 09,Transfer (D),1.9088,D15,COMPLIANT
South West,Swindon Clinical Waste Transfer and Treatment Facility - EPR/CP3138QD,Swindon,18 01 04,Transfer (D),6.5988,D15,COMPLIANT
South West,Swindon Clinical Waste Transfer and Treatment Facility - EPR/CP3138QD,Swindon,18 01 03*,Treatment,102.5762,D09,COMPLIANT
South West,Swindon Clinical Waste Transfer and Treatment Facility - EPR/CP3138QD,Swindon,18 01 09,Recovery,5.692753,R13,COMPLIANT
South West,Swindon Clinical Waste Transfer and Treatment Facility - EPR/CP3138QD,Swindon,18 01 08*,Transfer (D),3.406648,D15,COMPLIANT
South West,Swindon Clinical Waste Transfer and Treatment Facility - EPR/CP3138QD,Swindon,18 01 03*,Transfer (D),47.571999,D15,COMPLIANT
South West,Swindon Clinical Waste Transfer and Treatment Facility - EPR/CP3138QD,Swindon,18 01 02,Transfer (D),106.463,D15,COMPLIANT
South West,Swindon Clinical Waste Transfer and Treatment Facility - EPR/CP3138QD,Swindon,18 01 09,Transfer (D),1.385,D15,COMPLIANT
South West,Swindon Clinical Waste Transfer and Treatment Facility - EPR/CP3138QD,Swindon,18 01 04,Transfer (D),4.930898,D15,COMPLIANT
South West,Swindon Clinical Waste Transfer and Treatment Facility - EPR/CP3138QD,Swindon,18 01 03*,Treatment,139.331495,D09,COMPLIANT
South West,Swindon Clinical Waste Transfer and Treatment Facility - EPR/CP3138QD,Swindon,18 01 09,Recovery,1.0566,R13,COMPLIANT
South West,Swindon Clinical Waste Transfer and Treatment Facility - EPR/CP3138QD,Swindon,18 01 06*,Transfer (D),25.0498,D15,COMPLIANT
South West,Swindon Clinical Waste Transfer and Treatment Facility - EPR/CP3138QD,Swindon,18 01 08*,Transfer (D),15.8292,D15,COMPLIANT
South West,Swindon Clinical Waste Transfer and Treatment Facility - EPR/CP3138QD,Swindon,18 01 03*,Transfer (D),376.784006,D15,COMPLIANT
South West,Swindon Clinical Waste Transfer and Treatment Facility - EPR/CP3138QD,Swindon,18 01 04,Transfer (D),15.5264,D15,COMPLIANT
South West,Swindon Clinical Waste Transfer and Treatment Facility - EPR/CP3138QD,Swindon,18 01 03*,Treatment,8.4586,D09,COMPLIANT
South West,Swindon Clinical Waste Transfer and Treatment Facility - EPR/CP3138QD,Swindon,18 01 03*,Incineration,0.095,D10,COMPLIANT
South West,Swindon Clinical Waste Transfer and Treatment Facility - EPR/CP3138QD,Swindon,18 01 03*,Incineration,0.71,D10,COMPLIANT
South West,Swindon Clinical Waste Transfer and Treatment Facility - EPR/CP3138QD,Swindon,18 01 03*,Incineration,0.492,D10,COMPLIANT
South West,Swindon Clinical Waste Transfer and Treatment Facility - EPR/CP3138QD,Swindon,18 01 03*,Transfer (D),0.099,D15,COMPLIANT
South West,Swindon Clinical Waste Transfer and Treatment Facility - EPR/CP3138QD,Swindon,18 01 08*,Incineration,0.005,D10,COMPLIANT
South West,Swindon Clinical Waste Transfer and Treatment Facility - EPR/CP3138QD,Swindon,18 01 03*,Incineration,0.46,D10,COMPLIANT
South West,Swindon Clinical Waste Transfer and Treatment Facility - EPR/CP3138QD,Swindon,18 01 04,Incineration,0.08,D10,COMPLIANT
South West,Swindon Clinical Waste Transfer and Treatment Facility - EPR/CP3138QD,Swindon,18 01 03*,Incineration,0.4212,D10,COMPLIANT
South West,Swindon Clinical Waste Transfer and Treatment Facility - EPR/CP3138QD,Swindon,18 01 03*,Incineration,0.3814,D10,COMPLIANT
South West,Swindon Clinical Waste Transfer and Treatment Facility - EPR/CP3138QD,Swindon,18 01 09,Recovery,4.0244,R13,COMPLIANT
South West,Swindon Clinical Waste Transfer and Treatment Facility - EPR/CP3138QD,Swindon,18 01 06*,Transfer (D),3.4824,D15,COMPLIANT
South West,Swindon Clinical Waste Transfer and Treatment Facility - EPR/CP3138QD,Swindon,18 01 08*,Transfer (D),21.7722,D15,COMPLIANT
South West,Swindon Clinical Waste Transfer and Treatment Facility - EPR/CP3138QD,Swindon,18 01 03*,Transfer (D),303.77399,D15,COMPLIANT
South West,Swindon Clinical Waste Transfer and Treatment Facility - EPR/CP3138QD,Swindon,18 01 02,Transfer (D),0.1592,D15,COMPLIANT
South West,Swindon Clinical Waste Transfer and Treatment Facility - EPR/CP3138QD,Swindon,18 01 09,Transfer (D),0.104,D15,COMPLIANT
South West,Swindon Clinical Waste Transfer and Treatment Facility - EPR/CP3138QD,Swindon,18 01 04,Transfer (D),61.128001,D15,COMPLIANT
South West,Swindon Clinical Waste Transfer and Treatment Facility - EPR/CP3138QD,Swindon,18 01 03*,Treatment,174.6366,D09,COMPLIANT
South West,Swindon Clinical Waste Transfer and Treatment Facility - EPR/CP3138QD,Swindon,18 01 03*,Incineration,0.075,D10,COMPLIANT
South West,Swindon Clinical Waste Transfer and Treatment Facility - EPR/CP3138QD,Swindon,18 01 03*,Transfer (D),0.0028,D15,COMPLIANT
South West,Swindon Clinical Waste Transfer and Treatment Facility - EPR/CP3138QD,Swindon,18 01 04,Transfer (D),5.8694,D15,COMPLIANT
South West,Swindon Clinical Waste Transfer and Treatment Facility - EPR/CP3138QD,Swindon,18 01 03*,Treatment,0.0086,D09,COMPLIANT
South West,Swindon Clinical Waste Transfer and Treatment Facility - EPR/CP3138QD,Swindon,18 01 09,Recovery,20.089489,R13,COMPLIANT
South West,Swindon Clinical Waste Transfer and Treatment Facility - EPR/CP3138QD,Swindon,18 01 08*,Transfer (D),1.1173,D15,COMPLIANT
South West,Swindon Clinical Waste Transfer and Treatment Facility - EPR/CP3138QD,Swindon,18 01 03*,Transfer (D),74.794172,D15,COMPLIANT
South West,Swindon Clinical Waste Transfer and Treatment Facility - EPR/CP3138QD,Swindon,18 01 09,Transfer (D),5.2136,D15,COMPLIANT
South West,Swindon Clinical Waste Transfer and Treatment Facility - EPR/CP3138QD,Swindon,18 01 04,Transfer (D),0.920968,D15,COMPLIANT
South West,Swindon Clinical Waste Transfer and Treatment Facility - EPR/CP3138QD,Swindon,18 01 03*,Treatment,46.01658,D09,COMPLIANT
South West,Swindon Clinical Waste Transfer and Treatment Facility - EPR/CP3138QD,Swindon,18 01 03*,Incineration,0.3718,D10,COMPLIANT
South West,Swindon Clinical Waste Transfer and Treatment Facility - EPR/CP3138QD,Swindon,18 01 03*,Transfer (D),0.0584,D15,COMPLIANT
South West,Swindon Clinical Waste Transfer and Treatment Facility - EPR/CP3138QD,Swindon,18 01 06*,Transfer (D),4.4822,D15,COMPLIANT
South West,Swindon Clinical Waste Transfer and Treatment Facility - EPR/CP3138QD,Swindon,18 01 03*,Transfer (D),4.2182,D15,COMPLIANT
South West,Swindon Clinical Waste Transfer and Treatment Facility - EPR/CP3138QD,Swindon,18 01 03*,Treatment,1.588,D09,COMPLIANT
South West,Swindon Clinical Waste Transfer and Treatment Facility - EPR/CP3138QD,Swindon,18 01 03*,Transfer (D),86.72545,D15,COMPLIANT
South West,Swindon Clinical Waste Transfer and Treatment Facility - EPR/CP3138QD,Swindon,18 01 03*,Treatment,79.3501,D09,COMPLIANT
South West,Swindon Clinical Waste Transfer and Treatment Facility - EPR/CP3138QD,Swindon,18 01 03*,Incineration,0.5224,D10,COMPLIANT
South West,Swindon Clinical Waste Transfer and Treatment Facility - EPR/CP3138QD,Swindon,18 01 03*,Transfer (D),0.0054,D15,COMPLIANT
South West,Swindon Clinical Waste Transfer and Treatment Facility - EPR/CP3138QD,Swindon,18 01 03*,Incineration,1.9218,D10,COMPLIANT
South West,Swindon Clinical Waste Transfer and Treatment Facility - EPR/CP3138QD,Swindon,18 01 04,Incineration,1.2464,D10,COMPLIANT
South West,Swindon Clinical Waste Transfer and Treatment Facility - EPR/CP3138QD,Swindon,18 01 08*,Incineration,0.0312,D10,COMPLIANT
South West,Swindon Clinical Waste Transfer and Treatment Facility - EPR/CP3138QD,Swindon,18 01 03*,Incineration,11.8512,D10,COMPLIANT
South West,Swindon Clinical Waste Transfer and Treatment Facility - EPR/CP3138QD,Swindon,18 01 04,Incineration,2.2892,D10,COMPLIANT
South West,Swindon Clinical Waste Transfer and Treatment Facility - EPR/CP3138QD,Swindon,18 01 03*,Transfer (D),1.8268,D15,COMPLIANT
South West,Swindon Clinical Waste Transfer and Treatment Facility - EPR/CP3138QD,Swindon,18 01 04,Transfer (D),0.4698,D15,COMPLIANT
South West,Swindon Clinical Waste Transfer and Treatment Facility - EPR/CP3138QD,Swindon,18 01 03*,Incineration,0.805796,D10,COMPLIANT
South West,Swindon Clinical Waste Transfer and Treatment Facility - EPR/CP3138QD,Swindon,18 01 03*,Transfer (D),0.275144,D15,COMPLIANT
South West,Swindon Clinical Waste Transfer and Treatment Facility - EPR/CP3138QD,Swindon,18 01 03*,Treatment,0.035141,D09,COMPLIANT
South West,Swindon Clinical Waste Transfer and Treatment Facility - EPR/CP3138QD,Swindon,18 01 03*,Incineration,1.2236,D10,COMPLIANT
South West,Swindon Clinical Waste Transfer and Treatment Facility - EPR/CP3138QD,Swindon,18 01 03*,Transfer (D),0.2446,D15,COMPLIANT
South West,Swindon Clinical Waste Transfer and Treatment Facility - EPR/CP3138QD,Swindon,18 01 09,Incineration,0.02,D10,COMPLIANT
South West,Swindon Clinical Waste Transfer and Treatment Facility - EPR/CP3138QD,Swindon,18 01 03*,Incineration,0.665,D10,COMPLIANT
South West,Swindon Clinical Waste Transfer and Treatment Facility - EPR/CP3138QD,Swindon,18 01 09,Recovery,0.849,R13,COMPLIANT
South West,Swindon Clinical Waste Transfer and Treatment Facility - EPR/CP3138QD,Swindon,18 01 08*,Transfer (D),1.5376,D15,COMPLIANT
South West,Swindon Clinical Waste Transfer and Treatment Facility - EPR/CP3138QD,Swindon,18 01 03*,Transfer (D),22.3276,D15,COMPLIANT
South West,Swindon Clinical Waste Transfer and Treatment Facility - EPR/CP3138QD,Swindon,18 01 02,Transfer (D),0.783,D15,COMPLIANT
South West,Swindon Clinical Waste Transfer and Treatment Facility - EPR/CP3138QD,Swindon,18 01 09,Transfer (D),0.2478,D15,COMPLIANT
South West,Swindon Clinical Waste Transfer and Treatment Facility - EPR/CP3138QD,Swindon,18 01 04,Transfer (D),57.355,D15,COMPLIANT
South West,Swindon Clinical Waste Transfer and Treatment Facility - EPR/CP3138QD,Swindon,18 01 03*,Treatment,14.4663,D09,COMPLIANT
South West,Swindon Clinical Waste Transfer and Treatment Facility - EPR/CP3138QD,Swindon,18 01 09,Recovery,0.185792,R13,COMPLIANT
South West,Swindon Clinical Waste Transfer and Treatment Facility - EPR/CP3138QD,Swindon,18 01 08*,Transfer (D),0.02053,D15,COMPLIANT
South West,Swindon Clinical Waste Transfer and Treatment Facility - EPR/CP3138QD,Swindon,18 01 03*,Transfer (D),7.958886,D15,COMPLIANT
South West,Swindon Clinical Waste Transfer and Treatment Facility - EPR/CP3138QD,Swindon,18 01 09,Transfer (D),0.07,D15,COMPLIANT
South West,Swindon Clinical Waste Transfer and Treatment Facility - EPR/CP3138QD,Swindon,18 01 01,Transfer (D),0.037,D15,COMPLIANT
South West,Swindon Clinical Waste Transfer and Treatment Facility - EPR/CP3138QD,Swindon,18 01 04,Transfer (D),17.445761,D15,COMPLIANT
South West,Swindon Clinical Waste Transfer and Treatment Facility - EPR/CP3138QD,Swindon,18 01 03*,Treatment,2.366743,D09,COMPLIANT
South West,Swindon Clinical Waste Transfer and Treatment Facility - EPR/CP3138QD,Swindon,18 01 03*,Incineration,1.0148,D10,COMPLIANT
South West,Swindon Clinical Waste Transfer and Treatment Facility - EPR/CP3138QD,Swindon,18 01 03*,Transfer (D),0.4622,D15,COMPLIANT
South West,Swindon Clinical Waste Transfer and Treatment Facility - EPR/CP3138QD,Swindon,18 01 03*,Treatment,10.587,D09,COMPLIANT
South West,Swindon Clinical Waste Transfer and Treatment Facility - EPR/CP3138QD,Swindon,18 01 03*,Incineration,0.7866,D10,COMPLIANT
South West,Swindon Clinical Waste Transfer and Treatment Facility - EPR/CP3138QD,Swindon,18 01 04,Incineration,1.4712,D10,COMPLIANT
South West,Swindon Clinical Waste Transfer and Treatment Facility - EPR/CP3138QD,Swindon,18 01 04,Transfer (D),1.0964,D15,COMPLIANT
South West,Swindon Clinical Waste Transfer and Treatment Facility - EPR/CP3138QD,Swindon,18 01 03*,Transfer (D),0.592142,D15,COMPLIANT
South West,Swindon Clinical Waste Transfer and Treatment Facility - EPR/CP3138QD,Swindon,18 01 04,Transfer (D),0.864017,D15,COMPLIANT
South West,Swindon Clinical Waste Transfer and Treatment Facility - EPR/CP3138QD,Swindon,18 01 03*,Incineration,16.0608,D10,COMPLIANT
South West,Swindon Clinical Waste Transfer and Treatment Facility - EPR/CP3138QD,Swindon,18 01 04,Incineration,2.713597,D10,COMPLIANT
South West,Swindon Clinical Waste Transfer and Treatment Facility - EPR/CP3138QD,Swindon,18 01 09,Recovery,50.476,R13,COMPLIANT
South West,Swindon Clinical Waste Transfer and Treatment Facility - EPR/CP3138QD,Swindon,18 01 08*,Transfer (D),0.9728,D15,COMPLIANT
South West,Swindon Clinical Waste Transfer and Treatment Facility - EPR/CP3138QD,Swindon,18 01 03*,Transfer (D),36.4904,D15,COMPLIANT
South West,Swindon Clinical Waste Transfer and Treatment Facility - EPR/CP3138QD,Swindon,18 01 04,Transfer (D),46.752299,D15,COMPLIANT
South West,Swindon Clinical Waste Transfer and Treatment Facility - EPR/CP3138QD,Swindon,18 01 03*,Treatment,67.8034,D09,COMPLIANT
South West,Swindon Clinical Waste Transfer and Treatment Facility - EPR/CP3138QD,Swindon,18 01 09,Incineration,0.4942,D10,COMPLIANT
South West,Swindon Clinical Waste Transfer and Treatment Facility - EPR/CP3138QD,Swindon,18 01 08*,Incineration,0.8084,D10,COMPLIANT
South West,Swindon Clinical Waste Transfer and Treatment Facility - EPR/CP3138QD,Swindon,18 01 03*,Incineration,55.179197,D10,COMPLIANT
South West,Swindon Clinical Waste Transfer and Treatment Facility - EPR/CP3138QD,Swindon,18 01 04,Incineration,8.960399,D10,COMPLIANT
South West,Swindon Clinical Waste Transfer and Treatment Facility - EPR/CP3138QD,Swindon,18 01 08*,Transfer (D),0.0852,D15,COMPLIANT
South West,Swindon Clinical Waste Transfer and Treatment Facility - EPR/CP3138QD,Swindon,18 01 03*,Transfer (D),7.8812,D15,COMPLIANT
South West,Swindon Clinical Waste Transfer and Treatment Facility - EPR/CP3138QD,Swindon,18 01 04,Transfer (D),4.0,D15,COMPLIANT
South West,Swindon Clinical Waste Transfer and Treatment Facility - EPR/CP3138QD,Swindon,18 01 03*,Treatment,0.4654,D09,COMPLIANT
South West,Swindon Clinical Waste Transfer and Treatment Facility - EPR/CP3138QD,Swindon,18 01 03*,Incineration,0.7118,D10,COMPLIANT
South West,Swindon Clinical Waste Transfer and Treatment Facility - EPR/CP3138QD,Swindon,18 01 04,Incineration,1.3088,D10,COMPLIANT
South West,Swindon Clinical Waste Transfer and Treatment Facility - EPR/CP3138QD,Swindon,18 01 03*,Transfer (D),0.3186,D15,COMPLIANT
South West,Swindon Clinical Waste Transfer and Treatment Facility - EPR/CP3138QD,Swindon,18 01 04,Transfer (D),5.8056,D15,COMPLIANT
