Arising Region,Arising Sub Region,Arising WPA,Arising District,Waste Code,EWC Waste Desc,Tonnage,Waste Fate,Deposit Region,Deposit Sub Region,Deposit WPA,Deposit District,Distance_km,Waste_Miles_tkm,Carbon_Footprint_kgCO2e
South West,Dorset,Dorset,Dorset,18 01 03*,Wastes whose collection and disposal is subject to special requirements in order to prevent infection,0.0,Treatment,South East,Berkshire,Windsor and Maidenhead,Windsor and Maidenhead,166.976,0.0,0.0
South West,Gloucestershire,Gloucestershire,Tewkesbury,18 01 03*,Wastes whose collection and disposal is subject to special requirements in order to prevent infection,0.01,Treatment,South West,Gloucestershire,Gloucestershire,Tewkesbury,10.0,0.1,0.023015
South West,Wiltshire,Wiltshire,Wiltshire,18 01 03*,Wastes whose collection and disposal is subject to special requirements in order to prevent infection,0.02,Treatment,South East,West Sussex,West Sussex,Arun,138.305,2.7661000000000002,0.636617915
South West,Devon,Devon,Torridge,18 01 03*,Wastes whose collection and disposal is subject to special requirements in order to prevent infection,0.03,Treatment,London,East London Waste Authority,Havering,Havering,428.134,12.84402,2.956051203
South West,Wiltshire,Wiltshire,Wiltshire,18 01 03*,Wastes whose collection and disposal is subject to special requirements in order to prevent infection,0.04,Treatment,South East,Kent,Medway,Medway,220.656,8.82624,2.031359136
South West,"Bath, Bristol and S Glo",North Somerset,North Somerset,18 01 08*,Cytotoxic and cytostatic medicines,0.05,Treatment,South West,Wiltshire,Swindon,Swindon,81.339,4.06695,0.9360085425
South West,Gloucestershire,Gloucestershire,Gloucester,18 01 08*,Cytotoxic and cytostatic medicines,0.05,Treatment,South West,Wiltshire,Swindon,Swindon,58.119,2.9059500000000003,0.6688043925
South West,Gloucestershire,Gloucestershire,Forest of Dean,18 01 03*,Wastes whose collection and disposal is subject to special requirements in order to prevent infection,0.06,Treatment,South West,Gloucestershire,Gloucestershire,Tewkesbury,49.379,2.9627399999999997,0.6818746109999999
South West,Somerset,Somerset,Somerset,18 01 03*,Wastes whose collection and disposal is subject to special requirements in order to prevent infection,0.08,Treatment,South East,West Sussex,West Sussex,Arun,189.548,15.16384,3.489957776
South West,Somerset,Somerset,Somerset,18 01 03*,Wastes whose collection and disposal is subject to special requirements in order to prevent infection,0.16,Treatment,South East,West Sussex,West Sussex,Arun,189.548,30.32768,6.979915552
South West,Dorset,"Bournemouth, Christchurch and Poole","Bournemouth, Christchurch and Poole",18 01 03*,Wastes whose collection and disposal is subject to special requirements in order to prevent infection,0.22,Treatment,East of England,Cambridgeshire,Cambridgeshire,South Cambridgeshire,243.613,53.59486,12.334857028999998
South West,Gloucestershire,Gloucestershire,Cotswold,18 01 03*,Wastes whose collection and disposal is subject to special requirements in order to prevent infection,0.29000000000000004,Treatment,South West,Gloucestershire,Gloucestershire,Tewkesbury,49.416,14.33064,3.298196796
South West,Wiltshire,Wiltshire,Wiltshire,18 01 03*,Wastes whose collection and disposal is subject to special requirements in order to prevent infection,0.36,Treatment,South West,Wiltshire,Swindon,Swindon,43.532,15.671519999999997,3.6068003279999994
South West,Gloucestershire,Gloucestershire,Stroud,18 01 03*,Wastes whose collection and disposal is subject to special requirements in order to prevent infection,0.44,Treatment,South West,Gloucestershire,Gloucestershire,Tewkesbury,37.07,16.3108,3.7539306199999998
South West,Gloucestershire,Gloucestershire,Gloucester,18 01 03*,Wastes whose collection and disposal is subject to special requirements in order to prevent infection,0.44999999999999996,Treatment,South West,Gloucestershire,Gloucestershire,Tewkesbury,18.158,8.1711,1.8805786649999998
South West,Dorset,Dorset,Dorset,18 01 03*,Wastes whose collection and disposal is subject to special requirements in order to prevent infection,0.5800000000000001,Treatment,South East,West Sussex,West Sussex,Arun,151.915,88.11070000000001,20.278677605000002
South West,Somerset,Somerset,Somerset,18 01 03*,Wastes whose collection and disposal is subject to special requirements in order to prevent infection,1.0,Treatment,South West,Wiltshire,Swindon,Swindon,141.552,141.552,32.5781928
South West,Somerset,Somerset,Somerset,18 01 03*,Wastes whose collection and disposal is subject to special requirements in order to prevent infection,1.35,Treatment,South West,Wiltshire,Swindon,Swindon,141.552,191.0952,43.98056028
South West,Wiltshire,Swindon,Swindon,18 01 03*,Wastes whose collection and disposal is subject to special requirements in order to prevent infection,2.53,Treatment,South East,West Sussex,West Sussex,Arun,166.292,420.71876,96.82842261399999
South West,"Bath, Bristol and S Glo",Bristol City,"Bristol, City of",18 01 03*,Wastes whose collection and disposal is subject to special requirements in order to prevent infection,3.47,Treatment,South East,West Sussex,West Sussex,Arun,227.422,789.15434,181.62387135100002
South West,Somerset,Somerset,Somerset,18 01 03*,Wastes whose collection and disposal is subject to special requirements in order to prevent infection,3.8500000000000005,Treatment,South East,West Sussex,West Sussex,Arun,189.548,729.7598000000002,167.95421797000003
South West,Gloucestershire,Gloucestershire,Tewkesbury,18 01 03*,Wastes whose collection and disposal is subject to special requirements in order to prevent infection,12.009999999999998,Treatment,South West,Wiltshire,Swindon,Swindon,69.772,837.9617199999999,192.85688985799996
South West,Gloucestershire,Gloucestershire,Cheltenham,18 01 03*,Wastes whose collection and disposal is subject to special requirements in order to prevent infection,15.139999999999995,Treatment,South West,Wiltshire,Swindon,Swindon,51.354,777.4995599999997,178.94152373399993
South West,"Bath, Bristol and S Glo",Bristol City,"Bristol, City of",18 01 03*,Wastes whose collection and disposal is subject to special requirements in order to prevent infection,15.620000000000001,Treatment,East of England,Cambridgeshire,Cambridgeshire,South Cambridgeshire,263.523,4116.229260000001,947.3501641890002
South West,Gloucestershire,Gloucestershire,Gloucester,18 01 03*,Wastes whose collection and disposal is subject to special requirements in order to prevent infection,16.90999999999999,Treatment,South West,Wiltshire,Swindon,Swindon,58.119,982.7922899999994,226.18964554349986
South West,Gloucestershire,Gloucestershire,Cotswold,18 01 03*,Wastes whose collection and disposal is subject to special requirements in order to prevent infection,18.14999999999999,Treatment,South West,Wiltshire,Swindon,Swindon,38.231,693.8926499999997,159.6993933974999
South West,Dorset,"Bournemouth, Christchurch and Poole","Bournemouth, Christchurch and Poole",18 01 03*,Wastes whose collection and disposal is subject to special requirements in order to prevent infection,18.32,Treatment,South East,Kent,Kent,Tonbridge and Malling,207.318,3798.0657600000004,874.1248346640001
South West,Gloucestershire,Gloucestershire,Stroud,18 01 03*,Wastes whose collection and disposal is subject to special requirements in order to prevent infection,19.369999999999994,Treatment,South West,Wiltshire,Swindon,Swindon,47.264,915.5036799999998,210.70317195199996
South West,Wiltshire,Wiltshire,Wiltshire,18 01 03*,Wastes whose collection and disposal is subject to special requirements in order to prevent infection,22.470000000000002,Treatment,South East,Berkshire,Windsor and Maidenhead,Windsor and Maidenhead,138.305,3107.7133500000004,715.2402275025
South West,"Bath, Bristol and S Glo",North Somerset,North Somerset,18 01 03*,Wastes whose collection and disposal is subject to special requirements in order to prevent infection,28.880000000000017,Treatment,South West,Wiltshire,Swindon,Swindon,81.339,2349.070320000001,540.6385341480003
South West,Somerset,Somerset,Somerset,18 01 03*,Wastes whose collection and disposal is subject to special requirements in order to prevent infection,31.310000000000002,Treatment,South West,Wiltshire,Swindon,Swindon,141.552,4431.99312,1020.023216568
South West,Somerset,Somerset,Somerset,18 01 03*,Wastes whose collection and disposal is subject to special requirements in order to prevent infection,38.349999999999994,Treatment,South West,Wiltshire,Swindon,Swindon,141.552,5428.519199999999,1249.3736938799998
South West,Wiltshire,Swindon,Swindon,18 01 03*,Wastes whose collection and disposal is subject to special requirements in order to prevent infection,41.0,Treatment,South East,Kent,Medway,Medway,217.515,8918.115,2052.5041672499997
South West,Gloucestershire,Gloucestershire,Tewkesbury,18 01 03*,Wastes whose collection and disposal is subject to special requirements in order to prevent infection,42.27,Treatment,East of England,Cambridgeshire,Cambridgeshire,South Cambridgeshire,226.802,9586.920540000001,2206.429762281
South West,Wiltshire,Swindon,Swindon,18 01 03*,Wastes whose collection and disposal is subject to special requirements in order to prevent infection,64.69,Treatment,South West,Wiltshire,Swindon,Swindon,10.0,646.9,148.88403499999998
South West,Gloucestershire,Gloucestershire,Forest of Dean,18 01 03*,Wastes whose collection and disposal is subject to special requirements in order to prevent infection,90.90000000000002,Treatment,South West,Wiltshire,Swindon,Swindon,93.312,8482.060800000001,1952.14629312
South West,Wiltshire,Swindon,Swindon,18 01 03*,Wastes whose collection and disposal is subject to special requirements in order to prevent infection,96.58,Treatment,South East,Berkshire,Windsor and Maidenhead,Windsor and Maidenhead,89.307,8625.27006,1985.1059043090002
South West,Somerset,Somerset,Somerset,18 01 03*,Wastes whose collection and disposal is subject to special requirements in order to prevent infection,105.44000000000001,Treatment,South West,Wiltshire,Swindon,Swindon,141.552,14925.242880000002,3435.0446488320003
South West,"Bath, Bristol and S Glo",Bath and North East Somerset,Bath and North East Somerset,18 01 03*,Wastes whose collection and disposal is subject to special requirements in order to prevent infection,109.1,Treatment,South West,Wiltshire,Swindon,Swindon,63.76,6956.215999999999,1600.9731123999998
South West,Dorset,"Bournemouth, Christchurch and Poole","Bournemouth, Christchurch and Poole",18 01 03*,Wastes whose collection and disposal is subject to special requirements in order to prevent infection,120.82000000000001,Treatment,South East,West Sussex,West Sussex,Arun,123.354,14903.630280000001,3430.0705089420003
South West,"Bath, Bristol and S Glo",South Gloucestershire,South Gloucestershire,18 01 03*,Wastes whose collection and disposal is subject to special requirements in order to prevent infection,154.91999999999996,Treatment,South West,Wiltshire,Swindon,Swindon,54.538,8449.026959999997,1944.5435548439993
South West,"Bath, Bristol and S Glo",Bristol City,"Bristol, City of",18 01 03*,Wastes whose collection and disposal is subject to special requirements in order to prevent infection,383.74000000000007,Treatment,South West,Wiltshire,Swindon,Swindon,65.848,25268.511520000004,5815.547926328
South West,"Bath, Bristol and S Glo",Bristol City,"Bristol, City of",18 01 08*,Cytotoxic and cytostatic medicines,0.0,Incineration without energy recovery,South West,Cornwall,Cornwall,Cornwall,224.794,0.0,0.0
South West,Devon,Devon,South Hams,18 01 08*,Cytotoxic and cytostatic medicines,0.0,Incineration without energy recovery,South West,"Bath, Bristol and S Glo",Bristol City,"Bristol, City of",167.578,0.0,0.0
South West,Gloucestershire,Gloucestershire,Cheltenham,18 01 08*,Cytotoxic and cytostatic medicines,0.0,Incineration without energy recovery,South West,"Bath, Bristol and S Glo",Bristol City,"Bristol, City of",66.035,0.0,0.0
South West,Gloucestershire,Gloucestershire,Cotswold,18 01 08*,Cytotoxic and cytostatic medicines,0.0,Incineration without energy recovery,South West,"Bath, Bristol and S Glo",Bristol City,"Bristol, City of",86.559,0.0,0.0
South West,Gloucestershire,Gloucestershire,Cotswold,18 01 03*,Wastes whose collection and disposal is subject to special requirements in order to prevent infection,0.01,Incineration without energy recovery,South West,Cornwall,Cornwall,Cornwall,300.483,3.00483,0.6915616245
South West,Gloucestershire,Gloucestershire,Forest of Dean,18 01 03*,Wastes whose collection and disposal is subject to special requirements in order to prevent infection,0.01,Incineration without energy recovery,South West,Cornwall,Cornwall,Cornwall,258.89,2.5888999999999998,0.595835335
South West,Devon,Plymouth,Plymouth,18 01 08*,Cytotoxic and cytostatic medicines,0.01,Incineration without energy recovery,South West,Cornwall,Cornwall,Cornwall,49.606,0.49606,0.11416820899999999
South West,Dorset,Dorset,Dorset,18 01 08*,Cytotoxic and cytostatic medicines,0.01,Incineration without energy recovery,West Midlands,West Midlands Met Districts,Wolverhampton,Wolverhampton,298.731,2.98731,0.6875293965
South West,Gloucestershire,Gloucestershire,Stroud,18 01 08*,Cytotoxic and cytostatic medicines,0.01,Incineration without energy recovery,South West,"Bath, Bristol and S Glo",Bristol City,"Bristol, City of",49.527,0.49527000000000004,0.1139863905
South West,Gloucestershire,Gloucestershire,Gloucester,18 01 03*,Wastes whose collection and disposal is subject to special requirements in order to prevent infection,0.02,Incineration without energy recovery,South West,Cornwall,Cornwall,Cornwall,268.467,5.36934,1.235753601
South West,Gloucestershire,Gloucestershire,Stroud,18 01 03*,Wastes whose collection and disposal is subject to special requirements in order to prevent infection,0.02,Incineration without energy recovery,South West,Cornwall,Cornwall,Cornwall,263.451,5.26902,1.212664953
South West,Wiltshire,Swindon,Swindon,18 01 03*,Wastes whose collection and disposal is subject to special requirements in order to prevent infection,0.02,Incineration without energy recovery,South West,Cornwall,Cornwall,Cornwall,285.805,5.7161,1.315560415
South West,"Bath, Bristol and S Glo",South Gloucestershire,South Gloucestershire,18 01 08*,Cytotoxic and cytostatic medicines,0.02,Incineration without energy recovery,South West,"Bath, Bristol and S Glo",Bristol City,"Bristol, City of",16.669,0.33338,0.076727407
South West,Devon,Devon,South Hams,18 01 08*,Cytotoxic and cytostatic medicines,0.02,Incineration without energy recovery,South West,Cornwall,Cornwall,Cornwall,82.591,1.6518199999999998,0.38016637299999995
South West,Devon,Devon,West Devon,18 01 08*,Cytotoxic and cytostatic medicines,0.02,Incineration without energy recovery,South West,Cornwall,Cornwall,Cornwall,63.165,1.2633,0.290748495
South West,Devon,Plymouth,Plymouth,18 01 08*,Cytotoxic and cytostatic medicines,0.02,Incineration without energy recovery,South West,Devon,Plymouth,Plymouth,10.0,0.2,0.04603
South West,Somerset,Somerset,Somerset,18 01 08*,Cytotoxic and cytostatic medicines,0.02,Incineration without energy recovery,South West,"Bath, Bristol and S Glo",Bristol City,"Bristol, City of",78.766,1.57532,0.362559898
South West,Devon,Devon,Teignbridge,18 01 06*,Chemicals consisting of or containing hazardous substances,0.03,Incineration without energy recovery,South West,Cornwall,Cornwall,Cornwall,119.112,3.5733599999999996,0.8224088039999999
South West,Devon,Torbay,Torbay,18 01 08*,Cytotoxic and cytostatic medicines,0.03,Incineration without energy recovery,South East,Hampshire,Hampshire,New Forest,201.651,6.04953,1.3922993295
South West,Somerset,Somerset,Somerset,18 01 03*,Wastes whose collection and disposal is subject to special requirements in order to prevent infection,0.04,Incineration without energy recovery,South West,Cornwall,Cornwall,Cornwall,176.413,7.056520000000001,1.6240580780000002
South West,Devon,Devon,Teignbridge,18 01 08*,Cytotoxic and cytostatic medicines,0.04,Incineration without energy recovery,South West,"Bath, Bristol and S Glo",Bristol City,"Bristol, City of",152.385,6.0954,1.40285631
South West,"Bath, Bristol and S Glo",Bath and North East Somerset,Bath and North East Somerset,18 01 03*,Wastes whose collection and disposal is subject to special requirements in order to prevent infection,0.05,Incineration without energy recovery,South West,Cornwall,Cornwall,Cornwall,224.117,11.20585,2.5790263775
South West,"Bath, Bristol and S Glo",South Gloucestershire,South Gloucestershire,18 01 03*,Wastes whose collection and disposal is subject to special requirements in order to prevent infection,0.05,Incineration without energy recovery,South West,Cornwall,Cornwall,Cornwall,235.211,11.760550000000002,2.7066905825000003
South West,"Bath, Bristol and S Glo",North Somerset,North Somerset,18 01 06*,Chemicals consisting of or containing hazardous substances,0.06,Incineration without energy recovery,South West,"Bath, Bristol and S Glo",Bristol City,"Bristol, City of",15.511,0.9306599999999999,0.21419139899999998
South West,Devon,Devon,Mid Devon,18 01 06*,Chemicals consisting of or containing hazardous substances,0.06,Incineration without energy recovery,South West,"Bath, Bristol and S Glo",Bristol City,"Bristol, City of",109.353,6.561179999999999,1.5100555769999997
South West,Devon,Devon,Torridge,18 01 08*,Cytotoxic and cytostatic medicines,0.060000000000000005,Incineration without energy recovery,South West,"Bath, Bristol and S Glo",Bristol City,"Bristol, City of",174.146,10.44876,2.404782114
South West,Dorset,Dorset,Dorset,18 01 03*,Wastes whose collection and disposal is subject to special requirements in order to prevent infection,0.08,Incineration without energy recovery,South West,Cornwall,Cornwall,Cornwall,195.284,15.62272,3.5955690079999996
South West,"Bath, Bristol and S Glo",Bristol City,"Bristol, City of",18 01 06*,Chemicals consisting of or containing hazardous substances,0.08,Incineration without energy recovery,South West,"Bath, Bristol and S Glo",Bristol City,"Bristol, City of",10.0,0.8,0.18412
South West,"Bath, Bristol and S Glo",North Somerset,North Somerset,18 01 03*,Wastes whose collection and disposal is subject to special requirements in order to prevent infection,0.09,Incineration without energy recovery,South West,Dorset,"Bournemouth, Christchurch and Poole","Bournemouth, Christchurch and Poole",131.644,11.84796,2.726807994
South West,Devon,Devon,Mid Devon,18 01 08*,Cytotoxic and cytostatic medicines,0.09999999999999998,Incineration without energy recovery,South West,"Bath, Bristol and S Glo",Bristol City,"Bristol, City of",109.353,10.935299999999996,2.516759294999999
South West,Dorset,"Bournemouth, Christchurch and Poole","Bournemouth, Christchurch and Poole",18 01 03*,Wastes whose collection and disposal is subject to special requirements in order to prevent infection,0.1,Incineration without energy recovery,South West,Cornwall,Cornwall,Cornwall,233.103,23.3103,5.364865545
South West,"Bath, Bristol and S Glo",Bristol City,"Bristol, City of",18 01 08*,Cytotoxic and cytostatic medicines,0.1,Incineration without energy recovery,South East,Hampshire,Hampshire,New Forest,182.917,18.291700000000002,4.209834755
South West,Devon,Torbay,Torbay,18 01 08*,Cytotoxic and cytostatic medicines,0.1,Incineration without energy recovery,South West,Cornwall,Cornwall,Cornwall,127.984,12.7984,2.9455517600000003
South West,Gloucestershire,Gloucestershire,Cheltenham,18 01 03*,Wastes whose collection and disposal is subject to special requirements in order to prevent infection,0.11,Incineration without energy recovery,North West,Greater Manchester,Bolton,Bolton,227.56,25.0316,5.7610227400000005
South West,Dorset,"Bournemouth, Christchurch and Poole","Bournemouth, Christchurch and Poole",18 01 08*,Cytotoxic and cytostatic medicines,0.11,Incineration without energy recovery,South East,Kent,Kent,Ashford,250.292,27.53212,6.336517418
South West,"Bath, Bristol and S Glo",North Somerset,North Somerset,18 01 03*,Wastes whose collection and disposal is subject to special requirements in order to prevent infection,0.12000000000000001,Incineration without energy recovery,South West,Cornwall,Cornwall,Cornwall,210.525,25.263,5.81427945
South West,Dorset,Dorset,Dorset,18 01 03*,Wastes whose collection and disposal is subject to special requirements in order to prevent infection,0.13,Incineration without energy recovery,West Midlands,West Midlands Met Districts,Wolverhampton,Wolverhampton,298.731,38.83503,8.9378821545
South West,Devon,Devon,West Devon,18 01 08*,Cytotoxic and cytostatic medicines,0.13,Incineration without energy recovery,South West,Devon,Plymouth,Plymouth,44.153,5.73989,1.3210356835
South West,Cornwall,Cornwall,Cornwall,18 01 08*,Cytotoxic and cytostatic medicines,0.13999999999999999,Incineration without energy recovery,South West,"Bath, Bristol and S Glo",Bristol City,"Bristol, City of",223.705,31.3187,7.207998805
South West,Dorset,Dorset,Dorset,18 01 08*,Cytotoxic and cytostatic medicines,0.14,Incineration without energy recovery,South West,"Bath, Bristol and S Glo",Bristol City,"Bristol, City of",116.687,16.336180000000002,3.7597718270000002
South West,Wiltshire,Wiltshire,Wiltshire,18 01 03*,Wastes whose collection and disposal is subject to special requirements in order to prevent infection,0.15,Incineration without energy recovery,South West,Cornwall,Cornwall,Cornwall,247.0,37.05,8.5270575
South West,"Bath, Bristol and S Glo",North Somerset,North Somerset,18 01 08*,Cytotoxic and cytostatic medicines,0.15000000000000002,Incineration without energy recovery,South West,"Bath, Bristol and S Glo",Bristol City,"Bristol, City of",15.511,2.3266500000000003,0.5354784975000001
South West,Devon,Plymouth,Plymouth,18 01 03*,Wastes whose collection and disposal is subject to special requirements in order to prevent infection,0.19,Incineration without energy recovery,South East,Kent,Kent,Ashford,426.205,80.97895,18.6373053425
South West,Devon,Devon,Torridge,18 01 03*,Wastes whose collection and disposal is subject to special requirements in order to prevent infection,0.2,Incineration without energy recovery,South West,Dorset,"Bournemouth, Christchurch and Poole","Bournemouth, Christchurch and Poole",220.782,44.156400000000005,10.16259546
South West,Dorset,"Bournemouth, Christchurch and Poole","Bournemouth, Christchurch and Poole",18 01 06*,Chemicals consisting of or containing hazardous substances,0.2,Incineration without energy recovery,South West,Dorset,"Bournemouth, Christchurch and Poole","Bournemouth, Christchurch and Poole",10.0,2.0,0.4603
South West,Devon,Devon,Mid Devon,18 01 08*,Cytotoxic and cytostatic medicines,0.2,Incineration without energy recovery,South West,Dorset,"Bournemouth, Christchurch and Poole","Bournemouth, Christchurch and Poole",152.591,30.518200000000004,7.023763730000001
South West,Somerset,Somerset,Somerset,18 01 08*,Cytotoxic and cytostatic medicines,0.21000000000000002,Incineration without energy recovery,South West,"Bath, Bristol and S Glo",Bristol City,"Bristol, City of",78.766,16.540860000000002,3.8068789290000002
South West,Wiltshire,Swindon,Swindon,18 01 03*,Wastes whose collection and disposal is subject to special requirements in order to prevent infection,0.22,Incineration without energy recovery,West Midlands,West Midlands Met Districts,Birmingham City,Birmingham,150.173,33.03806,7.603709509
South West,Somerset,Somerset,Somerset,18 01 08*,Cytotoxic and cytostatic medicines,0.22,Incineration without energy recovery,South West,"Bath, Bristol and S Glo",Bristol City,"Bristol, City of",78.766,17.32852,3.988158878
South West,Devon,Devon,Teignbridge,18 01 03*,Wastes whose collection and disposal is subject to special requirements in order to prevent infection,0.25,Incineration without energy recovery,South West,Devon,Plymouth,Plymouth,63.295,15.82375,3.6418360625
South West,Devon,Devon,Teignbridge,18 01 08*,Cytotoxic and cytostatic medicines,0.25,Incineration without energy recovery,South West,Cornwall,Cornwall,Cornwall,119.112,29.778,6.8534067
South West,"Bath, Bristol and S Glo",Bristol City,"Bristol, City of",18 01 03*,Wastes whose collection and disposal is subject to special requirements in order to prevent infection,0.27,Incineration without energy recovery,South West,Dorset,"Bournemouth, Christchurch and Poole","Bournemouth, Christchurch and Poole",125.414,33.86178,7.793288667000001
South West,Devon,Devon,North Devon,18 01 03*,Wastes whose collection and disposal is subject to special requirements in order to prevent infection,0.27,Incineration without energy recovery,South West,Dorset,"Bournemouth, Christchurch and Poole","Bournemouth, Christchurch and Poole",189.095,51.05565,11.7504578475
South West,Somerset,Somerset,Somerset,18 01 08*,Cytotoxic and cytostatic medicines,0.27,Incineration without energy recovery,South West,"Bath, Bristol and S Glo",Bristol City,"Bristol, City of",78.766,21.266820000000003,4.894558623000001
South West,"Bath, Bristol and S Glo",Bristol City,"Bristol, City of",18 01 06*,Chemicals consisting of or containing hazardous substances,0.28,Incineration without energy recovery,South East,Hampshire,Hampshire,New Forest,182.917,51.21676000000001,11.787537314000001
South West,Wiltshire,Swindon,Swindon,18 01 03*,Wastes whose collection and disposal is subject to special requirements in order to prevent infection,0.3,Incineration without energy recovery,South West,Dorset,"Bournemouth, Christchurch and Poole","Bournemouth, Christchurch and Poole",144.963,43.488899999999994,10.008970334999999
South West,Somerset,Somerset,Somerset,18 01 08*,Cytotoxic and cytostatic medicines,0.31000000000000005,Incineration without energy recovery,South West,"Bath, Bristol and S Glo",Bristol City,"Bristol, City of",78.766,24.417460000000005,5.619678419000001
South West,Devon,Devon,Torridge,18 01 03*,Wastes whose collection and disposal is subject to special requirements in order to prevent infection,0.32000000000000006,Incineration without energy recovery,South West,Cornwall,Cornwall,Cornwall,66.096,21.150720000000007,4.867838208000001
South West,Wiltshire,Swindon,Swindon,18 01 03*,Wastes whose collection and disposal is subject to special requirements in order to prevent infection,0.33,Incineration without energy recovery,South East,Berkshire,Slough,Slough,96.014,31.68462,7.292215293
South West,Gloucestershire,Gloucestershire,Forest of Dean,18 01 03*,Wastes whose collection and disposal is subject to special requirements in order to prevent infection,0.36,Incineration without energy recovery,South West,"Bath, Bristol and S Glo",Bristol City,"Bristol, City of",44.965,16.1874,3.72553011
South West,Devon,Devon,East Devon,18 01 03*,Wastes whose collection and disposal is subject to special requirements in order to prevent infection,0.36999999999999994,Incineration without energy recovery,South West,Dorset,"Bournemouth, Christchurch and Poole","Bournemouth, Christchurch and Poole",119.087,44.062189999999994,10.140913028499998
South West,Cornwall,Cornwall,Cornwall,18 01 06*,Chemicals consisting of or containing hazardous substances,0.38,Incineration without energy recovery,South West,Cornwall,Cornwall,Cornwall,10.0,3.8,0.87457
South West,Wiltshire,Wiltshire,Wiltshire,18 01 06*,Chemicals consisting of or containing hazardous substances,0.43,Incineration without energy recovery,South West,Wiltshire,Wiltshire,Wiltshire,10.0,4.3,0.9896449999999999
South West,"Bath, Bristol and S Glo",South Gloucestershire,South Gloucestershire,18 01 06*,Chemicals consisting of or containing hazardous substances,0.45999999999999996,Incineration without energy recovery,South West,"Bath, Bristol and S Glo",Bristol City,"Bristol, City of",16.669,7.667739999999999,1.7647303609999998
South West,Wiltshire,Swindon,Swindon,18 01 06*,Chemicals consisting of or containing hazardous substances,0.46,Incineration without energy recovery,West Midlands,Worcestershire,Worcestershire,Redditch,127.632,58.71072,13.512272208
South West,Devon,Devon,Exeter,18 01 08*,Cytotoxic and cytostatic medicines,0.49,Incineration without energy recovery,South West,Dorset,"Bournemouth, Christchurch and Poole","Bournemouth, Christchurch and Poole",136.664,66.96535999999999,15.412077603999997
South West,Cornwall,Cornwall,Cornwall,18 01 08*,Cytotoxic and cytostatic medicines,0.5700000000000002,Incineration without energy recovery,South West,Cornwall,Cornwall,Cornwall,10.0,5.700000000000002,1.3118550000000004
South West,Wiltshire,Wiltshire,Wiltshire,18 01 06*,Chemicals consisting of or containing hazardous substances,0.6000000000000001,Incineration without energy recovery,South West,"Bath, Bristol and S Glo",Bristol City,"Bristol, City of",78.092,46.8552,10.783724280000001
South West,Somerset,Somerset,Somerset,18 01 03*,Wastes whose collection and disposal is subject to special requirements in order to prevent infection,0.65,Incineration without energy recovery,South West,Cornwall,Cornwall,Cornwall,176.413,114.66845,26.3909437675
South West,Gloucestershire,Gloucestershire,Stroud,18 01 03*,Wastes whose collection and disposal is subject to special requirements in order to prevent infection,0.7100000000000001,Incineration without energy recovery,South West,"Bath, Bristol and S Glo",Bristol City,"Bristol, City of",49.527,35.164170000000006,8.093033725500002
South West,Dorset,"Bournemouth, Christchurch and Poole","Bournemouth, Christchurch and Poole",18 01 10*,Amalgam waste from dental care,0.74,Incineration without energy recovery,South East,Berkshire,Slough,Slough,155.518,115.08332,26.486426098
South West,Devon,Devon,East Devon,18 01 03*,Wastes whose collection and disposal is subject to special requirements in order to prevent infection,0.7400000000000002,Incineration without energy recovery,South West,Cornwall,Cornwall,Cornwall,118.105,87.39770000000003,20.114580655000005
South West,Devon,Devon,Teignbridge,18 01 03*,Wastes whose collection and disposal is subject to special requirements in order to prevent infection,0.75,Incineration without energy recovery,South West,Dorset,"Bournemouth, Christchurch and Poole","Bournemouth, Christchurch and Poole",163.609,122.70675,28.2409585125
South West,Devon,Devon,Mid Devon,18 01 03*,Wastes whose collection and disposal is subject to special requirements in order to prevent infection,0.76,Incineration without energy recovery,South West,Devon,Plymouth,Plymouth,108.786,82.67736000000001,19.028194404
South West,Devon,Devon,East Devon,18 01 08*,Cytotoxic and cytostatic medicines,0.78,Incineration without energy recovery,South West,"Bath, Bristol and S Glo",Bristol City,"Bristol, City of",136.207,106.24146,24.451472019
South West,Devon,Devon,West Devon,18 01 08*,Cytotoxic and cytostatic medicines,0.79,Incineration without energy recovery,South West,"Bath, Bristol and S Glo",Bristol City,"Bristol, City of",183.111,144.65769,33.292967353499996
South West,Gloucestershire,Gloucestershire,Cotswold,18 01 03*,Wastes whose collection and disposal is subject to special requirements in order to prevent infection,0.8500000000000002,Incineration without energy recovery,South West,"Bath, Bristol and S Glo",Bristol City,"Bristol, City of",86.559,73.57515000000002,16.933320772500004
South West,Devon,Plymouth,Plymouth,18 01 03*,Wastes whose collection and disposal is subject to special requirements in order to prevent infection,0.92,Incineration without energy recovery,South West,Dorset,"Bournemouth, Christchurch and Poole","Bournemouth, Christchurch and Poole",205.324,188.89808000000002,43.474893112000004
South West,Devon,Devon,West Devon,18 01 03*,Wastes whose collection and disposal is subject to special requirements in order to prevent infection,0.93,Incineration without energy recovery,South West,Dorset,"Bournemouth, Christchurch and Poole","Bournemouth, Christchurch and Poole",194.335,180.73155000000003,41.595366232500005
South West,Wiltshire,Swindon,Swindon,18 01 08*,Cytotoxic and cytostatic medicines,1.07,Incineration without energy recovery,South West,"Bath, Bristol and S Glo",Bristol City,"Bristol, City of",65.947,70.56329000000001,16.2401411935
South West,Devon,Devon,Exeter,18 01 08*,Cytotoxic and cytostatic medicines,1.09,Incineration without energy recovery,South West,"Bath, Bristol and S Glo",Bristol City,"Bristol, City of",125.959,137.29531,31.5985155965
South West,Devon,Torbay,Torbay,18 01 03*,Wastes whose collection and disposal is subject to special requirements in order to prevent infection,1.1400000000000001,Incineration without energy recovery,South West,Devon,Plymouth,Plymouth,45.489,51.85746,11.934994419
South West,Devon,Devon,Exeter,18 01 06*,Chemicals consisting of or containing hazardous substances,1.1600000000000001,Incineration without energy recovery,South West,Cornwall,Cornwall,Cornwall,96.005,111.36580000000001,25.63083887
South West,Devon,Devon,Mid Devon,18 01 03*,Wastes whose collection and disposal is subject to special requirements in order to prevent infection,1.22,Incineration without energy recovery,South West,Dorset,"Bournemouth, Christchurch and Poole","Bournemouth, Christchurch and Poole",152.591,186.16102,42.844958753
South West,Gloucestershire,Gloucestershire,Cheltenham,18 01 03*,Wastes whose collection and disposal is subject to special requirements in order to prevent infection,1.29,Incineration without energy recovery,South West,"Bath, Bristol and S Glo",Bristol City,"Bristol, City of",66.035,85.18515,19.6053622725
South West,Devon,Devon,Mid Devon,18 01 03*,Wastes whose collection and disposal is subject to special requirements in order to prevent infection,1.36,Incineration without energy recovery,South West,Cornwall,Cornwall,Cornwall,138.201,187.95336,43.257465804
South West,Wiltshire,Wiltshire,Wiltshire,18 01 03*,Wastes whose collection and disposal is subject to special requirements in order to prevent infection,1.39,Incineration without energy recovery,London,South East London,Bexley,Bexley,199.912,277.87768,63.953548051999995
South West,"Bath, Bristol and S Glo",Bristol City,"Bristol, City of",18 01 08*,Cytotoxic and cytostatic medicines,1.44,Incineration without energy recovery,South West,Devon,Plymouth,Plymouth,195.379,281.34576,64.75172666399999
South West,"Bath, Bristol and S Glo",Bath and North East Somerset,Bath and North East Somerset,18 01 08*,Cytotoxic and cytostatic medicines,1.87,Incineration without energy recovery,South West,"Bath, Bristol and S Glo",Bristol City,"Bristol, City of",21.925,40.999750000000006,9.436092462500001
South West,Somerset,Somerset,Somerset,18 01 03*,Wastes whose collection and disposal is subject to special requirements in order to prevent infection,1.9500000000000002,Incineration without energy recovery,South West,Cornwall,Cornwall,Cornwall,176.413,344.0053500000001,79.17283130250001
South West,Cornwall,Isles of Scilly,Isles of Scilly,18 01 03*,Wastes whose collection and disposal is subject to special requirements in order to prevent infection,2.5100000000000002,Incineration without energy recovery,South West,Cornwall,Cornwall,Cornwall,,,
South West,Devon,Devon,South Hams,18 01 03*,Wastes whose collection and disposal is subject to special requirements in order to prevent infection,2.54,Incineration without energy recovery,South West,Cornwall,Cornwall,Cornwall,82.591,209.78114,48.281129371
South West,Somerset,Somerset,Somerset,18 01 08*,Cytotoxic and cytostatic medicines,2.71,Incineration without energy recovery,South East,Kent,Kent,Ashford,290.844,788.18724,181.401293286
South West,Devon,Devon,South Hams,18 01 03*,Wastes whose collection and disposal is subject to special requirements in order to prevent infection,2.87,Incineration without energy recovery,South West,"Bath, Bristol and S Glo",Bristol City,"Bristol, City of",167.578,480.94886,110.690380129
South West,Devon,Devon,North Devon,18 01 08*,Cytotoxic and cytostatic medicines,2.91,Incineration without energy recovery,South West,"Bath, Bristol and S Glo",Bristol City,"Bristol, City of",145.856,424.44096,97.685086944
South West,Devon,Torbay,Torbay,18 01 08*,Cytotoxic and cytostatic medicines,2.9699999999999998,Incineration without energy recovery,South West,"Bath, Bristol and S Glo",Bristol City,"Bristol, City of",161.257,478.93329,110.2264966935
South West,Somerset,Somerset,Somerset,18 01 03*,Wastes whose collection and disposal is subject to special requirements in order to prevent infection,3.6,Incineration without energy recovery,Yorks & Humber,West Yorkshire,Leeds,Leeds,403.541,1452.7476,334.34986014
South West,Somerset,Somerset,Somerset,18 01 03*,Wastes whose collection and disposal is subject to special requirements in order to prevent infection,3.66,Incineration without energy recovery,South West,Dorset,"Bournemouth, Christchurch and Poole","Bournemouth, Christchurch and Poole",98.174,359.31684,82.696770726
South West,Devon,Devon,Torridge,18 01 03*,Wastes whose collection and disposal is subject to special requirements in order to prevent infection,3.6799999999999993,Incineration without energy recovery,South West,"Bath, Bristol and S Glo",Bristol City,"Bristol, City of",174.146,640.8572799999998,147.49330299199997
South West,Gloucestershire,Gloucestershire,Tewkesbury,18 01 08*,Cytotoxic and cytostatic medicines,3.7300000000000004,Incineration without energy recovery,South East,Hampshire,Hampshire,New Forest,185.342,691.3256600000001,159.108600649
South West,Somerset,Somerset,Somerset,18 01 03*,Wastes whose collection and disposal is subject to special requirements in order to prevent infection,4.02,Incineration without energy recovery,South East,Kent,Kent,Ashford,290.844,1169.1928799999998,269.08974133199996
South West,Wiltshire,Wiltshire,Wiltshire,18 01 08*,Cytotoxic and cytostatic medicines,4.039999999999999,Incineration without energy recovery,South West,Dorset,"Bournemouth, Christchurch and Poole","Bournemouth, Christchurch and Poole",74.093,299.3357199999999,68.89211595799998
South West,Somerset,Somerset,Somerset,18 01 03*,Wastes whose collection and disposal is subject to special requirements in order to prevent infection,4.109999999999999,Incineration without energy recovery,South West,Dorset,"Bournemouth, Christchurch and Poole","Bournemouth, Christchurch and Poole",98.174,403.49514,92.864406471
South West,Somerset,Somerset,Somerset,18 01 03*,Wastes whose collection and disposal is subject to special requirements in order to prevent infection,4.3999999999999995,Incineration without energy recovery,South West,"Bath, Bristol and S Glo",Bristol City,"Bristol, City of",78.766,346.5704,79.76317756
South West,Devon,Devon,North Devon,18 01 03*,Wastes whose collection and disposal is subject to special requirements in order to prevent infection,4.53,Incineration without energy recovery,South West,Cornwall,Cornwall,Cornwall,112.564,509.91492,117.356918838
South West,Dorset,Dorset,Dorset,18 01 08*,Cytotoxic and cytostatic medicines,4.839999999999988,Incineration without energy recovery,South West,Dorset,"Bournemouth, Christchurch and Poole","Bournemouth, Christchurch and Poole",41.132,199.07887999999951,45.818004231999886
South West,Somerset,Somerset,Somerset,18 01 03*,Wastes whose collection and disposal is subject to special requirements in order to prevent infection,5.31,Incineration without energy recovery,South West,Dorset,"Bournemouth, Christchurch and Poole","Bournemouth, Christchurch and Poole",98.174,521.30394,119.978101791
South West,Wiltshire,Swindon,Swindon,18 01 08*,Cytotoxic and cytostatic medicines,5.31,Incineration without energy recovery,West Midlands,Worcestershire,Worcestershire,Redditch,127.632,677.72592,155.978620488
South West,Somerset,Somerset,Somerset,18 01 03*,Wastes whose collection and disposal is subject to special requirements in order to prevent infection,5.39,Incineration without energy recovery,Yorks & Humber,West Yorkshire,Leeds,Leeds,403.541,2175.08599,500.5960405985
South West,Wiltshire,Swindon,Swindon,18 01 06*,Chemicals consisting of or containing hazardous substances,5.42,Incineration without energy recovery,North West,Cheshire,Cheshire West and Chester,Cheshire West and Chester,251.8,1364.756,314.0985934
South West,Wiltshire,Wiltshire,Wiltshire,18 01 03*,Wastes whose collection and disposal is subject to special requirements in order to prevent infection,5.53,Incineration without energy recovery,South West,Wiltshire,Wiltshire,Wiltshire,10.0,55.300000000000004,12.727295
South West,Devon,Devon,Teignbridge,18 01 03*,Wastes whose collection and disposal is subject to special requirements in order to prevent infection,6.549999999999996,Incineration without energy recovery,South West,Cornwall,Cornwall,Cornwall,119.112,780.1835999999995,179.55925553999987
South West,Somerset,Somerset,Somerset,18 01 03*,Wastes whose collection and disposal is subject to special requirements in order to prevent infection,7.129999999999994,Incineration without energy recovery,South West,"Bath, Bristol and S Glo",Bristol City,"Bristol, City of",78.766,561.6015799999996,129.2526036369999
South West,Devon,Torbay,Torbay,18 01 08*,Cytotoxic and cytostatic medicines,7.26,Incineration without energy recovery,South West,Dorset,"Bournemouth, Christchurch and Poole","Bournemouth, Christchurch and Poole",172.481,1252.2120599999998,288.19660560899996
South West,Gloucestershire,Gloucestershire,Gloucester,18 01 03*,Wastes whose collection and disposal is subject to special requirements in order to prevent infection,8.0,Incineration without energy recovery,South West,"Bath, Bristol and S Glo",Bristol City,"Bristol, City of",54.543,436.344,100.4245716
South West,Somerset,Somerset,Somerset,18 01 03*,Wastes whose collection and disposal is subject to special requirements in order to prevent infection,9.069999999999999,Incineration without energy recovery,South West,"Bath, Bristol and S Glo",Bristol City,"Bristol, City of",78.766,714.40762,164.42091374299997
South West,Devon,Torbay,Torbay,18 01 03*,Wastes whose collection and disposal is subject to special requirements in order to prevent infection,9.639999999999999,Incineration without energy recovery,South West,Cornwall,Cornwall,Cornwall,127.984,1233.7657599999998,283.9511896639999
South West,Devon,Devon,North Devon,18 01 08*,Cytotoxic and cytostatic medicines,9.66,Incineration without energy recovery,West Midlands,West Midlands Met Districts,Birmingham City,Birmingham,291.256,2813.5329599999995,647.5346107439999
South West,Dorset,Dorset,Dorset,18 01 03*,Wastes whose collection and disposal is subject to special requirements in order to prevent infection,10.23,Incineration without energy recovery,South West,"Bath, Bristol and S Glo",Bristol City,"Bristol, City of",116.687,1193.70801,274.7318985015
South West,Devon,Plymouth,Plymouth,18 01 08*,Cytotoxic and cytostatic medicines,10.94,Incineration without energy recovery,South West,"Bath, Bristol and S Glo",Bristol City,"Bristol, City of",194.1,2123.4539999999997,488.7129380999999
South West,Devon,Plymouth,Plymouth,18 01 03*,Wastes whose collection and disposal is subject to special requirements in order to prevent infection,12.190000000000001,Incineration without energy recovery,South West,Cornwall,Cornwall,Cornwall,49.606,604.6971400000001,139.17104677100002
South West,Devon,Devon,South Hams,18 01 03*,Wastes whose collection and disposal is subject to special requirements in order to prevent infection,13.47,Incineration without energy recovery,South West,Devon,Plymouth,Plymouth,38.329,516.29163,118.8245186445
South West,Cornwall,Cornwall,Cornwall,18 01 08*,Cytotoxic and cytostatic medicines,14.35,Incineration without energy recovery,South West,Devon,Plymouth,Plymouth,49.296,707.3976,162.80755764
South West,Devon,Devon,West Devon,18 01 03*,Wastes whose collection and disposal is subject to special requirements in order to prevent infection,14.46,Incineration without energy recovery,South West,Devon,Plymouth,Plymouth,44.153,638.4523800000001,146.93981525700002
South West,Devon,Devon,East Devon,18 01 03*,Wastes whose collection and disposal is subject to special requirements in order to prevent infection,15.590000000000002,Incineration without energy recovery,South West,"Bath, Bristol and S Glo",Bristol City,"Bristol, City of",136.207,2123.46713,488.7159599695
South West,Wiltshire,Swindon,Swindon,18 01 08*,Cytotoxic and cytostatic medicines,15.819999999999999,Incineration without energy recovery,West Midlands,West Midlands Met Districts,Birmingham City,Birmingham,150.173,2375.73686,546.775838329
South West,Devon,Devon,Exeter,18 01 08*,Cytotoxic and cytostatic medicines,16.09,Incineration without energy recovery,South West,Cornwall,Cornwall,Cornwall,96.005,1544.7204499999998,355.51741156749995
South West,Devon,Devon,Teignbridge,18 01 03*,Wastes whose collection and disposal is subject to special requirements in order to prevent infection,17.230000000000004,Incineration without energy recovery,South West,"Bath, Bristol and S Glo",Bristol City,"Bristol, City of",152.385,2625.5935500000005,604.2803555325002
South West,Somerset,Somerset,Somerset,18 01 03*,Wastes whose collection and disposal is subject to special requirements in order to prevent infection,17.24,Incineration without energy recovery,South West,Dorset,"Bournemouth, Christchurch and Poole","Bournemouth, Christchurch and Poole",98.174,1692.51976,389.53342276399997
South West,Devon,Devon,Mid Devon,18 01 03*,Wastes whose collection and disposal is subject to special requirements in order to prevent infection,17.379999999999992,Incineration without energy recovery,South West,"Bath, Bristol and S Glo",Bristol City,"Bristol, City of",109.353,1900.555139999999,437.4127654709998
South West,Dorset,"Bournemouth, Christchurch and Poole","Bournemouth, Christchurch and Poole",18 01 03*,Wastes whose collection and disposal is subject to special requirements in order to prevent infection,19.07,Incineration without energy recovery,South East,Kent,Kent,Ashford,250.292,4773.06844,1098.521701466
South West,Somerset,Somerset,Somerset,18 01 03*,Wastes whose collection and disposal is subject to special requirements in order to prevent infection,22.85,Incineration without energy recovery,South East,Kent,Kent,Ashford,290.844,6645.785400000001,1529.52750981
South West,Devon,Devon,Exeter,18 01 03*,Wastes whose collection and disposal is subject to special requirements in order to prevent infection,23.299999999999997,Incineration without energy recovery,South West,Devon,Plymouth,Plymouth,73.557,1713.8781,394.44904471499996
South West,Wiltshire,Swindon,Swindon,18 01 06*,Chemicals consisting of or containing hazardous substances,24.25,Incineration without energy recovery,South East,Hampshire,Hampshire,New Forest,121.787,2953.33475,679.7099927125
South West,Dorset,"Bournemouth, Christchurch and Poole","Bournemouth, Christchurch and Poole",18 01 08*,Cytotoxic and cytostatic medicines,24.38000000000001,Incineration without energy recovery,South West,Dorset,"Bournemouth, Christchurch and Poole","Bournemouth, Christchurch and Poole",10.0,243.8000000000001,56.110570000000024
South West,"Bath, Bristol and S Glo",Bristol City,"Bristol, City of",18 01 03*,Wastes whose collection and disposal is subject to special requirements in order to prevent infection,24.910000000000004,Incineration without energy recovery,South West,Cornwall,Cornwall,Cornwall,224.794,5599.618540000001,1288.7522069810002
South West,Devon,Devon,Exeter,18 01 03*,Wastes whose collection and disposal is subject to special requirements in order to prevent infection,25.290000000000003,Incineration without energy recovery,South West,Dorset,"Bournemouth, Christchurch and Poole","Bournemouth, Christchurch and Poole",136.664,3456.23256,795.451923684
South West,Somerset,Somerset,Somerset,18 01 03*,Wastes whose collection and disposal is subject to special requirements in order to prevent infection,26.99000000000001,Incineration without energy recovery,South West,"Bath, Bristol and S Glo",Bristol City,"Bristol, City of",78.766,2125.8943400000007,489.27458235100016
South West,Somerset,Somerset,Somerset,18 01 03*,Wastes whose collection and disposal is subject to special requirements in order to prevent infection,27.419999999999998,Incineration without energy recovery,South West,Dorset,"Bournemouth, Christchurch and Poole","Bournemouth, Christchurch and Poole",98.174,2691.93108,619.547938062
South West,Devon,Devon,West Devon,18 01 03*,Wastes whose collection and disposal is subject to special requirements in order to prevent infection,29.759999999999998,Incineration without energy recovery,South West,Cornwall,Cornwall,Cornwall,63.165,1879.7903999999999,432.6337605599999
South West,"Bath, Bristol and S Glo",Bath and North East Somerset,Bath and North East Somerset,18 01 03*,Wastes whose collection and disposal is subject to special requirements in order to prevent infection,32.36999999999999,Incineration without energy recovery,South West,"Bath, Bristol and S Glo",Bristol City,"Bristol, City of",21.925,709.7122499999998,163.34027433749995
South West,Cornwall,Cornwall,Cornwall,18 01 03*,Wastes whose collection and disposal is subject to special requirements in order to prevent infection,36.24,Incineration without energy recovery,South West,"Bath, Bristol and S Glo",Bristol City,"Bristol, City of",223.705,8107.069200000001,1865.8419763800002
South West,Somerset,Somerset,Somerset,18 01 03*,Wastes whose collection and disposal is subject to special requirements in order to prevent infection,40.16,Incineration without energy recovery,South West,"Bath, Bristol and S Glo",Bristol City,"Bristol, City of",78.766,3163.24256,728.020275184
South West,Devon,Devon,North Devon,18 01 08*,Cytotoxic and cytostatic medicines,43.970000000000006,Incineration without energy recovery,South West,Cornwall,Cornwall,Cornwall,112.564,4949.43908,1139.113404262
South West,Wiltshire,Wiltshire,Wiltshire,18 01 08*,Cytotoxic and cytostatic medicines,45.989999999999995,Incineration without energy recovery,South West,"Bath, Bristol and S Glo",Bristol City,"Bristol, City of",78.092,3591.4510799999994,826.5724660619999
South West,Devon,Devon,West Devon,18 01 03*,Wastes whose collection and disposal is subject to special requirements in order to prevent infection,47.78,Incineration without energy recovery,South West,"Bath, Bristol and S Glo",Bristol City,"Bristol, City of",183.111,8749.04358,2013.5923799369998
South West,Wiltshire,Swindon,Swindon,18 01 03*,Wastes whose collection and disposal is subject to special requirements in order to prevent infection,48.42,Incineration without energy recovery,South West,"Bath, Bristol and S Glo",Bristol City,"Bristol, City of",65.947,3193.15374,734.904333261
South West,Devon,Devon,Exeter,18 01 03*,Wastes whose collection and disposal is subject to special requirements in order to prevent infection,48.87000000000002,Incineration without energy recovery,South West,"Bath, Bristol and S Glo",Bristol City,"Bristol, City of",125.959,6155.616330000003,1416.7150983495005
South West,Devon,Torbay,Torbay,18 01 03*,Wastes whose collection and disposal is subject to special requirements in order to prevent infection,52.949999999999996,Incineration without energy recovery,South West,Dorset,"Bournemouth, Christchurch and Poole","Bournemouth, Christchurch and Poole",172.481,9132.868949999998,2101.9297888424994
South West,Devon,Torbay,Torbay,18 01 03*,Wastes whose collection and disposal is subject to special requirements in order to prevent infection,53.99999999999999,Incineration without energy recovery,South West,"Bath, Bristol and S Glo",Bristol City,"Bristol, City of",161.257,8707.877999999999,2004.1181216999996
South West,Devon,Plymouth,Plymouth,18 01 03*,Wastes whose collection and disposal is subject to special requirements in order to prevent infection,56.66999999999999,Incineration without energy recovery,South West,"Bath, Bristol and S Glo",Bristol City,"Bristol, City of",194.1,10999.646999999997,2531.5687570499995
South West,"Bath, Bristol and S Glo",Bristol City,"Bristol, City of",18 01 08*,Cytotoxic and cytostatic medicines,57.36999999999999,Incineration without energy recovery,South West,"Bath, Bristol and S Glo",Bristol City,"Bristol, City of",10.0,573.6999999999999,132.03705499999998
South West,Wiltshire,Wiltshire,Wiltshire,18 01 03*,Wastes whose collection and disposal is subject to special requirements in order to prevent infection,57.92000000000001,Incineration without energy recovery,South West,"Bath, Bristol and S Glo",Bristol City,"Bristol, City of",78.092,4523.088640000001,1040.9888504960002
South West,Devon,Devon,North Devon,18 01 03*,Wastes whose collection and disposal is subject to special requirements in order to prevent infection,58.22000000000001,Incineration without energy recovery,South West,"Bath, Bristol and S Glo",Bristol City,"Bristol, City of",145.856,8491.736320000002,1954.3731140480004
South West,"Bath, Bristol and S Glo",South Gloucestershire,South Gloucestershire,18 01 03*,Wastes whose collection and disposal is subject to special requirements in order to prevent infection,63.55999999999999,Incineration without energy recovery,South West,"Bath, Bristol and S Glo",Bristol City,"Bristol, City of",16.669,1059.4816399999997,243.83969944599994
South West,"Bath, Bristol and S Glo",North Somerset,North Somerset,18 01 03*,Wastes whose collection and disposal is subject to special requirements in order to prevent infection,83.21000000000001,Incineration without energy recovery,South West,"Bath, Bristol and S Glo",Bristol City,"Bristol, City of",15.511,1290.67031,297.0477718465
South West,"Bath, Bristol and S Glo",Bristol City,"Bristol, City of",18 01 03*,Wastes whose collection and disposal is subject to special requirements in order to prevent infection,93.56,Incineration without energy recovery,South West,Devon,Plymouth,Plymouth,195.379,18279.65924,4207.063574086
South West,Wiltshire,Swindon,Swindon,18 01 03*,Wastes whose collection and disposal is subject to special requirements in order to prevent infection,106.73,Incineration without energy recovery,West Midlands,Worcestershire,Worcestershire,Redditch,127.632,13622.16336,3135.140897304
South West,Wiltshire,Swindon,Swindon,18 01 08*,Cytotoxic and cytostatic medicines,156.98000000000002,Incineration without energy recovery,South East,Hampshire,Hampshire,New Forest,121.787,19118.123260000004,4400.0360682890005
South West,Dorset,Dorset,Dorset,18 01 03*,Wastes whose collection and disposal is subject to special requirements in order to prevent infection,189.71000000000043,Incineration without energy recovery,South West,Dorset,"Bournemouth, Christchurch and Poole","Bournemouth, Christchurch and Poole",41.132,7803.151720000017,1795.895368358004
South West,Devon,Plymouth,Plymouth,18 01 03*,Wastes whose collection and disposal is subject to special requirements in order to prevent infection,201.73000000000013,Incineration without energy recovery,South West,Devon,Plymouth,Plymouth,10.0,2017.3000000000013,464.28159500000027
South West,Cornwall,Cornwall,Cornwall,18 01 03*,Wastes whose collection and disposal is subject to special requirements in order to prevent infection,432.7399999999995,Incineration without energy recovery,South West,Cornwall,Cornwall,Cornwall,10.0,4327.399999999995,995.9511099999988
South West,Wiltshire,Wiltshire,Wiltshire,18 01 03*,Wastes whose collection and disposal is subject to special requirements in order to prevent infection,502.38,Incineration without energy recovery,South West,Dorset,"Bournemouth, Christchurch and Poole","Bournemouth, Christchurch and Poole",74.093,37222.84134,8566.836934400999
South West,"Bath, Bristol and S Glo",Bristol City,"Bristol, City of",18 01 03*,Wastes whose collection and disposal is subject to special requirements in order to prevent infection,502.6299999999997,Incineration without energy recovery,South West,"Bath, Bristol and S Glo",Bristol City,"Bristol, City of",10.0,5026.299999999997,1156.8029449999995
South West,Devon,Devon,Exeter,18 01 03*,Wastes whose collection and disposal is subject to special requirements in order to prevent infection,664.2399999999999,Incineration without energy recovery,South West,Cornwall,Cornwall,Cornwall,96.005,63770.361199999985,14676.748630179996
South West,Dorset,"Bournemouth, Christchurch and Poole","Bournemouth, Christchurch and Poole",18 01 03*,Wastes whose collection and disposal is subject to special requirements in order to prevent infection,738.7999999999989,Incineration without energy recovery,South West,Dorset,"Bournemouth, Christchurch and Poole","Bournemouth, Christchurch and Poole",10.0,7387.999999999989,1700.3481999999974
South West,Cornwall,Cornwall,Cornwall,18 01 03*,Wastes whose collection and disposal is subject to special requirements in order to prevent infection,975.7199999999999,Incineration without energy recovery,South West,Devon,Plymouth,Plymouth,49.296,48099.09312,11070.006281568
South West,Wiltshire,Swindon,Swindon,18 01 03*,Wastes whose collection and disposal is subject to special requirements in order to prevent infection,1016.73,Incineration without energy recovery,South East,Hampshire,Hampshire,New Forest,121.787,123824.49651000001,28498.207871776503
South West,Somerset,Somerset,Somerset,18 01 06*,Chemicals consisting of or containing hazardous substances,0.2,Transfer (D),South East,Kent,Kent,Dover,324.882,64.9764,14.95431846
South West,"Bath, Bristol and S Glo",Bristol City,"Bristol, City of",18 01 06*,Chemicals consisting of or containing hazardous substances,0.41,Transfer (D),South East,Kent,Kent,Dover,326.71,133.9511,30.828845665
South West,Gloucestershire,Gloucestershire,Cheltenham,18 01 08*,Cytotoxic and cytostatic medicines,0.0,Transfer (D),West Midlands,Staffordshire,Stoke-on-Trent City,Stoke-on-Trent,144.173,0.0,0.0
South West,Gloucestershire,Gloucestershire,Gloucester,18 01 08*,Cytotoxic and cytostatic medicines,0.0,Transfer (D),West Midlands,Staffordshire,Stoke-on-Trent City,Stoke-on-Trent,149.923,0.0,0.0
South West,Cornwall,Cornwall,Cornwall,18 01 03*,Wastes whose collection and disposal is subject to special requirements in order to prevent infection,0.01,Transfer (D),London,East London Waste Authority,Havering,Havering,437.167,4.37167,1.0061398504999999
South West,Gloucestershire,Gloucestershire,Cheltenham,18 01 03*,Wastes whose collection and disposal is subject to special requirements in order to prevent infection,0.11,Transfer (D),London,East London Waste Authority,Havering,Havering,207.171,22.788809999999998,5.2448446214999995
South West,"Bath, Bristol and S Glo",Bristol City,"Bristol, City of",18 01 03*,Wastes whose collection and disposal is subject to special requirements in order to prevent infection,0.33999999999999997,Transfer (D),London,East London Waste Authority,Havering,Havering,257.05,87.39699999999999,20.114419549999997
South West,Somerset,Somerset,Somerset,18 01 08*,Cytotoxic and cytostatic medicines,0.52,Transfer (D),West Midlands,Staffordshire,Stoke-on-Trent City,Stoke-on-Trent,271.808,141.34016,32.529437824
South West,"Bath, Bristol and S Glo",North Somerset,North Somerset,18 01 08*,Cytotoxic and cytostatic medicines,1.05,Transfer (D),West Midlands,Staffordshire,Stoke-on-Trent City,Stoke-on-Trent,211.595,222.17475000000002,51.1335187125
South West,Gloucestershire,Gloucestershire,Gloucester,18 01 03*,Wastes whose collection and disposal is subject to special requirements in order to prevent infection,1.29,Transfer (D),London,East London Waste Authority,Havering,Havering,218.502,281.86758000000003,64.87182353700001
South West,Somerset,Somerset,Somerset,18 01 08*,Cytotoxic and cytostatic medicines,1.51,Transfer (D),West Midlands,Staffordshire,Stoke-on-Trent City,Stoke-on-Trent,271.808,410.43008,94.46048291199999
South West,Gloucestershire,Gloucestershire,Cheltenham,18 01 03*,Wastes whose collection and disposal is subject to special requirements in order to prevent infection,1.6400000000000001,Transfer (D),West Midlands,Staffordshire,Stoke-on-Trent City,Stoke-on-Trent,144.173,236.44372,54.417522158000004
South West,Somerset,Somerset,Somerset,18 01 03*,Wastes whose collection and disposal is subject to special requirements in order to prevent infection,3.95,Transfer (D),West Midlands,Staffordshire,Stoke-on-Trent City,Stoke-on-Trent,271.808,1073.6416,247.09861424
South West,Somerset,Somerset,Somerset,18 01 03*,Wastes whose collection and disposal is subject to special requirements in order to prevent infection,4.47,Transfer (D),West Midlands,Staffordshire,Stoke-on-Trent City,Stoke-on-Trent,271.808,1214.98176,279.628052064
South West,Somerset,Somerset,Somerset,18 01 08*,Cytotoxic and cytostatic medicines,5.35,Transfer (D),West Midlands,Staffordshire,Stoke-on-Trent City,Stoke-on-Trent,271.808,1454.1727999999998,334.67786992
South West,Wiltshire,Swindon,Swindon,18 01 08*,Cytotoxic and cytostatic medicines,5.88,Transfer (D),London,East London Waste Authority,Havering,Havering,195.92,1152.0095999999999,265.13500944
South West,Gloucestershire,Gloucestershire,Gloucester,18 01 03*,Wastes whose collection and disposal is subject to special requirements in order to prevent infection,6.6899999999999995,Transfer (D),West Midlands,Staffordshire,Stoke-on-Trent City,Stoke-on-Trent,149.923,1002.9848699999999,230.83696783049996
South West,"Bath, Bristol and S Glo",North Somerset,North Somerset,18 01 03*,Wastes whose collection and disposal is subject to special requirements in order to prevent infection,10.94,Transfer (D),West Midlands,Staffordshire,Stoke-on-Trent City,Stoke-on-Trent,211.595,2314.8493,532.7625663949999
South West,Somerset,Somerset,Somerset,18 01 03*,Wastes whose collection and disposal is subject to special requirements in order to prevent infection,24.82,Transfer (D),West Midlands,Staffordshire,Stoke-on-Trent City,Stoke-on-Trent,271.808,6746.27456,1552.655089984
South West,Wiltshire,Swindon,Swindon,18 01 03*,Wastes whose collection and disposal is subject to special requirements in order to prevent infection,25.779999999999998,Transfer (D),London,East London Waste Authority,Havering,Havering,195.92,5050.817599999999,1162.44567064
South West,Devon,Devon,North Devon,18 01 03*,Wastes whose collection and disposal is subject to special requirements in order to prevent infection,0.0,Transfer (D),South East,Hampshire,Hampshire,Winchester,228.018,0.0,0.0
South West,Devon,Devon,North Devon,18 01 03*,Wastes whose collection and disposal is subject to special requirements in order to prevent infection,0.0,Transfer (D),South West,"Bath, Bristol and S Glo",South Gloucestershire,South Gloucestershire,157.782,0.0,0.0
South West,Dorset,Dorset,Dorset,18 01 03*,Wastes whose collection and disposal is subject to special requirements in order to prevent infection,0.0,Transfer (D),London,West London Waste Authority,Hounslow,Hounslow,179.752,0.0,0.0
South West,Dorset,Dorset,Dorset,18 01 03*,Wastes whose collection and disposal is subject to special requirements in order to prevent infection,0.0,Transfer (D),South West,"Bath, Bristol and S Glo",South Gloucestershire,South Gloucestershire,118.425,0.0,0.0
South West,Somerset,Somerset,Somerset,18 01 03*,Wastes whose collection and disposal is subject to special requirements in order to prevent infection,0.0,Transfer (D),South West,"Bath, Bristol and S Glo",South Gloucestershire,South Gloucestershire,90.691,0.0,0.0
South West,Wiltshire,Wiltshire,Wiltshire,18 01 03*,Wastes whose collection and disposal is subject to special requirements in order to prevent infection,0.0,Transfer (D),South East,West Sussex,West Sussex,Arun,138.305,0.0,0.0
South West,Wiltshire,Wiltshire,Wiltshire,18 01 03*,Wastes whose collection and disposal is subject to special requirements in order to prevent infection,0.0,Transfer (D),South West,Devon,Devon,West Devon,207.271,0.0,0.0
South West,Dorset,Dorset,Dorset,18 01 06*,Chemicals consisting of or containing hazardous substances,0.0,Transfer (D),South East,Hampshire,Hampshire,New Forest,70.302,0.0,0.0
South West,Somerset,Somerset,Somerset,18 01 06*,Chemicals consisting of or containing hazardous substances,0.0,Transfer (D),South East,Hampshire,Hampshire,New Forest,114.418,0.0,0.0
South West,"Bath, Bristol and S Glo",Bath and North East Somerset,Bath and North East Somerset,18 01 08*,Cytotoxic and cytostatic medicines,0.0,Transfer (D),South West,"Bath, Bristol and S Glo",South Gloucestershire,South Gloucestershire,26.619,0.0,0.0
South West,"Bath, Bristol and S Glo",North Somerset,North Somerset,18 01 08*,Cytotoxic and cytostatic medicines,0.0,Transfer (D),South West,"Bath, Bristol and S Glo",Bristol City,"Bristol, City of",15.511,0.0,0.0
South West,"Bath, Bristol and S Glo",North Somerset,North Somerset,18 01 08*,Cytotoxic and cytostatic medicines,0.0,Transfer (D),South West,Devon,Devon,Exeter,112.885,0.0,0.0
South West,Devon,Devon,East Devon,18 01 08*,Cytotoxic and cytostatic medicines,0.0,Transfer (D),South West,"Bath, Bristol and S Glo",Bristol City,"Bristol, City of",136.207,0.0,0.0
South West,Devon,Devon,Exeter,18 01 08*,Cytotoxic and cytostatic medicines,0.0,Transfer (D),South West,"Bath, Bristol and S Glo",Bristol City,"Bristol, City of",125.959,0.0,0.0
South West,Devon,Devon,Exeter,18 01 08*,Cytotoxic and cytostatic medicines,0.0,Transfer (D),South West,Devon,Devon,West Devon,56.276,0.0,0.0
South West,Devon,Devon,Mid Devon,18 01 08*,Cytotoxic and cytostatic medicines,0.0,Transfer (D),South West,Devon,Devon,West Devon,98.473,0.0,0.0
South West,Devon,Devon,North Devon,18 01 08*,Cytotoxic and cytostatic medicines,0.0,Transfer (D),South West,"Bath, Bristol and S Glo",Bristol City,"Bristol, City of",145.856,0.0,0.0
South West,Devon,Devon,North Devon,18 01 08*,Cytotoxic and cytostatic medicines,0.0,Transfer (D),South West,Devon,Devon,West Devon,72.835,0.0,0.0
South West,Devon,Devon,South Hams,18 01 08*,Cytotoxic and cytostatic medicines,0.0,Transfer (D),South West,Devon,Devon,West Devon,94.577,0.0,0.0
South West,Devon,Devon,Teignbridge,18 01 08*,Cytotoxic and cytostatic medicines,0.0,Transfer (D),South West,Devon,Devon,West Devon,79.383,0.0,0.0
South West,Devon,Devon,Torridge,18 01 08*,Cytotoxic and cytostatic medicines,0.0,Transfer (D),South West,Devon,Devon,West Devon,51.196,0.0,0.0
South West,Devon,Plymouth,Plymouth,18 01 08*,Cytotoxic and cytostatic medicines,0.0,Transfer (D),South West,"Bath, Bristol and S Glo",Bristol City,"Bristol, City of",194.1,0.0,0.0
South West,Devon,Torbay,Torbay,18 01 08*,Cytotoxic and cytostatic medicines,0.0,Transfer (D),South West,"Bath, Bristol and S Glo",Bristol City,"Bristol, City of",161.257,0.0,0.0
South West,Devon,Torbay,Torbay,18 01 08*,Cytotoxic and cytostatic medicines,0.0,Transfer (D),South West,Devon,Devon,West Devon,88.256,0.0,0.0
South West,Dorset,"Bournemouth, Christchurch and Poole","Bournemouth, Christchurch and Poole",18 01 08*,Cytotoxic and cytostatic medicines,0.0,Transfer (D),South West,"Bath, Bristol and S Glo",Bristol City,"Bristol, City of",125.402,0.0,0.0
South West,Dorset,Dorset,Dorset,18 01 08*,Cytotoxic and cytostatic medicines,0.0,Transfer (D),South East,Hampshire,Hampshire,Fareham,100.654,0.0,0.0
South West,Dorset,Dorset,Dorset,18 01 08*,Cytotoxic and cytostatic medicines,0.0,Transfer (D),South West,"Bath, Bristol and S Glo",Bristol City,"Bristol, City of",116.687,0.0,0.0
South West,Dorset,Dorset,Dorset,18 01 08*,Cytotoxic and cytostatic medicines,0.0,Transfer (D),South West,Devon,Devon,West Devon,155.555,0.0,0.0
South West,Dorset,Dorset,Dorset,18 01 08*,Cytotoxic and cytostatic medicines,0.0,Transfer (D),South West,Wiltshire,Swindon,Swindon,127.214,0.0,0.0
South West,Gloucestershire,Gloucestershire,Cotswold,18 01 08*,Cytotoxic and cytostatic medicines,0.0,Transfer (D),South West,"Bath, Bristol and S Glo",Bristol City,"Bristol, City of",86.559,0.0,0.0
South West,Gloucestershire,Gloucestershire,Gloucester,18 01 08*,Cytotoxic and cytostatic medicines,0.0,Transfer (D),South West,"Bath, Bristol and S Glo",Bristol City,"Bristol, City of",54.543,0.0,0.0
South West,Gloucestershire,Gloucestershire,Tewkesbury,18 01 08*,Cytotoxic and cytostatic medicines,0.0,Transfer (D),South West,"Bath, Bristol and S Glo",Bristol City,"Bristol, City of",75.241,0.0,0.0
South West,Somerset,Somerset,Somerset,18 01 08*,Cytotoxic and cytostatic medicines,0.0,Transfer (D),South West,"Bath, Bristol and S Glo",Bristol City,"Bristol, City of",78.766,0.0,0.0
South West,Somerset,Somerset,Somerset,18 01 08*,Cytotoxic and cytostatic medicines,0.0,Transfer (D),South West,Devon,Devon,West Devon,136.685,0.0,0.0
South West,Devon,Devon,North Devon,18 01 10*,Amalgam waste from dental care,0.0,Transfer (D),South West,Devon,Devon,Exeter,62.318,0.0,0.0
South West,Devon,Devon,West Devon,18 01 10*,Amalgam waste from dental care,0.0,Transfer (D),South West,Devon,Devon,Exeter,56.2,0.0,0.0
South West,Dorset,Dorset,Dorset,18 01 10*,Amalgam waste from dental care,0.0,Transfer (D),South East,West Sussex,West Sussex,Arun,151.915,0.0,0.0
South West,Gloucestershire,Gloucestershire,Cheltenham,18 01 10*,Amalgam waste from dental care,0.0,Transfer (D),South West,"Bath, Bristol and S Glo",Bristol City,"Bristol, City of",66.035,0.0,0.0
South West,Somerset,Somerset,Somerset,18 01 10*,Amalgam waste from dental care,0.0,Transfer (D),South East,Hampshire,Hampshire,Winchester,126.997,0.0,0.0
South West,Somerset,Somerset,Somerset,18 01 10*,Amalgam waste from dental care,0.0,Transfer (D),South West,"Bath, Bristol and S Glo",Bristol City,"Bristol, City of",78.766,0.0,0.0
South West,Wiltshire,Wiltshire,Wiltshire,18 01 10*,Amalgam waste from dental care,0.0,Transfer (D),South East,Hampshire,Hampshire,Winchester,70.836,0.0,0.0
South West,"Bath, Bristol and S Glo",Bath and North East Somerset,Bath and North East Somerset,18 01 03*,Wastes whose collection and disposal is subject to special requirements in order to prevent infection,0.01,Transfer (D),North East,Tyne & Wear,Sunderland,Sunderland,481.36,4.8136,1.10785004
South West,"Bath, Bristol and S Glo",Bristol City,"Bristol, City of",18 01 03*,Wastes whose collection and disposal is subject to special requirements in order to prevent infection,0.01,Transfer (D),East Midlands,Leicestershire,Leicestershire,Hinckley and Bosworth,186.575,1.86575,0.42940236249999997
South West,"Bath, Bristol and S Glo",Bristol City,"Bristol, City of",18 01 03*,Wastes whose collection and disposal is subject to special requirements in order to prevent infection,0.01,Transfer (D),South East,West Sussex,West Sussex,Arun,227.422,2.27422,0.523411733
South West,"Bath, Bristol and S Glo",Bristol City,"Bristol, City of",18 01 03*,Wastes whose collection and disposal is subject to special requirements in order to prevent infection,0.01,Transfer (D),South West,Devon,Devon,Exeter,127.155,1.27155,0.29264723249999997
South West,Dorset,"Bournemouth, Christchurch and Poole","Bournemouth, Christchurch and Poole",18 01 03*,Wastes whose collection and disposal is subject to special requirements in order to prevent infection,0.01,Transfer (D),East of England,Cambridgeshire,Cambridgeshire,South Cambridgeshire,243.613,2.43613,0.5606753194999999
South West,Dorset,"Bournemouth, Christchurch and Poole","Bournemouth, Christchurch and Poole",18 01 03*,Wastes whose collection and disposal is subject to special requirements in order to prevent infection,0.01,Transfer (D),London,South London,Bromley,Bromley,211.167,2.11167,0.4860008505
South West,Dorset,Dorset,Dorset,18 01 03*,Wastes whose collection and disposal is subject to special requirements in order to prevent infection,0.01,Transfer (D),London,South London,Bromley,Bromley,239.728,2.3972800000000003,0.5517339920000001
South West,Gloucestershire,Gloucestershire,Cheltenham,18 01 03*,Wastes whose collection and disposal is subject to special requirements in order to prevent infection,0.01,Transfer (D),East Midlands,Northamptonshire,Northamptonshire,West Northamptonshire,116.304,1.16304,0.267673656
South West,Wiltshire,Wiltshire,Wiltshire,18 01 03*,Wastes whose collection and disposal is subject to special requirements in order to prevent infection,0.01,Transfer (D),South East,Kent,Medway,Medway,220.656,2.20656,0.507839784
South West,Devon,Devon,Mid Devon,18 01 06*,Chemicals consisting of or containing hazardous substances,0.01,Transfer (D),South West,Devon,Devon,East Devon,51.073,0.51073,0.1175445095
South West,Devon,Devon,Exeter,18 01 08*,Cytotoxic and cytostatic medicines,0.01,Transfer (D),West Midlands,Warwickshire,Warwickshire,North Warwickshire,293.034,2.93034,0.674417751
South West,Gloucestershire,Gloucestershire,Cheltenham,18 01 08*,Cytotoxic and cytostatic medicines,0.01,Transfer (D),South West,"Bath, Bristol and S Glo",Bristol City,"Bristol, City of",66.035,0.66035,0.1519795525
South West,Gloucestershire,Gloucestershire,Stroud,18 01 08*,Cytotoxic and cytostatic medicines,0.01,Transfer (D),South West,"Bath, Bristol and S Glo",Bristol City,"Bristol, City of",49.527,0.49527000000000004,0.1139863905
South West,Wiltshire,Wiltshire,Wiltshire,18 01 08*,Cytotoxic and cytostatic medicines,0.01,Transfer (D),South East,Kent,Medway,Medway,220.656,2.20656,0.507839784
South West,Wiltshire,Wiltshire,Wiltshire,18 01 08*,Cytotoxic and cytostatic medicines,0.01,Transfer (D),South West,Devon,Devon,Exeter,149.396,1.49396,0.343834894
South West,"Bath, Bristol and S Glo",North Somerset,North Somerset,18 01 10*,Amalgam waste from dental care,0.01,Transfer (D),South West,Devon,Devon,Exeter,112.885,1.1288500000000001,0.2598048275
South West,Devon,Devon,Exeter,18 01 10*,Amalgam waste from dental care,0.01,Transfer (D),South West,Devon,Devon,Exeter,10.0,0.1,0.023015
South West,Devon,Devon,Mid Devon,18 01 10*,Amalgam waste from dental care,0.01,Transfer (D),South West,"Bath, Bristol and S Glo",Bristol City,"Bristol, City of",109.353,1.09353,0.25167592949999995
South West,Devon,Devon,North Devon,18 01 10*,Amalgam waste from dental care,0.01,Transfer (D),South West,"Bath, Bristol and S Glo",Bristol City,"Bristol, City of",145.856,1.45856,0.335687584
South West,Devon,Devon,South Hams,18 01 10*,Amalgam waste from dental care,0.01,Transfer (D),South West,"Bath, Bristol and S Glo",Bristol City,"Bristol, City of",167.578,1.67578,0.385680767
South West,Devon,Devon,South Hams,18 01 10*,Amalgam waste from dental care,0.01,Transfer (D),South West,Devon,Devon,Exeter,46.995,0.46995,0.1081589925
South West,Devon,Devon,Teignbridge,18 01 10*,Amalgam waste from dental care,0.01,Transfer (D),South West,Devon,Devon,Exeter,31.802,0.31802,0.073192303
South West,Devon,Devon,Torridge,18 01 10*,Amalgam waste from dental care,0.01,Transfer (D),South West,"Bath, Bristol and S Glo",Bristol City,"Bristol, City of",174.146,1.74146,0.400797019
South West,Devon,Devon,West Devon,18 01 10*,Amalgam waste from dental care,0.01,Transfer (D),South West,"Bath, Bristol and S Glo",Bristol City,"Bristol, City of",183.111,1.83111,0.4214299665
South West,Devon,Torbay,Torbay,18 01 10*,Amalgam waste from dental care,0.01,Transfer (D),South West,Devon,Devon,Exeter,40.674,0.40674,0.093611211
South West,Dorset,Dorset,Dorset,18 01 10*,Amalgam waste from dental care,0.01,Transfer (D),South West,"Bath, Bristol and S Glo",Bristol City,"Bristol, City of",116.687,1.16687,0.2685551305
South West,Dorset,Dorset,Dorset,18 01 10*,Amalgam waste from dental care,0.01,Transfer (D),South West,Wiltshire,Swindon,Swindon,127.214,1.27214,0.292783021
South West,Gloucestershire,Gloucestershire,Cotswold,18 01 10*,Amalgam waste from dental care,0.01,Transfer (D),South West,"Bath, Bristol and S Glo",Bristol City,"Bristol, City of",86.559,0.86559,0.19921553849999998
South West,Gloucestershire,Gloucestershire,Cotswold,18 01 10*,Amalgam waste from dental care,0.01,Transfer (D),West Midlands,West Midlands Met Districts,Sandwell,Sandwell,116.022,1.16022,0.267024633
South West,Somerset,Somerset,Somerset,18 01 10*,Amalgam waste from dental care,0.01,Transfer (D),South East,West Sussex,West Sussex,Arun,189.548,1.89548,0.436244722
South West,Somerset,Somerset,Somerset,18 01 10*,Amalgam waste from dental care,0.01,Transfer (D),South West,"Bath, Bristol and S Glo",Bristol City,"Bristol, City of",78.766,0.78766,0.181279949
South West,Somerset,Somerset,Somerset,18 01 10*,Amalgam waste from dental care,0.01,Transfer (D),South West,Devon,Devon,Exeter,78.774,0.78774,0.181298361
South West,Devon,Devon,East Devon,18 01 03*,Wastes whose collection and disposal is subject to special requirements in order to prevent infection,0.02,Transfer (D),South East,Hampshire,Hampshire,Winchester,176.121,3.5224200000000003,0.810684963
South West,Devon,Plymouth,Plymouth,18 01 03*,Wastes whose collection and disposal is subject to special requirements in order to prevent infection,0.02,Transfer (D),South West,Devon,Plymouth,Plymouth,10.0,0.2,0.04603
South West,Somerset,Somerset,Somerset,18 01 03*,Wastes whose collection and disposal is subject to special requirements in order to prevent infection,0.02,Transfer (D),West Midlands,Staffordshire,Stoke-on-Trent City,Stoke-on-Trent,271.808,5.43616,1.251132224
South West,Devon,Devon,Teignbridge,18 01 06*,Chemicals consisting of or containing hazardous substances,0.02,Transfer (D),Yorks & Humber,North Yorkshire,North Yorkshire,North Yorkshire,523.84,10.4768,2.41123552
South West,"Bath, Bristol and S Glo",Bristol City,"Bristol, City of",18 01 08*,Cytotoxic and cytostatic medicines,0.02,Transfer (D),South West,Somerset,Somerset,Somerset,80.219,1.60438,0.36924805699999996
South West,Gloucestershire,Gloucestershire,Gloucester,18 01 08*,Cytotoxic and cytostatic medicines,0.02,Transfer (D),West Midlands,West Midlands Met Districts,Birmingham City,Birmingham,102.28,2.0456,0.47079483999999994
South West,Wiltshire,Wiltshire,Wiltshire,18 01 08*,Cytotoxic and cytostatic medicines,0.02,Transfer (D),London,West London Waste Authority,Ealing,Ealing,147.181,2.94362,0.677474143
South West,Wiltshire,Wiltshire,Wiltshire,18 01 08*,Cytotoxic and cytostatic medicines,0.02,Transfer (D),South West,"Bath, Bristol and S Glo",Bristol City,"Bristol, City of",78.092,1.5618400000000001,0.359457476
South West,Cornwall,Cornwall,Cornwall,18 01 10*,Amalgam waste from dental care,0.02,Transfer (D),South West,"Bath, Bristol and S Glo",Bristol City,"Bristol, City of",223.705,4.4741,1.029714115
South West,Devon,Devon,East Devon,18 01 10*,Amalgam waste from dental care,0.02,Transfer (D),South West,Devon,Devon,Exeter,20.501,0.41002000000000005,0.094366103
South West,Devon,Devon,East Devon,18 01 10*,Amalgam waste from dental care,0.02,Transfer (D),South West,Devon,Devon,West Devon,78.376,1.56752,0.360764728
South West,Devon,Devon,Mid Devon,18 01 10*,Amalgam waste from dental care,0.02,Transfer (D),South West,Devon,Devon,West Devon,98.473,1.96946,0.453271219
South West,Devon,Devon,Torridge,18 01 10*,Amalgam waste from dental care,0.02,Transfer (D),South West,Devon,Devon,West Devon,51.196,1.02392,0.235655188
South West,Dorset,Dorset,Dorset,18 01 10*,Amalgam waste from dental care,0.02,Transfer (D),South West,Devon,Devon,Exeter,97.68,1.9536000000000002,0.44962104
South West,Somerset,Somerset,Somerset,18 01 10*,Amalgam waste from dental care,0.02,Transfer (D),South West,Devon,Devon,Exeter,78.774,1.57548,0.362596722
South West,Somerset,Somerset,Somerset,18 01 10*,Amalgam waste from dental care,0.02,Transfer (D),South West,Devon,Devon,West Devon,136.685,2.7337000000000002,0.6291610550000001
South West,Devon,Torbay,Torbay,18 01 03*,Wastes whose collection and disposal is subject to special requirements in order to prevent infection,0.03,Transfer (D),South West,"Bath, Bristol and S Glo",South Gloucestershire,South Gloucestershire,173.183,5.1954899999999995,1.1957420234999998
South West,Cornwall,Cornwall,Cornwall,18 01 08*,Cytotoxic and cytostatic medicines,0.03,Transfer (D),South West,"Bath, Bristol and S Glo",Bristol City,"Bristol, City of",223.705,6.71115,1.5445711725
South West,Devon,Devon,North Devon,18 01 08*,Cytotoxic and cytostatic medicines,0.03,Transfer (D),South West,Devon,Devon,Exeter,62.318,1.8695399999999998,0.4302746309999999
South West,Devon,Devon,Torridge,18 01 08*,Cytotoxic and cytostatic medicines,0.03,Transfer (D),South West,"Bath, Bristol and S Glo",Bristol City,"Bristol, City of",174.146,5.224379999999999,1.2023910569999998
South West,Devon,Devon,Torridge,18 01 08*,Cytotoxic and cytostatic medicines,0.03,Transfer (D),South West,Devon,Devon,Exeter,82.647,2.47941,0.5706362115
South West,Cornwall,Cornwall,Cornwall,18 01 10*,Amalgam waste from dental care,0.03,Transfer (D),South West,Devon,Devon,Exeter,96.793,2.90379,0.6683072685
South West,Devon,Plymouth,Plymouth,18 01 10*,Amalgam waste from dental care,0.03,Transfer (D),South West,"Bath, Bristol and S Glo",Bristol City,"Bristol, City of",194.1,5.8229999999999995,1.34016345
South West,Somerset,Somerset,Somerset,18 01 10*,Amalgam waste from dental care,0.03,Transfer (D),South West,"Bath, Bristol and S Glo",Bristol City,"Bristol, City of",78.766,2.36298,0.543839847
South West,Somerset,Somerset,Somerset,18 01 10*,Amalgam waste from dental care,0.03,Transfer (D),South West,Devon,Devon,West Devon,136.685,4.10055,0.9437415825
South West,Wiltshire,Swindon,Swindon,18 01 10*,Amalgam waste from dental care,0.03,Transfer (D),South West,Wiltshire,Swindon,Swindon,10.0,0.3,0.069045
South West,Dorset,Dorset,Dorset,18 01 03*,Wastes whose collection and disposal is subject to special requirements in order to prevent infection,0.04,Transfer (D),South East,West Sussex,West Sussex,Arun,151.915,6.0766,1.39852949
South West,Somerset,Somerset,Somerset,18 01 03*,Wastes whose collection and disposal is subject to special requirements in order to prevent infection,0.04,Transfer (D),South West,"Bath, Bristol and S Glo",South Gloucestershire,South Gloucestershire,90.691,3.62764,0.834901346
South West,Somerset,Somerset,Somerset,18 01 03*,Wastes whose collection and disposal is subject to special requirements in order to prevent infection,0.04,Transfer (D),West Midlands,Staffordshire,Stoke-on-Trent City,Stoke-on-Trent,271.808,10.87232,2.502264448
South West,Cornwall,Cornwall,Cornwall,18 01 08*,Cytotoxic and cytostatic medicines,0.04,Transfer (D),South West,Devon,Devon,West Devon,64.253,2.57012,0.5915131180000001
South West,Devon,Plymouth,Plymouth,18 01 08*,Cytotoxic and cytostatic medicines,0.04,Transfer (D),South West,Devon,Devon,West Devon,42.364,1.6945599999999998,0.39000298399999994
South West,Wiltshire,Swindon,Swindon,18 01 08*,Cytotoxic and cytostatic medicines,0.04,Transfer (D),South East,Hampshire,Hampshire,New Forest,121.787,4.87148,1.121171122
South West,Wiltshire,Swindon,Swindon,18 01 08*,Cytotoxic and cytostatic medicines,0.04,Transfer (D),South West,"Bath, Bristol and S Glo",Bristol City,"Bristol, City of",65.947,2.63788,0.607108082
South West,Devon,Devon,Mid Devon,18 01 10*,Amalgam waste from dental care,0.04,Transfer (D),South West,Devon,Devon,Exeter,22.256,0.89024,0.204888736
South West,Devon,Devon,Teignbridge,18 01 10*,Amalgam waste from dental care,0.04,Transfer (D),South West,"Bath, Bristol and S Glo",Bristol City,"Bristol, City of",152.385,6.0954,1.40285631
South West,Gloucestershire,Gloucestershire,Stroud,18 01 10*,Amalgam waste from dental care,0.04,Transfer (D),South West,"Bath, Bristol and S Glo",Bristol City,"Bristol, City of",49.527,1.9810800000000002,0.455945562
South West,Somerset,Somerset,Somerset,18 01 10*,Amalgam waste from dental care,0.04,Transfer (D),South West,"Bath, Bristol and S Glo",Bristol City,"Bristol, City of",78.766,3.15064,0.725119796
South West,Dorset,"Bournemouth, Christchurch and Poole","Bournemouth, Christchurch and Poole",18 01 03*,Wastes whose collection and disposal is subject to special requirements in order to prevent infection,0.05,Transfer (D),South East,Kent,Kent,Dartford,212.131,10.60655,2.4410974825
South West,Devon,Devon,Mid Devon,18 01 08*,Cytotoxic and cytostatic medicines,0.05,Transfer (D),South West,Devon,Devon,Exeter,22.256,1.1128,0.25611092
South West,Devon,Devon,West Devon,18 01 08*,Cytotoxic and cytostatic medicines,0.05,Transfer (D),South West,Devon,Devon,West Devon,10.0,0.5,0.115075
South West,Dorset,"Bournemouth, Christchurch and Poole","Bournemouth, Christchurch and Poole",18 01 08*,Cytotoxic and cytostatic medicines,0.05,Transfer (D),South East,Hampshire,Hampshire,Fareham,72.093,3.6046500000000004,0.8296101975000001
South West,Devon,Devon,East Devon,18 01 10*,Amalgam waste from dental care,0.05,Transfer (D),South West,"Bath, Bristol and S Glo",Bristol City,"Bristol, City of",136.207,6.81035,1.5674020524999999
South West,Devon,Devon,West Devon,18 01 10*,Amalgam waste from dental care,0.05,Transfer (D),South West,Devon,Devon,West Devon,10.0,0.5,0.115075
South West,Gloucestershire,Gloucestershire,Cotswold,18 01 10*,Amalgam waste from dental care,0.05,Transfer (D),South West,Wiltshire,Swindon,Swindon,38.231,1.91155,0.4399432325
South West,Somerset,Somerset,Somerset,18 01 10*,Amalgam waste from dental care,0.05,Transfer (D),South West,Devon,Devon,West Devon,136.685,6.834250000000001,1.5729026375000001
South West,Devon,Devon,East Devon,18 01 03*,Wastes whose collection and disposal is subject to special requirements in order to prevent infection,0.06,Transfer (D),South West,Somerset,Somerset,Somerset,69.245,4.1547,0.956204205
South West,Devon,Torbay,Torbay,18 01 03*,Wastes whose collection and disposal is subject to special requirements in order to prevent infection,0.06,Transfer (D),South West,Somerset,Somerset,Somerset,114.497,6.86982,1.581089073
South West,Gloucestershire,Gloucestershire,Stroud,18 01 03*,Wastes whose collection and disposal is subject to special requirements in order to prevent infection,0.06,Transfer (D),North East,Tyne & Wear,Sunderland,Sunderland,424.345,25.4607,5.859780105
South West,Somerset,Somerset,Somerset,18 01 03*,Wastes whose collection and disposal is subject to special requirements in order to prevent infection,0.06,Transfer (D),East Midlands,Derbyshire,Derbyshire,Erewash,286.574,17.19444,3.957300366
South West,"Bath, Bristol and S Glo",South Gloucestershire,South Gloucestershire,18 01 08*,Cytotoxic and cytostatic medicines,0.06,Transfer (D),South West,"Bath, Bristol and S Glo",Bristol City,"Bristol, City of",16.669,1.00014,0.230182221
South West,Devon,Devon,Teignbridge,18 01 10*,Amalgam waste from dental care,0.06,Transfer (D),South West,Devon,Devon,West Devon,79.383,4.76298,1.0961998469999998
South West,Wiltshire,Wiltshire,Wiltshire,18 01 10*,Amalgam waste from dental care,0.06,Transfer (D),South East,Hampshire,Hampshire,Fareham,87.044,5.222639999999999,1.201990596
South West,Devon,Devon,East Devon,18 01 08*,Cytotoxic and cytostatic medicines,0.060000000000000005,Transfer (D),South West,Devon,Devon,West Devon,78.376,4.702560000000001,1.0822941840000002
South West,Wiltshire,Wiltshire,Wiltshire,18 01 08*,Cytotoxic and cytostatic medicines,0.060000000000000005,Transfer (D),South East,Hampshire,Hampshire,Fareham,87.044,5.22264,1.201990596
South West,Wiltshire,Wiltshire,Wiltshire,18 01 08*,Cytotoxic and cytostatic medicines,0.060000000000000005,Transfer (D),South East,Hampshire,Hampshire,Winchester,70.836,4.25016,0.978174324
South West,Devon,Devon,South Hams,18 01 10*,Amalgam waste from dental care,0.060000000000000005,Transfer (D),South West,Devon,Devon,West Devon,94.577,5.67462,1.306013793
South West,Somerset,Somerset,Somerset,18 01 10*,Amalgam waste from dental care,0.060000000000000005,Transfer (D),South West,Devon,Devon,West Devon,136.685,8.2011,1.887483165
South West,Devon,Plymouth,Plymouth,18 01 03*,Wastes whose collection and disposal is subject to special requirements in order to prevent infection,0.07,Transfer (D),South West,Somerset,Somerset,Somerset,147.34,10.3138,2.37372107
South West,Gloucestershire,Gloucestershire,Cotswold,18 01 03*,Wastes whose collection and disposal is subject to special requirements in order to prevent infection,0.07,Transfer (D),East of England,Cambridgeshire,Cambridgeshire,South Cambridgeshire,198.858,13.920060000000001,3.203701809
South West,Wiltshire,Swindon,Swindon,18 01 03*,Wastes whose collection and disposal is subject to special requirements in order to prevent infection,0.07,Transfer (D),South East,Kent,Medway,Medway,217.515,15.22605,3.5042754075
South West,Wiltshire,Swindon,Swindon,18 01 03*,Wastes whose collection and disposal is subject to special requirements in order to prevent infection,0.07,Transfer (D),South West,Devon,Devon,Exeter,188.165,13.17155,3.0314322325
South West,Dorset,"Bournemouth, Christchurch and Poole","Bournemouth, Christchurch and Poole",18 01 10*,Amalgam waste from dental care,0.07,Transfer (D),South West,"Bath, Bristol and S Glo",Bristol City,"Bristol, City of",125.402,8.77814,2.020288921
South West,"Bath, Bristol and S Glo",Bristol City,"Bristol, City of",18 01 03*,Wastes whose collection and disposal is subject to special requirements in order to prevent infection,0.08,Transfer (D),East Midlands,Derbyshire,Derbyshire,Erewash,217.375,17.39,4.0023085
South West,Devon,Devon,Exeter,18 01 03*,Wastes whose collection and disposal is subject to special requirements in order to prevent infection,0.08,Transfer (D),South West,"Bath, Bristol and S Glo",South Gloucestershire,South Gloucestershire,137.884,11.030719999999999,2.5387202079999995
South West,"Bath, Bristol and S Glo",Bristol City,"Bristol, City of",18 01 08*,Cytotoxic and cytostatic medicines,0.08,Transfer (D),South West,Devon,Devon,East Devon,137.666,11.01328,2.534706392
South West,Devon,Plymouth,Plymouth,18 01 10*,Amalgam waste from dental care,0.08,Transfer (D),South West,Devon,Devon,Exeter,73.517,5.88136,1.353595004
South West,Devon,Torbay,Torbay,18 01 10*,Amalgam waste from dental care,0.08,Transfer (D),South West,Devon,Devon,West Devon,88.256,7.06048,1.624969472
South West,Somerset,Somerset,Somerset,18 01 08*,Cytotoxic and cytostatic medicines,0.08999999999999998,Transfer (D),South West,Wiltshire,Swindon,Swindon,141.552,12.739679999999996,2.932037351999999
South West,Somerset,Somerset,Somerset,18 01 03*,Wastes whose collection and disposal is subject to special requirements in order to prevent infection,0.09000000000000001,Transfer (D),South East,West Sussex,West Sussex,Arun,189.548,17.059320000000003,3.9262024980000008
South West,Cornwall,Cornwall,Cornwall,18 01 08*,Cytotoxic and cytostatic medicines,0.09999999999999998,Transfer (D),South West,Devon,Devon,Exeter,96.793,9.679299999999998,2.2276908949999994
South West,Dorset,Dorset,Dorset,18 01 08*,Cytotoxic and cytostatic medicines,0.09999999999999999,Transfer (D),South East,Hampshire,Hampshire,Winchester,92.124,9.212399999999999,2.1202338599999995
South West,Devon,Devon,Exeter,18 01 10*,Amalgam waste from dental care,0.1,Transfer (D),South West,"Bath, Bristol and S Glo",Bristol City,"Bristol, City of",125.959,12.5959,2.898946385
South West,Dorset,"Bournemouth, Christchurch and Poole","Bournemouth, Christchurch and Poole",18 01 10*,Amalgam waste from dental care,0.10999999999999999,Transfer (D),South East,Hampshire,Hampshire,Winchester,63.563,6.991929999999999,1.6091926894999997
South West,Somerset,Somerset,Somerset,18 01 10*,Amalgam waste from dental care,0.10999999999999999,Transfer (D),South West,Devon,Devon,West Devon,136.685,15.035349999999998,3.4603858024999994
South West,Gloucestershire,Gloucestershire,Cotswold,18 01 03*,Wastes whose collection and disposal is subject to special requirements in order to prevent infection,0.11,Transfer (D),South West,Devon,Devon,Exeter,202.844,22.312839999999998,5.135300126
South West,Gloucestershire,Gloucestershire,Stroud,18 01 03*,Wastes whose collection and disposal is subject to special requirements in order to prevent infection,0.11,Transfer (D),West Midlands,Shropshire,Telford and Wrekin,Telford and Wrekin,153.303,16.86333,3.8810953995000004
South West,Somerset,Somerset,Somerset,18 01 03*,Wastes whose collection and disposal is subject to special requirements in order to prevent infection,0.11,Transfer (D),West Midlands,Staffordshire,Stoke-on-Trent City,Stoke-on-Trent,271.808,29.89888,6.881227232
South West,Dorset,Dorset,Dorset,18 01 10*,Amalgam waste from dental care,0.11,Transfer (D),South East,Hampshire,Hampshire,Winchester,92.124,10.13364,2.3322572459999997
South West,Dorset,Dorset,Dorset,18 01 10*,Amalgam waste from dental care,0.11999999999999997,Transfer (D),South East,Hampshire,Hampshire,Fareham,100.654,12.078479999999995,2.7798621719999987
South West,Wiltshire,Swindon,Swindon,18 01 10*,Amalgam waste from dental care,0.11999999999999998,Transfer (D),South West,"Bath, Bristol and S Glo",Bristol City,"Bristol, City of",65.947,7.913639999999999,1.8213242459999996
South West,Gloucestershire,Gloucestershire,Tewkesbury,18 01 03*,Wastes whose collection and disposal is subject to special requirements in order to prevent infection,0.12,Transfer (D),South West,Gloucestershire,Gloucestershire,Tewkesbury,10.0,1.2,0.27618
South West,Devon,Devon,South Hams,18 01 08*,Cytotoxic and cytostatic medicines,0.12,Transfer (D),South West,Devon,Devon,Exeter,46.995,5.639399999999999,1.2979079099999997
South West,Somerset,Somerset,Somerset,18 01 03*,Wastes whose collection and disposal is subject to special requirements in order to prevent infection,0.13,Transfer (D),South West,"Bath, Bristol and S Glo",South Gloucestershire,South Gloucestershire,90.691,11.78983,2.7134293745
South West,Wiltshire,Swindon,Swindon,18 01 03*,Wastes whose collection and disposal is subject to special requirements in order to prevent infection,0.13,Transfer (D),West Midlands,West Midlands Met Districts,Sandwell,Sandwell,137.127,17.826510000000003,4.1027712765
South West,Devon,Devon,Exeter,18 01 10*,Amalgam waste from dental care,0.13999999999999996,Transfer (D),South West,Devon,Devon,West Devon,56.276,7.878639999999998,1.8132689959999995
South West,Gloucestershire,Gloucestershire,Tewkesbury,18 01 10*,Amalgam waste from dental care,0.13999999999999999,Transfer (D),South West,"Bath, Bristol and S Glo",Bristol City,"Bristol, City of",75.241,10.533739999999998,2.4243402609999993
South West,Dorset,"Bournemouth, Christchurch and Poole","Bournemouth, Christchurch and Poole",18 01 08*,Cytotoxic and cytostatic medicines,0.14,Transfer (D),South West,Somerset,Somerset,Somerset,98.038,13.72532,3.158882398
South West,Somerset,Somerset,Somerset,18 01 08*,Cytotoxic and cytostatic medicines,0.14,Transfer (D),South East,West Sussex,West Sussex,Arun,189.548,26.536720000000003,6.107426108
South West,Devon,Torbay,Torbay,18 01 10*,Amalgam waste from dental care,0.14,Transfer (D),South West,"Bath, Bristol and S Glo",Bristol City,"Bristol, City of",161.257,22.57598,5.195861797
South West,Gloucestershire,Gloucestershire,Gloucester,18 01 10*,Amalgam waste from dental care,0.14,Transfer (D),South West,"Bath, Bristol and S Glo",Bristol City,"Bristol, City of",54.543,7.63602,1.757430003
South West,Devon,Devon,North Devon,18 01 10*,Amalgam waste from dental care,0.15,Transfer (D),South West,Devon,Devon,West Devon,72.835,10.925249999999998,2.5144462874999998
South West,Dorset,"Bournemouth, Christchurch and Poole","Bournemouth, Christchurch and Poole",18 01 10*,Amalgam waste from dental care,0.15,Transfer (D),South East,Hampshire,Hampshire,Fareham,72.093,10.81395,2.4888305925
South West,"Bath, Bristol and S Glo",North Somerset,North Somerset,18 01 10*,Amalgam waste from dental care,0.16,Transfer (D),South West,"Bath, Bristol and S Glo",Bristol City,"Bristol, City of",15.511,2.48176,0.571177064
South West,Devon,Devon,East Devon,18 01 08*,Cytotoxic and cytostatic medicines,0.16000000000000003,Transfer (D),South West,Devon,Devon,Exeter,20.501,3.280160000000001,0.7549288240000002
South West,"Bath, Bristol and S Glo",South Gloucestershire,South Gloucestershire,18 01 10*,Amalgam waste from dental care,0.16999999999999998,Transfer (D),South West,"Bath, Bristol and S Glo",Bristol City,"Bristol, City of",16.669,2.8337299999999996,0.6521829594999999
South West,Dorset,"Bournemouth, Christchurch and Poole","Bournemouth, Christchurch and Poole",18 01 10*,Amalgam waste from dental care,0.16999999999999998,Transfer (D),South East,West Sussex,West Sussex,Arun,123.354,20.97018,4.826286927
South West,Wiltshire,Wiltshire,Wiltshire,18 01 06*,Chemicals consisting of or containing hazardous substances,0.17,Transfer (D),South East,Hampshire,Hampshire,New Forest,63.175,10.73975,2.4717534625
South West,Wiltshire,Swindon,Swindon,18 01 08*,Cytotoxic and cytostatic medicines,0.18,Transfer (D),West Midlands,Warwickshire,Warwickshire,North Warwickshire,171.849,30.932819999999996,7.119188522999999
South West,Devon,Devon,East Devon,18 01 03*,Wastes whose collection and disposal is subject to special requirements in order to prevent infection,0.19,Transfer (D),South West,"Bath, Bristol and S Glo",South Gloucestershire,South Gloucestershire,148.133,28.145270000000004,6.477633890500001
South West,Dorset,Dorset,Dorset,18 01 10*,Amalgam waste from dental care,0.19000000000000003,Transfer (D),South West,Devon,Devon,West Devon,155.555,29.555450000000008,6.802186817500002
South West,Gloucestershire,Gloucestershire,Tewkesbury,18 01 08*,Cytotoxic and cytostatic medicines,0.21000000000000002,Transfer (D),South West,Wiltshire,Swindon,Swindon,69.772,14.652120000000002,3.3721854180000004
South West,Somerset,Somerset,Somerset,18 01 08*,Cytotoxic and cytostatic medicines,0.22000000000000003,Transfer (D),South West,Devon,Devon,Exeter,78.774,17.330280000000002,3.9885639420000003
South West,"Bath, Bristol and S Glo",South Gloucestershire,South Gloucestershire,18 01 03*,Wastes whose collection and disposal is subject to special requirements in order to prevent infection,0.22999999999999998,Transfer (D),South West,"Bath, Bristol and S Glo",South Gloucestershire,South Gloucestershire,10.0,2.3,0.529345
South West,Cornwall,Cornwall,Cornwall,18 01 03*,Wastes whose collection and disposal is subject to special requirements in order to prevent infection,0.23000000000000004,Transfer (D),South West,"Bath, Bristol and S Glo",South Gloucestershire,South Gloucestershire,235.63,54.19490000000001,12.472956235000002
South West,Wiltshire,Wiltshire,Wiltshire,18 01 10*,Amalgam waste from dental care,0.23000000000000004,Transfer (D),South West,Wiltshire,Swindon,Swindon,43.532,10.012360000000001,2.3043446540000003
South West,Devon,Devon,West Devon,18 01 08*,Cytotoxic and cytostatic medicines,0.24000000000000002,Transfer (D),South West,Devon,Devon,Exeter,56.2,13.488000000000001,3.1042632
South West,"Bath, Bristol and S Glo",Bristol City,"Bristol, City of",18 01 03*,Wastes whose collection and disposal is subject to special requirements in order to prevent infection,0.25,Transfer (D),South West,Somerset,Somerset,Somerset,80.219,20.05475,4.615600712499999
South West,"Bath, Bristol and S Glo",North Somerset,North Somerset,18 01 03*,Wastes whose collection and disposal is subject to special requirements in order to prevent infection,0.25,Transfer (D),South West,Somerset,Somerset,Somerset,65.95,16.4875,3.7945981250000003
South West,Wiltshire,Swindon,Swindon,18 01 06*,Chemicals consisting of or containing hazardous substances,0.25,Transfer (D),West Midlands,Warwickshire,Warwickshire,North Warwickshire,171.849,42.96225,9.8877618375
South West,"Bath, Bristol and S Glo",Bath and North East Somerset,Bath and North East Somerset,18 01 10*,Amalgam waste from dental care,0.25,Transfer (D),South West,"Bath, Bristol and S Glo",Bristol City,"Bristol, City of",21.925,5.48125,1.2615096875
South West,Devon,Plymouth,Plymouth,18 01 03*,Wastes whose collection and disposal is subject to special requirements in order to prevent infection,0.27,Transfer (D),South West,Devon,Devon,East Devon,89.94,24.2838,5.588916569999999
South West,Wiltshire,Wiltshire,Wiltshire,18 01 03*,Wastes whose collection and disposal is subject to special requirements in order to prevent infection,0.27,Transfer (D),South East,Berkshire,Windsor and Maidenhead,Windsor and Maidenhead,138.305,37.34235,8.594341852500001
South West,"Bath, Bristol and S Glo",Bristol City,"Bristol, City of",18 01 06*,Chemicals consisting of or containing hazardous substances,0.28,Transfer (D),East Midlands,Leicestershire,Leicestershire,Hinckley and Bosworth,186.575,52.241,12.02326615
South West,Devon,Plymouth,Plymouth,18 01 06*,Chemicals consisting of or containing hazardous substances,0.28,Transfer (D),Yorks & Humber,North Yorkshire,North Yorkshire,North Yorkshire,565.555,158.3554,36.44549531
South West,"Bath, Bristol and S Glo",Bristol City,"Bristol, City of",18 01 06*,Chemicals consisting of or containing hazardous substances,0.29,Transfer (D),East Midlands,Derbyshire,Derbyshire,North East Derbyshire,258.833,75.06157,17.2754203355
South West,Somerset,Somerset,Somerset,18 01 03*,Wastes whose collection and disposal is subject to special requirements in order to prevent infection,0.29000000000000004,Transfer (D),South East,Hampshire,Hampshire,Winchester,126.997,36.829130000000006,8.476224269500001
South West,"Bath, Bristol and S Glo",North Somerset,North Somerset,18 01 03*,Wastes whose collection and disposal is subject to special requirements in order to prevent infection,0.3,Transfer (D),West Midlands,Staffordshire,Stoke-on-Trent City,Stoke-on-Trent,211.595,63.4785,14.609576774999999
South West,Somerset,Somerset,Somerset,18 01 08*,Cytotoxic and cytostatic medicines,0.30000000000000004,Transfer (D),South West,Wiltshire,Swindon,Swindon,141.552,42.4656,9.77345784
South West,Cornwall,Cornwall,Cornwall,18 01 10*,Amalgam waste from dental care,0.3000000000000001,Transfer (D),South West,Devon,Devon,West Devon,64.253,19.275900000000007,4.436348385000001
South West,Somerset,Somerset,Somerset,18 01 08*,Cytotoxic and cytostatic medicines,0.31000000000000005,Transfer (D),South West,Devon,Devon,Exeter,78.774,24.419940000000004,5.620249191000001
South West,Dorset,"Bournemouth, Christchurch and Poole","Bournemouth, Christchurch and Poole",18 01 06*,Chemicals consisting of or containing hazardous substances,0.34,Transfer (D),Yorks & Humber,North Yorkshire,North Yorkshire,North Yorkshire,469.153,159.51202,36.711691403
South West,Devon,Plymouth,Plymouth,18 01 10*,Amalgam waste from dental care,0.35,Transfer (D),South West,Devon,Devon,West Devon,42.364,14.827399999999997,3.412526109999999
South West,Wiltshire,Wiltshire,Wiltshire,18 01 10*,Amalgam waste from dental care,0.3500000000000001,Transfer (D),South West,"Bath, Bristol and S Glo",Bristol City,"Bristol, City of",78.092,27.332200000000007,6.290505830000002
South West,Gloucestershire,Gloucestershire,Stroud,18 01 08*,Cytotoxic and cytostatic medicines,0.3600000000000001,Transfer (D),South West,Wiltshire,Swindon,Swindon,47.264,17.015040000000006,3.9160114560000014
South West,Somerset,Somerset,Somerset,18 01 03*,Wastes whose collection and disposal is subject to special requirements in order to prevent infection,0.37,Transfer (D),North East,Tyne & Wear,Sunderland,Sunderland,531.789,196.76193,45.2847581895
South West,"Bath, Bristol and S Glo",Bristol City,"Bristol, City of",18 01 10*,Amalgam waste from dental care,0.3700000000000001,Transfer (D),South West,"Bath, Bristol and S Glo",Bristol City,"Bristol, City of",10.0,3.700000000000001,0.8515550000000002
South West,"Bath, Bristol and S Glo",Bath and North East Somerset,Bath and North East Somerset,18 01 03*,Wastes whose collection and disposal is subject to special requirements in order to prevent infection,0.39000000000000007,Transfer (D),South West,"Bath, Bristol and S Glo",South Gloucestershire,South Gloucestershire,26.619,10.381410000000002,2.3892815115000006
South West,"Bath, Bristol and S Glo",Bristol City,"Bristol, City of",18 01 06*,Chemicals consisting of or containing hazardous substances,0.4,Transfer (D),North East,Tees Valley Unitary Authorities,Stockton-on-Tees,Stockton-on-Tees,424.09,169.636,39.0417254
South West,Devon,Devon,Exeter,18 01 08*,Cytotoxic and cytostatic medicines,0.41000000000000014,Transfer (D),South West,Devon,Devon,Exeter,10.0,4.100000000000001,0.9436150000000003
South West,Somerset,Somerset,Somerset,18 01 03*,Wastes whose collection and disposal is subject to special requirements in order to prevent infection,0.42000000000000004,Transfer (D),South West,"Bath, Bristol and S Glo",Bristol City,"Bristol, City of",78.766,33.081720000000004,7.6137578580000005
South West,Wiltshire,Wiltshire,Wiltshire,18 01 03*,Wastes whose collection and disposal is subject to special requirements in order to prevent infection,0.42000000000000004,Transfer (D),South West,"Bath, Bristol and S Glo",South Gloucestershire,South Gloucestershire,67.023,28.14966,6.478644249
South West,Dorset,"Bournemouth, Christchurch and Poole","Bournemouth, Christchurch and Poole",18 01 03*,Wastes whose collection and disposal is subject to special requirements in order to prevent infection,0.45,Transfer (D),South West,Somerset,Somerset,Somerset,98.038,44.1171,10.153550565
South West,"Bath, Bristol and S Glo",South Gloucestershire,South Gloucestershire,18 01 06*,Chemicals consisting of or containing hazardous substances,0.48,Transfer (D),West Midlands,Worcestershire,Worcestershire,Wychavon,102.54,49.2192,11.32779888
South West,Gloucestershire,Gloucestershire,Cotswold,18 01 08*,Cytotoxic and cytostatic medicines,0.4800000000000001,Transfer (D),South West,Wiltshire,Swindon,Swindon,38.231,18.350880000000004,4.223455032
South West,Dorset,Dorset,Dorset,18 01 03*,Wastes whose collection and disposal is subject to special requirements in order to prevent infection,0.49999999999999994,Transfer (D),South West,Somerset,Somerset,Somerset,60.218,30.108999999999998,6.929586349999999
South West,Gloucestershire,Gloucestershire,Cheltenham,18 01 08*,Cytotoxic and cytostatic medicines,0.5000000000000001,Transfer (D),South West,Wiltshire,Swindon,Swindon,51.354,25.677000000000007,5.909561550000001
South West,Gloucestershire,Gloucestershire,Cotswold,18 01 03*,Wastes whose collection and disposal is subject to special requirements in order to prevent infection,0.53,Transfer (D),West Midlands,West Midlands Met Districts,Sandwell,Sandwell,116.022,61.49166,14.152305549000001
South West,Gloucestershire,Gloucestershire,Cotswold,18 01 06*,Chemicals consisting of or containing hazardous substances,0.53,Transfer (D),East of England,Cambridgeshire,Cambridgeshire,South Cambridgeshire,198.858,105.39474000000001,24.256599411000003
South West,Dorset,Dorset,Dorset,18 01 08*,Cytotoxic and cytostatic medicines,0.53,Transfer (D),South West,Devon,Devon,Exeter,97.68,51.77040000000001,11.914957560000001
South West,Gloucestershire,Gloucestershire,Forest of Dean,18 01 03*,Wastes whose collection and disposal is subject to special requirements in order to prevent infection,0.5900000000000001,Transfer (D),South West,"Bath, Bristol and S Glo",South Gloucestershire,South Gloucestershire,45.483,26.834970000000002,6.1760683455
South West,Devon,Devon,Exeter,18 01 03*,Wastes whose collection and disposal is subject to special requirements in order to prevent infection,0.62,Transfer (D),South West,Somerset,Somerset,Somerset,79.199,49.10338,11.301142907
South West,Devon,Devon,Teignbridge,18 01 08*,Cytotoxic and cytostatic medicines,0.6200000000000001,Transfer (D),South West,Devon,Devon,Exeter,31.802,19.717240000000004,4.537922786000001
South West,Devon,Devon,Exeter,18 01 03*,Wastes whose collection and disposal is subject to special requirements in order to prevent infection,0.6400000000000001,Transfer (D),South East,Hampshire,Hampshire,Winchester,193.699,123.96736000000003,28.531087904000007
South West,Wiltshire,Wiltshire,Wiltshire,18 01 03*,Wastes whose collection and disposal is subject to special requirements in order to prevent infection,0.6400000000000001,Transfer (D),South West,Devon,Devon,Exeter,149.396,95.61344000000001,22.005433216000004
South West,"Bath, Bristol and S Glo",Bristol City,"Bristol, City of",18 01 08*,Cytotoxic and cytostatic medicines,0.67,Transfer (D),South West,"Bath, Bristol and S Glo",Bristol City,"Bristol, City of",10.0,6.7,1.542005
South West,Somerset,Somerset,Somerset,18 01 03*,Wastes whose collection and disposal is subject to special requirements in order to prevent infection,0.68,Transfer (D),South West,Wiltshire,Swindon,Swindon,141.552,96.25536,22.153171104
South West,Somerset,Somerset,Somerset,18 01 08*,Cytotoxic and cytostatic medicines,0.68,Transfer (D),South West,Devon,Devon,Exeter,78.774,53.566320000000005,12.328288548000002
South West,Gloucestershire,Gloucestershire,Gloucester,18 01 08*,Cytotoxic and cytostatic medicines,0.6800000000000002,Transfer (D),South West,Wiltshire,Swindon,Swindon,58.119,39.52092000000001,9.095739738000002
South West,Somerset,Somerset,Somerset,18 01 03*,Wastes whose collection and disposal is subject to special requirements in order to prevent infection,0.7000000000000001,Transfer (D),South West,"Bath, Bristol and S Glo",Bristol City,"Bristol, City of",78.766,55.13620000000001,12.689596430000002
South West,"Bath, Bristol and S Glo",Bath and North East Somerset,Bath and North East Somerset,18 01 08*,Cytotoxic and cytostatic medicines,0.7200000000000001,Transfer (D),South West,"Bath, Bristol and S Glo",Bristol City,"Bristol, City of",21.925,15.786000000000003,3.6331479000000004
South West,Wiltshire,Swindon,Swindon,18 01 03*,Wastes whose collection and disposal is subject to special requirements in order to prevent infection,0.78,Transfer (D),South West,"Bath, Bristol and S Glo",South Gloucestershire,South Gloucestershire,54.878,42.80484,9.851533926
South West,Wiltshire,Swindon,Swindon,18 01 08*,Cytotoxic and cytostatic medicines,0.8200000000000001,Transfer (D),South East,Berkshire,Windsor and Maidenhead,Windsor and Maidenhead,89.307,73.23174,16.854284961
South West,Wiltshire,Wiltshire,Wiltshire,18 01 06*,Chemicals consisting of or containing hazardous substances,0.84,Transfer (D),East Midlands,Derbyshire,Derbyshire,Chesterfield,302.118,253.77911999999998,58.407264467999994
South West,"Bath, Bristol and S Glo",Bath and North East Somerset,Bath and North East Somerset,18 01 06*,Chemicals consisting of or containing hazardous substances,0.8599999999999999,Transfer (D),Yorks & Humber,North Yorkshire,North Yorkshire,North Yorkshire,399.792,343.82111999999995,79.13043076799998
South West,Dorset,"Bournemouth, Christchurch and Poole","Bournemouth, Christchurch and Poole",18 01 08*,Cytotoxic and cytostatic medicines,0.8600000000000001,Transfer (D),South East,Hampshire,Hampshire,Winchester,63.563,54.66418000000001,12.580961027000003
South West,Devon,Torbay,Torbay,18 01 08*,Cytotoxic and cytostatic medicines,0.8800000000000003,Transfer (D),South West,Devon,Devon,Exeter,40.674,35.793120000000016,8.237786568000004
South West,"Bath, Bristol and S Glo",North Somerset,North Somerset,18 01 08*,Cytotoxic and cytostatic medicines,0.9000000000000005,Transfer (D),South West,Wiltshire,Swindon,Swindon,81.339,73.20510000000003,16.848153765000006
South West,Somerset,Somerset,Somerset,18 01 08*,Cytotoxic and cytostatic medicines,0.9300000000000002,Transfer (D),South West,Wiltshire,Swindon,Swindon,141.552,131.64336000000003,30.297719304000005
South West,Wiltshire,Wiltshire,Wiltshire,18 01 03*,Wastes whose collection and disposal is subject to special requirements in order to prevent infection,0.9700000000000001,Transfer (D),North East,Tyne & Wear,Sunderland,Sunderland,507.032,491.82104000000004,113.19261235600001
South West,Devon,Plymouth,Plymouth,18 01 08*,Cytotoxic and cytostatic medicines,0.9900000000000003,Transfer (D),South West,Devon,Devon,Exeter,73.517,72.78183000000001,16.750738174500004
South West,Cornwall,Cornwall,Cornwall,18 01 06*,Chemicals consisting of or containing hazardous substances,1.0,Transfer (D),Yorks & Humber,North Yorkshire,North Yorkshire,North Yorkshire,595.16,595.16,136.97607399999998
South West,Somerset,Somerset,Somerset,18 01 06*,Chemicals consisting of or containing hazardous substances,1.0,Transfer (D),South West,Wiltshire,Swindon,Swindon,141.552,141.552,32.5781928
South West,"Bath, Bristol and S Glo",North Somerset,North Somerset,18 01 03*,Wastes whose collection and disposal is subject to special requirements in order to prevent infection,1.02,Transfer (D),South West,Devon,Devon,Exeter,112.885,115.1427,26.500092405
South West,Wiltshire,Swindon,Swindon,18 01 03*,Wastes whose collection and disposal is subject to special requirements in order to prevent infection,1.0699999999999998,Transfer (D),South East,Hampshire,Hampshire,Winchester,82.733,88.52430999999999,20.373869946499997
South West,Wiltshire,Wiltshire,Wiltshire,18 01 06*,Chemicals consisting of or containing hazardous substances,1.1600000000000001,Transfer (D),Yorks & Humber,North Yorkshire,North Yorkshire,North Yorkshire,425.464,493.5382400000001,113.58782593600002
South West,Dorset,"Bournemouth, Christchurch and Poole","Bournemouth, Christchurch and Poole",18 01 03*,Wastes whose collection and disposal is subject to special requirements in order to prevent infection,1.18,Transfer (D),North East,Tyne & Wear,Sunderland,Sunderland,550.722,649.85196,149.563428594
South West,"Bath, Bristol and S Glo",North Somerset,North Somerset,18 01 03*,Wastes whose collection and disposal is subject to special requirements in order to prevent infection,1.3,Transfer (D),South West,"Bath, Bristol and S Glo",South Gloucestershire,South Gloucestershire,30.478,39.6214,9.11886521
South West,Devon,Plymouth,Plymouth,18 01 03*,Wastes whose collection and disposal is subject to special requirements in order to prevent infection,1.32,Transfer (D),South West,"Bath, Bristol and S Glo",South Gloucestershire,South Gloucestershire,206.025,271.95300000000003,62.58998295000001
South West,Somerset,Somerset,Somerset,18 01 03*,Wastes whose collection and disposal is subject to special requirements in order to prevent infection,1.3300000000000003,Transfer (D),South West,Wiltshire,Swindon,Swindon,141.552,188.26416000000003,43.328996424
South West,"Bath, Bristol and S Glo",Bristol City,"Bristol, City of",18 01 10*,Amalgam waste from dental care,1.3499999999999999,Transfer (D),South East,Kent,Kent,Maidstone,264.214,356.6889,82.09195033499999
South West,Somerset,Somerset,Somerset,18 01 03*,Wastes whose collection and disposal is subject to special requirements in order to prevent infection,1.3700000000000003,Transfer (D),South West,"Bath, Bristol and S Glo",Bristol City,"Bristol, City of",78.766,107.90942000000004,24.83535301300001
South West,Somerset,Somerset,Somerset,18 01 03*,Wastes whose collection and disposal is subject to special requirements in order to prevent infection,1.3800000000000006,Transfer (D),South East,West Sussex,West Sussex,Arun,189.548,261.5762400000001,60.20177163600002
South West,Devon,Devon,West Devon,18 01 10*,Amalgam waste from dental care,1.4100000000000001,Transfer (D),South East,Kent,Kent,Maidstone,386.758,545.32878,125.50741871700001
South West,Wiltshire,Wiltshire,Wiltshire,18 01 03*,Wastes whose collection and disposal is subject to special requirements in order to prevent infection,1.49,Transfer (D),London,West London Waste Authority,Ealing,Ealing,147.181,219.29969000000003,50.4718236535
South West,Gloucestershire,Gloucestershire,Forest of Dean,18 01 03*,Wastes whose collection and disposal is subject to special requirements in order to prevent infection,1.58,Transfer (D),South West,Gloucestershire,Gloucestershire,Tewkesbury,49.379,78.01882,17.956031423000002
South West,Somerset,Somerset,Somerset,18 01 03*,Wastes whose collection and disposal is subject to special requirements in order to prevent infection,1.67,Transfer (D),South West,"Bath, Bristol and S Glo",South Gloucestershire,South Gloucestershire,90.691,151.45397,34.857131195499996
South West,"Bath, Bristol and S Glo",Bristol City,"Bristol, City of",18 01 03*,Wastes whose collection and disposal is subject to special requirements in order to prevent infection,1.73,Transfer (D),South West,Gloucestershire,Gloucestershire,Tewkesbury,75.315,130.29495,29.9873827425
South West,"Bath, Bristol and S Glo",Bristol City,"Bristol, City of",18 01 06*,Chemicals consisting of or containing hazardous substances,1.7599999999999998,Transfer (D),Yorks & Humber,North Yorkshire,North Yorkshire,North Yorkshire,381.022,670.59872,154.338295408
South West,Wiltshire,Swindon,Swindon,18 01 06*,Chemicals consisting of or containing hazardous substances,1.77,Transfer (D),Yorks & Humber,North Yorkshire,North Yorkshire,North Yorkshire,376.228,665.9235600000001,153.262307334
South West,Wiltshire,Swindon,Swindon,18 01 08*,Cytotoxic and cytostatic medicines,1.81,Transfer (D),East of England,Bedfordshire,Bedford,Bedford,131.425,237.87925000000004,54.74790938750001
South West,Wiltshire,Wiltshire,Wiltshire,18 01 08*,Cytotoxic and cytostatic medicines,1.8600000000000003,Transfer (D),South West,Wiltshire,Swindon,Swindon,43.532,80.96952,18.635135028
South West,Devon,Devon,Exeter,18 01 06*,Chemicals consisting of or containing hazardous substances,1.92,Transfer (D),Yorks & Humber,North Yorkshire,North Yorkshire,North Yorkshire,497.414,955.0348799999999,219.80127763199997
South West,Devon,Torbay,Torbay,18 01 08*,Cytotoxic and cytostatic medicines,1.98,Transfer (D),West Midlands,Warwickshire,Warwickshire,North Warwickshire,328.333,650.0993400000001,149.620363101
South West,Wiltshire,Wiltshire,Wiltshire,18 01 08*,Cytotoxic and cytostatic medicines,2.0100000000000002,Transfer (D),South East,Berkshire,Windsor and Maidenhead,Windsor and Maidenhead,138.305,277.99305000000004,63.98010045750001
South West,Devon,Devon,Mid Devon,18 01 03*,Wastes whose collection and disposal is subject to special requirements in order to prevent infection,2.1,Transfer (D),South West,"Bath, Bristol and S Glo",Bristol City,"Bristol, City of",109.353,229.6413,52.851945195
South West,Devon,Devon,West Devon,18 01 03*,Wastes whose collection and disposal is subject to special requirements in order to prevent infection,2.37,Transfer (D),South West,"Bath, Bristol and S Glo",Bristol City,"Bristol, City of",183.111,433.97307,99.8789020605
South West,Gloucestershire,Gloucestershire,Cotswold,18 01 03*,Wastes whose collection and disposal is subject to special requirements in order to prevent infection,2.38,Transfer (D),South West,Gloucestershire,Gloucestershire,Tewkesbury,49.416,117.61007999999998,27.067959911999996
South West,Gloucestershire,Gloucestershire,Stroud,18 01 03*,Wastes whose collection and disposal is subject to special requirements in order to prevent infection,2.61,Transfer (D),West Midlands,West Midlands Met Districts,Birmingham City,Birmingham,116.722,304.64441999999997,70.11391326299999
South West,Gloucestershire,Gloucestershire,Forest of Dean,18 01 08*,Cytotoxic and cytostatic medicines,2.6199999999999983,Transfer (D),South West,Wiltshire,Swindon,Swindon,93.312,244.47743999999983,56.26648281599996
South West,Gloucestershire,Gloucestershire,Gloucester,18 01 08*,Cytotoxic and cytostatic medicines,2.62,Transfer (D),West Midlands,Shropshire,Telford and Wrekin,Telford and Wrekin,138.862,363.81844,83.732813966
South West,Wiltshire,Swindon,Swindon,18 01 06*,Chemicals consisting of or containing hazardous substances,2.6500000000000004,Transfer (D),South East,Hampshire,Hampshire,New Forest,121.787,322.73555000000005,74.2775868325
South West,Somerset,Somerset,Somerset,18 01 03*,Wastes whose collection and disposal is subject to special requirements in order to prevent infection,2.67,Transfer (D),South West,Devon,Devon,Exeter,78.774,210.32658,48.406662387
South West,Somerset,Somerset,Somerset,18 01 08*,Cytotoxic and cytostatic medicines,3.1500000000000004,Transfer (D),South West,Wiltshire,Swindon,Swindon,141.552,445.8888,102.62130732
South West,Devon,Torbay,Torbay,18 01 06*,Chemicals consisting of or containing hazardous substances,3.2199999999999998,Transfer (D),Yorks & Humber,North Yorkshire,North Yorkshire,North Yorkshire,532.713,1715.3358599999997,394.7845481789999
South West,Gloucestershire,Gloucestershire,Forest of Dean,18 01 03*,Wastes whose collection and disposal is subject to special requirements in order to prevent infection,3.23,Transfer (D),South West,"Bath, Bristol and S Glo",Bristol City,"Bristol, City of",44.965,145.23695,33.4262840425
South West,Wiltshire,Swindon,Swindon,18 01 08*,Cytotoxic and cytostatic medicines,3.3699999999999997,Transfer (D),South West,Wiltshire,Swindon,Swindon,10.0,33.699999999999996,7.756054999999999
South West,Somerset,Somerset,Somerset,18 01 08*,Cytotoxic and cytostatic medicines,3.4699999999999998,Transfer (D),South West,Wiltshire,Swindon,Swindon,141.552,491.1854399999999,113.04632901599997
South West,Somerset,Somerset,Somerset,18 01 03*,Wastes whose collection and disposal is subject to special requirements in order to prevent infection,3.559999999999998,Transfer (D),South West,Devon,Devon,West Devon,136.685,486.5985999999997,111.99066778999993
South West,Devon,Devon,South Hams,18 01 03*,Wastes whose collection and disposal is subject to special requirements in order to prevent infection,3.67,Transfer (D),South West,"Bath, Bristol and S Glo",Bristol City,"Bristol, City of",167.578,615.01126,141.544841489
South West,"Bath, Bristol and S Glo",South Gloucestershire,South Gloucestershire,18 01 08*,Cytotoxic and cytostatic medicines,3.7399999999999984,Transfer (D),South West,Wiltshire,Swindon,Swindon,54.538,203.9721199999999,46.94418341799998
South West,Devon,Devon,North Devon,18 01 06*,Chemicals consisting of or containing hazardous substances,3.7600000000000002,Transfer (D),Yorks & Humber,North Yorkshire,North Yorkshire,North Yorkshire,517.311,1945.0893600000002,447.66231620400004
South West,Somerset,Somerset,Somerset,18 01 03*,Wastes whose collection and disposal is subject to special requirements in order to prevent infection,3.9099999999999997,Transfer (D),South West,Devon,Devon,Exeter,78.774,308.00633999999997,70.887659151
South West,Devon,Devon,Torridge,18 01 03*,Wastes whose collection and disposal is subject to special requirements in order to prevent infection,3.9499999999999997,Transfer (D),South West,"Bath, Bristol and S Glo",Bristol City,"Bristol, City of",174.146,687.8766999999999,158.31482250499997
South West,Gloucestershire,Gloucestershire,Cotswold,18 01 03*,Wastes whose collection and disposal is subject to special requirements in order to prevent infection,4.01,Transfer (D),West Midlands,West Midlands Met Districts,Birmingham City,Birmingham,129.067,517.55867,119.1161279005
South West,Dorset,"Bournemouth, Christchurch and Poole","Bournemouth, Christchurch and Poole",18 01 08*,Cytotoxic and cytostatic medicines,4.51,Transfer (D),South East,West Sussex,West Sussex,Arun,123.354,556.32654,128.038553181
South West,Gloucestershire,Gloucestershire,Stroud,18 01 03*,Wastes whose collection and disposal is subject to special requirements in order to prevent infection,4.749999999999999,Transfer (D),South West,Gloucestershire,Gloucestershire,Tewkesbury,37.07,176.08249999999998,40.525387374999994
South West,Somerset,Somerset,Somerset,18 01 03*,Wastes whose collection and disposal is subject to special requirements in order to prevent infection,4.87,Transfer (D),South West,Devon,Devon,Exeter,78.774,383.62938,88.292301807
South West,Gloucestershire,Gloucestershire,Gloucester,18 01 03*,Wastes whose collection and disposal is subject to special requirements in order to prevent infection,4.88,Transfer (D),West Midlands,West Midlands Met Districts,Birmingham City,Birmingham,102.28,499.1264,114.87394096
South West,Somerset,Somerset,Somerset,18 01 03*,Wastes whose collection and disposal is subject to special requirements in order to prevent infection,4.929999999999995,Transfer (D),South West,Devon,Devon,West Devon,136.685,673.8570499999994,155.08820005749985
South West,"Bath, Bristol and S Glo",Bristol City,"Bristol, City of",18 01 08*,Cytotoxic and cytostatic medicines,4.93,Transfer (D),West Midlands,Warwickshire,Warwickshire,North Warwickshire,176.642,870.8450599999999,200.42499055899998
South West,Dorset,Dorset,Dorset,18 01 03*,Wastes whose collection and disposal is subject to special requirements in order to prevent infection,5.139999999999999,Transfer (D),South West,Wiltshire,Swindon,Swindon,127.214,653.8799599999999,150.49047279399997
South West,Gloucestershire,Gloucestershire,Cotswold,18 01 03*,Wastes whose collection and disposal is subject to special requirements in order to prevent infection,5.289999999999998,Transfer (D),South West,"Bath, Bristol and S Glo",Bristol City,"Bristol, City of",86.559,457.8971099999998,105.38501986649996
South West,"Bath, Bristol and S Glo",Bath and North East Somerset,Bath and North East Somerset,18 01 06*,Chemicals consisting of or containing hazardous substances,5.62,Transfer (D),South West,Wiltshire,Swindon,Swindon,63.76,358.3312,82.46992568
South West,Devon,Devon,Mid Devon,18 01 03*,Wastes whose collection and disposal is subject to special requirements in order to prevent infection,5.689999999999998,Transfer (D),South West,Devon,Devon,West Devon,98.473,560.3113699999998,128.95566180549994
South West,Gloucestershire,Gloucestershire,Cotswold,18 01 03*,Wastes whose collection and disposal is subject to special requirements in order to prevent infection,5.69,Transfer (D),South East,Berkshire,Windsor and Maidenhead,Windsor and Maidenhead,121.321,690.31649,158.8763401735
South West,"Bath, Bristol and S Glo",Bristol City,"Bristol, City of",18 01 08*,Cytotoxic and cytostatic medicines,5.939999999999986,Transfer (D),South West,Wiltshire,Swindon,Swindon,65.848,391.1371199999991,90.02020816799978
South West,Somerset,Somerset,Somerset,18 01 06*,Chemicals consisting of or containing hazardous substances,6.18,Transfer (D),South West,Wiltshire,Swindon,Swindon,141.552,874.7913599999999,201.33323150399997
South West,Somerset,Somerset,Somerset,18 01 03*,Wastes whose collection and disposal is subject to special requirements in order to prevent infection,6.419999999999997,Transfer (D),South West,Devon,Devon,West Devon,136.685,877.5176999999996,201.9606986549999
South West,Gloucestershire,Gloucestershire,Tewkesbury,18 01 03*,Wastes whose collection and disposal is subject to special requirements in order to prevent infection,6.559999999999999,Transfer (D),South West,"Bath, Bristol and S Glo",Bristol City,"Bristol, City of",75.241,493.5809599999999,113.59765794399998
South West,Dorset,"Bournemouth, Christchurch and Poole","Bournemouth, Christchurch and Poole",18 01 03*,Wastes whose collection and disposal is subject to special requirements in order to prevent infection,6.71,Transfer (D),South West,"Bath, Bristol and S Glo",Bristol City,"Bristol, City of",125.402,841.44742,193.65912371299999
South West,Dorset,Dorset,Dorset,18 01 03*,Wastes whose collection and disposal is subject to special requirements in order to prevent infection,7.1400000000000015,Transfer (D),South West,"Bath, Bristol and S Glo",Bristol City,"Bristol, City of",116.687,833.1451800000002,191.74836317700004
South West,Devon,Devon,Mid Devon,18 01 03*,Wastes whose collection and disposal is subject to special requirements in order to prevent infection,7.149999999999999,Transfer (D),South West,Devon,Devon,Exeter,22.256,159.13039999999998,36.623861559999995
South West,Devon,Torbay,Torbay,18 01 03*,Wastes whose collection and disposal is subject to special requirements in order to prevent infection,7.359999999999998,Transfer (D),South West,"Bath, Bristol and S Glo",Bristol City,"Bristol, City of",161.257,1186.8515199999997,273.1538773279999
South West,Gloucestershire,Gloucestershire,Gloucester,18 01 08*,Cytotoxic and cytostatic medicines,7.5,Transfer (D),West Midlands,West Midlands Met Districts,Walsall,Walsall,97.491,731.1825,168.281652375
South West,Devon,Devon,Torridge,18 01 03*,Wastes whose collection and disposal is subject to special requirements in order to prevent infection,8.089999999999998,Transfer (D),South West,Devon,Devon,West Devon,51.196,414.1756399999999,95.32252354599997
South West,Wiltshire,Swindon,Swindon,18 01 06*,Chemicals consisting of or containing hazardous substances,8.09,Transfer (D),East of England,Bedfordshire,Bedford,Bedford,131.425,1063.2282500000001,244.7019817375
South West,Gloucestershire,Gloucestershire,Cheltenham,18 01 03*,Wastes whose collection and disposal is subject to special requirements in order to prevent infection,8.38,Transfer (D),West Midlands,West Midlands Met Districts,Birmingham City,Birmingham,96.53,808.9214000000001,186.17326021
South West,Gloucestershire,Gloucestershire,Gloucester,18 01 03*,Wastes whose collection and disposal is subject to special requirements in order to prevent infection,8.899999999999997,Transfer (D),South West,Gloucestershire,Gloucestershire,Tewkesbury,18.158,161.60619999999994,37.193666929999985
South West,Somerset,Somerset,Somerset,18 01 03*,Wastes whose collection and disposal is subject to special requirements in order to prevent infection,9.229999999999997,Transfer (D),South West,"Bath, Bristol and S Glo",Bristol City,"Bristol, City of",78.766,727.0101799999998,167.32139292699995
South West,Gloucestershire,Gloucestershire,Cheltenham,18 01 08*,Cytotoxic and cytostatic medicines,9.24,Transfer (D),West Midlands,Shropshire,Telford and Wrekin,Telford and Wrekin,133.112,1229.95488,283.074115632
South West,Devon,Devon,North Devon,18 01 03*,Wastes whose collection and disposal is subject to special requirements in order to prevent infection,9.85,Transfer (D),South West,Devon,Devon,Exeter,62.318,613.8322999999999,141.27350384499996
South West,Devon,Devon,North Devon,18 01 03*,Wastes whose collection and disposal is subject to special requirements in order to prevent infection,9.929999999999994,Transfer (D),South West,Devon,Devon,West Devon,72.835,723.2515499999995,166.45634423249987
South West,Devon,Devon,West Devon,18 01 03*,Wastes whose collection and disposal is subject to special requirements in order to prevent infection,9.979999999999997,Transfer (D),South West,Devon,Devon,West Devon,10.0,99.79999999999997,22.96896999999999
South West,Gloucestershire,Gloucestershire,Cheltenham,18 01 03*,Wastes whose collection and disposal is subject to special requirements in order to prevent infection,10.129999999999988,Transfer (D),South West,Wiltshire,Swindon,Swindon,51.354,520.2160199999994,119.72771700299985
South West,Gloucestershire,Gloucestershire,Stroud,18 01 03*,Wastes whose collection and disposal is subject to special requirements in order to prevent infection,10.439999999999994,Transfer (D),South West,"Bath, Bristol and S Glo",Bristol City,"Bristol, City of",49.527,517.0618799999997,119.00179168199993
South West,Gloucestershire,Gloucestershire,Gloucester,18 01 03*,Wastes whose collection and disposal is subject to special requirements in order to prevent infection,10.599999999999985,Transfer (D),South West,Wiltshire,Swindon,Swindon,58.119,616.0613999999991,141.7865312099998
South West,Gloucestershire,Gloucestershire,Tewkesbury,18 01 03*,Wastes whose collection and disposal is subject to special requirements in order to prevent infection,11.249999999999998,Transfer (D),South West,Wiltshire,Swindon,Swindon,69.772,784.935,180.65279024999998
South West,Dorset,Dorset,Dorset,18 01 03*,Wastes whose collection and disposal is subject to special requirements in order to prevent infection,11.819999999999995,Transfer (D),South West,Devon,Devon,West Devon,155.555,1838.6600999999994,423.16762201499984
South West,Devon,Devon,Torridge,18 01 03*,Wastes whose collection and disposal is subject to special requirements in order to prevent infection,12.139999999999999,Transfer (D),South West,Devon,Devon,Exeter,82.647,1003.33458,230.91745358699998
South West,Dorset,Dorset,Dorset,18 01 03*,Wastes whose collection and disposal is subject to special requirements in order to prevent infection,12.189999999999982,Transfer (D),South East,Hampshire,Hampshire,Winchester,92.124,1122.9915599999983,258.4565075339996
South West,Devon,Devon,Exeter,18 01 03*,Wastes whose collection and disposal is subject to special requirements in order to prevent infection,12.290000000000003,Transfer (D),South West,"Bath, Bristol and S Glo",Bristol City,"Bristol, City of",125.959,1548.0361100000005,356.2805107165001
South West,Devon,Devon,South Hams,18 01 03*,Wastes whose collection and disposal is subject to special requirements in order to prevent infection,12.32,Transfer (D),South West,Devon,Devon,West Devon,94.577,1165.18864,268.16816549600003
South West,Devon,Devon,Teignbridge,18 01 03*,Wastes whose collection and disposal is subject to special requirements in order to prevent infection,12.389999999999999,Transfer (D),South West,"Bath, Bristol and S Glo",Bristol City,"Bristol, City of",152.385,1888.0501499999998,434.5347420224999
South West,Devon,Devon,South Hams,18 01 03*,Wastes whose collection and disposal is subject to special requirements in order to prevent infection,13.299999999999997,Transfer (D),South West,Devon,Devon,Exeter,46.995,625.0334999999998,143.85146002499994
South West,Dorset,Dorset,Dorset,18 01 03*,Wastes whose collection and disposal is subject to special requirements in order to prevent infection,14.789999999999994,Transfer (D),South East,Hampshire,Hampshire,Fareham,100.654,1488.6726599999993,342.61801269899985
South West,Gloucestershire,Gloucestershire,Stroud,18 01 03*,Wastes whose collection and disposal is subject to special requirements in order to prevent infection,14.849999999999993,Transfer (D),South West,Wiltshire,Swindon,Swindon,47.264,701.8703999999997,161.53547255999993
South West,Devon,Devon,East Devon,18 01 03*,Wastes whose collection and disposal is subject to special requirements in order to prevent infection,15.13,Transfer (D),South West,"Bath, Bristol and S Glo",Bristol City,"Bristol, City of",136.207,2060.81191,474.29586108649994
South West,Wiltshire,Wiltshire,Wiltshire,18 01 03*,Wastes whose collection and disposal is subject to special requirements in order to prevent infection,15.329999999999979,Transfer (D),South East,Hampshire,Hampshire,Winchester,70.836,1085.9158799999984,249.92353978199964
South West,Cornwall,Cornwall,Cornwall,18 01 03*,Wastes whose collection and disposal is subject to special requirements in order to prevent infection,15.759999999999996,Transfer (D),South West,"Bath, Bristol and S Glo",Bristol City,"Bristol, City of",223.705,3525.5907999999995,811.4147226199999
South West,Somerset,Somerset,Somerset,18 01 03*,Wastes whose collection and disposal is subject to special requirements in order to prevent infection,16.32999999999999,Transfer (D),South West,Devon,Devon,West Devon,136.685,2232.066049999999,513.7100014074997
South West,Gloucestershire,Gloucestershire,Forest of Dean,18 01 03*,Wastes whose collection and disposal is subject to special requirements in order to prevent infection,16.819999999999997,Transfer (D),South West,Wiltshire,Swindon,Swindon,93.312,1569.5078399999998,361.2222293759999
South West,"Bath, Bristol and S Glo",Bath and North East Somerset,Bath and North East Somerset,18 01 08*,Cytotoxic and cytostatic medicines,17.1,Transfer (D),South West,Wiltshire,Swindon,Swindon,63.76,1090.296,250.9316244
South West,Dorset,"Bournemouth, Christchurch and Poole","Bournemouth, Christchurch and Poole",18 01 03*,Wastes whose collection and disposal is subject to special requirements in order to prevent infection,17.96,Transfer (D),South East,West Sussex,West Sussex,Arun,123.354,2215.43784,509.883018876
South West,Devon,Plymouth,Plymouth,18 01 03*,Wastes whose collection and disposal is subject to special requirements in order to prevent infection,18.31000000000001,Transfer (D),South West,"Bath, Bristol and S Glo",Bristol City,"Bristol, City of",194.1,3553.971000000002,817.9464256500004
South West,Devon,Devon,North Devon,18 01 03*,Wastes whose collection and disposal is subject to special requirements in order to prevent infection,19.05,Transfer (D),South West,"Bath, Bristol and S Glo",Bristol City,"Bristol, City of",145.856,2778.5568,639.4848475199999
South West,Somerset,Somerset,Somerset,18 01 03*,Wastes whose collection and disposal is subject to special requirements in order to prevent infection,19.280000000000005,Transfer (D),South West,Devon,Devon,Exeter,78.774,1518.7627200000004,349.54324000800005
South West,Devon,Devon,East Devon,18 01 03*,Wastes whose collection and disposal is subject to special requirements in order to prevent infection,20.350000000000016,Transfer (D),South West,Devon,Devon,Exeter,20.501,417.19535000000036,96.01750980250009
South West,"Bath, Bristol and S Glo",North Somerset,North Somerset,18 01 03*,Wastes whose collection and disposal is subject to special requirements in order to prevent infection,20.61000000000001,Transfer (D),South West,Wiltshire,Swindon,Swindon,81.339,1676.3967900000007,385.82272121850013
South West,Devon,Devon,West Devon,18 01 03*,Wastes whose collection and disposal is subject to special requirements in order to prevent infection,21.020000000000003,Transfer (D),South West,Devon,Devon,Exeter,56.2,1181.3240000000003,271.88171860000006
South West,Wiltshire,Wiltshire,Wiltshire,18 01 03*,Wastes whose collection and disposal is subject to special requirements in order to prevent infection,21.15000000000001,Transfer (D),South East,Hampshire,Hampshire,Fareham,87.044,1840.9806000000008,423.7016850900002
South West,Devon,Devon,Exeter,18 01 03*,Wastes whose collection and disposal is subject to special requirements in order to prevent infection,21.2,Transfer (D),South West,Devon,Devon,West Devon,56.276,1193.0512,274.58073368000004
South West,Somerset,Somerset,Somerset,18 01 03*,Wastes whose collection and disposal is subject to special requirements in order to prevent infection,21.94,Transfer (D),South West,"Bath, Bristol and S Glo",Bristol City,"Bristol, City of",78.766,1728.1260400000003,397.72820810600007
South West,Gloucestershire,Gloucestershire,Gloucester,18 01 03*,Wastes whose collection and disposal is subject to special requirements in order to prevent infection,26.080000000000016,Transfer (D),South West,"Bath, Bristol and S Glo",Bristol City,"Bristol, City of",54.543,1422.481440000001,327.3841034160002
South West,Devon,Devon,Teignbridge,18 01 03*,Wastes whose collection and disposal is subject to special requirements in order to prevent infection,26.990000000000023,Transfer (D),South West,Devon,Devon,Exeter,31.802,858.3359800000007,197.54602579700017
South West,Somerset,Somerset,Somerset,18 01 03*,Wastes whose collection and disposal is subject to special requirements in order to prevent infection,27.4,Transfer (D),South West,Wiltshire,Swindon,Swindon,141.552,3878.5247999999997,892.6424827199999
South West,Wiltshire,Swindon,Swindon,18 01 03*,Wastes whose collection and disposal is subject to special requirements in order to prevent infection,27.550000000000008,Transfer (D),South West,"Bath, Bristol and S Glo",Bristol City,"Bristol, City of",65.947,1816.8398500000005,418.1456914775001
South West,"Bath, Bristol and S Glo",Bristol City,"Bristol, City of",18 01 03*,Wastes whose collection and disposal is subject to special requirements in order to prevent infection,27.64000000000001,Transfer (D),South West,"Bath, Bristol and S Glo",South Gloucestershire,South Gloucestershire,15.384,425.2137600000002,97.86294686400005
South West,Gloucestershire,Gloucestershire,Cheltenham,18 01 03*,Wastes whose collection and disposal is subject to special requirements in order to prevent infection,30.800000000000004,Transfer (D),South West,"Bath, Bristol and S Glo",Bristol City,"Bristol, City of",66.035,2033.8780000000002,468.0970217
South West,Devon,Devon,Teignbridge,18 01 03*,Wastes whose collection and disposal is subject to special requirements in order to prevent infection,32.360000000000014,Transfer (D),South West,Devon,Devon,West Devon,79.383,2568.833880000001,591.2171174820003
South West,Dorset,Dorset,Dorset,18 01 03*,Wastes whose collection and disposal is subject to special requirements in order to prevent infection,32.68000000000005,Transfer (D),South West,Devon,Devon,Exeter,97.68,3192.182400000005,734.6807793600011
South West,Gloucestershire,Gloucestershire,Cotswold,18 01 03*,Wastes whose collection and disposal is subject to special requirements in order to prevent infection,35.36000000000001,Transfer (D),South West,Wiltshire,Swindon,Swindon,38.231,1351.8481600000002,311.12785402400004
South West,Devon,Devon,East Devon,18 01 03*,Wastes whose collection and disposal is subject to special requirements in order to prevent infection,36.61,Transfer (D),South West,Devon,Devon,West Devon,78.376,2869.3453600000003,660.379834604
South West,Somerset,Somerset,Somerset,18 01 03*,Wastes whose collection and disposal is subject to special requirements in order to prevent infection,36.99000000000003,Transfer (D),South West,Devon,Devon,West Devon,136.685,5055.9781500000045,1163.633371222501
South West,"Bath, Bristol and S Glo",North Somerset,North Somerset,18 01 03*,Wastes whose collection and disposal is subject to special requirements in order to prevent infection,38.110000000000014,Transfer (D),South West,"Bath, Bristol and S Glo",Bristol City,"Bristol, City of",15.511,591.1242100000002,136.04723693150004
South West,Wiltshire,Swindon,Swindon,18 01 03*,Wastes whose collection and disposal is subject to special requirements in order to prevent infection,39.29,Transfer (D),South East,Berkshire,Windsor and Maidenhead,Windsor and Maidenhead,89.307,3508.87203,807.5668977045
South West,Cornwall,Cornwall,Cornwall,18 01 03*,Wastes whose collection and disposal is subject to special requirements in order to prevent infection,42.21000000000001,Transfer (D),South West,Devon,Devon,West Devon,64.253,2712.1191300000005,624.1942177695001
South West,Gloucestershire,Gloucestershire,Cheltenham,18 01 03*,Wastes whose collection and disposal is subject to special requirements in order to prevent infection,43.69,Transfer (D),West Midlands,Shropshire,Telford and Wrekin,Telford and Wrekin,133.112,5815.66328,1338.474903892
South West,Somerset,Somerset,Somerset,18 01 03*,Wastes whose collection and disposal is subject to special requirements in order to prevent infection,46.17,Transfer (D),South West,Wiltshire,Swindon,Swindon,141.552,6535.45584,1504.135161576
South West,Devon,Plymouth,Plymouth,18 01 03*,Wastes whose collection and disposal is subject to special requirements in order to prevent infection,46.97000000000002,Transfer (D),South West,Devon,Devon,West Devon,42.364,1989.8370800000007,457.9610039620001
South West,Somerset,Somerset,Somerset,18 01 03*,Wastes whose collection and disposal is subject to special requirements in order to prevent infection,50.58000000000004,Transfer (D),South West,Devon,Devon,Exeter,78.774,3984.388920000003,917.0071099380007
South West,Devon,Torbay,Torbay,18 01 03*,Wastes whose collection and disposal is subject to special requirements in order to prevent infection,51.25,Transfer (D),South West,Devon,Devon,West Devon,88.256,4523.12,1040.996068
South West,Dorset,"Bournemouth, Christchurch and Poole","Bournemouth, Christchurch and Poole",18 01 03*,Wastes whose collection and disposal is subject to special requirements in order to prevent infection,52.05,Transfer (D),South West,Dorset,"Bournemouth, Christchurch and Poole","Bournemouth, Christchurch and Poole",10.0,520.5,119.793075
South West,Wiltshire,Wiltshire,Wiltshire,18 01 03*,Wastes whose collection and disposal is subject to special requirements in order to prevent infection,56.080000000000034,Transfer (D),South West,"Bath, Bristol and S Glo",Bristol City,"Bristol, City of",78.092,4379.399360000002,1007.9187627040004
South West,Dorset,"Bournemouth, Christchurch and Poole","Bournemouth, Christchurch and Poole",18 01 03*,Wastes whose collection and disposal is subject to special requirements in order to prevent infection,58.849999999999966,Transfer (D),South East,Hampshire,Hampshire,Fareham,72.093,4242.673049999998,976.4512024574994
South West,"Bath, Bristol and S Glo",South Gloucestershire,South Gloucestershire,18 01 03*,Wastes whose collection and disposal is subject to special requirements in order to prevent infection,68.21,Transfer (D),South West,"Bath, Bristol and S Glo",Bristol City,"Bristol, City of",16.669,1136.9924899999999,261.6788215735
South West,Somerset,Somerset,Somerset,18 01 03*,Wastes whose collection and disposal is subject to special requirements in order to prevent infection,74.3,Transfer (D),South West,Wiltshire,Swindon,Swindon,141.552,10517.3136,2420.5597250399996
South West,"Bath, Bristol and S Glo",South Gloucestershire,South Gloucestershire,18 01 03*,Wastes whose collection and disposal is subject to special requirements in order to prevent infection,80.31,Transfer (D),South West,Wiltshire,Swindon,Swindon,54.538,4379.94678,1008.044751417
South West,Gloucestershire,Gloucestershire,Gloucester,18 01 03*,Wastes whose collection and disposal is subject to special requirements in order to prevent infection,84.96,Transfer (D),West Midlands,Shropshire,Telford and Wrekin,Telford and Wrekin,138.862,11797.715519999998,2715.2442269279995
South West,Devon,Devon,Exeter,18 01 03*,Wastes whose collection and disposal is subject to special requirements in order to prevent infection,98.29000000000002,Transfer (D),South West,Devon,Devon,Exeter,10.0,982.9000000000002,226.21443500000004
South West,Dorset,"Bournemouth, Christchurch and Poole","Bournemouth, Christchurch and Poole",18 01 03*,Wastes whose collection and disposal is subject to special requirements in order to prevent infection,108.18000000000013,Transfer (D),South East,Hampshire,Hampshire,Winchester,63.563,6876.245340000009,1582.567865001002
South West,Cornwall,Cornwall,Cornwall,18 01 03*,Wastes whose collection and disposal is subject to special requirements in order to prevent infection,118.1200000000002,Transfer (D),South West,Devon,Devon,Exeter,96.793,11433.18916000002,2631.3484851740045
South West,"Bath, Bristol and S Glo",Bath and North East Somerset,Bath and North East Somerset,18 01 03*,Wastes whose collection and disposal is subject to special requirements in order to prevent infection,119.92000000000002,Transfer (D),South West,"Bath, Bristol and S Glo",Bristol City,"Bristol, City of",21.925,2629.2460000000005,605.1209669000001
South West,Wiltshire,Wiltshire,Wiltshire,18 01 03*,Wastes whose collection and disposal is subject to special requirements in order to prevent infection,122.15000000000009,Transfer (D),South West,Wiltshire,Swindon,Swindon,43.532,5317.433800000003,1223.8073890700007
South West,Devon,Torbay,Torbay,18 01 03*,Wastes whose collection and disposal is subject to special requirements in order to prevent infection,122.64000000000007,Transfer (D),South West,Devon,Devon,Exeter,40.674,4988.259360000003,1148.0478917040007
South West,Wiltshire,Swindon,Swindon,18 01 03*,Wastes whose collection and disposal is subject to special requirements in order to prevent infection,123.0900000000001,Transfer (D),South West,Wiltshire,Swindon,Swindon,10.0,1230.900000000001,283.2916350000002
South West,Devon,Plymouth,Plymouth,18 01 03*,Wastes whose collection and disposal is subject to special requirements in order to prevent infection,123.43000000000008,Transfer (D),South West,Devon,Devon,Exeter,73.517,9074.203310000004,2088.427891796501
South West,"Bath, Bristol and S Glo",Bristol City,"Bristol, City of",18 01 03*,Wastes whose collection and disposal is subject to special requirements in order to prevent infection,129.64000000000036,Transfer (D),South West,"Bath, Bristol and S Glo",Bristol City,"Bristol, City of",10.0,1296.4000000000035,298.3664600000008
South West,"Bath, Bristol and S Glo",Bath and North East Somerset,Bath and North East Somerset,18 01 03*,Wastes whose collection and disposal is subject to special requirements in order to prevent infection,212.28,Transfer (D),South West,Wiltshire,Swindon,Swindon,63.76,13534.9728,3115.07398992
South West,"Bath, Bristol and S Glo",Bristol City,"Bristol, City of",18 01 03*,Wastes whose collection and disposal is subject to special requirements in order to prevent infection,227.1,Transfer (D),South West,Wiltshire,Swindon,Swindon,65.848,14954.0808,3441.6816961199997
South West,Somerset,Somerset,Somerset,18 01 08*,Cytotoxic and cytostatic medicines,0.0,Incineration with energy recovery,South West,"Bath, Bristol and S Glo",Bristol City,"Bristol, City of",78.766,0.0,0.0
South West,Devon,Devon,East Devon,18 01 08*,Cytotoxic and cytostatic medicines,0.01,Incineration with energy recovery,South West,"Bath, Bristol and S Glo",Bristol City,"Bristol, City of",136.207,1.36207,0.3134804105
South West,Cornwall,Cornwall,Cornwall,18 01 03*,Wastes whose collection and disposal is subject to special requirements in order to prevent infection,0.02,Incineration with energy recovery,South West,"Bath, Bristol and S Glo",Bristol City,"Bristol, City of",223.705,4.4741,1.029714115
South West,Wiltshire,Wiltshire,Wiltshire,18 01 03*,Wastes whose collection and disposal is subject to special requirements in order to prevent infection,0.06999999999999999,Incineration with energy recovery,South West,"Bath, Bristol and S Glo",Bristol City,"Bristol, City of",78.092,5.4664399999999995,1.2581011659999999
South West,Devon,Devon,East Devon,18 01 03*,Wastes whose collection and disposal is subject to special requirements in order to prevent infection,0.16,Incineration with energy recovery,South West,"Bath, Bristol and S Glo",Bristol City,"Bristol, City of",136.207,21.79312,5.015686568
South West,"Bath, Bristol and S Glo",North Somerset,North Somerset,18 01 03*,Wastes whose collection and disposal is subject to special requirements in order to prevent infection,0.19,Incineration with energy recovery,South West,"Bath, Bristol and S Glo",Bristol City,"Bristol, City of",15.511,2.9470899999999998,0.6782727634999999
South West,"Bath, Bristol and S Glo",Bath and North East Somerset,Bath and North East Somerset,18 01 03*,Wastes whose collection and disposal is subject to special requirements in order to prevent infection,0.38,Incineration with energy recovery,South West,"Bath, Bristol and S Glo",Bristol City,"Bristol, City of",21.925,8.3315,1.917494725
South West,Devon,Devon,West Devon,18 01 03*,Wastes whose collection and disposal is subject to special requirements in order to prevent infection,0.62,Incineration with energy recovery,South West,"Bath, Bristol and S Glo",Bristol City,"Bristol, City of",183.111,113.52882,26.128657923
South West,Somerset,Somerset,Somerset,18 01 03*,Wastes whose collection and disposal is subject to special requirements in order to prevent infection,3.0199999999999996,Incineration with energy recovery,South West,"Bath, Bristol and S Glo",Bristol City,"Bristol, City of",78.766,237.87331999999998,54.74654459799999
South West,Somerset,Somerset,Somerset,18 01 03*,Wastes whose collection and disposal is subject to special requirements in order to prevent infection,3.5199999999999996,Incineration with energy recovery,South West,"Bath, Bristol and S Glo",Bristol City,"Bristol, City of",78.766,277.25631999999996,63.81054204799999
South West,Somerset,Somerset,Somerset,18 01 03*,Wastes whose collection and disposal is subject to special requirements in order to prevent infection,3.62,Incineration with energy recovery,South West,"Bath, Bristol and S Glo",Bristol City,"Bristol, City of",78.766,285.13292,65.623341538
South West,Somerset,Somerset,Somerset,18 01 03*,Wastes whose collection and disposal is subject to special requirements in order to prevent infection,3.8200000000000003,Incineration with energy recovery,South West,"Bath, Bristol and S Glo",Bristol City,"Bristol, City of",78.766,300.88612000000006,69.24894051800001
South West,"Bath, Bristol and S Glo",Bristol City,"Bristol, City of",18 01 03*,Wastes whose collection and disposal is subject to special requirements in order to prevent infection,4.819999999999999,Incineration with energy recovery,South West,"Bath, Bristol and S Glo",Bristol City,"Bristol, City of",10.0,48.199999999999996,11.093229999999998
South West,Devon,Plymouth,Plymouth,18 01 03*,Wastes whose collection and disposal is subject to special requirements in order to prevent infection,126.45,Incineration with energy recovery,South West,"Bath, Bristol and S Glo",Bristol City,"Bristol, City of",194.1,24543.945,5648.78894175
South West,Devon,Devon,East Devon,18 01 03*,Wastes whose collection and disposal is subject to special requirements in order to prevent infection,0.06,Recovery,West Midlands,Shropshire,Telford and Wrekin,Telford and Wrekin,318.189,19.09134,4.393871901
South West,Devon,Devon,South Hams,18 01 03*,Wastes whose collection and disposal is subject to special requirements in order to prevent infection,0.1,Recovery,West Midlands,Shropshire,Telford and Wrekin,Telford and Wrekin,349.56,34.956,8.0451234
South West,Dorset,Dorset,Dorset,18 01 03*,Wastes whose collection and disposal is subject to special requirements in order to prevent infection,0.17,Recovery,West Midlands,Shropshire,Telford and Wrekin,Telford and Wrekin,333.73,56.734100000000005,13.057353115000002
South West,"Bath, Bristol and S Glo",Bristol City,"Bristol, City of",18 01 03*,Wastes whose collection and disposal is subject to special requirements in order to prevent infection,0.37,Recovery,West Midlands,Shropshire,Telford and Wrekin,Telford and Wrekin,191.548,70.87276,16.311365714
South West,Wiltshire,Wiltshire,Wiltshire,18 01 03*,Wastes whose collection and disposal is subject to special requirements in order to prevent infection,0.7,Recovery,South East,Kent,Kent,Tonbridge and Malling,191.709,134.1963,30.885278445
South West,Somerset,Somerset,Somerset,18 01 03*,Wastes whose collection and disposal is subject to special requirements in order to prevent infection,4.55,Recovery,South East,Kent,Kent,Tonbridge and Malling,247.87,1127.8084999999999,259.56512627499995
South West,Somerset,Somerset,Somerset,18 01 03*,Wastes whose collection and disposal is subject to special requirements in order to prevent infection,7.06,Recovery,North West,Merseyside,Knowsley,Knowsley,353.189,2493.51434,573.8823253510001
South West,Dorset,"Bournemouth, Christchurch and Poole","Bournemouth, Christchurch and Poole",18 01 03*,Wastes whose collection and disposal is subject to special requirements in order to prevent infection,23.08,Recovery,South East,Kent,Kent,Tonbridge and Malling,207.318,4784.89944,1101.244606116
South West,Somerset,Somerset,Somerset,18 01 03*,Wastes whose collection and disposal is subject to special requirements in order to prevent infection,24.759999999999998,Recovery,West Midlands,Shropshire,Telford and Wrekin,Telford and Wrekin,260.747,6456.09572,1485.870429958
South West,Dorset,"Bournemouth, Christchurch and Poole","Bournemouth, Christchurch and Poole",18 01 03*,Wastes whose collection and disposal is subject to special requirements in order to prevent infection,27.77,Recovery,West Midlands,Shropshire,Telford and Wrekin,Telford and Wrekin,331.174,9196.70198,2116.620960697
South West,Somerset,Somerset,Somerset,18 01 03*,Wastes whose collection and disposal is subject to special requirements in order to prevent infection,35.94,Recovery,West Midlands,Shropshire,Telford and Wrekin,Telford and Wrekin,260.747,9371.24718,2156.792538477
South West,Gloucestershire,Gloucestershire,Cheltenham,18 01 03*,Wastes whose collection and disposal is subject to special requirements in order to prevent infection,204.17000000000002,Recovery,West Midlands,Shropshire,Telford and Wrekin,Telford and Wrekin,133.112,27177.47704,6254.896340756
South West,Gloucestershire,Gloucestershire,Gloucester,18 01 03*,Wastes whose collection and disposal is subject to special requirements in order to prevent infection,622.95,Recovery,West Midlands,Shropshire,Telford and Wrekin,Telford and Wrekin,138.862,86504.08290000001,19908.914679435
South West,Gloucestershire,Gloucestershire,Gloucester,18 01 03*,Wastes whose collection and disposal is subject to special requirements in order to prevent infection,0.0,Transfer (R),East Midlands,Leicestershire,Leicestershire,Hinckley and Bosworth,133.889,0.0,0.0
South West,"Bath, Bristol and S Glo",South Gloucestershire,South Gloucestershire,18 01 06*,Chemicals consisting of or containing hazardous substances,0.0,Transfer (R),South West,Somerset,Somerset,Somerset,90.636,0.0,0.0
South West,Devon,Torbay,Torbay,18 01 06*,Chemicals consisting of or containing hazardous substances,0.0,Transfer (R),South West,Somerset,Somerset,Somerset,114.497,0.0,0.0
South West,Cornwall,Isles of Scilly,Isles of Scilly,18 01 10*,Amalgam waste from dental care,0.0,Transfer (R),South West,Cornwall,Cornwall,Cornwall,,,
South West,Devon,Devon,East Devon,18 01 10*,Amalgam waste from dental care,0.0,Transfer (R),South West,"Bath, Bristol and S Glo",Bristol City,"Bristol, City of",136.207,0.0,0.0
South West,Devon,Devon,Exeter,18 01 10*,Amalgam waste from dental care,0.0,Transfer (R),South West,Cornwall,Cornwall,Cornwall,96.005,0.0,0.0
South West,Devon,Devon,Mid Devon,18 01 10*,Amalgam waste from dental care,0.0,Transfer (R),South West,Cornwall,Cornwall,Cornwall,138.201,0.0,0.0
South West,Devon,Devon,Teignbridge,18 01 10*,Amalgam waste from dental care,0.0,Transfer (R),South West,"Bath, Bristol and S Glo",Bristol City,"Bristol, City of",152.385,0.0,0.0
South West,Devon,Devon,West Devon,18 01 10*,Amalgam waste from dental care,0.0,Transfer (R),South West,"Bath, Bristol and S Glo",Bristol City,"Bristol, City of",183.111,0.0,0.0
South West,Devon,Torbay,Torbay,18 01 10*,Amalgam waste from dental care,0.0,Transfer (R),South West,Cornwall,Cornwall,Cornwall,127.984,0.0,0.0
South West,Dorset,Dorset,Dorset,18 01 10*,Amalgam waste from dental care,0.0,Transfer (R),East Midlands,Leicestershire,Leicestershire,Hinckley and Bosworth,307.194,0.0,0.0
South West,Somerset,Somerset,Somerset,18 01 10*,Amalgam waste from dental care,0.0,Transfer (R),South West,"Bath, Bristol and S Glo",Bristol City,"Bristol, City of",78.766,0.0,0.0
South West,Somerset,Somerset,Somerset,18 01 10*,Amalgam waste from dental care,0.0,Transfer (R),South West,Cornwall,Cornwall,Cornwall,176.413,0.0,0.0
South West,"Bath, Bristol and S Glo",Bristol City,"Bristol, City of",18 01 03*,Wastes whose collection and disposal is subject to special requirements in order to prevent infection,0.01,Transfer (R),South East,Kent,Kent,Dover,326.71,3.2670999999999997,0.751923065
South West,Dorset,Dorset,Dorset,18 01 03*,Wastes whose collection and disposal is subject to special requirements in order to prevent infection,0.01,Transfer (R),South East,Berkshire,West Berkshire,West Berkshire,148.011,1.48011,0.3406473165
South West,"Bath, Bristol and S Glo",Bath and North East Somerset,Bath and North East Somerset,18 01 06*,Chemicals consisting of or containing hazardous substances,0.01,Transfer (R),South West,Somerset,Somerset,Somerset,51.511,0.5151100000000001,0.11855256650000001
South West,Wiltshire,Wiltshire,Wiltshire,18 01 06*,Chemicals consisting of or containing hazardous substances,0.01,Transfer (R),South West,Somerset,Somerset,Somerset,83.464,0.83464,0.192092396
South West,Somerset,Somerset,Somerset,18 01 08*,Cytotoxic and cytostatic medicines,0.01,Transfer (R),South East,Kent,Kent,Dover,324.882,3.2488200000000003,0.747715923
South West,"Bath, Bristol and S Glo",Bristol City,"Bristol, City of",18 01 10*,Amalgam waste from dental care,0.01,Transfer (R),South West,"Bath, Bristol and S Glo",South Gloucestershire,South Gloucestershire,15.384,0.15384,0.035406276
South West,"Bath, Bristol and S Glo",Bristol City,"Bristol, City of",18 01 10*,Amalgam waste from dental care,0.01,Transfer (R),Yorks & Humber,West Yorkshire,Leeds,Leeds,334.342,3.34342,0.769488113
South West,Devon,Devon,North Devon,18 01 10*,Amalgam waste from dental care,0.01,Transfer (R),South West,Cornwall,Cornwall,Cornwall,112.564,1.12564,0.259066046
South West,Devon,Devon,South Hams,18 01 10*,Amalgam waste from dental care,0.01,Transfer (R),South West,Cornwall,Cornwall,Cornwall,82.591,0.8259099999999999,0.19008318649999997
South West,Devon,Devon,Teignbridge,18 01 10*,Amalgam waste from dental care,0.01,Transfer (R),South West,Cornwall,Cornwall,Cornwall,119.112,1.19112,0.27413626799999996
South West,Dorset,"Bournemouth, Christchurch and Poole","Bournemouth, Christchurch and Poole",18 01 10*,Amalgam waste from dental care,0.01,Transfer (R),South West,Dorset,"Bournemouth, Christchurch and Poole","Bournemouth, Christchurch and Poole",10.0,0.1,0.023015
South West,Dorset,Dorset,Dorset,18 01 10*,Amalgam waste from dental care,0.01,Transfer (R),South West,Dorset,"Bournemouth, Christchurch and Poole","Bournemouth, Christchurch and Poole",41.132,0.41131999999999996,0.094665298
South West,Somerset,Somerset,Somerset,18 01 10*,Amalgam waste from dental care,0.01,Transfer (R),South West,"Bath, Bristol and S Glo",Bristol City,"Bristol, City of",78.766,0.78766,0.181279949
South West,"Bath, Bristol and S Glo",Bristol City,"Bristol, City of",18 01 10*,Amalgam waste from dental care,0.02,Transfer (R),South West,"Bath, Bristol and S Glo",Bristol City,"Bristol, City of",10.0,0.2,0.04603
South West,Dorset,Dorset,Dorset,18 01 10*,Amalgam waste from dental care,0.02,Transfer (R),South West,"Bath, Bristol and S Glo",Bristol City,"Bristol, City of",116.687,2.33374,0.537110261
South West,Gloucestershire,Gloucestershire,Cotswold,18 01 10*,Amalgam waste from dental care,0.02,Transfer (R),West Midlands,West Midlands Met Districts,Birmingham City,Birmingham,129.067,2.5813400000000004,0.594095401
South West,Gloucestershire,Gloucestershire,Stroud,18 01 10*,Amalgam waste from dental care,0.02,Transfer (R),West Midlands,West Midlands Met Districts,Birmingham City,Birmingham,116.722,2.33444,0.5372713659999999
South West,Devon,Devon,West Devon,18 01 03*,Wastes whose collection and disposal is subject to special requirements in order to prevent infection,0.03,Transfer (R),South West,Somerset,Somerset,Somerset,136.351,4.09053,0.9414354795000001
South West,Devon,Devon,South Hams,18 01 06*,Chemicals consisting of or containing hazardous substances,0.03,Transfer (R),South West,Devon,Devon,East Devon,63.418,1.90254,0.43786958099999995
South West,Devon,Torbay,Torbay,18 01 08*,Cytotoxic and cytostatic medicines,0.03,Transfer (R),West Midlands,Warwickshire,Warwickshire,North Warwickshire,328.333,9.84999,2.2669751985
South West,Somerset,Somerset,Somerset,18 01 06*,Chemicals consisting of or containing hazardous substances,0.04,Transfer (R),South East,Kent,Kent,Dover,324.882,12.995280000000001,2.990863692
South West,"Bath, Bristol and S Glo",Bristol City,"Bristol, City of",18 01 08*,Cytotoxic and cytostatic medicines,0.04,Transfer (R),West Midlands,Worcestershire,Worcestershire,Wychavon,110.725,4.429,1.01933435
South West,Cornwall,Cornwall,Cornwall,18 01 10*,Amalgam waste from dental care,0.05,Transfer (R),South West,Cornwall,Cornwall,Cornwall,10.0,0.5,0.115075
South West,Gloucestershire,Gloucestershire,Cheltenham,18 01 10*,Amalgam waste from dental care,0.05,Transfer (R),West Midlands,West Midlands Met Districts,Birmingham City,Birmingham,96.53,4.8265,1.110818975
South West,Somerset,Somerset,Somerset,18 01 10*,Amalgam waste from dental care,0.05,Transfer (R),South West,"Bath, Bristol and S Glo",Bristol City,"Bristol, City of",78.766,3.9383000000000004,0.9063997450000001
South West,"Bath, Bristol and S Glo",Bath and North East Somerset,Bath and North East Somerset,18 01 10*,Amalgam waste from dental care,0.06,Transfer (R),South West,"Bath, Bristol and S Glo",Bristol City,"Bristol, City of",21.925,1.3155,0.30276232499999994
South West,"Bath, Bristol and S Glo",Bristol City,"Bristol, City of",18 01 03*,Wastes whose collection and disposal is subject to special requirements in order to prevent infection,0.07,Transfer (R),West Midlands,Staffordshire,Staffordshire,Stafford,181.567,12.709690000000002,2.9251351535000003
South West,Devon,Devon,Teignbridge,18 01 03*,Wastes whose collection and disposal is subject to special requirements in order to prevent infection,0.07,Transfer (R),South West,Somerset,Somerset,Somerset,105.625,7.393750000000001,1.7016715625
South West,"Bath, Bristol and S Glo",South Gloucestershire,South Gloucestershire,18 01 10*,Amalgam waste from dental care,0.11000000000000001,Transfer (R),South West,"Bath, Bristol and S Glo",Bristol City,"Bristol, City of",16.669,1.8335900000000003,0.4220007385
South West,Wiltshire,Wiltshire,Wiltshire,18 01 10*,Amalgam waste from dental care,0.16,Transfer (R),South West,"Bath, Bristol and S Glo",Bristol City,"Bristol, City of",78.092,12.494720000000001,2.875659808
South West,Devon,Devon,South Hams,18 01 03*,Wastes whose collection and disposal is subject to special requirements in order to prevent infection,0.19,Transfer (R),South West,Somerset,Somerset,Somerset,120.818,22.95542,5.283189913
South West,Devon,Torbay,Torbay,18 01 03*,Wastes whose collection and disposal is subject to special requirements in order to prevent infection,0.19,Transfer (R),West Midlands,Staffordshire,Staffordshire,Stafford,333.257,63.31883,14.572828724499999
South West,"Bath, Bristol and S Glo",South Gloucestershire,South Gloucestershire,18 01 10*,Amalgam waste from dental care,0.19,Transfer (R),North West,Lancashire,Blackburn with Darwen,Blackburn with Darwen,301.915,57.363850000000006,13.2022900775
South West,Devon,Plymouth,Plymouth,18 01 03*,Wastes whose collection and disposal is subject to special requirements in order to prevent infection,0.2,Transfer (R),South West,Devon,Plymouth,Plymouth,10.0,2.0,0.4603
South West,Wiltshire,Swindon,Swindon,18 01 03*,Wastes whose collection and disposal is subject to special requirements in order to prevent infection,0.23,Transfer (R),South West,Somerset,Somerset,Somerset,141.229,32.482670000000006,7.4758865005000015
South West,Gloucestershire,Gloucestershire,Gloucester,18 01 10*,Amalgam waste from dental care,0.23,Transfer (R),West Midlands,Shropshire,Telford and Wrekin,Telford and Wrekin,138.862,31.93826,7.350590539
South West,Devon,Devon,Exeter,18 01 08*,Cytotoxic and cytostatic medicines,0.24,Transfer (R),South West,Somerset,Somerset,Somerset,79.199,19.007759999999998,4.374635963999999
South West,Gloucestershire,Gloucestershire,Stroud,18 01 10*,Amalgam waste from dental care,0.26,Transfer (R),South West,"Bath, Bristol and S Glo",Bristol City,"Bristol, City of",49.527,12.87702,2.963646153
South West,"Bath, Bristol and S Glo",Bristol City,"Bristol, City of",18 01 03*,Wastes whose collection and disposal is subject to special requirements in order to prevent infection,0.30000000000000004,Transfer (R),South West,Somerset,Somerset,Somerset,80.219,24.065700000000003,5.538720855
South West,Devon,Devon,East Devon,18 01 03*,Wastes whose collection and disposal is subject to special requirements in order to prevent infection,0.33000000000000007,Transfer (R),South West,Somerset,Somerset,Somerset,69.245,22.850850000000005,5.2591231275000005
South West,"Bath, Bristol and S Glo",Bristol City,"Bristol, City of",18 01 08*,Cytotoxic and cytostatic medicines,0.35,Transfer (R),South East,Kent,Kent,Dover,326.71,114.34849999999999,26.317307274999997
South West,Devon,Devon,Exeter,18 01 10*,Amalgam waste from dental care,0.35,Transfer (R),South West,"Bath, Bristol and S Glo",Bristol City,"Bristol, City of",125.959,44.08565,10.1463123475
South West,Gloucestershire,Gloucestershire,Forest of Dean,18 01 03*,Wastes whose collection and disposal is subject to special requirements in order to prevent infection,0.4,Transfer (R),West Midlands,Staffordshire,Staffordshire,Stafford,157.899,63.159600000000005,14.53618194
South West,Wiltshire,Swindon,Swindon,18 01 06*,Chemicals consisting of or containing hazardous substances,0.48000000000000004,Transfer (R),East of England,Bedfordshire,Bedford,Bedford,131.425,63.08400000000001,14.518782600000002
South West,Somerset,Somerset,Somerset,18 01 06*,Chemicals consisting of or containing hazardous substances,0.56,Transfer (R),Yorks & Humber,North Yorkshire,North Yorkshire,North Yorkshire,450.221,252.12376000000003,58.02628336400001
South West,Somerset,Somerset,Somerset,18 01 03*,Wastes whose collection and disposal is subject to special requirements in order to prevent infection,0.74,Transfer (R),South West,Somerset,Somerset,Somerset,10.0,7.4,1.7031100000000001
South West,Gloucestershire,Gloucestershire,Gloucester,18 01 06*,Chemicals consisting of or containing hazardous substances,0.96,Transfer (R),East Midlands,Leicestershire,Leicestershire,Hinckley and Bosworth,133.889,128.53344,29.581971216000003
South West,Devon,Plymouth,Plymouth,18 01 03*,Wastes whose collection and disposal is subject to special requirements in order to prevent infection,0.97,Transfer (R),South West,Somerset,Somerset,Somerset,147.34,142.9198,32.892991970000004
South West,Somerset,Somerset,Somerset,18 01 06*,Chemicals consisting of or containing hazardous substances,1.0,Transfer (R),Yorks & Humber,North Yorkshire,North Yorkshire,North Yorkshire,450.221,450.221,103.61836315
South West,Devon,Torbay,Torbay,18 01 03*,Wastes whose collection and disposal is subject to special requirements in order to prevent infection,1.06,Transfer (R),South West,Somerset,Somerset,Somerset,114.497,121.36682,27.932573623
South West,Devon,Devon,Teignbridge,18 01 06*,Chemicals consisting of or containing hazardous substances,1.3,Transfer (R),Yorks & Humber,North Yorkshire,North Yorkshire,North Yorkshire,523.84,680.9920000000001,156.73030880000002
South West,Somerset,Somerset,Somerset,18 01 06*,Chemicals consisting of or containing hazardous substances,1.58,Transfer (R),Yorks & Humber,North Yorkshire,North Yorkshire,North Yorkshire,450.221,711.34918,163.717013777
South West,Somerset,Somerset,Somerset,18 01 03*,Wastes whose collection and disposal is subject to special requirements in order to prevent infection,1.61,Transfer (R),South West,Somerset,Somerset,Somerset,10.0,16.1,3.7054150000000003
South West,Devon,Devon,Exeter,18 01 03*,Wastes whose collection and disposal is subject to special requirements in order to prevent infection,1.6700000000000002,Transfer (R),South West,Somerset,Somerset,Somerset,79.199,132.26233000000002,30.440175249500005
South West,Wiltshire,Wiltshire,Wiltshire,18 01 03*,Wastes whose collection and disposal is subject to special requirements in order to prevent infection,2.25,Transfer (R),South East,Kent,Kent,Dover,268.721,604.62225,139.1538108375
South West,Devon,Devon,Exeter,18 01 06*,Chemicals consisting of or containing hazardous substances,2.73,Transfer (R),South West,Somerset,Somerset,Somerset,79.199,216.21327,49.7614840905
South West,Devon,Torbay,Torbay,18 01 06*,Chemicals consisting of or containing hazardous substances,2.8899999999999997,Transfer (R),Yorks & Humber,North Yorkshire,North Yorkshire,North Yorkshire,532.713,1539.5405699999997,354.3252621854999
South West,Devon,Devon,North Devon,18 01 06*,Chemicals consisting of or containing hazardous substances,2.9399999999999995,Transfer (R),Yorks & Humber,North Yorkshire,North Yorkshire,North Yorkshire,517.311,1520.8943399999998,350.03383235099994
South West,Dorset,"Bournemouth, Christchurch and Poole","Bournemouth, Christchurch and Poole",18 01 06*,Chemicals consisting of or containing hazardous substances,3.0,Transfer (R),Yorks & Humber,North Yorkshire,North Yorkshire,North Yorkshire,469.153,1407.459,323.92668885
South West,Wiltshire,Wiltshire,Wiltshire,18 01 03*,Wastes whose collection and disposal is subject to special requirements in order to prevent infection,3.29,Transfer (R),South West,Somerset,Somerset,Somerset,83.464,274.59656,63.198398284
South West,Wiltshire,Wiltshire,Wiltshire,18 01 03*,Wastes whose collection and disposal is subject to special requirements in order to prevent infection,3.36,Transfer (R),South East,Berkshire,Windsor and Maidenhead,Windsor and Maidenhead,138.305,464.7048,106.95180971999999
South West,Dorset,Dorset,Dorset,18 01 03*,Wastes whose collection and disposal is subject to special requirements in order to prevent infection,3.58,Transfer (R),South West,Somerset,Somerset,Somerset,60.218,215.58044,49.615838266000004
South West,Devon,Devon,Exeter,18 01 06*,Chemicals consisting of or containing hazardous substances,3.58,Transfer (R),Yorks & Humber,North Yorkshire,North Yorkshire,North Yorkshire,497.414,1780.7421199999999,409.837798918
South West,Devon,Plymouth,Plymouth,18 01 06*,Chemicals consisting of or containing hazardous substances,4.78,Transfer (R),Yorks & Humber,North Yorkshire,North Yorkshire,North Yorkshire,565.555,2703.3529,622.176669935
South West,Dorset,"Bournemouth, Christchurch and Poole","Bournemouth, Christchurch and Poole",18 01 03*,Wastes whose collection and disposal is subject to special requirements in order to prevent infection,4.87,Transfer (R),South West,Somerset,Somerset,Somerset,98.038,477.44506,109.883980559
South West,"Bath, Bristol and S Glo",Bath and North East Somerset,Bath and North East Somerset,18 01 06*,Chemicals consisting of or containing hazardous substances,4.98,Transfer (R),Yorks & Humber,North Yorkshire,North Yorkshire,North Yorkshire,399.792,1990.96416,458.220401424
South West,Cornwall,Cornwall,Cornwall,18 01 06*,Chemicals consisting of or containing hazardous substances,5.82,Transfer (R),Yorks & Humber,North Yorkshire,North Yorkshire,North Yorkshire,595.16,3463.8312,797.2007506799999
South West,Wiltshire,Swindon,Swindon,18 01 06*,Chemicals consisting of or containing hazardous substances,6.15,Transfer (R),Yorks & Humber,North Yorkshire,North Yorkshire,North Yorkshire,376.228,2313.8022,532.52157633
South West,Wiltshire,Wiltshire,Wiltshire,18 01 06*,Chemicals consisting of or containing hazardous substances,6.4799999999999995,Transfer (R),Yorks & Humber,North Yorkshire,North Yorkshire,North Yorkshire,425.464,2757.00672,634.5250966079999
South West,"Bath, Bristol and S Glo",Bristol City,"Bristol, City of",18 01 06*,Chemicals consisting of or containing hazardous substances,8.32,Transfer (R),Yorks & Humber,North Yorkshire,North Yorkshire,North Yorkshire,381.022,3170.10304,729.599214656
South West,Wiltshire,Swindon,Swindon,18 01 03*,Wastes whose collection and disposal is subject to special requirements in order to prevent infection,10.77,Transfer (R),South East,Berkshire,Windsor and Maidenhead,Windsor and Maidenhead,89.307,961.8363899999999,221.36664515849998
