Facility RPA,Facility Sub Region,Facility WPA,Facility District,Permit,Site Name,Operator,Permit Type,Easting,Northing,Post Code,Form,Basic Waste Cat,EWC Chapter,EWC Sub Chapter,EWC Waste Desc,Waste Code,Site Category,Facility Type,Recorded Origin,Origin WPA,Origin Region,Fate,R and D code,Tonnes Received,SOC Category,SOC Sub Category
South West,"Bath, Bristol and S Glo",Bristol City,"Bristol, City of",KP3937DU,Avonmouth Treatment Centre  EPR/KP3937DU,PACKCARE LIMITED,B01 : Hazardous Waste Incinerator,351900,178500,BS11 9EX,Solid,Hhold/Ind/Com,18 - HUMAN AND ANIMAL HEALTH CARE WASTE,Natal care - diagnosis - treatment or prevention of disease in humans,sharps (except 18 01 03),18 01 01,Incineration,Hazardous Waste Incinerator,"Bristol, City of",Bristol City,South West,Recovery,R13,0.04,05 - Healthcare and biological wastes,Infectious health care wastes
South West,"Bath, Bristol and S Glo",Bristol City,"Bristol, City of",KP3937DU,Avonmouth Treatment Centre  EPR/KP3937DU,PACKCARE LIMITED,B01 : Hazardous Waste Incinerator,351900,178500,BS11 9EX,Solid,Hhold/Ind/Com,18 - HUMAN AND ANIMAL HEALTH CARE WASTE,Natal care - diagnosis - treatment or prevention of disease in humans,sharps (except 18 01 03),18 01 01,Incineration,Hazardous Waste Incinerator,Somerset,Somerset,South West,Recovery,R13,0.2,05 - Healthcare and biological wastes,Infectious health care wastes
South West,"Bath, Bristol and S Glo",Bristol City,"Bristol, City of",KP3937DU,Avonmouth Treatment Centre  EPR/KP3937DU,PACKCARE LIMITED,B01 : Hazardous Waste Incinerator,351900,178500,BS11 9EX,Liquid,Hhold/Ind/Com,18 - HUMAN AND ANIMAL HEALTH CARE WASTE,Natal care - diagnosis - treatment or prevention of disease in humans,medicines other than those mentioned in 18 01 08,18 01 09,Incineration,Hazardous Waste Incinerator,Berkshire,South East (WPA Not codeable),South East,Recovery,R13,2.17,02 - Chemical preparation wastes,Off-specification chemical wastes
South West,"Bath, Bristol and S Glo",Bristol City,"Bristol, City of",KP3937DU,Avonmouth Treatment Centre  EPR/KP3937DU,PACKCARE LIMITED,B01 : Hazardous Waste Incinerator,351900,178500,BS11 9EX,Solid,Hhold/Ind/Com,18 - HUMAN AND ANIMAL HEALTH CARE WASTE,Natal care - diagnosis - treatment or prevention of disease in humans,chemicals other than those mentioned in 18 01 06,18 01 07,Incineration,Hazardous Waste Incinerator,Staffordshire,Staffordshire,West Midlands,Recovery,R13,1,02 - Chemical preparation wastes,Off-specification chemical wastes
South West,"Bath, Bristol and S Glo",Bristol City,"Bristol, City of",KP3937DU,Avonmouth Treatment Centre  EPR/KP3937DU,PACKCARE LIMITED,B01 : Hazardous Waste Incinerator,351900,178500,BS11 9EX,Solid,Hhold/Ind/Com,18 - HUMAN AND ANIMAL HEALTH CARE WASTE,Natal care - diagnosis - treatment or prevention of disease in humans,medicines other than those mentioned in 18 01 08,18 01 09,Incineration,Hazardous Waste Incinerator,Wales,Wales,Wales,Recovery,R13,0.2,02 - Chemical preparation wastes,Off-specification chemical wastes
South West,"Bath, Bristol and S Glo",Bristol City,"Bristol, City of",KP3937DU,Avonmouth Treatment Centre  EPR/KP3937DU,PACKCARE LIMITED,B01 : Hazardous Waste Incinerator,351900,178500,BS11 9EX,Solid,Hhold/Ind/Com,18 - HUMAN AND ANIMAL HEALTH CARE WASTE,Natal care - diagnosis - treatment or prevention of disease in humans,sharps (except 18 01 03),18 01 01,Incineration,Hazardous Waste Incinerator,Wales,Wales,Wales,Recovery,R13,0.02,05 - Healthcare and biological wastes,Infectious health care wastes
South West,"Bath, Bristol and S Glo",Bristol City,"Bristol, City of",KP3937DU,Avonmouth Treatment Centre  EPR/KP3937DU,PACKCARE LIMITED,B01 : Hazardous Waste Incinerator,351900,178500,BS11 9EX,User left blank,Hazardous,18 - HUMAN AND ANIMAL HEALTH CARE WASTE,Natal care - diagnosis - treatment or prevention of disease in humans,chemicals consisting of or containing dangerous substances,18 01 06*,Incineration,Hazardous Waste Incinerator,Wales,Wales,Wales,Recovery,R13,0.73,02 - Chemical preparation wastes,Off-specification chemical wastes
South West,"Bath, Bristol and S Glo",Bristol City,"Bristol, City of",KP3937DU,Avonmouth Treatment Centre  EPR/KP3937DU,PACKCARE LIMITED,B01 : Hazardous Waste Incinerator,351900,178500,BS11 9EX,Liquid,Hazardous,18 - HUMAN AND ANIMAL HEALTH CARE WASTE,Natal care - diagnosis - treatment or prevention of disease in humans,chemicals consisting of or containing dangerous substances,18 01 06*,Incineration,Hazardous Waste Incinerator,Wales,Wales,Wales,Recovery,R13,0.03,02 - Chemical preparation wastes,Off-specification chemical wastes
South West,"Bath, Bristol and S Glo",Bristol City,"Bristol, City of",KP3937DU,Avonmouth Treatment Centre  EPR/KP3937DU,PACKCARE LIMITED,B01 : Hazardous Waste Incinerator,351900,178500,BS11 9EX,Liquid,Hhold/Ind/Com,18 - HUMAN AND ANIMAL HEALTH CARE WASTE,Natal care - diagnosis - treatment or prevention of disease in humans,chemicals other than those mentioned in 18 01 06,18 01 07,Incineration,Hazardous Waste Incinerator,Wales,Wales,Wales,Recovery,R13,0.21,02 - Chemical preparation wastes,Off-specification chemical wastes
South West,"Bath, Bristol and S Glo",Bristol City,"Bristol, City of",KP3937DU,Avonmouth Treatment Centre  EPR/KP3937DU,PACKCARE LIMITED,B01 : Hazardous Waste Incinerator,351900,178500,BS11 9EX,Solid,Hhold/Ind/Com,18 - HUMAN AND ANIMAL HEALTH CARE WASTE,Natal care - diagnosis - treatment or prevention of disease in humans,sharps (except 18 01 03),18 01 01,Incineration,Hazardous Waste Incinerator,Wales,Wales,Wales,Recovery,R13,0.26,05 - Healthcare and biological wastes,Infectious health care wastes
South West,"Bath, Bristol and S Glo",Bristol City,"Bristol, City of",KP3937DU,Avonmouth Treatment Centre  EPR/KP3937DU,PACKCARE LIMITED,B01 : Hazardous Waste Incinerator,351900,178500,BS11 9EX,User left blank,Hazardous,18 - HUMAN AND ANIMAL HEALTH CARE WASTE,Natal care - diagnosis - treatment or prevention of disease in humans,chemicals consisting of or containing dangerous substances,18 01 06*,Incineration,Hazardous Waste Incinerator,Wales,Wales,Wales,Recovery,R13,0.26,02 - Chemical preparation wastes,Off-specification chemical wastes
South West,"Bath, Bristol and S Glo",Bristol City,"Bristol, City of",VP3130EF,Avonmouth Healthcare Waste Incinerator and Transfer Facility - EPR/VP3130EF,SRCL LIMITED,B02 : Clinical Waste Incinerator,352100,180540,BS11 9BP,Solid,Hazardous,18 - HUMAN AND ANIMAL HEALTH CARE WASTE,Natal care - diagnosis - treatment or prevention of disease in humans,cytotoxic and cytostatic medicines,18 01 08*,Incineration,Clinical Waste Incinerator,Bath and North East Somerset,Bath and North East Somerset,South West,Incineration,D10,0.031,02 - Chemical preparation wastes,Off-specification chemical wastes
South West,"Bath, Bristol and S Glo",Bristol City,"Bristol, City of",VP3130EF,Avonmouth Healthcare Waste Incinerator and Transfer Facility - EPR/VP3130EF,SRCL LIMITED,B02 : Clinical Waste Incinerator,352100,180540,BS11 9BP,Solid,Hazardous,18 - HUMAN AND ANIMAL HEALTH CARE WASTE,Natal care - diagnosis - treatment or prevention of disease in humans,wastes whose collection and disposal is subject to special requirements in order to prevent infection,18 01 03*,Incineration,Clinical Waste Incinerator,Bath and North East Somerset,Bath and North East Somerset,South West,Incineration,D10,4.603,05 - Healthcare and biological wastes,Infectious health care wastes
South West,"Bath, Bristol and S Glo",Bristol City,"Bristol, City of",VP3130EF,Avonmouth Healthcare Waste Incinerator and Transfer Facility - EPR/VP3130EF,SRCL LIMITED,B02 : Clinical Waste Incinerator,352100,180540,BS11 9BP,Solid,Hhold/Ind/Com,18 - HUMAN AND ANIMAL HEALTH CARE WASTE,Natal care - diagnosis - treatment or prevention of disease in humans,medicines other than those mentioned in 18 01 08,18 01 09,Incineration,Clinical Waste Incinerator,Bath and North East Somerset,Bath and North East Somerset,South West,Incineration,D10,2.155,02 - Chemical preparation wastes,Off-specification chemical wastes
South West,"Bath, Bristol and S Glo",Bristol City,"Bristol, City of",VP3130EF,Avonmouth Healthcare Waste Incinerator and Transfer Facility - EPR/VP3130EF,SRCL LIMITED,B02 : Clinical Waste Incinerator,352100,180540,BS11 9BP,User left blank,Hazardous,18 - HUMAN AND ANIMAL HEALTH CARE WASTE,Natal care - diagnosis - treatment or prevention of disease in humans,cytotoxic and cytostatic medicines,18 01 08*,Incineration,Clinical Waste Incinerator,Bath and North East Somerset,Bath and North East Somerset,South West,Incineration,D10,17.851,02 - Chemical preparation wastes,Off-specification chemical wastes
South West,"Bath, Bristol and S Glo",Bristol City,"Bristol, City of",VP3130EF,Avonmouth Healthcare Waste Incinerator and Transfer Facility - EPR/VP3130EF,SRCL LIMITED,B02 : Clinical Waste Incinerator,352100,180540,BS11 9BP,User left blank,Hazardous,18 - HUMAN AND ANIMAL HEALTH CARE WASTE,Natal care - diagnosis - treatment or prevention of disease in humans,wastes whose collection and disposal is subject to special requirements in order to prevent infection,18 01 03*,Incineration,Clinical Waste Incinerator,Bath and North East Somerset,Bath and North East Somerset,South West,Incineration,D10,287.588,05 - Healthcare and biological wastes,Infectious health care wastes
South West,"Bath, Bristol and S Glo",Bristol City,"Bristol, City of",VP3130EF,Avonmouth Healthcare Waste Incinerator and Transfer Facility - EPR/VP3130EF,SRCL LIMITED,B02 : Clinical Waste Incinerator,352100,180540,BS11 9BP,User left blank,Hhold/Ind/Com,18 - HUMAN AND ANIMAL HEALTH CARE WASTE,Natal care - diagnosis - treatment or prevention of disease in humans,medicines other than those mentioned in 18 01 08,18 01 09,Incineration,Clinical Waste Incinerator,Bath and North East Somerset,Bath and North East Somerset,South West,Incineration,D10,29.665,02 - Chemical preparation wastes,Off-specification chemical wastes
South West,"Bath, Bristol and S Glo",Bristol City,"Bristol, City of",VP3130EF,Avonmouth Healthcare Waste Incinerator and Transfer Facility - EPR/VP3130EF,SRCL LIMITED,B02 : Clinical Waste Incinerator,352100,180540,BS11 9BP,User left blank,Hhold/Ind/Com,18 - HUMAN AND ANIMAL HEALTH CARE WASTE,Natal care - diagnosis - treatment or prevention of disease in humans,"wastes whose collection and disposal is not subject to special requirements in order to prevent infection(for example dressings, plaster casts, linen, disposable clothing, diapers)",18 01 04,Incineration,Clinical Waste Incinerator,Bath and North East Somerset,Bath and North East Somerset,South West,Incineration,D10,1.362,10 - Mixed ordinary wastes,Mixed and undifferentiated materials
South West,"Bath, Bristol and S Glo",Bristol City,"Bristol, City of",VP3130EF,Avonmouth Healthcare Waste Incinerator and Transfer Facility - EPR/VP3130EF,SRCL LIMITED,B02 : Clinical Waste Incinerator,352100,180540,BS11 9BP,Solid,Hazardous,18 - HUMAN AND ANIMAL HEALTH CARE WASTE,Natal care - diagnosis - treatment or prevention of disease in humans,amalgam waste from dental care,18 01 10*,Incineration,Clinical Waste Incinerator,Bath and North East Somerset,Bath and North East Somerset,South West,Recovery,R13,0.028,01 - Chemical compound wastes,"Acid, alkalies or salts"
South West,"Bath, Bristol and S Glo",Bristol City,"Bristol, City of",VP3130EF,Avonmouth Healthcare Waste Incinerator and Transfer Facility - EPR/VP3130EF,SRCL LIMITED,B02 : Clinical Waste Incinerator,352100,180540,BS11 9BP,Solid,Hhold/Ind/Com,18 - HUMAN AND ANIMAL HEALTH CARE WASTE,Natal care - diagnosis - treatment or prevention of disease in humans,"wastes whose collection and disposal is not subject to special requirements in order to prevent infection(for example dressings, plaster casts, linen, disposable clothing, diapers)",18 01 04,Incineration,Clinical Waste Incinerator,Bath and North East Somerset,Bath and North East Somerset,South West,Recovery,R13,7.353,10 - Mixed ordinary wastes,Mixed and undifferentiated materials
South West,"Bath, Bristol and S Glo",Bristol City,"Bristol, City of",VP3130EF,Avonmouth Healthcare Waste Incinerator and Transfer Facility - EPR/VP3130EF,SRCL LIMITED,B02 : Clinical Waste Incinerator,352100,180540,BS11 9BP,User left blank,Hazardous,18 - HUMAN AND ANIMAL HEALTH CARE WASTE,Natal care - diagnosis - treatment or prevention of disease in humans,amalgam waste from dental care,18 01 10*,Incineration,Clinical Waste Incinerator,Bath and North East Somerset,Bath and North East Somerset,South West,Recovery,R13,0.023,01 - Chemical compound wastes,"Acid, alkalies or salts"
South West,"Bath, Bristol and S Glo",Bristol City,"Bristol, City of",VP3130EF,Avonmouth Healthcare Waste Incinerator and Transfer Facility - EPR/VP3130EF,SRCL LIMITED,B02 : Clinical Waste Incinerator,352100,180540,BS11 9BP,User left blank,Hhold/Ind/Com,18 - HUMAN AND ANIMAL HEALTH CARE WASTE,Natal care - diagnosis - treatment or prevention of disease in humans,"wastes whose collection and disposal is not subject to special requirements in order to prevent infection(for example dressings, plaster casts, linen, disposable clothing, diapers)",18 01 04,Incineration,Clinical Waste Incinerator,Bath and North East Somerset,Bath and North East Somerset,South West,Recovery,R13,89.303,10 - Mixed ordinary wastes,Mixed and undifferentiated materials
South West,"Bath, Bristol and S Glo",Bristol City,"Bristol, City of",VP3130EF,Avonmouth Healthcare Waste Incinerator and Transfer Facility - EPR/VP3130EF,SRCL LIMITED,B02 : Clinical Waste Incinerator,352100,180540,BS11 9BP,Solid,Hazardous,18 - HUMAN AND ANIMAL HEALTH CARE WASTE,Natal care - diagnosis - treatment or prevention of disease in humans,chemicals consisting of or containing dangerous substances,18 01 06*,Incineration,Clinical Waste Incinerator,"Bristol, City of",Bristol City,South West,Incineration,D10,0.054,02 - Chemical preparation wastes,Off-specification chemical wastes
South West,"Bath, Bristol and S Glo",Bristol City,"Bristol, City of",VP3130EF,Avonmouth Healthcare Waste Incinerator and Transfer Facility - EPR/VP3130EF,SRCL LIMITED,B02 : Clinical Waste Incinerator,352100,180540,BS11 9BP,Solid,Hazardous,18 - HUMAN AND ANIMAL HEALTH CARE WASTE,Natal care - diagnosis - treatment or prevention of disease in humans,cytotoxic and cytostatic medicines,18 01 08*,Incineration,Clinical Waste Incinerator,"Bristol, City of",Bristol City,South West,Incineration,D10,63.43,02 - Chemical preparation wastes,Off-specification chemical wastes
South West,"Bath, Bristol and S Glo",Bristol City,"Bristol, City of",VP3130EF,Avonmouth Healthcare Waste Incinerator and Transfer Facility - EPR/VP3130EF,SRCL LIMITED,B02 : Clinical Waste Incinerator,352100,180540,BS11 9BP,Solid,Hazardous,18 - HUMAN AND ANIMAL HEALTH CARE WASTE,Natal care - diagnosis - treatment or prevention of disease in humans,wastes whose collection and disposal is subject to special requirements in order to prevent infection,18 01 03*,Incineration,Clinical Waste Incinerator,"Bristol, City of",Bristol City,South West,Incineration,D10,1343.911,05 - Healthcare and biological wastes,Infectious health care wastes
South West,"Bath, Bristol and S Glo",Bristol City,"Bristol, City of",VP3130EF,Avonmouth Healthcare Waste Incinerator and Transfer Facility - EPR/VP3130EF,SRCL LIMITED,B02 : Clinical Waste Incinerator,352100,180540,BS11 9BP,Solid,Hhold/Ind/Com,18 - HUMAN AND ANIMAL HEALTH CARE WASTE,Natal care - diagnosis - treatment or prevention of disease in humans,Body parts and organs including blood bags and blood preserves (except 18 01 03),18 01 02,Incineration,Clinical Waste Incinerator,"Bristol, City of",Bristol City,South West,Incineration,D10,0.998,05 - Healthcare and biological wastes,Infectious health care wastes
South West,"Bath, Bristol and S Glo",Bristol City,"Bristol, City of",VP3130EF,Avonmouth Healthcare Waste Incinerator and Transfer Facility - EPR/VP3130EF,SRCL LIMITED,B02 : Clinical Waste Incinerator,352100,180540,BS11 9BP,Solid,Hhold/Ind/Com,18 - HUMAN AND ANIMAL HEALTH CARE WASTE,Natal care - diagnosis - treatment or prevention of disease in humans,medicines other than those mentioned in 18 01 08,18 01 09,Incineration,Clinical Waste Incinerator,"Bristol, City of",Bristol City,South West,Incineration,D10,95.021,02 - Chemical preparation wastes,Off-specification chemical wastes
South West,"Bath, Bristol and S Glo",Bristol City,"Bristol, City of",VP3130EF,Avonmouth Healthcare Waste Incinerator and Transfer Facility - EPR/VP3130EF,SRCL LIMITED,B02 : Clinical Waste Incinerator,352100,180540,BS11 9BP,Solid,Hhold/Ind/Com,18 - HUMAN AND ANIMAL HEALTH CARE WASTE,Natal care - diagnosis - treatment or prevention of disease in humans,"wastes whose collection and disposal is not subject to special requirements in order to prevent infection(for example dressings, plaster casts, linen, disposable clothing, diapers)",18 01 04,Incineration,Clinical Waste Incinerator,"Bristol, City of",Bristol City,South West,Incineration,D10,5.97,10 - Mixed ordinary wastes,Mixed and undifferentiated materials
South West,"Bath, Bristol and S Glo",Bristol City,"Bristol, City of",VP3130EF,Avonmouth Healthcare Waste Incinerator and Transfer Facility - EPR/VP3130EF,SRCL LIMITED,B02 : Clinical Waste Incinerator,352100,180540,BS11 9BP,User left blank,Hazardous,18 - HUMAN AND ANIMAL HEALTH CARE WASTE,Natal care - diagnosis - treatment or prevention of disease in humans,cytotoxic and cytostatic medicines,18 01 08*,Incineration,Clinical Waste Incinerator,"Bristol, City of",Bristol City,South West,Incineration,D10,4.096,02 - Chemical preparation wastes,Off-specification chemical wastes
South West,"Bath, Bristol and S Glo",Bristol City,"Bristol, City of",VP3130EF,Avonmouth Healthcare Waste Incinerator and Transfer Facility - EPR/VP3130EF,SRCL LIMITED,B02 : Clinical Waste Incinerator,352100,180540,BS11 9BP,User left blank,Hazardous,18 - HUMAN AND ANIMAL HEALTH CARE WASTE,Natal care - diagnosis - treatment or prevention of disease in humans,wastes whose collection and disposal is subject to special requirements in order to prevent infection,18 01 03*,Incineration,Clinical Waste Incinerator,"Bristol, City of",Bristol City,South West,Incineration,D10,149.441,05 - Healthcare and biological wastes,Infectious health care wastes
South West,"Bath, Bristol and S Glo",Bristol City,"Bristol, City of",VP3130EF,Avonmouth Healthcare Waste Incinerator and Transfer Facility - EPR/VP3130EF,SRCL LIMITED,B02 : Clinical Waste Incinerator,352100,180540,BS11 9BP,User left blank,Hhold/Ind/Com,18 - HUMAN AND ANIMAL HEALTH CARE WASTE,Natal care - diagnosis - treatment or prevention of disease in humans,Body parts and organs including blood bags and blood preserves (except 18 01 03),18 01 02,Incineration,Clinical Waste Incinerator,"Bristol, City of",Bristol City,South West,Incineration,D10,0.136,05 - Healthcare and biological wastes,Infectious health care wastes
South West,"Bath, Bristol and S Glo",Bristol City,"Bristol, City of",VP3130EF,Avonmouth Healthcare Waste Incinerator and Transfer Facility - EPR/VP3130EF,SRCL LIMITED,B02 : Clinical Waste Incinerator,352100,180540,BS11 9BP,User left blank,Hhold/Ind/Com,18 - HUMAN AND ANIMAL HEALTH CARE WASTE,Natal care - diagnosis - treatment or prevention of disease in humans,medicines other than those mentioned in 18 01 08,18 01 09,Incineration,Clinical Waste Incinerator,"Bristol, City of",Bristol City,South West,Incineration,D10,11.99,02 - Chemical preparation wastes,Off-specification chemical wastes
South West,"Bath, Bristol and S Glo",Bristol City,"Bristol, City of",VP3130EF,Avonmouth Healthcare Waste Incinerator and Transfer Facility - EPR/VP3130EF,SRCL LIMITED,B02 : Clinical Waste Incinerator,352100,180540,BS11 9BP,User left blank,Hhold/Ind/Com,18 - HUMAN AND ANIMAL HEALTH CARE WASTE,Natal care - diagnosis - treatment or prevention of disease in humans,"wastes whose collection and disposal is not subject to special requirements in order to prevent infection(for example dressings, plaster casts, linen, disposable clothing, diapers)",18 01 04,Incineration,Clinical Waste Incinerator,"Bristol, City of",Bristol City,South West,Incineration,D10,0.641,10 - Mixed ordinary wastes,Mixed and undifferentiated materials
South West,"Bath, Bristol and S Glo",Bristol City,"Bristol, City of",VP3130EF,Avonmouth Healthcare Waste Incinerator and Transfer Facility - EPR/VP3130EF,SRCL LIMITED,B02 : Clinical Waste Incinerator,352100,180540,BS11 9BP,Solid,Hazardous,18 - HUMAN AND ANIMAL HEALTH CARE WASTE,Natal care - diagnosis - treatment or prevention of disease in humans,amalgam waste from dental care,18 01 10*,Incineration,Clinical Waste Incinerator,"Bristol, City of",Bristol City,South West,Recovery,R13,0.29,01 - Chemical compound wastes,"Acid, alkalies or salts"
South West,"Bath, Bristol and S Glo",Bristol City,"Bristol, City of",VP3130EF,Avonmouth Healthcare Waste Incinerator and Transfer Facility - EPR/VP3130EF,SRCL LIMITED,B02 : Clinical Waste Incinerator,352100,180540,BS11 9BP,Solid,Hhold/Ind/Com,18 - HUMAN AND ANIMAL HEALTH CARE WASTE,Natal care - diagnosis - treatment or prevention of disease in humans,"wastes whose collection and disposal is not subject to special requirements in order to prevent infection(for example dressings, plaster casts, linen, disposable clothing, diapers)",18 01 04,Incineration,Clinical Waste Incinerator,"Bristol, City of",Bristol City,South West,Recovery,R13,475.879,10 - Mixed ordinary wastes,Mixed and undifferentiated materials
South West,"Bath, Bristol and S Glo",Bristol City,"Bristol, City of",VP3130EF,Avonmouth Healthcare Waste Incinerator and Transfer Facility - EPR/VP3130EF,SRCL LIMITED,B02 : Clinical Waste Incinerator,352100,180540,BS11 9BP,User left blank,Hhold/Ind/Com,18 - HUMAN AND ANIMAL HEALTH CARE WASTE,Natal care - diagnosis - treatment or prevention of disease in humans,"wastes whose collection and disposal is not subject to special requirements in order to prevent infection(for example dressings, plaster casts, linen, disposable clothing, diapers)",18 01 04,Incineration,Clinical Waste Incinerator,"Bristol, City of",Bristol City,South West,Recovery,R13,107.288,10 - Mixed ordinary wastes,Mixed and undifferentiated materials
South West,"Bath, Bristol and S Glo",Bristol City,"Bristol, City of",VP3130EF,Avonmouth Healthcare Waste Incinerator and Transfer Facility - EPR/VP3130EF,SRCL LIMITED,B02 : Clinical Waste Incinerator,352100,180540,BS11 9BP,Solid,Hazardous,18 - HUMAN AND ANIMAL HEALTH CARE WASTE,Natal care - diagnosis - treatment or prevention of disease in humans,wastes whose collection and disposal is subject to special requirements in order to prevent infection,18 01 03*,Incineration,Clinical Waste Incinerator,Buckinghamshire,Buckinghamshire,South East,Incineration,D10,0.127,05 - Healthcare and biological wastes,Infectious health care wastes
South West,"Bath, Bristol and S Glo",Bristol City,"Bristol, City of",VP3130EF,Avonmouth Healthcare Waste Incinerator and Transfer Facility - EPR/VP3130EF,SRCL LIMITED,B02 : Clinical Waste Incinerator,352100,180540,BS11 9BP,Solid,Hazardous,18 - HUMAN AND ANIMAL HEALTH CARE WASTE,Natal care - diagnosis - treatment or prevention of disease in humans,wastes whose collection and disposal is subject to special requirements in order to prevent infection,18 01 03*,Incineration,Clinical Waste Incinerator,Central Bedfordshire,Central Bedfordshire,East of England,Incineration,D10,0.042,05 - Healthcare and biological wastes,Infectious health care wastes
South West,"Bath, Bristol and S Glo",Bristol City,"Bristol, City of",VP3130EF,Avonmouth Healthcare Waste Incinerator and Transfer Facility - EPR/VP3130EF,SRCL LIMITED,B02 : Clinical Waste Incinerator,352100,180540,BS11 9BP,Solid,Hazardous,18 - HUMAN AND ANIMAL HEALTH CARE WASTE,Natal care - diagnosis - treatment or prevention of disease in humans,wastes whose collection and disposal is subject to special requirements in order to prevent infection,18 01 03*,Incineration,Clinical Waste Incinerator,Derby,City of Derby,East Midlands,Incineration,D10,0.748,05 - Healthcare and biological wastes,Infectious health care wastes
South West,"Bath, Bristol and S Glo",Bristol City,"Bristol, City of",VP3130EF,Avonmouth Healthcare Waste Incinerator and Transfer Facility - EPR/VP3130EF,SRCL LIMITED,B02 : Clinical Waste Incinerator,352100,180540,BS11 9BP,User left blank,Hazardous,18 - HUMAN AND ANIMAL HEALTH CARE WASTE,Natal care - diagnosis - treatment or prevention of disease in humans,cytotoxic and cytostatic medicines,18 01 08*,Incineration,Clinical Waste Incinerator,Derby,City of Derby,East Midlands,Incineration,D10,0.038,02 - Chemical preparation wastes,Off-specification chemical wastes
South West,"Bath, Bristol and S Glo",Bristol City,"Bristol, City of",VP3130EF,Avonmouth Healthcare Waste Incinerator and Transfer Facility - EPR/VP3130EF,SRCL LIMITED,B02 : Clinical Waste Incinerator,352100,180540,BS11 9BP,User left blank,Hazardous,18 - HUMAN AND ANIMAL HEALTH CARE WASTE,Natal care - diagnosis - treatment or prevention of disease in humans,wastes whose collection and disposal is subject to special requirements in order to prevent infection,18 01 03*,Incineration,Clinical Waste Incinerator,Derby,City of Derby,East Midlands,Incineration,D10,0.789,05 - Healthcare and biological wastes,Infectious health care wastes
South West,"Bath, Bristol and S Glo",Bristol City,"Bristol, City of",VP3130EF,Avonmouth Healthcare Waste Incinerator and Transfer Facility - EPR/VP3130EF,SRCL LIMITED,B02 : Clinical Waste Incinerator,352100,180540,BS11 9BP,Solid,Hazardous,18 - HUMAN AND ANIMAL HEALTH CARE WASTE,Natal care - diagnosis - treatment or prevention of disease in humans,cytotoxic and cytostatic medicines,18 01 08*,Incineration,Clinical Waste Incinerator,Cornwall,Cornwall,South West,Incineration,D10,0.003,02 - Chemical preparation wastes,Off-specification chemical wastes
South West,"Bath, Bristol and S Glo",Bristol City,"Bristol, City of",VP3130EF,Avonmouth Healthcare Waste Incinerator and Transfer Facility - EPR/VP3130EF,SRCL LIMITED,B02 : Clinical Waste Incinerator,352100,180540,BS11 9BP,Solid,Hazardous,18 - HUMAN AND ANIMAL HEALTH CARE WASTE,Natal care - diagnosis - treatment or prevention of disease in humans,wastes whose collection and disposal is subject to special requirements in order to prevent infection,18 01 03*,Incineration,Clinical Waste Incinerator,Cornwall,Cornwall,South West,Incineration,D10,5.805,05 - Healthcare and biological wastes,Infectious health care wastes
South West,"Bath, Bristol and S Glo",Bristol City,"Bristol, City of",VP3130EF,Avonmouth Healthcare Waste Incinerator and Transfer Facility - EPR/VP3130EF,SRCL LIMITED,B02 : Clinical Waste Incinerator,352100,180540,BS11 9BP,Solid,Hhold/Ind/Com,18 - HUMAN AND ANIMAL HEALTH CARE WASTE,Natal care - diagnosis - treatment or prevention of disease in humans,medicines other than those mentioned in 18 01 08,18 01 09,Incineration,Clinical Waste Incinerator,Cornwall,Cornwall,South West,Incineration,D10,0.476,02 - Chemical preparation wastes,Off-specification chemical wastes
South West,"Bath, Bristol and S Glo",Bristol City,"Bristol, City of",VP3130EF,Avonmouth Healthcare Waste Incinerator and Transfer Facility - EPR/VP3130EF,SRCL LIMITED,B02 : Clinical Waste Incinerator,352100,180540,BS11 9BP,User left blank,Hazardous,18 - HUMAN AND ANIMAL HEALTH CARE WASTE,Natal care - diagnosis - treatment or prevention of disease in humans,wastes whose collection and disposal is subject to special requirements in order to prevent infection,18 01 03*,Incineration,Clinical Waste Incinerator,Cornwall,Cornwall,South West,Incineration,D10,1.939,05 - Healthcare and biological wastes,Infectious health care wastes
South West,"Bath, Bristol and S Glo",Bristol City,"Bristol, City of",VP3130EF,Avonmouth Healthcare Waste Incinerator and Transfer Facility - EPR/VP3130EF,SRCL LIMITED,B02 : Clinical Waste Incinerator,352100,180540,BS11 9BP,User left blank,Hhold/Ind/Com,18 - HUMAN AND ANIMAL HEALTH CARE WASTE,Natal care - diagnosis - treatment or prevention of disease in humans,medicines other than those mentioned in 18 01 08,18 01 09,Incineration,Clinical Waste Incinerator,Cornwall,Cornwall,South West,Incineration,D10,0.146,02 - Chemical preparation wastes,Off-specification chemical wastes
South West,"Bath, Bristol and S Glo",Bristol City,"Bristol, City of",VP3130EF,Avonmouth Healthcare Waste Incinerator and Transfer Facility - EPR/VP3130EF,SRCL LIMITED,B02 : Clinical Waste Incinerator,352100,180540,BS11 9BP,Solid,Hhold/Ind/Com,18 - HUMAN AND ANIMAL HEALTH CARE WASTE,Natal care - diagnosis - treatment or prevention of disease in humans,"wastes whose collection and disposal is not subject to special requirements in order to prevent infection(for example dressings, plaster casts, linen, disposable clothing, diapers)",18 01 04,Incineration,Clinical Waste Incinerator,Cornwall,Cornwall,South West,Recovery,R13,2.011,10 - Mixed ordinary wastes,Mixed and undifferentiated materials
South West,"Bath, Bristol and S Glo",Bristol City,"Bristol, City of",VP3130EF,Avonmouth Healthcare Waste Incinerator and Transfer Facility - EPR/VP3130EF,SRCL LIMITED,B02 : Clinical Waste Incinerator,352100,180540,BS11 9BP,User left blank,Hhold/Ind/Com,18 - HUMAN AND ANIMAL HEALTH CARE WASTE,Natal care - diagnosis - treatment or prevention of disease in humans,"wastes whose collection and disposal is not subject to special requirements in order to prevent infection(for example dressings, plaster casts, linen, disposable clothing, diapers)",18 01 04,Incineration,Clinical Waste Incinerator,Cornwall,Cornwall,South West,Recovery,R13,0.699,10 - Mixed ordinary wastes,Mixed and undifferentiated materials
South West,"Bath, Bristol and S Glo",Bristol City,"Bristol, City of",VP3130EF,Avonmouth Healthcare Waste Incinerator and Transfer Facility - EPR/VP3130EF,SRCL LIMITED,B02 : Clinical Waste Incinerator,352100,180540,BS11 9BP,Solid,Hazardous,18 - HUMAN AND ANIMAL HEALTH CARE WASTE,Natal care - diagnosis - treatment or prevention of disease in humans,cytotoxic and cytostatic medicines,18 01 08*,Incineration,Clinical Waste Incinerator,East Devon,Devon,South West,Incineration,D10,0.259,02 - Chemical preparation wastes,Off-specification chemical wastes
South West,"Bath, Bristol and S Glo",Bristol City,"Bristol, City of",VP3130EF,Avonmouth Healthcare Waste Incinerator and Transfer Facility - EPR/VP3130EF,SRCL LIMITED,B02 : Clinical Waste Incinerator,352100,180540,BS11 9BP,Solid,Hazardous,18 - HUMAN AND ANIMAL HEALTH CARE WASTE,Natal care - diagnosis - treatment or prevention of disease in humans,wastes whose collection and disposal is subject to special requirements in order to prevent infection,18 01 03*,Incineration,Clinical Waste Incinerator,East Devon,Devon,South West,Incineration,D10,23.117,05 - Healthcare and biological wastes,Infectious health care wastes
South West,"Bath, Bristol and S Glo",Bristol City,"Bristol, City of",VP3130EF,Avonmouth Healthcare Waste Incinerator and Transfer Facility - EPR/VP3130EF,SRCL LIMITED,B02 : Clinical Waste Incinerator,352100,180540,BS11 9BP,Solid,Hhold/Ind/Com,18 - HUMAN AND ANIMAL HEALTH CARE WASTE,Natal care - diagnosis - treatment or prevention of disease in humans,medicines other than those mentioned in 18 01 08,18 01 09,Incineration,Clinical Waste Incinerator,East Devon,Devon,South West,Incineration,D10,0.229,02 - Chemical preparation wastes,Off-specification chemical wastes
South West,"Bath, Bristol and S Glo",Bristol City,"Bristol, City of",VP3130EF,Avonmouth Healthcare Waste Incinerator and Transfer Facility - EPR/VP3130EF,SRCL LIMITED,B02 : Clinical Waste Incinerator,352100,180540,BS11 9BP,User left blank,Hazardous,18 - HUMAN AND ANIMAL HEALTH CARE WASTE,Natal care - diagnosis - treatment or prevention of disease in humans,cytotoxic and cytostatic medicines,18 01 08*,Incineration,Clinical Waste Incinerator,East Devon,Devon,South West,Incineration,D10,0.074,02 - Chemical preparation wastes,Off-specification chemical wastes
South West,"Bath, Bristol and S Glo",Bristol City,"Bristol, City of",VP3130EF,Avonmouth Healthcare Waste Incinerator and Transfer Facility - EPR/VP3130EF,SRCL LIMITED,B02 : Clinical Waste Incinerator,352100,180540,BS11 9BP,User left blank,Hazardous,18 - HUMAN AND ANIMAL HEALTH CARE WASTE,Natal care - diagnosis - treatment or prevention of disease in humans,wastes whose collection and disposal is subject to special requirements in order to prevent infection,18 01 03*,Incineration,Clinical Waste Incinerator,East Devon,Devon,South West,Incineration,D10,6.469,05 - Healthcare and biological wastes,Infectious health care wastes
South West,"Bath, Bristol and S Glo",Bristol City,"Bristol, City of",VP3130EF,Avonmouth Healthcare Waste Incinerator and Transfer Facility - EPR/VP3130EF,SRCL LIMITED,B02 : Clinical Waste Incinerator,352100,180540,BS11 9BP,User left blank,Hhold/Ind/Com,18 - HUMAN AND ANIMAL HEALTH CARE WASTE,Natal care - diagnosis - treatment or prevention of disease in humans,medicines other than those mentioned in 18 01 08,18 01 09,Incineration,Clinical Waste Incinerator,East Devon,Devon,South West,Incineration,D10,0.061,02 - Chemical preparation wastes,Off-specification chemical wastes
South West,"Bath, Bristol and S Glo",Bristol City,"Bristol, City of",VP3130EF,Avonmouth Healthcare Waste Incinerator and Transfer Facility - EPR/VP3130EF,SRCL LIMITED,B02 : Clinical Waste Incinerator,352100,180540,BS11 9BP,Solid,Hhold/Ind/Com,18 - HUMAN AND ANIMAL HEALTH CARE WASTE,Natal care - diagnosis - treatment or prevention of disease in humans,"wastes whose collection and disposal is not subject to special requirements in order to prevent infection(for example dressings, plaster casts, linen, disposable clothing, diapers)",18 01 04,Incineration,Clinical Waste Incinerator,East Devon,Devon,South West,Recovery,R13,11.576,10 - Mixed ordinary wastes,Mixed and undifferentiated materials
South West,"Bath, Bristol and S Glo",Bristol City,"Bristol, City of",VP3130EF,Avonmouth Healthcare Waste Incinerator and Transfer Facility - EPR/VP3130EF,SRCL LIMITED,B02 : Clinical Waste Incinerator,352100,180540,BS11 9BP,User left blank,Hhold/Ind/Com,18 - HUMAN AND ANIMAL HEALTH CARE WASTE,Natal care - diagnosis - treatment or prevention of disease in humans,"wastes whose collection and disposal is not subject to special requirements in order to prevent infection(for example dressings, plaster casts, linen, disposable clothing, diapers)",18 01 04,Incineration,Clinical Waste Incinerator,East Devon,Devon,South West,Recovery,R13,3.5,10 - Mixed ordinary wastes,Mixed and undifferentiated materials
South West,"Bath, Bristol and S Glo",Bristol City,"Bristol, City of",VP3130EF,Avonmouth Healthcare Waste Incinerator and Transfer Facility - EPR/VP3130EF,SRCL LIMITED,B02 : Clinical Waste Incinerator,352100,180540,BS11 9BP,Solid,Hazardous,18 - HUMAN AND ANIMAL HEALTH CARE WASTE,Natal care - diagnosis - treatment or prevention of disease in humans,chemicals consisting of or containing dangerous substances,18 01 06*,Incineration,Clinical Waste Incinerator,Mid Devon,Devon,South West,Incineration,D10,0.048,02 - Chemical preparation wastes,Off-specification chemical wastes
South West,"Bath, Bristol and S Glo",Bristol City,"Bristol, City of",VP3130EF,Avonmouth Healthcare Waste Incinerator and Transfer Facility - EPR/VP3130EF,SRCL LIMITED,B02 : Clinical Waste Incinerator,352100,180540,BS11 9BP,Solid,Hazardous,18 - HUMAN AND ANIMAL HEALTH CARE WASTE,Natal care - diagnosis - treatment or prevention of disease in humans,cytotoxic and cytostatic medicines,18 01 08*,Incineration,Clinical Waste Incinerator,Mid Devon,Devon,South West,Incineration,D10,0.042,02 - Chemical preparation wastes,Off-specification chemical wastes
South West,"Bath, Bristol and S Glo",Bristol City,"Bristol, City of",VP3130EF,Avonmouth Healthcare Waste Incinerator and Transfer Facility - EPR/VP3130EF,SRCL LIMITED,B02 : Clinical Waste Incinerator,352100,180540,BS11 9BP,Solid,Hazardous,18 - HUMAN AND ANIMAL HEALTH CARE WASTE,Natal care - diagnosis - treatment or prevention of disease in humans,wastes whose collection and disposal is subject to special requirements in order to prevent infection,18 01 03*,Incineration,Clinical Waste Incinerator,Mid Devon,Devon,South West,Incineration,D10,25.357,05 - Healthcare and biological wastes,Infectious health care wastes
South West,"Bath, Bristol and S Glo",Bristol City,"Bristol, City of",VP3130EF,Avonmouth Healthcare Waste Incinerator and Transfer Facility - EPR/VP3130EF,SRCL LIMITED,B02 : Clinical Waste Incinerator,352100,180540,BS11 9BP,Solid,Hhold/Ind/Com,18 - HUMAN AND ANIMAL HEALTH CARE WASTE,Natal care - diagnosis - treatment or prevention of disease in humans,medicines other than those mentioned in 18 01 08,18 01 09,Incineration,Clinical Waste Incinerator,Mid Devon,Devon,South West,Incineration,D10,0.3,02 - Chemical preparation wastes,Off-specification chemical wastes
South West,"Bath, Bristol and S Glo",Bristol City,"Bristol, City of",VP3130EF,Avonmouth Healthcare Waste Incinerator and Transfer Facility - EPR/VP3130EF,SRCL LIMITED,B02 : Clinical Waste Incinerator,352100,180540,BS11 9BP,User left blank,Hazardous,18 - HUMAN AND ANIMAL HEALTH CARE WASTE,Natal care - diagnosis - treatment or prevention of disease in humans,cytotoxic and cytostatic medicines,18 01 08*,Incineration,Clinical Waste Incinerator,Mid Devon,Devon,South West,Incineration,D10,0.006,02 - Chemical preparation wastes,Off-specification chemical wastes
South West,"Bath, Bristol and S Glo",Bristol City,"Bristol, City of",VP3130EF,Avonmouth Healthcare Waste Incinerator and Transfer Facility - EPR/VP3130EF,SRCL LIMITED,B02 : Clinical Waste Incinerator,352100,180540,BS11 9BP,User left blank,Hazardous,18 - HUMAN AND ANIMAL HEALTH CARE WASTE,Natal care - diagnosis - treatment or prevention of disease in humans,wastes whose collection and disposal is subject to special requirements in order to prevent infection,18 01 03*,Incineration,Clinical Waste Incinerator,Mid Devon,Devon,South West,Incineration,D10,4.246,05 - Healthcare and biological wastes,Infectious health care wastes
South West,"Bath, Bristol and S Glo",Bristol City,"Bristol, City of",VP3130EF,Avonmouth Healthcare Waste Incinerator and Transfer Facility - EPR/VP3130EF,SRCL LIMITED,B02 : Clinical Waste Incinerator,352100,180540,BS11 9BP,User left blank,Hhold/Ind/Com,18 - HUMAN AND ANIMAL HEALTH CARE WASTE,Natal care - diagnosis - treatment or prevention of disease in humans,medicines other than those mentioned in 18 01 08,18 01 09,Incineration,Clinical Waste Incinerator,Mid Devon,Devon,South West,Incineration,D10,0.014,02 - Chemical preparation wastes,Off-specification chemical wastes
South West,"Bath, Bristol and S Glo",Bristol City,"Bristol, City of",VP3130EF,Avonmouth Healthcare Waste Incinerator and Transfer Facility - EPR/VP3130EF,SRCL LIMITED,B02 : Clinical Waste Incinerator,352100,180540,BS11 9BP,Solid,Hhold/Ind/Com,18 - HUMAN AND ANIMAL HEALTH CARE WASTE,Natal care - diagnosis - treatment or prevention of disease in humans,"wastes whose collection and disposal is not subject to special requirements in order to prevent infection(for example dressings, plaster casts, linen, disposable clothing, diapers)",18 01 04,Incineration,Clinical Waste Incinerator,Mid Devon,Devon,South West,Recovery,R13,7.377,10 - Mixed ordinary wastes,Mixed and undifferentiated materials
South West,"Bath, Bristol and S Glo",Bristol City,"Bristol, City of",VP3130EF,Avonmouth Healthcare Waste Incinerator and Transfer Facility - EPR/VP3130EF,SRCL LIMITED,B02 : Clinical Waste Incinerator,352100,180540,BS11 9BP,User left blank,Hhold/Ind/Com,18 - HUMAN AND ANIMAL HEALTH CARE WASTE,Natal care - diagnosis - treatment or prevention of disease in humans,"wastes whose collection and disposal is not subject to special requirements in order to prevent infection(for example dressings, plaster casts, linen, disposable clothing, diapers)",18 01 04,Incineration,Clinical Waste Incinerator,Mid Devon,Devon,South West,Recovery,R13,1.075,10 - Mixed ordinary wastes,Mixed and undifferentiated materials
South West,"Bath, Bristol and S Glo",Bristol City,"Bristol, City of",VP3130EF,Avonmouth Healthcare Waste Incinerator and Transfer Facility - EPR/VP3130EF,SRCL LIMITED,B02 : Clinical Waste Incinerator,352100,180540,BS11 9BP,Solid,Hazardous,18 - HUMAN AND ANIMAL HEALTH CARE WASTE,Natal care - diagnosis - treatment or prevention of disease in humans,cytotoxic and cytostatic medicines,18 01 08*,Incineration,Clinical Waste Incinerator,North Devon,Devon,South West,Incineration,D10,4.215,02 - Chemical preparation wastes,Off-specification chemical wastes
South West,"Bath, Bristol and S Glo",Bristol City,"Bristol, City of",VP3130EF,Avonmouth Healthcare Waste Incinerator and Transfer Facility - EPR/VP3130EF,SRCL LIMITED,B02 : Clinical Waste Incinerator,352100,180540,BS11 9BP,Solid,Hazardous,18 - HUMAN AND ANIMAL HEALTH CARE WASTE,Natal care - diagnosis - treatment or prevention of disease in humans,wastes whose collection and disposal is subject to special requirements in order to prevent infection,18 01 03*,Incineration,Clinical Waste Incinerator,North Devon,Devon,South West,Incineration,D10,167.499,05 - Healthcare and biological wastes,Infectious health care wastes
South West,"Bath, Bristol and S Glo",Bristol City,"Bristol, City of",VP3130EF,Avonmouth Healthcare Waste Incinerator and Transfer Facility - EPR/VP3130EF,SRCL LIMITED,B02 : Clinical Waste Incinerator,352100,180540,BS11 9BP,Solid,Hhold/Ind/Com,18 - HUMAN AND ANIMAL HEALTH CARE WASTE,Natal care - diagnosis - treatment or prevention of disease in humans,medicines other than those mentioned in 18 01 08,18 01 09,Incineration,Clinical Waste Incinerator,North Devon,Devon,South West,Incineration,D10,1.819,02 - Chemical preparation wastes,Off-specification chemical wastes
South West,"Bath, Bristol and S Glo",Bristol City,"Bristol, City of",VP3130EF,Avonmouth Healthcare Waste Incinerator and Transfer Facility - EPR/VP3130EF,SRCL LIMITED,B02 : Clinical Waste Incinerator,352100,180540,BS11 9BP,User left blank,Hazardous,18 - HUMAN AND ANIMAL HEALTH CARE WASTE,Natal care - diagnosis - treatment or prevention of disease in humans,cytotoxic and cytostatic medicines,18 01 08*,Incineration,Clinical Waste Incinerator,North Devon,Devon,South West,Incineration,D10,1.453,02 - Chemical preparation wastes,Off-specification chemical wastes
South West,"Bath, Bristol and S Glo",Bristol City,"Bristol, City of",VP3130EF,Avonmouth Healthcare Waste Incinerator and Transfer Facility - EPR/VP3130EF,SRCL LIMITED,B02 : Clinical Waste Incinerator,352100,180540,BS11 9BP,User left blank,Hazardous,18 - HUMAN AND ANIMAL HEALTH CARE WASTE,Natal care - diagnosis - treatment or prevention of disease in humans,wastes whose collection and disposal is subject to special requirements in order to prevent infection,18 01 03*,Incineration,Clinical Waste Incinerator,North Devon,Devon,South West,Incineration,D10,53.509,05 - Healthcare and biological wastes,Infectious health care wastes
South West,"Bath, Bristol and S Glo",Bristol City,"Bristol, City of",VP3130EF,Avonmouth Healthcare Waste Incinerator and Transfer Facility - EPR/VP3130EF,SRCL LIMITED,B02 : Clinical Waste Incinerator,352100,180540,BS11 9BP,User left blank,Hhold/Ind/Com,18 - HUMAN AND ANIMAL HEALTH CARE WASTE,Natal care - diagnosis - treatment or prevention of disease in humans,medicines other than those mentioned in 18 01 08,18 01 09,Incineration,Clinical Waste Incinerator,North Devon,Devon,South West,Incineration,D10,0.659,02 - Chemical preparation wastes,Off-specification chemical wastes
South West,"Bath, Bristol and S Glo",Bristol City,"Bristol, City of",VP3130EF,Avonmouth Healthcare Waste Incinerator and Transfer Facility - EPR/VP3130EF,SRCL LIMITED,B02 : Clinical Waste Incinerator,352100,180540,BS11 9BP,Solid,Hazardous,18 - HUMAN AND ANIMAL HEALTH CARE WASTE,Natal care - diagnosis - treatment or prevention of disease in humans,wastes whose collection and disposal is subject to special requirements in order to prevent infection,18 01 03*,Incineration,Clinical Waste Incinerator,North Devon,Devon,South West,Recovery,R13,1.048,05 - Healthcare and biological wastes,Infectious health care wastes
South West,"Bath, Bristol and S Glo",Bristol City,"Bristol, City of",VP3130EF,Avonmouth Healthcare Waste Incinerator and Transfer Facility - EPR/VP3130EF,SRCL LIMITED,B02 : Clinical Waste Incinerator,352100,180540,BS11 9BP,Solid,Hhold/Ind/Com,18 - HUMAN AND ANIMAL HEALTH CARE WASTE,Natal care - diagnosis - treatment or prevention of disease in humans,"wastes whose collection and disposal is not subject to special requirements in order to prevent infection(for example dressings, plaster casts, linen, disposable clothing, diapers)",18 01 04,Incineration,Clinical Waste Incinerator,North Devon,Devon,South West,Recovery,R13,42.894,10 - Mixed ordinary wastes,Mixed and undifferentiated materials
South West,"Bath, Bristol and S Glo",Bristol City,"Bristol, City of",VP3130EF,Avonmouth Healthcare Waste Incinerator and Transfer Facility - EPR/VP3130EF,SRCL LIMITED,B02 : Clinical Waste Incinerator,352100,180540,BS11 9BP,User left blank,Hhold/Ind/Com,18 - HUMAN AND ANIMAL HEALTH CARE WASTE,Natal care - diagnosis - treatment or prevention of disease in humans,"wastes whose collection and disposal is not subject to special requirements in order to prevent infection(for example dressings, plaster casts, linen, disposable clothing, diapers)",18 01 04,Incineration,Clinical Waste Incinerator,North Devon,Devon,South West,Recovery,R13,15.808,10 - Mixed ordinary wastes,Mixed and undifferentiated materials
South West,"Bath, Bristol and S Glo",Bristol City,"Bristol, City of",VP3130EF,Avonmouth Healthcare Waste Incinerator and Transfer Facility - EPR/VP3130EF,SRCL LIMITED,B02 : Clinical Waste Incinerator,352100,180540,BS11 9BP,Solid,Hazardous,18 - HUMAN AND ANIMAL HEALTH CARE WASTE,Natal care - diagnosis - treatment or prevention of disease in humans,cytotoxic and cytostatic medicines,18 01 08*,Incineration,Clinical Waste Incinerator,Teignbridge,Devon,South West,Incineration,D10,0.007,02 - Chemical preparation wastes,Off-specification chemical wastes
South West,"Bath, Bristol and S Glo",Bristol City,"Bristol, City of",VP3130EF,Avonmouth Healthcare Waste Incinerator and Transfer Facility - EPR/VP3130EF,SRCL LIMITED,B02 : Clinical Waste Incinerator,352100,180540,BS11 9BP,Solid,Hazardous,18 - HUMAN AND ANIMAL HEALTH CARE WASTE,Natal care - diagnosis - treatment or prevention of disease in humans,wastes whose collection and disposal is subject to special requirements in order to prevent infection,18 01 03*,Incineration,Clinical Waste Incinerator,Teignbridge,Devon,South West,Incineration,D10,15.673,05 - Healthcare and biological wastes,Infectious health care wastes
South West,"Bath, Bristol and S Glo",Bristol City,"Bristol, City of",VP3130EF,Avonmouth Healthcare Waste Incinerator and Transfer Facility - EPR/VP3130EF,SRCL LIMITED,B02 : Clinical Waste Incinerator,352100,180540,BS11 9BP,Solid,Hhold/Ind/Com,18 - HUMAN AND ANIMAL HEALTH CARE WASTE,Natal care - diagnosis - treatment or prevention of disease in humans,medicines other than those mentioned in 18 01 08,18 01 09,Incineration,Clinical Waste Incinerator,Teignbridge,Devon,South West,Incineration,D10,0.788,02 - Chemical preparation wastes,Off-specification chemical wastes
South West,"Bath, Bristol and S Glo",Bristol City,"Bristol, City of",VP3130EF,Avonmouth Healthcare Waste Incinerator and Transfer Facility - EPR/VP3130EF,SRCL LIMITED,B02 : Clinical Waste Incinerator,352100,180540,BS11 9BP,User left blank,Hazardous,18 - HUMAN AND ANIMAL HEALTH CARE WASTE,Natal care - diagnosis - treatment or prevention of disease in humans,wastes whose collection and disposal is subject to special requirements in order to prevent infection,18 01 03*,Incineration,Clinical Waste Incinerator,Teignbridge,Devon,South West,Incineration,D10,5,05 - Healthcare and biological wastes,Infectious health care wastes
South West,"Bath, Bristol and S Glo",Bristol City,"Bristol, City of",VP3130EF,Avonmouth Healthcare Waste Incinerator and Transfer Facility - EPR/VP3130EF,SRCL LIMITED,B02 : Clinical Waste Incinerator,352100,180540,BS11 9BP,User left blank,Hhold/Ind/Com,18 - HUMAN AND ANIMAL HEALTH CARE WASTE,Natal care - diagnosis - treatment or prevention of disease in humans,medicines other than those mentioned in 18 01 08,18 01 09,Incineration,Clinical Waste Incinerator,Teignbridge,Devon,South West,Incineration,D10,0.308,02 - Chemical preparation wastes,Off-specification chemical wastes
South West,"Bath, Bristol and S Glo",Bristol City,"Bristol, City of",VP3130EF,Avonmouth Healthcare Waste Incinerator and Transfer Facility - EPR/VP3130EF,SRCL LIMITED,B02 : Clinical Waste Incinerator,352100,180540,BS11 9BP,Solid,Hhold/Ind/Com,18 - HUMAN AND ANIMAL HEALTH CARE WASTE,Natal care - diagnosis - treatment or prevention of disease in humans,"wastes whose collection and disposal is not subject to special requirements in order to prevent infection(for example dressings, plaster casts, linen, disposable clothing, diapers)",18 01 04,Incineration,Clinical Waste Incinerator,Teignbridge,Devon,South West,Recovery,R13,25.834,10 - Mixed ordinary wastes,Mixed and undifferentiated materials
South West,"Bath, Bristol and S Glo",Bristol City,"Bristol, City of",VP3130EF,Avonmouth Healthcare Waste Incinerator and Transfer Facility - EPR/VP3130EF,SRCL LIMITED,B02 : Clinical Waste Incinerator,352100,180540,BS11 9BP,User left blank,Hhold/Ind/Com,18 - HUMAN AND ANIMAL HEALTH CARE WASTE,Natal care - diagnosis - treatment or prevention of disease in humans,"wastes whose collection and disposal is not subject to special requirements in order to prevent infection(for example dressings, plaster casts, linen, disposable clothing, diapers)",18 01 04,Incineration,Clinical Waste Incinerator,Teignbridge,Devon,South West,Recovery,R13,8.003,10 - Mixed ordinary wastes,Mixed and undifferentiated materials
South West,"Bath, Bristol and S Glo",Bristol City,"Bristol, City of",VP3130EF,Avonmouth Healthcare Waste Incinerator and Transfer Facility - EPR/VP3130EF,SRCL LIMITED,B02 : Clinical Waste Incinerator,352100,180540,BS11 9BP,Solid,Hazardous,18 - HUMAN AND ANIMAL HEALTH CARE WASTE,Natal care - diagnosis - treatment or prevention of disease in humans,cytotoxic and cytostatic medicines,18 01 08*,Incineration,Clinical Waste Incinerator,Torridge,Devon,South West,Incineration,D10,0.025,02 - Chemical preparation wastes,Off-specification chemical wastes
South West,"Bath, Bristol and S Glo",Bristol City,"Bristol, City of",VP3130EF,Avonmouth Healthcare Waste Incinerator and Transfer Facility - EPR/VP3130EF,SRCL LIMITED,B02 : Clinical Waste Incinerator,352100,180540,BS11 9BP,Solid,Hazardous,18 - HUMAN AND ANIMAL HEALTH CARE WASTE,Natal care - diagnosis - treatment or prevention of disease in humans,wastes whose collection and disposal is subject to special requirements in order to prevent infection,18 01 03*,Incineration,Clinical Waste Incinerator,Torridge,Devon,South West,Incineration,D10,3.792,05 - Healthcare and biological wastes,Infectious health care wastes
South West,"Bath, Bristol and S Glo",Bristol City,"Bristol, City of",VP3130EF,Avonmouth Healthcare Waste Incinerator and Transfer Facility - EPR/VP3130EF,SRCL LIMITED,B02 : Clinical Waste Incinerator,352100,180540,BS11 9BP,Solid,Hhold/Ind/Com,18 - HUMAN AND ANIMAL HEALTH CARE WASTE,Natal care - diagnosis - treatment or prevention of disease in humans,medicines other than those mentioned in 18 01 08,18 01 09,Incineration,Clinical Waste Incinerator,Torridge,Devon,South West,Incineration,D10,0.105,02 - Chemical preparation wastes,Off-specification chemical wastes
South West,"Bath, Bristol and S Glo",Bristol City,"Bristol, City of",VP3130EF,Avonmouth Healthcare Waste Incinerator and Transfer Facility - EPR/VP3130EF,SRCL LIMITED,B02 : Clinical Waste Incinerator,352100,180540,BS11 9BP,User left blank,Hazardous,18 - HUMAN AND ANIMAL HEALTH CARE WASTE,Natal care - diagnosis - treatment or prevention of disease in humans,cytotoxic and cytostatic medicines,18 01 08*,Incineration,Clinical Waste Incinerator,Torridge,Devon,South West,Incineration,D10,0.009,02 - Chemical preparation wastes,Off-specification chemical wastes
South West,"Bath, Bristol and S Glo",Bristol City,"Bristol, City of",VP3130EF,Avonmouth Healthcare Waste Incinerator and Transfer Facility - EPR/VP3130EF,SRCL LIMITED,B02 : Clinical Waste Incinerator,352100,180540,BS11 9BP,User left blank,Hazardous,18 - HUMAN AND ANIMAL HEALTH CARE WASTE,Natal care - diagnosis - treatment or prevention of disease in humans,wastes whose collection and disposal is subject to special requirements in order to prevent infection,18 01 03*,Incineration,Clinical Waste Incinerator,Torridge,Devon,South West,Incineration,D10,1.102,05 - Healthcare and biological wastes,Infectious health care wastes
South West,"Bath, Bristol and S Glo",Bristol City,"Bristol, City of",VP3130EF,Avonmouth Healthcare Waste Incinerator and Transfer Facility - EPR/VP3130EF,SRCL LIMITED,B02 : Clinical Waste Incinerator,352100,180540,BS11 9BP,User left blank,Hhold/Ind/Com,18 - HUMAN AND ANIMAL HEALTH CARE WASTE,Natal care - diagnosis - treatment or prevention of disease in humans,medicines other than those mentioned in 18 01 08,18 01 09,Incineration,Clinical Waste Incinerator,Torridge,Devon,South West,Incineration,D10,0.02,02 - Chemical preparation wastes,Off-specification chemical wastes
South West,"Bath, Bristol and S Glo",Bristol City,"Bristol, City of",VP3130EF,Avonmouth Healthcare Waste Incinerator and Transfer Facility - EPR/VP3130EF,SRCL LIMITED,B02 : Clinical Waste Incinerator,352100,180540,BS11 9BP,Solid,Hhold/Ind/Com,18 - HUMAN AND ANIMAL HEALTH CARE WASTE,Natal care - diagnosis - treatment or prevention of disease in humans,"wastes whose collection and disposal is not subject to special requirements in order to prevent infection(for example dressings, plaster casts, linen, disposable clothing, diapers)",18 01 04,Incineration,Clinical Waste Incinerator,Torridge,Devon,South West,Recovery,R13,5.01,10 - Mixed ordinary wastes,Mixed and undifferentiated materials
South West,"Bath, Bristol and S Glo",Bristol City,"Bristol, City of",VP3130EF,Avonmouth Healthcare Waste Incinerator and Transfer Facility - EPR/VP3130EF,SRCL LIMITED,B02 : Clinical Waste Incinerator,352100,180540,BS11 9BP,User left blank,Hhold/Ind/Com,18 - HUMAN AND ANIMAL HEALTH CARE WASTE,Natal care - diagnosis - treatment or prevention of disease in humans,"wastes whose collection and disposal is not subject to special requirements in order to prevent infection(for example dressings, plaster casts, linen, disposable clothing, diapers)",18 01 04,Incineration,Clinical Waste Incinerator,Torridge,Devon,South West,Recovery,R13,1.431,10 - Mixed ordinary wastes,Mixed and undifferentiated materials
South West,"Bath, Bristol and S Glo",Bristol City,"Bristol, City of",VP3130EF,Avonmouth Healthcare Waste Incinerator and Transfer Facility - EPR/VP3130EF,SRCL LIMITED,B02 : Clinical Waste Incinerator,352100,180540,BS11 9BP,Solid,Hazardous,18 - HUMAN AND ANIMAL HEALTH CARE WASTE,Natal care - diagnosis - treatment or prevention of disease in humans,cytotoxic and cytostatic medicines,18 01 08*,Incineration,Clinical Waste Incinerator,West Devon,Devon,South West,Incineration,D10,0.152,02 - Chemical preparation wastes,Off-specification chemical wastes
South West,"Bath, Bristol and S Glo",Bristol City,"Bristol, City of",VP3130EF,Avonmouth Healthcare Waste Incinerator and Transfer Facility - EPR/VP3130EF,SRCL LIMITED,B02 : Clinical Waste Incinerator,352100,180540,BS11 9BP,Solid,Hazardous,18 - HUMAN AND ANIMAL HEALTH CARE WASTE,Natal care - diagnosis - treatment or prevention of disease in humans,wastes whose collection and disposal is subject to special requirements in order to prevent infection,18 01 03*,Incineration,Clinical Waste Incinerator,West Devon,Devon,South West,Incineration,D10,97.78,05 - Healthcare and biological wastes,Infectious health care wastes
South West,"Bath, Bristol and S Glo",Bristol City,"Bristol, City of",VP3130EF,Avonmouth Healthcare Waste Incinerator and Transfer Facility - EPR/VP3130EF,SRCL LIMITED,B02 : Clinical Waste Incinerator,352100,180540,BS11 9BP,Solid,Hhold/Ind/Com,18 - HUMAN AND ANIMAL HEALTH CARE WASTE,Natal care - diagnosis - treatment or prevention of disease in humans,medicines other than those mentioned in 18 01 08,18 01 09,Incineration,Clinical Waste Incinerator,West Devon,Devon,South West,Incineration,D10,1.287,02 - Chemical preparation wastes,Off-specification chemical wastes
South West,"Bath, Bristol and S Glo",Bristol City,"Bristol, City of",VP3130EF,Avonmouth Healthcare Waste Incinerator and Transfer Facility - EPR/VP3130EF,SRCL LIMITED,B02 : Clinical Waste Incinerator,352100,180540,BS11 9BP,User left blank,Hazardous,18 - HUMAN AND ANIMAL HEALTH CARE WASTE,Natal care - diagnosis - treatment or prevention of disease in humans,cytotoxic and cytostatic medicines,18 01 08*,Incineration,Clinical Waste Incinerator,West Devon,Devon,South West,Incineration,D10,0.073,02 - Chemical preparation wastes,Off-specification chemical wastes
South West,"Bath, Bristol and S Glo",Bristol City,"Bristol, City of",VP3130EF,Avonmouth Healthcare Waste Incinerator and Transfer Facility - EPR/VP3130EF,SRCL LIMITED,B02 : Clinical Waste Incinerator,352100,180540,BS11 9BP,User left blank,Hazardous,18 - HUMAN AND ANIMAL HEALTH CARE WASTE,Natal care - diagnosis - treatment or prevention of disease in humans,wastes whose collection and disposal is subject to special requirements in order to prevent infection,18 01 03*,Incineration,Clinical Waste Incinerator,West Devon,Devon,South West,Incineration,D10,51.076,05 - Healthcare and biological wastes,Infectious health care wastes
South West,"Bath, Bristol and S Glo",Bristol City,"Bristol, City of",VP3130EF,Avonmouth Healthcare Waste Incinerator and Transfer Facility - EPR/VP3130EF,SRCL LIMITED,B02 : Clinical Waste Incinerator,352100,180540,BS11 9BP,User left blank,Hhold/Ind/Com,18 - HUMAN AND ANIMAL HEALTH CARE WASTE,Natal care - diagnosis - treatment or prevention of disease in humans,medicines other than those mentioned in 18 01 08,18 01 09,Incineration,Clinical Waste Incinerator,West Devon,Devon,South West,Incineration,D10,0.986,02 - Chemical preparation wastes,Off-specification chemical wastes
South West,"Bath, Bristol and S Glo",Bristol City,"Bristol, City of",VP3130EF,Avonmouth Healthcare Waste Incinerator and Transfer Facility - EPR/VP3130EF,SRCL LIMITED,B02 : Clinical Waste Incinerator,352100,180540,BS11 9BP,Solid,Hhold/Ind/Com,18 - HUMAN AND ANIMAL HEALTH CARE WASTE,Natal care - diagnosis - treatment or prevention of disease in humans,"wastes whose collection and disposal is not subject to special requirements in order to prevent infection(for example dressings, plaster casts, linen, disposable clothing, diapers)",18 01 04,Incineration,Clinical Waste Incinerator,West Devon,Devon,South West,Recovery,R13,0.254,10 - Mixed ordinary wastes,Mixed and undifferentiated materials
South West,"Bath, Bristol and S Glo",Bristol City,"Bristol, City of",VP3130EF,Avonmouth Healthcare Waste Incinerator and Transfer Facility - EPR/VP3130EF,SRCL LIMITED,B02 : Clinical Waste Incinerator,352100,180540,BS11 9BP,User left blank,Hhold/Ind/Com,18 - HUMAN AND ANIMAL HEALTH CARE WASTE,Natal care - diagnosis - treatment or prevention of disease in humans,"wastes whose collection and disposal is not subject to special requirements in order to prevent infection(for example dressings, plaster casts, linen, disposable clothing, diapers)",18 01 04,Incineration,Clinical Waste Incinerator,West Devon,Devon,South West,Recovery,R13,0.115,10 - Mixed ordinary wastes,Mixed and undifferentiated materials
South West,"Bath, Bristol and S Glo",Bristol City,"Bristol, City of",VP3130EF,Avonmouth Healthcare Waste Incinerator and Transfer Facility - EPR/VP3130EF,SRCL LIMITED,B02 : Clinical Waste Incinerator,352100,180540,BS11 9BP,Solid,Hazardous,18 - HUMAN AND ANIMAL HEALTH CARE WASTE,Natal care - diagnosis - treatment or prevention of disease in humans,wastes whose collection and disposal is subject to special requirements in order to prevent infection,18 01 03*,Incineration,Clinical Waste Incinerator,Dorset,Dorset,South West,Incineration,D10,0.059,05 - Healthcare and biological wastes,Infectious health care wastes
South West,"Bath, Bristol and S Glo",Bristol City,"Bristol, City of",VP3130EF,Avonmouth Healthcare Waste Incinerator and Transfer Facility - EPR/VP3130EF,SRCL LIMITED,B02 : Clinical Waste Incinerator,352100,180540,BS11 9BP,Solid,Hhold/Ind/Com,18 - HUMAN AND ANIMAL HEALTH CARE WASTE,Natal care - diagnosis - treatment or prevention of disease in humans,"wastes whose collection and disposal is not subject to special requirements in order to prevent infection(for example dressings, plaster casts, linen, disposable clothing, diapers)",18 01 04,Incineration,Clinical Waste Incinerator,Dorset,Dorset,South West,Recovery,R13,0.145,10 - Mixed ordinary wastes,Mixed and undifferentiated materials
South West,"Bath, Bristol and S Glo",Bristol City,"Bristol, City of",VP3130EF,Avonmouth Healthcare Waste Incinerator and Transfer Facility - EPR/VP3130EF,SRCL LIMITED,B02 : Clinical Waste Incinerator,352100,180540,BS11 9BP,Solid,Hhold/Ind/Com,18 - HUMAN AND ANIMAL HEALTH CARE WASTE,Natal care - diagnosis - treatment or prevention of disease in humans,medicines other than those mentioned in 18 01 08,18 01 09,Incineration,Clinical Waste Incinerator,Dorset,Dorset,South West,Incineration,D10,0.463,02 - Chemical preparation wastes,Off-specification chemical wastes
South West,"Bath, Bristol and S Glo",Bristol City,"Bristol, City of",VP3130EF,Avonmouth Healthcare Waste Incinerator and Transfer Facility - EPR/VP3130EF,SRCL LIMITED,B02 : Clinical Waste Incinerator,352100,180540,BS11 9BP,User left blank,Hhold/Ind/Com,18 - HUMAN AND ANIMAL HEALTH CARE WASTE,Natal care - diagnosis - treatment or prevention of disease in humans,medicines other than those mentioned in 18 01 08,18 01 09,Incineration,Clinical Waste Incinerator,Dorset,Dorset,South West,Incineration,D10,0.279,02 - Chemical preparation wastes,Off-specification chemical wastes
South West,"Bath, Bristol and S Glo",Bristol City,"Bristol, City of",VP3130EF,Avonmouth Healthcare Waste Incinerator and Transfer Facility - EPR/VP3130EF,SRCL LIMITED,B02 : Clinical Waste Incinerator,352100,180540,BS11 9BP,Solid,Hazardous,18 - HUMAN AND ANIMAL HEALTH CARE WASTE,Natal care - diagnosis - treatment or prevention of disease in humans,wastes whose collection and disposal is subject to special requirements in order to prevent infection,18 01 03*,Incineration,Clinical Waste Incinerator,Ealing,Ealing,London,Incineration,D10,4.248,05 - Healthcare and biological wastes,Infectious health care wastes
South West,"Bath, Bristol and S Glo",Bristol City,"Bristol, City of",VP3130EF,Avonmouth Healthcare Waste Incinerator and Transfer Facility - EPR/VP3130EF,SRCL LIMITED,B02 : Clinical Waste Incinerator,352100,180540,BS11 9BP,Solid,Hazardous,18 - HUMAN AND ANIMAL HEALTH CARE WASTE,Natal care - diagnosis - treatment or prevention of disease in humans,wastes whose collection and disposal is subject to special requirements in order to prevent infection,18 01 03*,Incineration,Clinical Waste Incinerator,East Midlands,East Midlands (WPA Not codeable),East Midlands,Incineration,D10,0.235,05 - Healthcare and biological wastes,Infectious health care wastes
South West,"Bath, Bristol and S Glo",Bristol City,"Bristol, City of",VP3130EF,Avonmouth Healthcare Waste Incinerator and Transfer Facility - EPR/VP3130EF,SRCL LIMITED,B02 : Clinical Waste Incinerator,352100,180540,BS11 9BP,User left blank,Hazardous,18 - HUMAN AND ANIMAL HEALTH CARE WASTE,Natal care - diagnosis - treatment or prevention of disease in humans,wastes whose collection and disposal is subject to special requirements in order to prevent infection,18 01 03*,Incineration,Clinical Waste Incinerator,East Midlands,East Midlands (WPA Not codeable),East Midlands,Incineration,D10,0.296,05 - Healthcare and biological wastes,Infectious health care wastes
South West,"Bath, Bristol and S Glo",Bristol City,"Bristol, City of",VP3130EF,Avonmouth Healthcare Waste Incinerator and Transfer Facility - EPR/VP3130EF,SRCL LIMITED,B02 : Clinical Waste Incinerator,352100,180540,BS11 9BP,User left blank,Hhold/Ind/Com,18 - HUMAN AND ANIMAL HEALTH CARE WASTE,Natal care - diagnosis - treatment or prevention of disease in humans,"wastes whose collection and disposal is not subject to special requirements in order to prevent infection(for example dressings, plaster casts, linen, disposable clothing, diapers)",18 01 04,Incineration,Clinical Waste Incinerator,East Midlands,East Midlands (WPA Not codeable),East Midlands,Incineration,D10,0.132,10 - Mixed ordinary wastes,Mixed and undifferentiated materials
South West,"Bath, Bristol and S Glo",Bristol City,"Bristol, City of",VP3130EF,Avonmouth Healthcare Waste Incinerator and Transfer Facility - EPR/VP3130EF,SRCL LIMITED,B02 : Clinical Waste Incinerator,352100,180540,BS11 9BP,Solid,Hazardous,18 - HUMAN AND ANIMAL HEALTH CARE WASTE,Natal care - diagnosis - treatment or prevention of disease in humans,cytotoxic and cytostatic medicines,18 01 08*,Incineration,Clinical Waste Incinerator,Cheltenham,Gloucestershire,South West,Incineration,D10,0.054,02 - Chemical preparation wastes,Off-specification chemical wastes
South West,"Bath, Bristol and S Glo",Bristol City,"Bristol, City of",VP3130EF,Avonmouth Healthcare Waste Incinerator and Transfer Facility - EPR/VP3130EF,SRCL LIMITED,B02 : Clinical Waste Incinerator,352100,180540,BS11 9BP,Solid,Hazardous,18 - HUMAN AND ANIMAL HEALTH CARE WASTE,Natal care - diagnosis - treatment or prevention of disease in humans,wastes whose collection and disposal is subject to special requirements in order to prevent infection,18 01 03*,Incineration,Clinical Waste Incinerator,Cheltenham,Gloucestershire,South West,Incineration,D10,2.518,05 - Healthcare and biological wastes,Infectious health care wastes
South West,"Bath, Bristol and S Glo",Bristol City,"Bristol, City of",VP3130EF,Avonmouth Healthcare Waste Incinerator and Transfer Facility - EPR/VP3130EF,SRCL LIMITED,B02 : Clinical Waste Incinerator,352100,180540,BS11 9BP,Solid,Hhold/Ind/Com,18 - HUMAN AND ANIMAL HEALTH CARE WASTE,Natal care - diagnosis - treatment or prevention of disease in humans,medicines other than those mentioned in 18 01 08,18 01 09,Incineration,Clinical Waste Incinerator,Cheltenham,Gloucestershire,South West,Incineration,D10,0.254,02 - Chemical preparation wastes,Off-specification chemical wastes
South West,"Bath, Bristol and S Glo",Bristol City,"Bristol, City of",VP3130EF,Avonmouth Healthcare Waste Incinerator and Transfer Facility - EPR/VP3130EF,SRCL LIMITED,B02 : Clinical Waste Incinerator,352100,180540,BS11 9BP,Solid,Hhold/Ind/Com,18 - HUMAN AND ANIMAL HEALTH CARE WASTE,Natal care - diagnosis - treatment or prevention of disease in humans,"wastes whose collection and disposal is not subject to special requirements in order to prevent infection(for example dressings, plaster casts, linen, disposable clothing, diapers)",18 01 04,Incineration,Clinical Waste Incinerator,Cheltenham,Gloucestershire,South West,Incineration,D10,0.207,10 - Mixed ordinary wastes,Mixed and undifferentiated materials
South West,"Bath, Bristol and S Glo",Bristol City,"Bristol, City of",VP3130EF,Avonmouth Healthcare Waste Incinerator and Transfer Facility - EPR/VP3130EF,SRCL LIMITED,B02 : Clinical Waste Incinerator,352100,180540,BS11 9BP,User left blank,Hazardous,18 - HUMAN AND ANIMAL HEALTH CARE WASTE,Natal care - diagnosis - treatment or prevention of disease in humans,cytotoxic and cytostatic medicines,18 01 08*,Incineration,Clinical Waste Incinerator,Cheltenham,Gloucestershire,South West,Incineration,D10,0.176,02 - Chemical preparation wastes,Off-specification chemical wastes
South West,"Bath, Bristol and S Glo",Bristol City,"Bristol, City of",VP3130EF,Avonmouth Healthcare Waste Incinerator and Transfer Facility - EPR/VP3130EF,SRCL LIMITED,B02 : Clinical Waste Incinerator,352100,180540,BS11 9BP,User left blank,Hazardous,18 - HUMAN AND ANIMAL HEALTH CARE WASTE,Natal care - diagnosis - treatment or prevention of disease in humans,wastes whose collection and disposal is subject to special requirements in order to prevent infection,18 01 03*,Incineration,Clinical Waste Incinerator,Cheltenham,Gloucestershire,South West,Incineration,D10,1.972,05 - Healthcare and biological wastes,Infectious health care wastes
South West,"Bath, Bristol and S Glo",Bristol City,"Bristol, City of",VP3130EF,Avonmouth Healthcare Waste Incinerator and Transfer Facility - EPR/VP3130EF,SRCL LIMITED,B02 : Clinical Waste Incinerator,352100,180540,BS11 9BP,Solid,Hhold/Ind/Com,18 - HUMAN AND ANIMAL HEALTH CARE WASTE,Natal care - diagnosis - treatment or prevention of disease in humans,"wastes whose collection and disposal is not subject to special requirements in order to prevent infection(for example dressings, plaster casts, linen, disposable clothing, diapers)",18 01 04,Incineration,Clinical Waste Incinerator,Cheltenham,Gloucestershire,South West,Recovery,R13,2.889,10 - Mixed ordinary wastes,Mixed and undifferentiated materials
South West,"Bath, Bristol and S Glo",Bristol City,"Bristol, City of",VP3130EF,Avonmouth Healthcare Waste Incinerator and Transfer Facility - EPR/VP3130EF,SRCL LIMITED,B02 : Clinical Waste Incinerator,352100,180540,BS11 9BP,User left blank,Hhold/Ind/Com,18 - HUMAN AND ANIMAL HEALTH CARE WASTE,Natal care - diagnosis - treatment or prevention of disease in humans,"wastes whose collection and disposal is not subject to special requirements in order to prevent infection(for example dressings, plaster casts, linen, disposable clothing, diapers)",18 01 04,Incineration,Clinical Waste Incinerator,Cheltenham,Gloucestershire,South West,Recovery,R13,0.879,10 - Mixed ordinary wastes,Mixed and undifferentiated materials
South West,"Bath, Bristol and S Glo",Bristol City,"Bristol, City of",VP3130EF,Avonmouth Healthcare Waste Incinerator and Transfer Facility - EPR/VP3130EF,SRCL LIMITED,B02 : Clinical Waste Incinerator,352100,180540,BS11 9BP,Solid,Hazardous,18 - HUMAN AND ANIMAL HEALTH CARE WASTE,Natal care - diagnosis - treatment or prevention of disease in humans,wastes whose collection and disposal is subject to special requirements in order to prevent infection,18 01 03*,Incineration,Clinical Waste Incinerator,Forest of Dean,Gloucestershire,South West,Incineration,D10,0.321,05 - Healthcare and biological wastes,Infectious health care wastes
South West,"Bath, Bristol and S Glo",Bristol City,"Bristol, City of",VP3130EF,Avonmouth Healthcare Waste Incinerator and Transfer Facility - EPR/VP3130EF,SRCL LIMITED,B02 : Clinical Waste Incinerator,352100,180540,BS11 9BP,User left blank,Hazardous,18 - HUMAN AND ANIMAL HEALTH CARE WASTE,Natal care - diagnosis - treatment or prevention of disease in humans,wastes whose collection and disposal is subject to special requirements in order to prevent infection,18 01 03*,Incineration,Clinical Waste Incinerator,Forest of Dean,Gloucestershire,South West,Incineration,D10,0.238,05 - Healthcare and biological wastes,Infectious health care wastes
South West,"Bath, Bristol and S Glo",Bristol City,"Bristol, City of",VP3130EF,Avonmouth Healthcare Waste Incinerator and Transfer Facility - EPR/VP3130EF,SRCL LIMITED,B02 : Clinical Waste Incinerator,352100,180540,BS11 9BP,Solid,Hazardous,18 - HUMAN AND ANIMAL HEALTH CARE WASTE,Natal care - diagnosis - treatment or prevention of disease in humans,wastes whose collection and disposal is subject to special requirements in order to prevent infection,18 01 03*,Incineration,Clinical Waste Incinerator,Stroud,Gloucestershire,South West,Incineration,D10,0.327,05 - Healthcare and biological wastes,Infectious health care wastes
South West,"Bath, Bristol and S Glo",Bristol City,"Bristol, City of",VP3130EF,Avonmouth Healthcare Waste Incinerator and Transfer Facility - EPR/VP3130EF,SRCL LIMITED,B02 : Clinical Waste Incinerator,352100,180540,BS11 9BP,Solid,Hhold/Ind/Com,18 - HUMAN AND ANIMAL HEALTH CARE WASTE,Natal care - diagnosis - treatment or prevention of disease in humans,medicines other than those mentioned in 18 01 08,18 01 09,Incineration,Clinical Waste Incinerator,Stroud,Gloucestershire,South West,Incineration,D10,0.014,02 - Chemical preparation wastes,Off-specification chemical wastes
South West,"Bath, Bristol and S Glo",Bristol City,"Bristol, City of",VP3130EF,Avonmouth Healthcare Waste Incinerator and Transfer Facility - EPR/VP3130EF,SRCL LIMITED,B02 : Clinical Waste Incinerator,352100,180540,BS11 9BP,User left blank,Hhold/Ind/Com,18 - HUMAN AND ANIMAL HEALTH CARE WASTE,Natal care - diagnosis - treatment or prevention of disease in humans,medicines other than those mentioned in 18 01 08,18 01 09,Incineration,Clinical Waste Incinerator,Stroud,Gloucestershire,South West,Incineration,D10,0.041,02 - Chemical preparation wastes,Off-specification chemical wastes
South West,"Bath, Bristol and S Glo",Bristol City,"Bristol, City of",VP3130EF,Avonmouth Healthcare Waste Incinerator and Transfer Facility - EPR/VP3130EF,SRCL LIMITED,B02 : Clinical Waste Incinerator,352100,180540,BS11 9BP,Solid,Hazardous,18 - HUMAN AND ANIMAL HEALTH CARE WASTE,Natal care - diagnosis - treatment or prevention of disease in humans,cytotoxic and cytostatic medicines,18 01 08*,Incineration,Clinical Waste Incinerator,Basingstoke and Deane,Hampshire,South East,Incineration,D10,0.068,02 - Chemical preparation wastes,Off-specification chemical wastes
South West,"Bath, Bristol and S Glo",Bristol City,"Bristol, City of",VP3130EF,Avonmouth Healthcare Waste Incinerator and Transfer Facility - EPR/VP3130EF,SRCL LIMITED,B02 : Clinical Waste Incinerator,352100,180540,BS11 9BP,Solid,Hazardous,18 - HUMAN AND ANIMAL HEALTH CARE WASTE,Natal care - diagnosis - treatment or prevention of disease in humans,wastes whose collection and disposal is subject to special requirements in order to prevent infection,18 01 03*,Incineration,Clinical Waste Incinerator,Basingstoke and Deane,Hampshire,South East,Incineration,D10,1.243,05 - Healthcare and biological wastes,Infectious health care wastes
South West,"Bath, Bristol and S Glo",Bristol City,"Bristol, City of",VP3130EF,Avonmouth Healthcare Waste Incinerator and Transfer Facility - EPR/VP3130EF,SRCL LIMITED,B02 : Clinical Waste Incinerator,352100,180540,BS11 9BP,Solid,Hazardous,18 - HUMAN AND ANIMAL HEALTH CARE WASTE,Natal care - diagnosis - treatment or prevention of disease in humans,wastes whose collection and disposal is subject to special requirements in order to prevent infection,18 01 03*,Incineration,Clinical Waste Incinerator,Eastleigh,Hampshire,South East,Incineration,D10,2.501,05 - Healthcare and biological wastes,Infectious health care wastes
South West,"Bath, Bristol and S Glo",Bristol City,"Bristol, City of",VP3130EF,Avonmouth Healthcare Waste Incinerator and Transfer Facility - EPR/VP3130EF,SRCL LIMITED,B02 : Clinical Waste Incinerator,352100,180540,BS11 9BP,User left blank,Hazardous,18 - HUMAN AND ANIMAL HEALTH CARE WASTE,Natal care - diagnosis - treatment or prevention of disease in humans,wastes whose collection and disposal is subject to special requirements in order to prevent infection,18 01 03*,Incineration,Clinical Waste Incinerator,Eastleigh,Hampshire,South East,Incineration,D10,1.386,05 - Healthcare and biological wastes,Infectious health care wastes
South West,"Bath, Bristol and S Glo",Bristol City,"Bristol, City of",VP3130EF,Avonmouth Healthcare Waste Incinerator and Transfer Facility - EPR/VP3130EF,SRCL LIMITED,B02 : Clinical Waste Incinerator,352100,180540,BS11 9BP,User left blank,Hhold/Ind/Com,18 - HUMAN AND ANIMAL HEALTH CARE WASTE,Natal care - diagnosis - treatment or prevention of disease in humans,"wastes whose collection and disposal is not subject to special requirements in order to prevent infection(for example dressings, plaster casts, linen, disposable clothing, diapers)",18 01 04,Incineration,Clinical Waste Incinerator,Eastleigh,Hampshire,South East,Recovery,R13,0.139,10 - Mixed ordinary wastes,Mixed and undifferentiated materials
South West,"Bath, Bristol and S Glo",Bristol City,"Bristol, City of",VP3130EF,Avonmouth Healthcare Waste Incinerator and Transfer Facility - EPR/VP3130EF,SRCL LIMITED,B02 : Clinical Waste Incinerator,352100,180540,BS11 9BP,Solid,Hazardous,18 - HUMAN AND ANIMAL HEALTH CARE WASTE,Natal care - diagnosis - treatment or prevention of disease in humans,wastes whose collection and disposal is subject to special requirements in order to prevent infection,18 01 03*,Incineration,Clinical Waste Incinerator,New Forest,Hampshire,South East,Incineration,D10,0.462,05 - Healthcare and biological wastes,Infectious health care wastes
South West,"Bath, Bristol and S Glo",Bristol City,"Bristol, City of",VP3130EF,Avonmouth Healthcare Waste Incinerator and Transfer Facility - EPR/VP3130EF,SRCL LIMITED,B02 : Clinical Waste Incinerator,352100,180540,BS11 9BP,Solid,Hazardous,18 - HUMAN AND ANIMAL HEALTH CARE WASTE,Natal care - diagnosis - treatment or prevention of disease in humans,cytotoxic and cytostatic medicines,18 01 08*,Incineration,Clinical Waste Incinerator,Test Valley,Hampshire,South East,Incineration,D10,0.115,02 - Chemical preparation wastes,Off-specification chemical wastes
South West,"Bath, Bristol and S Glo",Bristol City,"Bristol, City of",VP3130EF,Avonmouth Healthcare Waste Incinerator and Transfer Facility - EPR/VP3130EF,SRCL LIMITED,B02 : Clinical Waste Incinerator,352100,180540,BS11 9BP,Solid,Hazardous,18 - HUMAN AND ANIMAL HEALTH CARE WASTE,Natal care - diagnosis - treatment or prevention of disease in humans,wastes whose collection and disposal is subject to special requirements in order to prevent infection,18 01 03*,Incineration,Clinical Waste Incinerator,Test Valley,Hampshire,South East,Incineration,D10,10.601,05 - Healthcare and biological wastes,Infectious health care wastes
South West,"Bath, Bristol and S Glo",Bristol City,"Bristol, City of",VP3130EF,Avonmouth Healthcare Waste Incinerator and Transfer Facility - EPR/VP3130EF,SRCL LIMITED,B02 : Clinical Waste Incinerator,352100,180540,BS11 9BP,Solid,Hhold/Ind/Com,18 - HUMAN AND ANIMAL HEALTH CARE WASTE,Natal care - diagnosis - treatment or prevention of disease in humans,"wastes whose collection and disposal is not subject to special requirements in order to prevent infection(for example dressings, plaster casts, linen, disposable clothing, diapers)",18 01 04,Incineration,Clinical Waste Incinerator,Test Valley,Hampshire,South East,Recovery,R13,0.868,10 - Mixed ordinary wastes,Mixed and undifferentiated materials
South West,"Bath, Bristol and S Glo",Bristol City,"Bristol, City of",VP3130EF,Avonmouth Healthcare Waste Incinerator and Transfer Facility - EPR/VP3130EF,SRCL LIMITED,B02 : Clinical Waste Incinerator,352100,180540,BS11 9BP,Solid,Hazardous,18 - HUMAN AND ANIMAL HEALTH CARE WASTE,Natal care - diagnosis - treatment or prevention of disease in humans,wastes whose collection and disposal is subject to special requirements in order to prevent infection,18 01 03*,Incineration,Clinical Waste Incinerator,Winchester,Hampshire,South East,Incineration,D10,5.511,05 - Healthcare and biological wastes,Infectious health care wastes
South West,"Bath, Bristol and S Glo",Bristol City,"Bristol, City of",VP3130EF,Avonmouth Healthcare Waste Incinerator and Transfer Facility - EPR/VP3130EF,SRCL LIMITED,B02 : Clinical Waste Incinerator,352100,180540,BS11 9BP,Solid,Hhold/Ind/Com,18 - HUMAN AND ANIMAL HEALTH CARE WASTE,Natal care - diagnosis - treatment or prevention of disease in humans,medicines other than those mentioned in 18 01 08,18 01 09,Incineration,Clinical Waste Incinerator,Winchester,Hampshire,South East,Incineration,D10,0.535,02 - Chemical preparation wastes,Off-specification chemical wastes
South West,"Bath, Bristol and S Glo",Bristol City,"Bristol, City of",VP3130EF,Avonmouth Healthcare Waste Incinerator and Transfer Facility - EPR/VP3130EF,SRCL LIMITED,B02 : Clinical Waste Incinerator,352100,180540,BS11 9BP,Solid,Hazardous,18 - HUMAN AND ANIMAL HEALTH CARE WASTE,Natal care - diagnosis - treatment or prevention of disease in humans,wastes whose collection and disposal is subject to special requirements in order to prevent infection,18 01 03*,Incineration,Clinical Waste Incinerator,Hertsmere,Hertfordshire,East of England,Incineration,D10,0.595,05 - Healthcare and biological wastes,Infectious health care wastes
South West,"Bath, Bristol and S Glo",Bristol City,"Bristol, City of",VP3130EF,Avonmouth Healthcare Waste Incinerator and Transfer Facility - EPR/VP3130EF,SRCL LIMITED,B02 : Clinical Waste Incinerator,352100,180540,BS11 9BP,Solid,Hazardous,18 - HUMAN AND ANIMAL HEALTH CARE WASTE,Natal care - diagnosis - treatment or prevention of disease in humans,wastes whose collection and disposal is subject to special requirements in order to prevent infection,18 01 03*,Incineration,Clinical Waste Incinerator,North West Leicestershire,Leicestershire,East Midlands,Incineration,D10,0.095,05 - Healthcare and biological wastes,Infectious health care wastes
South West,"Bath, Bristol and S Glo",Bristol City,"Bristol, City of",VP3130EF,Avonmouth Healthcare Waste Incinerator and Transfer Facility - EPR/VP3130EF,SRCL LIMITED,B02 : Clinical Waste Incinerator,352100,180540,BS11 9BP,User left blank,Hazardous,18 - HUMAN AND ANIMAL HEALTH CARE WASTE,Natal care - diagnosis - treatment or prevention of disease in humans,wastes whose collection and disposal is subject to special requirements in order to prevent infection,18 01 03*,Incineration,Clinical Waste Incinerator,North West Leicestershire,Leicestershire,East Midlands,Incineration,D10,0.121,05 - Healthcare and biological wastes,Infectious health care wastes
South West,"Bath, Bristol and S Glo",Bristol City,"Bristol, City of",VP3130EF,Avonmouth Healthcare Waste Incinerator and Transfer Facility - EPR/VP3130EF,SRCL LIMITED,B02 : Clinical Waste Incinerator,352100,180540,BS11 9BP,Solid,Hazardous,18 - HUMAN AND ANIMAL HEALTH CARE WASTE,Natal care - diagnosis - treatment or prevention of disease in humans,chemicals consisting of or containing dangerous substances,18 01 06*,Incineration,Clinical Waste Incinerator,London,London (WPA Not codeable),London,Incineration,D10,0.26,02 - Chemical preparation wastes,Off-specification chemical wastes
South West,"Bath, Bristol and S Glo",Bristol City,"Bristol, City of",VP3130EF,Avonmouth Healthcare Waste Incinerator and Transfer Facility - EPR/VP3130EF,SRCL LIMITED,B02 : Clinical Waste Incinerator,352100,180540,BS11 9BP,Solid,Hazardous,18 - HUMAN AND ANIMAL HEALTH CARE WASTE,Natal care - diagnosis - treatment or prevention of disease in humans,cytotoxic and cytostatic medicines,18 01 08*,Incineration,Clinical Waste Incinerator,London,London (WPA Not codeable),London,Incineration,D10,0.221,02 - Chemical preparation wastes,Off-specification chemical wastes
South West,"Bath, Bristol and S Glo",Bristol City,"Bristol, City of",VP3130EF,Avonmouth Healthcare Waste Incinerator and Transfer Facility - EPR/VP3130EF,SRCL LIMITED,B02 : Clinical Waste Incinerator,352100,180540,BS11 9BP,Solid,Hazardous,18 - HUMAN AND ANIMAL HEALTH CARE WASTE,Natal care - diagnosis - treatment or prevention of disease in humans,wastes whose collection and disposal is subject to special requirements in order to prevent infection,18 01 03*,Incineration,Clinical Waste Incinerator,London,London (WPA Not codeable),London,Incineration,D10,4.753,05 - Healthcare and biological wastes,Infectious health care wastes
South West,"Bath, Bristol and S Glo",Bristol City,"Bristol, City of",VP3130EF,Avonmouth Healthcare Waste Incinerator and Transfer Facility - EPR/VP3130EF,SRCL LIMITED,B02 : Clinical Waste Incinerator,352100,180540,BS11 9BP,Solid,Hazardous,18 - HUMAN AND ANIMAL HEALTH CARE WASTE,Natal care - diagnosis - treatment or prevention of disease in humans,cytotoxic and cytostatic medicines,18 01 08*,Incineration,Clinical Waste Incinerator,North Somerset,North Somerset,South West,Incineration,D10,0.067,02 - Chemical preparation wastes,Off-specification chemical wastes
South West,"Bath, Bristol and S Glo",Bristol City,"Bristol, City of",VP3130EF,Avonmouth Healthcare Waste Incinerator and Transfer Facility - EPR/VP3130EF,SRCL LIMITED,B02 : Clinical Waste Incinerator,352100,180540,BS11 9BP,Solid,Hazardous,18 - HUMAN AND ANIMAL HEALTH CARE WASTE,Natal care - diagnosis - treatment or prevention of disease in humans,wastes whose collection and disposal is subject to special requirements in order to prevent infection,18 01 03*,Incineration,Clinical Waste Incinerator,North Somerset,North Somerset,South West,Incineration,D10,69.237,05 - Healthcare and biological wastes,Infectious health care wastes
South West,"Bath, Bristol and S Glo",Bristol City,"Bristol, City of",VP3130EF,Avonmouth Healthcare Waste Incinerator and Transfer Facility - EPR/VP3130EF,SRCL LIMITED,B02 : Clinical Waste Incinerator,352100,180540,BS11 9BP,Solid,Hhold/Ind/Com,18 - HUMAN AND ANIMAL HEALTH CARE WASTE,Natal care - diagnosis - treatment or prevention of disease in humans,medicines other than those mentioned in 18 01 08,18 01 09,Incineration,Clinical Waste Incinerator,North Somerset,North Somerset,South West,Incineration,D10,1.404,02 - Chemical preparation wastes,Off-specification chemical wastes
South West,"Bath, Bristol and S Glo",Bristol City,"Bristol, City of",VP3130EF,Avonmouth Healthcare Waste Incinerator and Transfer Facility - EPR/VP3130EF,SRCL LIMITED,B02 : Clinical Waste Incinerator,352100,180540,BS11 9BP,Solid,Hhold/Ind/Com,18 - HUMAN AND ANIMAL HEALTH CARE WASTE,Natal care - diagnosis - treatment or prevention of disease in humans,"wastes whose collection and disposal is not subject to special requirements in order to prevent infection(for example dressings, plaster casts, linen, disposable clothing, diapers)",18 01 04,Incineration,Clinical Waste Incinerator,North Somerset,North Somerset,South West,Incineration,D10,0.108,10 - Mixed ordinary wastes,Mixed and undifferentiated materials
South West,"Bath, Bristol and S Glo",Bristol City,"Bristol, City of",VP3130EF,Avonmouth Healthcare Waste Incinerator and Transfer Facility - EPR/VP3130EF,SRCL LIMITED,B02 : Clinical Waste Incinerator,352100,180540,BS11 9BP,User left blank,Hazardous,18 - HUMAN AND ANIMAL HEALTH CARE WASTE,Natal care - diagnosis - treatment or prevention of disease in humans,cytotoxic and cytostatic medicines,18 01 08*,Incineration,Clinical Waste Incinerator,North Somerset,North Somerset,South West,Incineration,D10,0.091,02 - Chemical preparation wastes,Off-specification chemical wastes
South West,"Bath, Bristol and S Glo",Bristol City,"Bristol, City of",VP3130EF,Avonmouth Healthcare Waste Incinerator and Transfer Facility - EPR/VP3130EF,SRCL LIMITED,B02 : Clinical Waste Incinerator,352100,180540,BS11 9BP,User left blank,Hazardous,18 - HUMAN AND ANIMAL HEALTH CARE WASTE,Natal care - diagnosis - treatment or prevention of disease in humans,wastes whose collection and disposal is subject to special requirements in order to prevent infection,18 01 03*,Incineration,Clinical Waste Incinerator,North Somerset,North Somerset,South West,Incineration,D10,26.387,05 - Healthcare and biological wastes,Infectious health care wastes
South West,"Bath, Bristol and S Glo",Bristol City,"Bristol, City of",VP3130EF,Avonmouth Healthcare Waste Incinerator and Transfer Facility - EPR/VP3130EF,SRCL LIMITED,B02 : Clinical Waste Incinerator,352100,180540,BS11 9BP,User left blank,Hhold/Ind/Com,18 - HUMAN AND ANIMAL HEALTH CARE WASTE,Natal care - diagnosis - treatment or prevention of disease in humans,medicines other than those mentioned in 18 01 08,18 01 09,Incineration,Clinical Waste Incinerator,North Somerset,North Somerset,South West,Incineration,D10,0.507,02 - Chemical preparation wastes,Off-specification chemical wastes
South West,"Bath, Bristol and S Glo",Bristol City,"Bristol, City of",VP3130EF,Avonmouth Healthcare Waste Incinerator and Transfer Facility - EPR/VP3130EF,SRCL LIMITED,B02 : Clinical Waste Incinerator,352100,180540,BS11 9BP,Solid,Hhold/Ind/Com,18 - HUMAN AND ANIMAL HEALTH CARE WASTE,Natal care - diagnosis - treatment or prevention of disease in humans,"wastes whose collection and disposal is not subject to special requirements in order to prevent infection(for example dressings, plaster casts, linen, disposable clothing, diapers)",18 01 04,Incineration,Clinical Waste Incinerator,North Somerset,North Somerset,South West,Recovery,R13,93.822,10 - Mixed ordinary wastes,Mixed and undifferentiated materials
South West,"Bath, Bristol and S Glo",Bristol City,"Bristol, City of",VP3130EF,Avonmouth Healthcare Waste Incinerator and Transfer Facility - EPR/VP3130EF,SRCL LIMITED,B02 : Clinical Waste Incinerator,352100,180540,BS11 9BP,User left blank,Hhold/Ind/Com,18 - HUMAN AND ANIMAL HEALTH CARE WASTE,Natal care - diagnosis - treatment or prevention of disease in humans,"wastes whose collection and disposal is not subject to special requirements in order to prevent infection(for example dressings, plaster casts, linen, disposable clothing, diapers)",18 01 04,Incineration,Clinical Waste Incinerator,North Somerset,North Somerset,South West,Recovery,R13,46.893,10 - Mixed ordinary wastes,Mixed and undifferentiated materials
South West,"Bath, Bristol and S Glo",Bristol City,"Bristol, City of",VP3130EF,Avonmouth Healthcare Waste Incinerator and Transfer Facility - EPR/VP3130EF,SRCL LIMITED,B02 : Clinical Waste Incinerator,352100,180540,BS11 9BP,Solid,Hazardous,18 - HUMAN AND ANIMAL HEALTH CARE WASTE,Natal care - diagnosis - treatment or prevention of disease in humans,wastes whose collection and disposal is subject to special requirements in order to prevent infection,18 01 03*,Incineration,Clinical Waste Incinerator,North West,North West (WPA Not codeable),North West,Incineration,D10,0.1,05 - Healthcare and biological wastes,Infectious health care wastes
South West,"Bath, Bristol and S Glo",Bristol City,"Bristol, City of",VP3130EF,Avonmouth Healthcare Waste Incinerator and Transfer Facility - EPR/VP3130EF,SRCL LIMITED,B02 : Clinical Waste Incinerator,352100,180540,BS11 9BP,User left blank,Hazardous,18 - HUMAN AND ANIMAL HEALTH CARE WASTE,Natal care - diagnosis - treatment or prevention of disease in humans,wastes whose collection and disposal is subject to special requirements in order to prevent infection,18 01 03*,Incineration,Clinical Waste Incinerator,Cherwell,Oxfordshire,South East,Incineration,D10,0.018,05 - Healthcare and biological wastes,Infectious health care wastes
South West,"Bath, Bristol and S Glo",Bristol City,"Bristol, City of",VP3130EF,Avonmouth Healthcare Waste Incinerator and Transfer Facility - EPR/VP3130EF,SRCL LIMITED,B02 : Clinical Waste Incinerator,352100,180540,BS11 9BP,Solid,Hazardous,18 - HUMAN AND ANIMAL HEALTH CARE WASTE,Natal care - diagnosis - treatment or prevention of disease in humans,cytotoxic and cytostatic medicines,18 01 08*,Incineration,Clinical Waste Incinerator,Poole,Poole,South West,Incineration,D10,0.146,02 - Chemical preparation wastes,Off-specification chemical wastes
South West,"Bath, Bristol and S Glo",Bristol City,"Bristol, City of",VP3130EF,Avonmouth Healthcare Waste Incinerator and Transfer Facility - EPR/VP3130EF,SRCL LIMITED,B02 : Clinical Waste Incinerator,352100,180540,BS11 9BP,Solid,Hazardous,18 - HUMAN AND ANIMAL HEALTH CARE WASTE,Natal care - diagnosis - treatment or prevention of disease in humans,wastes whose collection and disposal is subject to special requirements in order to prevent infection,18 01 03*,Incineration,Clinical Waste Incinerator,Poole,Poole,South West,Incineration,D10,0.352,05 - Healthcare and biological wastes,Infectious health care wastes
South West,"Bath, Bristol and S Glo",Bristol City,"Bristol, City of",VP3130EF,Avonmouth Healthcare Waste Incinerator and Transfer Facility - EPR/VP3130EF,SRCL LIMITED,B02 : Clinical Waste Incinerator,352100,180540,BS11 9BP,Solid,Hhold/Ind/Com,18 - HUMAN AND ANIMAL HEALTH CARE WASTE,Natal care - diagnosis - treatment or prevention of disease in humans,medicines other than those mentioned in 18 01 08,18 01 09,Incineration,Clinical Waste Incinerator,Poole,Poole,South West,Incineration,D10,0.133,02 - Chemical preparation wastes,Off-specification chemical wastes
South West,"Bath, Bristol and S Glo",Bristol City,"Bristol, City of",VP3130EF,Avonmouth Healthcare Waste Incinerator and Transfer Facility - EPR/VP3130EF,SRCL LIMITED,B02 : Clinical Waste Incinerator,352100,180540,BS11 9BP,Solid,Hazardous,18 - HUMAN AND ANIMAL HEALTH CARE WASTE,Natal care - diagnosis - treatment or prevention of disease in humans,cytotoxic and cytostatic medicines,18 01 08*,Incineration,Clinical Waste Incinerator,Somerset,Somerset,South West,Incineration,D10,0.006,02 - Chemical preparation wastes,Off-specification chemical wastes
South West,"Bath, Bristol and S Glo",Bristol City,"Bristol, City of",VP3130EF,Avonmouth Healthcare Waste Incinerator and Transfer Facility - EPR/VP3130EF,SRCL LIMITED,B02 : Clinical Waste Incinerator,352100,180540,BS11 9BP,Solid,Hazardous,18 - HUMAN AND ANIMAL HEALTH CARE WASTE,Natal care - diagnosis - treatment or prevention of disease in humans,wastes whose collection and disposal is subject to special requirements in order to prevent infection,18 01 03*,Incineration,Clinical Waste Incinerator,Somerset,Somerset,South West,Incineration,D10,5.277,05 - Healthcare and biological wastes,Infectious health care wastes
South West,"Bath, Bristol and S Glo",Bristol City,"Bristol, City of",VP3130EF,Avonmouth Healthcare Waste Incinerator and Transfer Facility - EPR/VP3130EF,SRCL LIMITED,B02 : Clinical Waste Incinerator,352100,180540,BS11 9BP,Solid,Hhold/Ind/Com,18 - HUMAN AND ANIMAL HEALTH CARE WASTE,Natal care - diagnosis - treatment or prevention of disease in humans,medicines other than those mentioned in 18 01 08,18 01 09,Incineration,Clinical Waste Incinerator,Somerset,Somerset,South West,Incineration,D10,0.967,02 - Chemical preparation wastes,Off-specification chemical wastes
South West,"Bath, Bristol and S Glo",Bristol City,"Bristol, City of",VP3130EF,Avonmouth Healthcare Waste Incinerator and Transfer Facility - EPR/VP3130EF,SRCL LIMITED,B02 : Clinical Waste Incinerator,352100,180540,BS11 9BP,Solid,Hhold/Ind/Com,18 - HUMAN AND ANIMAL HEALTH CARE WASTE,Natal care - diagnosis - treatment or prevention of disease in humans,"wastes whose collection and disposal is not subject to special requirements in order to prevent infection(for example dressings, plaster casts, linen, disposable clothing, diapers)",18 01 04,Incineration,Clinical Waste Incinerator,Somerset,Somerset,South West,Incineration,D10,0.014,10 - Mixed ordinary wastes,Mixed and undifferentiated materials
South West,"Bath, Bristol and S Glo",Bristol City,"Bristol, City of",VP3130EF,Avonmouth Healthcare Waste Incinerator and Transfer Facility - EPR/VP3130EF,SRCL LIMITED,B02 : Clinical Waste Incinerator,352100,180540,BS11 9BP,User left blank,Hazardous,18 - HUMAN AND ANIMAL HEALTH CARE WASTE,Natal care - diagnosis - treatment or prevention of disease in humans,cytotoxic and cytostatic medicines,18 01 08*,Incineration,Clinical Waste Incinerator,Somerset,Somerset,South West,Incineration,D10,0.007,02 - Chemical preparation wastes,Off-specification chemical wastes
South West,"Bath, Bristol and S Glo",Bristol City,"Bristol, City of",VP3130EF,Avonmouth Healthcare Waste Incinerator and Transfer Facility - EPR/VP3130EF,SRCL LIMITED,B02 : Clinical Waste Incinerator,352100,180540,BS11 9BP,User left blank,Hazardous,18 - HUMAN AND ANIMAL HEALTH CARE WASTE,Natal care - diagnosis - treatment or prevention of disease in humans,wastes whose collection and disposal is subject to special requirements in order to prevent infection,18 01 03*,Incineration,Clinical Waste Incinerator,Somerset,Somerset,South West,Incineration,D10,1.267,05 - Healthcare and biological wastes,Infectious health care wastes
South West,"Bath, Bristol and S Glo",Bristol City,"Bristol, City of",VP3130EF,Avonmouth Healthcare Waste Incinerator and Transfer Facility - EPR/VP3130EF,SRCL LIMITED,B02 : Clinical Waste Incinerator,352100,180540,BS11 9BP,User left blank,Hhold/Ind/Com,18 - HUMAN AND ANIMAL HEALTH CARE WASTE,Natal care - diagnosis - treatment or prevention of disease in humans,medicines other than those mentioned in 18 01 08,18 01 09,Incineration,Clinical Waste Incinerator,Somerset,Somerset,South West,Incineration,D10,0.156,02 - Chemical preparation wastes,Off-specification chemical wastes
South West,"Bath, Bristol and S Glo",Bristol City,"Bristol, City of",VP3130EF,Avonmouth Healthcare Waste Incinerator and Transfer Facility - EPR/VP3130EF,SRCL LIMITED,B02 : Clinical Waste Incinerator,352100,180540,BS11 9BP,Solid,Hhold/Ind/Com,18 - HUMAN AND ANIMAL HEALTH CARE WASTE,Natal care - diagnosis - treatment or prevention of disease in humans,"wastes whose collection and disposal is not subject to special requirements in order to prevent infection(for example dressings, plaster casts, linen, disposable clothing, diapers)",18 01 04,Incineration,Clinical Waste Incinerator,Somerset,Somerset,South West,Recovery,R13,0.388,10 - Mixed ordinary wastes,Mixed and undifferentiated materials
South West,"Bath, Bristol and S Glo",Bristol City,"Bristol, City of",VP3130EF,Avonmouth Healthcare Waste Incinerator and Transfer Facility - EPR/VP3130EF,SRCL LIMITED,B02 : Clinical Waste Incinerator,352100,180540,BS11 9BP,User left blank,Hhold/Ind/Com,18 - HUMAN AND ANIMAL HEALTH CARE WASTE,Natal care - diagnosis - treatment or prevention of disease in humans,"wastes whose collection and disposal is not subject to special requirements in order to prevent infection(for example dressings, plaster casts, linen, disposable clothing, diapers)",18 01 04,Incineration,Clinical Waste Incinerator,Somerset,Somerset,South West,Recovery,R13,0.142,10 - Mixed ordinary wastes,Mixed and undifferentiated materials
South West,"Bath, Bristol and S Glo",Bristol City,"Bristol, City of",VP3130EF,Avonmouth Healthcare Waste Incinerator and Transfer Facility - EPR/VP3130EF,SRCL LIMITED,B02 : Clinical Waste Incinerator,352100,180540,BS11 9BP,Solid,Hazardous,18 - HUMAN AND ANIMAL HEALTH CARE WASTE,Natal care - diagnosis - treatment or prevention of disease in humans,cytotoxic and cytostatic medicines,18 01 08*,Incineration,Clinical Waste Incinerator,Somerset,Somerset,South West,Incineration,D10,0.001,02 - Chemical preparation wastes,Off-specification chemical wastes
South West,"Bath, Bristol and S Glo",Bristol City,"Bristol, City of",VP3130EF,Avonmouth Healthcare Waste Incinerator and Transfer Facility - EPR/VP3130EF,SRCL LIMITED,B02 : Clinical Waste Incinerator,352100,180540,BS11 9BP,Solid,Hazardous,18 - HUMAN AND ANIMAL HEALTH CARE WASTE,Natal care - diagnosis - treatment or prevention of disease in humans,wastes whose collection and disposal is subject to special requirements in order to prevent infection,18 01 03*,Incineration,Clinical Waste Incinerator,Somerset,Somerset,South West,Incineration,D10,0.339,05 - Healthcare and biological wastes,Infectious health care wastes
South West,"Bath, Bristol and S Glo",Bristol City,"Bristol, City of",VP3130EF,Avonmouth Healthcare Waste Incinerator and Transfer Facility - EPR/VP3130EF,SRCL LIMITED,B02 : Clinical Waste Incinerator,352100,180540,BS11 9BP,Solid,Hhold/Ind/Com,18 - HUMAN AND ANIMAL HEALTH CARE WASTE,Natal care - diagnosis - treatment or prevention of disease in humans,medicines other than those mentioned in 18 01 08,18 01 09,Incineration,Clinical Waste Incinerator,Somerset,Somerset,South West,Incineration,D10,0.183,02 - Chemical preparation wastes,Off-specification chemical wastes
South West,"Bath, Bristol and S Glo",Bristol City,"Bristol, City of",VP3130EF,Avonmouth Healthcare Waste Incinerator and Transfer Facility - EPR/VP3130EF,SRCL LIMITED,B02 : Clinical Waste Incinerator,352100,180540,BS11 9BP,User left blank,Hazardous,18 - HUMAN AND ANIMAL HEALTH CARE WASTE,Natal care - diagnosis - treatment or prevention of disease in humans,wastes whose collection and disposal is subject to special requirements in order to prevent infection,18 01 03*,Incineration,Clinical Waste Incinerator,Somerset,Somerset,South West,Incineration,D10,0.114,05 - Healthcare and biological wastes,Infectious health care wastes
South West,"Bath, Bristol and S Glo",Bristol City,"Bristol, City of",VP3130EF,Avonmouth Healthcare Waste Incinerator and Transfer Facility - EPR/VP3130EF,SRCL LIMITED,B02 : Clinical Waste Incinerator,352100,180540,BS11 9BP,User left blank,Hhold/Ind/Com,18 - HUMAN AND ANIMAL HEALTH CARE WASTE,Natal care - diagnosis - treatment or prevention of disease in humans,medicines other than those mentioned in 18 01 08,18 01 09,Incineration,Clinical Waste Incinerator,Somerset,Somerset,South West,Incineration,D10,0.041,02 - Chemical preparation wastes,Off-specification chemical wastes
South West,"Bath, Bristol and S Glo",Bristol City,"Bristol, City of",VP3130EF,Avonmouth Healthcare Waste Incinerator and Transfer Facility - EPR/VP3130EF,SRCL LIMITED,B02 : Clinical Waste Incinerator,352100,180540,BS11 9BP,Solid,Hhold/Ind/Com,18 - HUMAN AND ANIMAL HEALTH CARE WASTE,Natal care - diagnosis - treatment or prevention of disease in humans,"wastes whose collection and disposal is not subject to special requirements in order to prevent infection(for example dressings, plaster casts, linen, disposable clothing, diapers)",18 01 04,Incineration,Clinical Waste Incinerator,Somerset,Somerset,South West,Recovery,R13,0.735,10 - Mixed ordinary wastes,Mixed and undifferentiated materials
South West,"Bath, Bristol and S Glo",Bristol City,"Bristol, City of",VP3130EF,Avonmouth Healthcare Waste Incinerator and Transfer Facility - EPR/VP3130EF,SRCL LIMITED,B02 : Clinical Waste Incinerator,352100,180540,BS11 9BP,User left blank,Hhold/Ind/Com,18 - HUMAN AND ANIMAL HEALTH CARE WASTE,Natal care - diagnosis - treatment or prevention of disease in humans,"wastes whose collection and disposal is not subject to special requirements in order to prevent infection(for example dressings, plaster casts, linen, disposable clothing, diapers)",18 01 04,Incineration,Clinical Waste Incinerator,Somerset,Somerset,South West,Recovery,R13,0.234,10 - Mixed ordinary wastes,Mixed and undifferentiated materials
South West,"Bath, Bristol and S Glo",Bristol City,"Bristol, City of",VP3130EF,Avonmouth Healthcare Waste Incinerator and Transfer Facility - EPR/VP3130EF,SRCL LIMITED,B02 : Clinical Waste Incinerator,352100,180540,BS11 9BP,Solid,Hazardous,18 - HUMAN AND ANIMAL HEALTH CARE WASTE,Natal care - diagnosis - treatment or prevention of disease in humans,cytotoxic and cytostatic medicines,18 01 08*,Incineration,Clinical Waste Incinerator,Somerset,Somerset,South West,Incineration,D10,0.088,02 - Chemical preparation wastes,Off-specification chemical wastes
South West,"Bath, Bristol and S Glo",Bristol City,"Bristol, City of",VP3130EF,Avonmouth Healthcare Waste Incinerator and Transfer Facility - EPR/VP3130EF,SRCL LIMITED,B02 : Clinical Waste Incinerator,352100,180540,BS11 9BP,Solid,Hazardous,18 - HUMAN AND ANIMAL HEALTH CARE WASTE,Natal care - diagnosis - treatment or prevention of disease in humans,wastes whose collection and disposal is subject to special requirements in order to prevent infection,18 01 03*,Incineration,Clinical Waste Incinerator,Somerset,Somerset,South West,Incineration,D10,14.35,05 - Healthcare and biological wastes,Infectious health care wastes
South West,"Bath, Bristol and S Glo",Bristol City,"Bristol, City of",VP3130EF,Avonmouth Healthcare Waste Incinerator and Transfer Facility - EPR/VP3130EF,SRCL LIMITED,B02 : Clinical Waste Incinerator,352100,180540,BS11 9BP,Solid,Hhold/Ind/Com,18 - HUMAN AND ANIMAL HEALTH CARE WASTE,Natal care - diagnosis - treatment or prevention of disease in humans,medicines other than those mentioned in 18 01 08,18 01 09,Incineration,Clinical Waste Incinerator,Somerset,Somerset,South West,Incineration,D10,0.962,02 - Chemical preparation wastes,Off-specification chemical wastes
South West,"Bath, Bristol and S Glo",Bristol City,"Bristol, City of",VP3130EF,Avonmouth Healthcare Waste Incinerator and Transfer Facility - EPR/VP3130EF,SRCL LIMITED,B02 : Clinical Waste Incinerator,352100,180540,BS11 9BP,Solid,Hhold/Ind/Com,18 - HUMAN AND ANIMAL HEALTH CARE WASTE,Natal care - diagnosis - treatment or prevention of disease in humans,"wastes whose collection and disposal is not subject to special requirements in order to prevent infection(for example dressings, plaster casts, linen, disposable clothing, diapers)",18 01 04,Incineration,Clinical Waste Incinerator,Somerset,Somerset,South West,Incineration,D10,0.054,10 - Mixed ordinary wastes,Mixed and undifferentiated materials
South West,"Bath, Bristol and S Glo",Bristol City,"Bristol, City of",VP3130EF,Avonmouth Healthcare Waste Incinerator and Transfer Facility - EPR/VP3130EF,SRCL LIMITED,B02 : Clinical Waste Incinerator,352100,180540,BS11 9BP,User left blank,Hazardous,18 - HUMAN AND ANIMAL HEALTH CARE WASTE,Natal care - diagnosis - treatment or prevention of disease in humans,cytotoxic and cytostatic medicines,18 01 08*,Incineration,Clinical Waste Incinerator,Somerset,Somerset,South West,Incineration,D10,0.025,02 - Chemical preparation wastes,Off-specification chemical wastes
South West,"Bath, Bristol and S Glo",Bristol City,"Bristol, City of",VP3130EF,Avonmouth Healthcare Waste Incinerator and Transfer Facility - EPR/VP3130EF,SRCL LIMITED,B02 : Clinical Waste Incinerator,352100,180540,BS11 9BP,User left blank,Hazardous,18 - HUMAN AND ANIMAL HEALTH CARE WASTE,Natal care - diagnosis - treatment or prevention of disease in humans,wastes whose collection and disposal is subject to special requirements in order to prevent infection,18 01 03*,Incineration,Clinical Waste Incinerator,Somerset,Somerset,South West,Incineration,D10,4.301,05 - Healthcare and biological wastes,Infectious health care wastes
South West,"Bath, Bristol and S Glo",Bristol City,"Bristol, City of",VP3130EF,Avonmouth Healthcare Waste Incinerator and Transfer Facility - EPR/VP3130EF,SRCL LIMITED,B02 : Clinical Waste Incinerator,352100,180540,BS11 9BP,User left blank,Hhold/Ind/Com,18 - HUMAN AND ANIMAL HEALTH CARE WASTE,Natal care - diagnosis - treatment or prevention of disease in humans,medicines other than those mentioned in 18 01 08,18 01 09,Incineration,Clinical Waste Incinerator,Somerset,Somerset,South West,Incineration,D10,0.454,02 - Chemical preparation wastes,Off-specification chemical wastes
South West,"Bath, Bristol and S Glo",Bristol City,"Bristol, City of",VP3130EF,Avonmouth Healthcare Waste Incinerator and Transfer Facility - EPR/VP3130EF,SRCL LIMITED,B02 : Clinical Waste Incinerator,352100,180540,BS11 9BP,Solid,Hazardous,18 - HUMAN AND ANIMAL HEALTH CARE WASTE,Natal care - diagnosis - treatment or prevention of disease in humans,amalgam waste from dental care,18 01 10*,Incineration,Clinical Waste Incinerator,Somerset,Somerset,South West,Recovery,R13,0.022,01 - Chemical compound wastes,"Acid, alkalies or salts"
South West,"Bath, Bristol and S Glo",Bristol City,"Bristol, City of",VP3130EF,Avonmouth Healthcare Waste Incinerator and Transfer Facility - EPR/VP3130EF,SRCL LIMITED,B02 : Clinical Waste Incinerator,352100,180540,BS11 9BP,Solid,Hhold/Ind/Com,18 - HUMAN AND ANIMAL HEALTH CARE WASTE,Natal care - diagnosis - treatment or prevention of disease in humans,"wastes whose collection and disposal is not subject to special requirements in order to prevent infection(for example dressings, plaster casts, linen, disposable clothing, diapers)",18 01 04,Incineration,Clinical Waste Incinerator,Somerset,Somerset,South West,Recovery,R13,2.906,10 - Mixed ordinary wastes,Mixed and undifferentiated materials
South West,"Bath, Bristol and S Glo",Bristol City,"Bristol, City of",VP3130EF,Avonmouth Healthcare Waste Incinerator and Transfer Facility - EPR/VP3130EF,SRCL LIMITED,B02 : Clinical Waste Incinerator,352100,180540,BS11 9BP,User left blank,Hhold/Ind/Com,18 - HUMAN AND ANIMAL HEALTH CARE WASTE,Natal care - diagnosis - treatment or prevention of disease in humans,"wastes whose collection and disposal is not subject to special requirements in order to prevent infection(for example dressings, plaster casts, linen, disposable clothing, diapers)",18 01 04,Incineration,Clinical Waste Incinerator,Somerset,Somerset,South West,Recovery,R13,0.954,10 - Mixed ordinary wastes,Mixed and undifferentiated materials
South West,"Bath, Bristol and S Glo",Bristol City,"Bristol, City of",VP3130EF,Avonmouth Healthcare Waste Incinerator and Transfer Facility - EPR/VP3130EF,SRCL LIMITED,B02 : Clinical Waste Incinerator,352100,180540,BS11 9BP,Solid,Hazardous,18 - HUMAN AND ANIMAL HEALTH CARE WASTE,Natal care - diagnosis - treatment or prevention of disease in humans,cytotoxic and cytostatic medicines,18 01 08*,Incineration,Clinical Waste Incinerator,Somerset,Somerset,South West,Incineration,D10,0.003,02 - Chemical preparation wastes,Off-specification chemical wastes
South West,"Bath, Bristol and S Glo",Bristol City,"Bristol, City of",VP3130EF,Avonmouth Healthcare Waste Incinerator and Transfer Facility - EPR/VP3130EF,SRCL LIMITED,B02 : Clinical Waste Incinerator,352100,180540,BS11 9BP,Solid,Hazardous,18 - HUMAN AND ANIMAL HEALTH CARE WASTE,Natal care - diagnosis - treatment or prevention of disease in humans,wastes whose collection and disposal is subject to special requirements in order to prevent infection,18 01 03*,Incineration,Clinical Waste Incinerator,Somerset,Somerset,South West,Incineration,D10,1.467,05 - Healthcare and biological wastes,Infectious health care wastes
South West,"Bath, Bristol and S Glo",Bristol City,"Bristol, City of",VP3130EF,Avonmouth Healthcare Waste Incinerator and Transfer Facility - EPR/VP3130EF,SRCL LIMITED,B02 : Clinical Waste Incinerator,352100,180540,BS11 9BP,Solid,Hhold/Ind/Com,18 - HUMAN AND ANIMAL HEALTH CARE WASTE,Natal care - diagnosis - treatment or prevention of disease in humans,medicines other than those mentioned in 18 01 08,18 01 09,Incineration,Clinical Waste Incinerator,Somerset,Somerset,South West,Incineration,D10,0.155,02 - Chemical preparation wastes,Off-specification chemical wastes
South West,"Bath, Bristol and S Glo",Bristol City,"Bristol, City of",VP3130EF,Avonmouth Healthcare Waste Incinerator and Transfer Facility - EPR/VP3130EF,SRCL LIMITED,B02 : Clinical Waste Incinerator,352100,180540,BS11 9BP,User left blank,Hazardous,18 - HUMAN AND ANIMAL HEALTH CARE WASTE,Natal care - diagnosis - treatment or prevention of disease in humans,wastes whose collection and disposal is subject to special requirements in order to prevent infection,18 01 03*,Incineration,Clinical Waste Incinerator,Somerset,Somerset,South West,Incineration,D10,0.497,05 - Healthcare and biological wastes,Infectious health care wastes
South West,"Bath, Bristol and S Glo",Bristol City,"Bristol, City of",VP3130EF,Avonmouth Healthcare Waste Incinerator and Transfer Facility - EPR/VP3130EF,SRCL LIMITED,B02 : Clinical Waste Incinerator,352100,180540,BS11 9BP,User left blank,Hhold/Ind/Com,18 - HUMAN AND ANIMAL HEALTH CARE WASTE,Natal care - diagnosis - treatment or prevention of disease in humans,medicines other than those mentioned in 18 01 08,18 01 09,Incineration,Clinical Waste Incinerator,Somerset,Somerset,South West,Incineration,D10,0.027,02 - Chemical preparation wastes,Off-specification chemical wastes
South West,"Bath, Bristol and S Glo",Bristol City,"Bristol, City of",VP3130EF,Avonmouth Healthcare Waste Incinerator and Transfer Facility - EPR/VP3130EF,SRCL LIMITED,B02 : Clinical Waste Incinerator,352100,180540,BS11 9BP,Solid,Hhold/Ind/Com,18 - HUMAN AND ANIMAL HEALTH CARE WASTE,Natal care - diagnosis - treatment or prevention of disease in humans,"wastes whose collection and disposal is not subject to special requirements in order to prevent infection(for example dressings, plaster casts, linen, disposable clothing, diapers)",18 01 04,Incineration,Clinical Waste Incinerator,Somerset,Somerset,South West,Recovery,R13,6.266,10 - Mixed ordinary wastes,Mixed and undifferentiated materials
South West,"Bath, Bristol and S Glo",Bristol City,"Bristol, City of",VP3130EF,Avonmouth Healthcare Waste Incinerator and Transfer Facility - EPR/VP3130EF,SRCL LIMITED,B02 : Clinical Waste Incinerator,352100,180540,BS11 9BP,User left blank,Hhold/Ind/Com,18 - HUMAN AND ANIMAL HEALTH CARE WASTE,Natal care - diagnosis - treatment or prevention of disease in humans,"wastes whose collection and disposal is not subject to special requirements in order to prevent infection(for example dressings, plaster casts, linen, disposable clothing, diapers)",18 01 04,Incineration,Clinical Waste Incinerator,Somerset,Somerset,South West,Recovery,R13,1.796,10 - Mixed ordinary wastes,Mixed and undifferentiated materials
South West,"Bath, Bristol and S Glo",Bristol City,"Bristol, City of",VP3130EF,Avonmouth Healthcare Waste Incinerator and Transfer Facility - EPR/VP3130EF,SRCL LIMITED,B02 : Clinical Waste Incinerator,352100,180540,BS11 9BP,Solid,Hazardous,18 - HUMAN AND ANIMAL HEALTH CARE WASTE,Natal care - diagnosis - treatment or prevention of disease in humans,wastes whose collection and disposal is subject to special requirements in order to prevent infection,18 01 03*,Incineration,Clinical Waste Incinerator,Somerset,Somerset,South West,Incineration,D10,1.975,05 - Healthcare and biological wastes,Infectious health care wastes
South West,"Bath, Bristol and S Glo",Bristol City,"Bristol, City of",VP3130EF,Avonmouth Healthcare Waste Incinerator and Transfer Facility - EPR/VP3130EF,SRCL LIMITED,B02 : Clinical Waste Incinerator,352100,180540,BS11 9BP,Solid,Hhold/Ind/Com,18 - HUMAN AND ANIMAL HEALTH CARE WASTE,Natal care - diagnosis - treatment or prevention of disease in humans,medicines other than those mentioned in 18 01 08,18 01 09,Incineration,Clinical Waste Incinerator,Somerset,Somerset,South West,Incineration,D10,0.286,02 - Chemical preparation wastes,Off-specification chemical wastes
South West,"Bath, Bristol and S Glo",Bristol City,"Bristol, City of",VP3130EF,Avonmouth Healthcare Waste Incinerator and Transfer Facility - EPR/VP3130EF,SRCL LIMITED,B02 : Clinical Waste Incinerator,352100,180540,BS11 9BP,Solid,Hhold/Ind/Com,18 - HUMAN AND ANIMAL HEALTH CARE WASTE,Natal care - diagnosis - treatment or prevention of disease in humans,"wastes whose collection and disposal is not subject to special requirements in order to prevent infection(for example dressings, plaster casts, linen, disposable clothing, diapers)",18 01 04,Incineration,Clinical Waste Incinerator,Somerset,Somerset,South West,Incineration,D10,0.014,10 - Mixed ordinary wastes,Mixed and undifferentiated materials
South West,"Bath, Bristol and S Glo",Bristol City,"Bristol, City of",VP3130EF,Avonmouth Healthcare Waste Incinerator and Transfer Facility - EPR/VP3130EF,SRCL LIMITED,B02 : Clinical Waste Incinerator,352100,180540,BS11 9BP,User left blank,Hazardous,18 - HUMAN AND ANIMAL HEALTH CARE WASTE,Natal care - diagnosis - treatment or prevention of disease in humans,wastes whose collection and disposal is subject to special requirements in order to prevent infection,18 01 03*,Incineration,Clinical Waste Incinerator,Somerset,Somerset,South West,Incineration,D10,0.853,05 - Healthcare and biological wastes,Infectious health care wastes
South West,"Bath, Bristol and S Glo",Bristol City,"Bristol, City of",VP3130EF,Avonmouth Healthcare Waste Incinerator and Transfer Facility - EPR/VP3130EF,SRCL LIMITED,B02 : Clinical Waste Incinerator,352100,180540,BS11 9BP,User left blank,Hhold/Ind/Com,18 - HUMAN AND ANIMAL HEALTH CARE WASTE,Natal care - diagnosis - treatment or prevention of disease in humans,"wastes whose collection and disposal is not subject to special requirements in order to prevent infection(for example dressings, plaster casts, linen, disposable clothing, diapers)",18 01 04,Incineration,Clinical Waste Incinerator,Somerset,Somerset,South West,Incineration,D10,0.009,10 - Mixed ordinary wastes,Mixed and undifferentiated materials
South West,"Bath, Bristol and S Glo",Bristol City,"Bristol, City of",VP3130EF,Avonmouth Healthcare Waste Incinerator and Transfer Facility - EPR/VP3130EF,SRCL LIMITED,B02 : Clinical Waste Incinerator,352100,180540,BS11 9BP,Solid,Hazardous,18 - HUMAN AND ANIMAL HEALTH CARE WASTE,Natal care - diagnosis - treatment or prevention of disease in humans,wastes whose collection and disposal is subject to special requirements in order to prevent infection,18 01 03*,Incineration,Clinical Waste Incinerator,South East,South East (WPA Not codeable),South East,Incineration,D10,0.258,05 - Healthcare and biological wastes,Infectious health care wastes
South West,"Bath, Bristol and S Glo",Bristol City,"Bristol, City of",VP3130EF,Avonmouth Healthcare Waste Incinerator and Transfer Facility - EPR/VP3130EF,SRCL LIMITED,B02 : Clinical Waste Incinerator,352100,180540,BS11 9BP,Solid,Hazardous,18 - HUMAN AND ANIMAL HEALTH CARE WASTE,Natal care - diagnosis - treatment or prevention of disease in humans,chemicals consisting of or containing dangerous substances,18 01 06*,Incineration,Clinical Waste Incinerator,South Gloucestershire,South Gloucestershire,South West,Incineration,D10,0.428,02 - Chemical preparation wastes,Off-specification chemical wastes
South West,"Bath, Bristol and S Glo",Bristol City,"Bristol, City of",VP3130EF,Avonmouth Healthcare Waste Incinerator and Transfer Facility - EPR/VP3130EF,SRCL LIMITED,B02 : Clinical Waste Incinerator,352100,180540,BS11 9BP,Solid,Hazardous,18 - HUMAN AND ANIMAL HEALTH CARE WASTE,Natal care - diagnosis - treatment or prevention of disease in humans,wastes whose collection and disposal is subject to special requirements in order to prevent infection,18 01 03*,Incineration,Clinical Waste Incinerator,South Gloucestershire,South Gloucestershire,South West,Incineration,D10,79.506,05 - Healthcare and biological wastes,Infectious health care wastes
South West,"Bath, Bristol and S Glo",Bristol City,"Bristol, City of",VP3130EF,Avonmouth Healthcare Waste Incinerator and Transfer Facility - EPR/VP3130EF,SRCL LIMITED,B02 : Clinical Waste Incinerator,352100,180540,BS11 9BP,Solid,Hhold/Ind/Com,18 - HUMAN AND ANIMAL HEALTH CARE WASTE,Natal care - diagnosis - treatment or prevention of disease in humans,medicines other than those mentioned in 18 01 08,18 01 09,Incineration,Clinical Waste Incinerator,South Gloucestershire,South Gloucestershire,South West,Incineration,D10,1.384,02 - Chemical preparation wastes,Off-specification chemical wastes
South West,"Bath, Bristol and S Glo",Bristol City,"Bristol, City of",VP3130EF,Avonmouth Healthcare Waste Incinerator and Transfer Facility - EPR/VP3130EF,SRCL LIMITED,B02 : Clinical Waste Incinerator,352100,180540,BS11 9BP,Solid,Hhold/Ind/Com,18 - HUMAN AND ANIMAL HEALTH CARE WASTE,Natal care - diagnosis - treatment or prevention of disease in humans,"wastes whose collection and disposal is not subject to special requirements in order to prevent infection(for example dressings, plaster casts, linen, disposable clothing, diapers)",18 01 04,Incineration,Clinical Waste Incinerator,South Gloucestershire,South Gloucestershire,South West,Incineration,D10,0.023,10 - Mixed ordinary wastes,Mixed and undifferentiated materials
South West,"Bath, Bristol and S Glo",Bristol City,"Bristol, City of",VP3130EF,Avonmouth Healthcare Waste Incinerator and Transfer Facility - EPR/VP3130EF,SRCL LIMITED,B02 : Clinical Waste Incinerator,352100,180540,BS11 9BP,User left blank,Hazardous,18 - HUMAN AND ANIMAL HEALTH CARE WASTE,Natal care - diagnosis - treatment or prevention of disease in humans,chemicals consisting of or containing dangerous substances,18 01 06*,Incineration,Clinical Waste Incinerator,South Gloucestershire,South Gloucestershire,South West,Incineration,D10,0.088,02 - Chemical preparation wastes,Off-specification chemical wastes
South West,"Bath, Bristol and S Glo",Bristol City,"Bristol, City of",VP3130EF,Avonmouth Healthcare Waste Incinerator and Transfer Facility - EPR/VP3130EF,SRCL LIMITED,B02 : Clinical Waste Incinerator,352100,180540,BS11 9BP,User left blank,Hazardous,18 - HUMAN AND ANIMAL HEALTH CARE WASTE,Natal care - diagnosis - treatment or prevention of disease in humans,cytotoxic and cytostatic medicines,18 01 08*,Incineration,Clinical Waste Incinerator,South Gloucestershire,South Gloucestershire,South West,Incineration,D10,0.008,02 - Chemical preparation wastes,Off-specification chemical wastes
South West,"Bath, Bristol and S Glo",Bristol City,"Bristol, City of",VP3130EF,Avonmouth Healthcare Waste Incinerator and Transfer Facility - EPR/VP3130EF,SRCL LIMITED,B02 : Clinical Waste Incinerator,352100,180540,BS11 9BP,User left blank,Hazardous,18 - HUMAN AND ANIMAL HEALTH CARE WASTE,Natal care - diagnosis - treatment or prevention of disease in humans,wastes whose collection and disposal is subject to special requirements in order to prevent infection,18 01 03*,Incineration,Clinical Waste Incinerator,South Gloucestershire,South Gloucestershire,South West,Incineration,D10,27.161,05 - Healthcare and biological wastes,Infectious health care wastes
South West,"Bath, Bristol and S Glo",Bristol City,"Bristol, City of",VP3130EF,Avonmouth Healthcare Waste Incinerator and Transfer Facility - EPR/VP3130EF,SRCL LIMITED,B02 : Clinical Waste Incinerator,352100,180540,BS11 9BP,User left blank,Hhold/Ind/Com,18 - HUMAN AND ANIMAL HEALTH CARE WASTE,Natal care - diagnosis - treatment or prevention of disease in humans,medicines other than those mentioned in 18 01 08,18 01 09,Incineration,Clinical Waste Incinerator,South Gloucestershire,South Gloucestershire,South West,Incineration,D10,0.418,02 - Chemical preparation wastes,Off-specification chemical wastes
South West,"Bath, Bristol and S Glo",Bristol City,"Bristol, City of",VP3130EF,Avonmouth Healthcare Waste Incinerator and Transfer Facility - EPR/VP3130EF,SRCL LIMITED,B02 : Clinical Waste Incinerator,352100,180540,BS11 9BP,User left blank,Hhold/Ind/Com,18 - HUMAN AND ANIMAL HEALTH CARE WASTE,Natal care - diagnosis - treatment or prevention of disease in humans,"wastes whose collection and disposal is not subject to special requirements in order to prevent infection(for example dressings, plaster casts, linen, disposable clothing, diapers)",18 01 04,Incineration,Clinical Waste Incinerator,South Gloucestershire,South Gloucestershire,South West,Incineration,D10,0.014,10 - Mixed ordinary wastes,Mixed and undifferentiated materials
South West,"Bath, Bristol and S Glo",Bristol City,"Bristol, City of",VP3130EF,Avonmouth Healthcare Waste Incinerator and Transfer Facility - EPR/VP3130EF,SRCL LIMITED,B02 : Clinical Waste Incinerator,352100,180540,BS11 9BP,Solid,Hazardous,18 - HUMAN AND ANIMAL HEALTH CARE WASTE,Natal care - diagnosis - treatment or prevention of disease in humans,amalgam waste from dental care,18 01 10*,Incineration,Clinical Waste Incinerator,South Gloucestershire,South Gloucestershire,South West,Recovery,R13,0.022,01 - Chemical compound wastes,"Acid, alkalies or salts"
South West,"Bath, Bristol and S Glo",Bristol City,"Bristol, City of",VP3130EF,Avonmouth Healthcare Waste Incinerator and Transfer Facility - EPR/VP3130EF,SRCL LIMITED,B02 : Clinical Waste Incinerator,352100,180540,BS11 9BP,Solid,Hhold/Ind/Com,18 - HUMAN AND ANIMAL HEALTH CARE WASTE,Natal care - diagnosis - treatment or prevention of disease in humans,"wastes whose collection and disposal is not subject to special requirements in order to prevent infection(for example dressings, plaster casts, linen, disposable clothing, diapers)",18 01 04,Incineration,Clinical Waste Incinerator,South Gloucestershire,South Gloucestershire,South West,Recovery,R13,35.384,10 - Mixed ordinary wastes,Mixed and undifferentiated materials
South West,"Bath, Bristol and S Glo",Bristol City,"Bristol, City of",VP3130EF,Avonmouth Healthcare Waste Incinerator and Transfer Facility - EPR/VP3130EF,SRCL LIMITED,B02 : Clinical Waste Incinerator,352100,180540,BS11 9BP,User left blank,Hazardous,18 - HUMAN AND ANIMAL HEALTH CARE WASTE,Natal care - diagnosis - treatment or prevention of disease in humans,amalgam waste from dental care,18 01 10*,Incineration,Clinical Waste Incinerator,South Gloucestershire,South Gloucestershire,South West,Recovery,R13,0.028,01 - Chemical compound wastes,"Acid, alkalies or salts"
South West,"Bath, Bristol and S Glo",Bristol City,"Bristol, City of",VP3130EF,Avonmouth Healthcare Waste Incinerator and Transfer Facility - EPR/VP3130EF,SRCL LIMITED,B02 : Clinical Waste Incinerator,352100,180540,BS11 9BP,User left blank,Hhold/Ind/Com,18 - HUMAN AND ANIMAL HEALTH CARE WASTE,Natal care - diagnosis - treatment or prevention of disease in humans,"wastes whose collection and disposal is not subject to special requirements in order to prevent infection(for example dressings, plaster casts, linen, disposable clothing, diapers)",18 01 04,Incineration,Clinical Waste Incinerator,South Gloucestershire,South Gloucestershire,South West,Recovery,R13,13.249,10 - Mixed ordinary wastes,Mixed and undifferentiated materials
South West,"Bath, Bristol and S Glo",Bristol City,"Bristol, City of",VP3130EF,Avonmouth Healthcare Waste Incinerator and Transfer Facility - EPR/VP3130EF,SRCL LIMITED,B02 : Clinical Waste Incinerator,352100,180540,BS11 9BP,Solid,Hazardous,18 - HUMAN AND ANIMAL HEALTH CARE WASTE,Natal care - diagnosis - treatment or prevention of disease in humans,cytotoxic and cytostatic medicines,18 01 08*,Incineration,Clinical Waste Incinerator,South West,South West (WPA Not codeable),South West,Incineration,D10,1.368,02 - Chemical preparation wastes,Off-specification chemical wastes
South West,"Bath, Bristol and S Glo",Bristol City,"Bristol, City of",VP3130EF,Avonmouth Healthcare Waste Incinerator and Transfer Facility - EPR/VP3130EF,SRCL LIMITED,B02 : Clinical Waste Incinerator,352100,180540,BS11 9BP,Solid,Hazardous,18 - HUMAN AND ANIMAL HEALTH CARE WASTE,Natal care - diagnosis - treatment or prevention of disease in humans,wastes whose collection and disposal is subject to special requirements in order to prevent infection,18 01 03*,Incineration,Clinical Waste Incinerator,South West,South West (WPA Not codeable),South West,Incineration,D10,13.282,05 - Healthcare and biological wastes,Infectious health care wastes
South West,"Bath, Bristol and S Glo",Bristol City,"Bristol, City of",VP3130EF,Avonmouth Healthcare Waste Incinerator and Transfer Facility - EPR/VP3130EF,SRCL LIMITED,B02 : Clinical Waste Incinerator,352100,180540,BS11 9BP,Solid,Hhold/Ind/Com,18 - HUMAN AND ANIMAL HEALTH CARE WASTE,Natal care - diagnosis - treatment or prevention of disease in humans,medicines other than those mentioned in 18 01 08,18 01 09,Incineration,Clinical Waste Incinerator,South West,South West (WPA Not codeable),South West,Incineration,D10,0.245,02 - Chemical preparation wastes,Off-specification chemical wastes
South West,"Bath, Bristol and S Glo",Bristol City,"Bristol, City of",VP3130EF,Avonmouth Healthcare Waste Incinerator and Transfer Facility - EPR/VP3130EF,SRCL LIMITED,B02 : Clinical Waste Incinerator,352100,180540,BS11 9BP,User left blank,Hazardous,18 - HUMAN AND ANIMAL HEALTH CARE WASTE,Natal care - diagnosis - treatment or prevention of disease in humans,wastes whose collection and disposal is subject to special requirements in order to prevent infection,18 01 03*,Incineration,Clinical Waste Incinerator,South West,South West (WPA Not codeable),South West,Incineration,D10,0.122,05 - Healthcare and biological wastes,Infectious health care wastes
South West,"Bath, Bristol and S Glo",Bristol City,"Bristol, City of",VP3130EF,Avonmouth Healthcare Waste Incinerator and Transfer Facility - EPR/VP3130EF,SRCL LIMITED,B02 : Clinical Waste Incinerator,352100,180540,BS11 9BP,Solid,Hhold/Ind/Com,18 - HUMAN AND ANIMAL HEALTH CARE WASTE,Natal care - diagnosis - treatment or prevention of disease in humans,"wastes whose collection and disposal is not subject to special requirements in order to prevent infection(for example dressings, plaster casts, linen, disposable clothing, diapers)",18 01 04,Incineration,Clinical Waste Incinerator,South West,South West (WPA Not codeable),South West,Recovery,R13,2.084,10 - Mixed ordinary wastes,Mixed and undifferentiated materials
South West,"Bath, Bristol and S Glo",Bristol City,"Bristol, City of",VP3130EF,Avonmouth Healthcare Waste Incinerator and Transfer Facility - EPR/VP3130EF,SRCL LIMITED,B02 : Clinical Waste Incinerator,352100,180540,BS11 9BP,Solid,Hazardous,18 - HUMAN AND ANIMAL HEALTH CARE WASTE,Natal care - diagnosis - treatment or prevention of disease in humans,wastes whose collection and disposal is subject to special requirements in order to prevent infection,18 01 03*,Incineration,Clinical Waste Incinerator,Southampton,Southampton City,South East,Incineration,D10,4.3,05 - Healthcare and biological wastes,Infectious health care wastes
South West,"Bath, Bristol and S Glo",Bristol City,"Bristol, City of",VP3130EF,Avonmouth Healthcare Waste Incinerator and Transfer Facility - EPR/VP3130EF,SRCL LIMITED,B02 : Clinical Waste Incinerator,352100,180540,BS11 9BP,Solid,Hhold/Ind/Com,18 - HUMAN AND ANIMAL HEALTH CARE WASTE,Natal care - diagnosis - treatment or prevention of disease in humans,medicines other than those mentioned in 18 01 08,18 01 09,Incineration,Clinical Waste Incinerator,Southampton,Southampton City,South East,Incineration,D10,0.035,02 - Chemical preparation wastes,Off-specification chemical wastes
South West,"Bath, Bristol and S Glo",Bristol City,"Bristol, City of",VP3130EF,Avonmouth Healthcare Waste Incinerator and Transfer Facility - EPR/VP3130EF,SRCL LIMITED,B02 : Clinical Waste Incinerator,352100,180540,BS11 9BP,User left blank,Hazardous,18 - HUMAN AND ANIMAL HEALTH CARE WASTE,Natal care - diagnosis - treatment or prevention of disease in humans,wastes whose collection and disposal is subject to special requirements in order to prevent infection,18 01 03*,Incineration,Clinical Waste Incinerator,Southampton,Southampton City,South East,Incineration,D10,1.171,05 - Healthcare and biological wastes,Infectious health care wastes
South West,"Bath, Bristol and S Glo",Bristol City,"Bristol, City of",VP3130EF,Avonmouth Healthcare Waste Incinerator and Transfer Facility - EPR/VP3130EF,SRCL LIMITED,B02 : Clinical Waste Incinerator,352100,180540,BS11 9BP,Solid,Hhold/Ind/Com,18 - HUMAN AND ANIMAL HEALTH CARE WASTE,Natal care - diagnosis - treatment or prevention of disease in humans,"wastes whose collection and disposal is not subject to special requirements in order to prevent infection(for example dressings, plaster casts, linen, disposable clothing, diapers)",18 01 04,Incineration,Clinical Waste Incinerator,Southampton,Southampton City,South East,Recovery,R13,0.154,10 - Mixed ordinary wastes,Mixed and undifferentiated materials
South West,"Bath, Bristol and S Glo",Bristol City,"Bristol, City of",VP3130EF,Avonmouth Healthcare Waste Incinerator and Transfer Facility - EPR/VP3130EF,SRCL LIMITED,B02 : Clinical Waste Incinerator,352100,180540,BS11 9BP,Solid,Hazardous,18 - HUMAN AND ANIMAL HEALTH CARE WASTE,Natal care - diagnosis - treatment or prevention of disease in humans,cytotoxic and cytostatic medicines,18 01 08*,Incineration,Clinical Waste Incinerator,East Staffordshire,Staffordshire,West Midlands,Incineration,D10,0.035,02 - Chemical preparation wastes,Off-specification chemical wastes
South West,"Bath, Bristol and S Glo",Bristol City,"Bristol, City of",VP3130EF,Avonmouth Healthcare Waste Incinerator and Transfer Facility - EPR/VP3130EF,SRCL LIMITED,B02 : Clinical Waste Incinerator,352100,180540,BS11 9BP,User left blank,Hazardous,18 - HUMAN AND ANIMAL HEALTH CARE WASTE,Natal care - diagnosis - treatment or prevention of disease in humans,cytotoxic and cytostatic medicines,18 01 08*,Incineration,Clinical Waste Incinerator,East Staffordshire,Staffordshire,West Midlands,Incineration,D10,0.068,02 - Chemical preparation wastes,Off-specification chemical wastes
South West,"Bath, Bristol and S Glo",Bristol City,"Bristol, City of",VP3130EF,Avonmouth Healthcare Waste Incinerator and Transfer Facility - EPR/VP3130EF,SRCL LIMITED,B02 : Clinical Waste Incinerator,352100,180540,BS11 9BP,User left blank,Hazardous,18 - HUMAN AND ANIMAL HEALTH CARE WASTE,Natal care - diagnosis - treatment or prevention of disease in humans,wastes whose collection and disposal is subject to special requirements in order to prevent infection,18 01 03*,Incineration,Clinical Waste Incinerator,East Staffordshire,Staffordshire,West Midlands,Incineration,D10,0.287,05 - Healthcare and biological wastes,Infectious health care wastes
South West,"Bath, Bristol and S Glo",Bristol City,"Bristol, City of",VP3130EF,Avonmouth Healthcare Waste Incinerator and Transfer Facility - EPR/VP3130EF,SRCL LIMITED,B02 : Clinical Waste Incinerator,352100,180540,BS11 9BP,User left blank,Hhold/Ind/Com,18 - HUMAN AND ANIMAL HEALTH CARE WASTE,Natal care - diagnosis - treatment or prevention of disease in humans,medicines other than those mentioned in 18 01 08,18 01 09,Incineration,Clinical Waste Incinerator,East Staffordshire,Staffordshire,West Midlands,Incineration,D10,0.028,02 - Chemical preparation wastes,Off-specification chemical wastes
South West,"Bath, Bristol and S Glo",Bristol City,"Bristol, City of",VP3130EF,Avonmouth Healthcare Waste Incinerator and Transfer Facility - EPR/VP3130EF,SRCL LIMITED,B02 : Clinical Waste Incinerator,352100,180540,BS11 9BP,User left blank,Hhold/Ind/Com,18 - HUMAN AND ANIMAL HEALTH CARE WASTE,Natal care - diagnosis - treatment or prevention of disease in humans,"wastes whose collection and disposal is not subject to special requirements in order to prevent infection(for example dressings, plaster casts, linen, disposable clothing, diapers)",18 01 04,Incineration,Clinical Waste Incinerator,East Staffordshire,Staffordshire,West Midlands,Incineration,D10,0.062,10 - Mixed ordinary wastes,Mixed and undifferentiated materials
South West,"Bath, Bristol and S Glo",Bristol City,"Bristol, City of",VP3130EF,Avonmouth Healthcare Waste Incinerator and Transfer Facility - EPR/VP3130EF,SRCL LIMITED,B02 : Clinical Waste Incinerator,352100,180540,BS11 9BP,Solid,Hazardous,18 - HUMAN AND ANIMAL HEALTH CARE WASTE,Natal care - diagnosis - treatment or prevention of disease in humans,wastes whose collection and disposal is subject to special requirements in order to prevent infection,18 01 03*,Incineration,Clinical Waste Incinerator,Stafford,Staffordshire,West Midlands,Incineration,D10,0.107,05 - Healthcare and biological wastes,Infectious health care wastes
South West,"Bath, Bristol and S Glo",Bristol City,"Bristol, City of",VP3130EF,Avonmouth Healthcare Waste Incinerator and Transfer Facility - EPR/VP3130EF,SRCL LIMITED,B02 : Clinical Waste Incinerator,352100,180540,BS11 9BP,Solid,Hazardous,18 - HUMAN AND ANIMAL HEALTH CARE WASTE,Natal care - diagnosis - treatment or prevention of disease in humans,cytotoxic and cytostatic medicines,18 01 08*,Incineration,Clinical Waste Incinerator,Swindon,Swindon,South West,Incineration,D10,0.002,02 - Chemical preparation wastes,Off-specification chemical wastes
South West,"Bath, Bristol and S Glo",Bristol City,"Bristol, City of",VP3130EF,Avonmouth Healthcare Waste Incinerator and Transfer Facility - EPR/VP3130EF,SRCL LIMITED,B02 : Clinical Waste Incinerator,352100,180540,BS11 9BP,Solid,Hazardous,18 - HUMAN AND ANIMAL HEALTH CARE WASTE,Natal care - diagnosis - treatment or prevention of disease in humans,wastes whose collection and disposal is subject to special requirements in order to prevent infection,18 01 03*,Incineration,Clinical Waste Incinerator,Swindon,Swindon,South West,Incineration,D10,1.786,05 - Healthcare and biological wastes,Infectious health care wastes
South West,"Bath, Bristol and S Glo",Bristol City,"Bristol, City of",VP3130EF,Avonmouth Healthcare Waste Incinerator and Transfer Facility - EPR/VP3130EF,SRCL LIMITED,B02 : Clinical Waste Incinerator,352100,180540,BS11 9BP,Solid,Hhold/Ind/Com,18 - HUMAN AND ANIMAL HEALTH CARE WASTE,Natal care - diagnosis - treatment or prevention of disease in humans,medicines other than those mentioned in 18 01 08,18 01 09,Incineration,Clinical Waste Incinerator,Swindon,Swindon,South West,Incineration,D10,0.94,02 - Chemical preparation wastes,Off-specification chemical wastes
South West,"Bath, Bristol and S Glo",Bristol City,"Bristol, City of",VP3130EF,Avonmouth Healthcare Waste Incinerator and Transfer Facility - EPR/VP3130EF,SRCL LIMITED,B02 : Clinical Waste Incinerator,352100,180540,BS11 9BP,User left blank,Hazardous,18 - HUMAN AND ANIMAL HEALTH CARE WASTE,Natal care - diagnosis - treatment or prevention of disease in humans,cytotoxic and cytostatic medicines,18 01 08*,Incineration,Clinical Waste Incinerator,Swindon,Swindon,South West,Incineration,D10,0.008,02 - Chemical preparation wastes,Off-specification chemical wastes
South West,"Bath, Bristol and S Glo",Bristol City,"Bristol, City of",VP3130EF,Avonmouth Healthcare Waste Incinerator and Transfer Facility - EPR/VP3130EF,SRCL LIMITED,B02 : Clinical Waste Incinerator,352100,180540,BS11 9BP,User left blank,Hazardous,18 - HUMAN AND ANIMAL HEALTH CARE WASTE,Natal care - diagnosis - treatment or prevention of disease in humans,wastes whose collection and disposal is subject to special requirements in order to prevent infection,18 01 03*,Incineration,Clinical Waste Incinerator,Swindon,Swindon,South West,Incineration,D10,0.76,05 - Healthcare and biological wastes,Infectious health care wastes
South West,"Bath, Bristol and S Glo",Bristol City,"Bristol, City of",VP3130EF,Avonmouth Healthcare Waste Incinerator and Transfer Facility - EPR/VP3130EF,SRCL LIMITED,B02 : Clinical Waste Incinerator,352100,180540,BS11 9BP,User left blank,Hhold/Ind/Com,18 - HUMAN AND ANIMAL HEALTH CARE WASTE,Natal care - diagnosis - treatment or prevention of disease in humans,medicines other than those mentioned in 18 01 08,18 01 09,Incineration,Clinical Waste Incinerator,Swindon,Swindon,South West,Incineration,D10,0.252,02 - Chemical preparation wastes,Off-specification chemical wastes
South West,"Bath, Bristol and S Glo",Bristol City,"Bristol, City of",VP3130EF,Avonmouth Healthcare Waste Incinerator and Transfer Facility - EPR/VP3130EF,SRCL LIMITED,B02 : Clinical Waste Incinerator,352100,180540,BS11 9BP,Solid,Hhold/Ind/Com,18 - HUMAN AND ANIMAL HEALTH CARE WASTE,Natal care - diagnosis - treatment or prevention of disease in humans,"wastes whose collection and disposal is not subject to special requirements in order to prevent infection(for example dressings, plaster casts, linen, disposable clothing, diapers)",18 01 04,Incineration,Clinical Waste Incinerator,Swindon,Swindon,South West,Recovery,R13,0.481,10 - Mixed ordinary wastes,Mixed and undifferentiated materials
South West,"Bath, Bristol and S Glo",Bristol City,"Bristol, City of",VP3130EF,Avonmouth Healthcare Waste Incinerator and Transfer Facility - EPR/VP3130EF,SRCL LIMITED,B02 : Clinical Waste Incinerator,352100,180540,BS11 9BP,User left blank,Hhold/Ind/Com,18 - HUMAN AND ANIMAL HEALTH CARE WASTE,Natal care - diagnosis - treatment or prevention of disease in humans,"wastes whose collection and disposal is not subject to special requirements in order to prevent infection(for example dressings, plaster casts, linen, disposable clothing, diapers)",18 01 04,Incineration,Clinical Waste Incinerator,Swindon,Swindon,South West,Recovery,R13,0.203,10 - Mixed ordinary wastes,Mixed and undifferentiated materials
South West,"Bath, Bristol and S Glo",Bristol City,"Bristol, City of",VP3130EF,Avonmouth Healthcare Waste Incinerator and Transfer Facility - EPR/VP3130EF,SRCL LIMITED,B02 : Clinical Waste Incinerator,352100,180540,BS11 9BP,Solid,Hazardous,18 - HUMAN AND ANIMAL HEALTH CARE WASTE,Natal care - diagnosis - treatment or prevention of disease in humans,cytotoxic and cytostatic medicines,18 01 08*,Incineration,Clinical Waste Incinerator,Blaenau Gwent,Wales,Wales,Incineration,D10,0.05,02 - Chemical preparation wastes,Off-specification chemical wastes
South West,"Bath, Bristol and S Glo",Bristol City,"Bristol, City of",VP3130EF,Avonmouth Healthcare Waste Incinerator and Transfer Facility - EPR/VP3130EF,SRCL LIMITED,B02 : Clinical Waste Incinerator,352100,180540,BS11 9BP,Solid,Hazardous,18 - HUMAN AND ANIMAL HEALTH CARE WASTE,Natal care - diagnosis - treatment or prevention of disease in humans,wastes whose collection and disposal is subject to special requirements in order to prevent infection,18 01 03*,Incineration,Clinical Waste Incinerator,Blaenau Gwent,Wales,Wales,Incineration,D10,0.418,05 - Healthcare and biological wastes,Infectious health care wastes
South West,"Bath, Bristol and S Glo",Bristol City,"Bristol, City of",VP3130EF,Avonmouth Healthcare Waste Incinerator and Transfer Facility - EPR/VP3130EF,SRCL LIMITED,B02 : Clinical Waste Incinerator,352100,180540,BS11 9BP,Solid,Hhold/Ind/Com,18 - HUMAN AND ANIMAL HEALTH CARE WASTE,Natal care - diagnosis - treatment or prevention of disease in humans,medicines other than those mentioned in 18 01 08,18 01 09,Incineration,Clinical Waste Incinerator,Blaenau Gwent,Wales,Wales,Incineration,D10,0.079,02 - Chemical preparation wastes,Off-specification chemical wastes
South West,"Bath, Bristol and S Glo",Bristol City,"Bristol, City of",VP3130EF,Avonmouth Healthcare Waste Incinerator and Transfer Facility - EPR/VP3130EF,SRCL LIMITED,B02 : Clinical Waste Incinerator,352100,180540,BS11 9BP,User left blank,Hazardous,18 - HUMAN AND ANIMAL HEALTH CARE WASTE,Natal care - diagnosis - treatment or prevention of disease in humans,wastes whose collection and disposal is subject to special requirements in order to prevent infection,18 01 03*,Incineration,Clinical Waste Incinerator,Blaenau Gwent,Wales,Wales,Incineration,D10,0.146,05 - Healthcare and biological wastes,Infectious health care wastes
South West,"Bath, Bristol and S Glo",Bristol City,"Bristol, City of",VP3130EF,Avonmouth Healthcare Waste Incinerator and Transfer Facility - EPR/VP3130EF,SRCL LIMITED,B02 : Clinical Waste Incinerator,352100,180540,BS11 9BP,User left blank,Hhold/Ind/Com,18 - HUMAN AND ANIMAL HEALTH CARE WASTE,Natal care - diagnosis - treatment or prevention of disease in humans,medicines other than those mentioned in 18 01 08,18 01 09,Incineration,Clinical Waste Incinerator,Blaenau Gwent,Wales,Wales,Incineration,D10,0.061,02 - Chemical preparation wastes,Off-specification chemical wastes
South West,"Bath, Bristol and S Glo",Bristol City,"Bristol, City of",VP3130EF,Avonmouth Healthcare Waste Incinerator and Transfer Facility - EPR/VP3130EF,SRCL LIMITED,B02 : Clinical Waste Incinerator,352100,180540,BS11 9BP,Solid,Hazardous,18 - HUMAN AND ANIMAL HEALTH CARE WASTE,Natal care - diagnosis - treatment or prevention of disease in humans,cytotoxic and cytostatic medicines,18 01 08*,Incineration,Clinical Waste Incinerator,Bridgend,Wales,Wales,Incineration,D10,0.426,02 - Chemical preparation wastes,Off-specification chemical wastes
South West,"Bath, Bristol and S Glo",Bristol City,"Bristol, City of",VP3130EF,Avonmouth Healthcare Waste Incinerator and Transfer Facility - EPR/VP3130EF,SRCL LIMITED,B02 : Clinical Waste Incinerator,352100,180540,BS11 9BP,Solid,Hazardous,18 - HUMAN AND ANIMAL HEALTH CARE WASTE,Natal care - diagnosis - treatment or prevention of disease in humans,wastes whose collection and disposal is subject to special requirements in order to prevent infection,18 01 03*,Incineration,Clinical Waste Incinerator,Bridgend,Wales,Wales,Incineration,D10,12.563,05 - Healthcare and biological wastes,Infectious health care wastes
South West,"Bath, Bristol and S Glo",Bristol City,"Bristol, City of",VP3130EF,Avonmouth Healthcare Waste Incinerator and Transfer Facility - EPR/VP3130EF,SRCL LIMITED,B02 : Clinical Waste Incinerator,352100,180540,BS11 9BP,Solid,Hhold/Ind/Com,18 - HUMAN AND ANIMAL HEALTH CARE WASTE,Natal care - diagnosis - treatment or prevention of disease in humans,chemicals other than those mentioned in 18 01 06,18 01 07,Incineration,Clinical Waste Incinerator,Bridgend,Wales,Wales,Incineration,D10,5.841,02 - Chemical preparation wastes,Off-specification chemical wastes
South West,"Bath, Bristol and S Glo",Bristol City,"Bristol, City of",VP3130EF,Avonmouth Healthcare Waste Incinerator and Transfer Facility - EPR/VP3130EF,SRCL LIMITED,B02 : Clinical Waste Incinerator,352100,180540,BS11 9BP,Solid,Hhold/Ind/Com,18 - HUMAN AND ANIMAL HEALTH CARE WASTE,Natal care - diagnosis - treatment or prevention of disease in humans,medicines other than those mentioned in 18 01 08,18 01 09,Incineration,Clinical Waste Incinerator,Bridgend,Wales,Wales,Incineration,D10,0.969,02 - Chemical preparation wastes,Off-specification chemical wastes
South West,"Bath, Bristol and S Glo",Bristol City,"Bristol, City of",VP3130EF,Avonmouth Healthcare Waste Incinerator and Transfer Facility - EPR/VP3130EF,SRCL LIMITED,B02 : Clinical Waste Incinerator,352100,180540,BS11 9BP,Solid,Hhold/Ind/Com,18 - HUMAN AND ANIMAL HEALTH CARE WASTE,Natal care - diagnosis - treatment or prevention of disease in humans,"wastes whose collection and disposal is not subject to special requirements in order to prevent infection(for example dressings, plaster casts, linen, disposable clothing, diapers)",18 01 04,Incineration,Clinical Waste Incinerator,Bridgend,Wales,Wales,Incineration,D10,0.464,10 - Mixed ordinary wastes,Mixed and undifferentiated materials
South West,"Bath, Bristol and S Glo",Bristol City,"Bristol, City of",VP3130EF,Avonmouth Healthcare Waste Incinerator and Transfer Facility - EPR/VP3130EF,SRCL LIMITED,B02 : Clinical Waste Incinerator,352100,180540,BS11 9BP,User left blank,Hazardous,18 - HUMAN AND ANIMAL HEALTH CARE WASTE,Natal care - diagnosis - treatment or prevention of disease in humans,cytotoxic and cytostatic medicines,18 01 08*,Incineration,Clinical Waste Incinerator,Bridgend,Wales,Wales,Incineration,D10,0.077,02 - Chemical preparation wastes,Off-specification chemical wastes
South West,"Bath, Bristol and S Glo",Bristol City,"Bristol, City of",VP3130EF,Avonmouth Healthcare Waste Incinerator and Transfer Facility - EPR/VP3130EF,SRCL LIMITED,B02 : Clinical Waste Incinerator,352100,180540,BS11 9BP,User left blank,Hazardous,18 - HUMAN AND ANIMAL HEALTH CARE WASTE,Natal care - diagnosis - treatment or prevention of disease in humans,wastes whose collection and disposal is subject to special requirements in order to prevent infection,18 01 03*,Incineration,Clinical Waste Incinerator,Bridgend,Wales,Wales,Incineration,D10,5.214,05 - Healthcare and biological wastes,Infectious health care wastes
South West,"Bath, Bristol and S Glo",Bristol City,"Bristol, City of",VP3130EF,Avonmouth Healthcare Waste Incinerator and Transfer Facility - EPR/VP3130EF,SRCL LIMITED,B02 : Clinical Waste Incinerator,352100,180540,BS11 9BP,User left blank,Hhold/Ind/Com,18 - HUMAN AND ANIMAL HEALTH CARE WASTE,Natal care - diagnosis - treatment or prevention of disease in humans,chemicals other than those mentioned in 18 01 06,18 01 07,Incineration,Clinical Waste Incinerator,Bridgend,Wales,Wales,Incineration,D10,2.175,02 - Chemical preparation wastes,Off-specification chemical wastes
South West,"Bath, Bristol and S Glo",Bristol City,"Bristol, City of",VP3130EF,Avonmouth Healthcare Waste Incinerator and Transfer Facility - EPR/VP3130EF,SRCL LIMITED,B02 : Clinical Waste Incinerator,352100,180540,BS11 9BP,User left blank,Hhold/Ind/Com,18 - HUMAN AND ANIMAL HEALTH CARE WASTE,Natal care - diagnosis - treatment or prevention of disease in humans,medicines other than those mentioned in 18 01 08,18 01 09,Incineration,Clinical Waste Incinerator,Bridgend,Wales,Wales,Incineration,D10,0.416,02 - Chemical preparation wastes,Off-specification chemical wastes
South West,"Bath, Bristol and S Glo",Bristol City,"Bristol, City of",VP3130EF,Avonmouth Healthcare Waste Incinerator and Transfer Facility - EPR/VP3130EF,SRCL LIMITED,B02 : Clinical Waste Incinerator,352100,180540,BS11 9BP,User left blank,Hhold/Ind/Com,18 - HUMAN AND ANIMAL HEALTH CARE WASTE,Natal care - diagnosis - treatment or prevention of disease in humans,"wastes whose collection and disposal is not subject to special requirements in order to prevent infection(for example dressings, plaster casts, linen, disposable clothing, diapers)",18 01 04,Incineration,Clinical Waste Incinerator,Bridgend,Wales,Wales,Incineration,D10,0.267,10 - Mixed ordinary wastes,Mixed and undifferentiated materials
South West,"Bath, Bristol and S Glo",Bristol City,"Bristol, City of",VP3130EF,Avonmouth Healthcare Waste Incinerator and Transfer Facility - EPR/VP3130EF,SRCL LIMITED,B02 : Clinical Waste Incinerator,352100,180540,BS11 9BP,Solid,Hhold/Ind/Com,18 - HUMAN AND ANIMAL HEALTH CARE WASTE,Natal care - diagnosis - treatment or prevention of disease in humans,"wastes whose collection and disposal is not subject to special requirements in order to prevent infection(for example dressings, plaster casts, linen, disposable clothing, diapers)",18 01 04,Incineration,Clinical Waste Incinerator,Bridgend,Wales,Wales,Recovery,R13,0.384,10 - Mixed ordinary wastes,Mixed and undifferentiated materials
South West,"Bath, Bristol and S Glo",Bristol City,"Bristol, City of",VP3130EF,Avonmouth Healthcare Waste Incinerator and Transfer Facility - EPR/VP3130EF,SRCL LIMITED,B02 : Clinical Waste Incinerator,352100,180540,BS11 9BP,User left blank,Hhold/Ind/Com,18 - HUMAN AND ANIMAL HEALTH CARE WASTE,Natal care - diagnosis - treatment or prevention of disease in humans,"wastes whose collection and disposal is not subject to special requirements in order to prevent infection(for example dressings, plaster casts, linen, disposable clothing, diapers)",18 01 04,Incineration,Clinical Waste Incinerator,Bridgend,Wales,Wales,Recovery,R13,0.013,10 - Mixed ordinary wastes,Mixed and undifferentiated materials
South West,"Bath, Bristol and S Glo",Bristol City,"Bristol, City of",VP3130EF,Avonmouth Healthcare Waste Incinerator and Transfer Facility - EPR/VP3130EF,SRCL LIMITED,B02 : Clinical Waste Incinerator,352100,180540,BS11 9BP,Solid,Hazardous,18 - HUMAN AND ANIMAL HEALTH CARE WASTE,Natal care - diagnosis - treatment or prevention of disease in humans,wastes whose collection and disposal is subject to special requirements in order to prevent infection,18 01 03*,Incineration,Clinical Waste Incinerator,Caerphilly,Wales,Wales,Incineration,D10,3.221,05 - Healthcare and biological wastes,Infectious health care wastes
South West,"Bath, Bristol and S Glo",Bristol City,"Bristol, City of",VP3130EF,Avonmouth Healthcare Waste Incinerator and Transfer Facility - EPR/VP3130EF,SRCL LIMITED,B02 : Clinical Waste Incinerator,352100,180540,BS11 9BP,Solid,Hhold/Ind/Com,18 - HUMAN AND ANIMAL HEALTH CARE WASTE,Natal care - diagnosis - treatment or prevention of disease in humans,medicines other than those mentioned in 18 01 08,18 01 09,Incineration,Clinical Waste Incinerator,Caerphilly,Wales,Wales,Incineration,D10,0.708,02 - Chemical preparation wastes,Off-specification chemical wastes
South West,"Bath, Bristol and S Glo",Bristol City,"Bristol, City of",VP3130EF,Avonmouth Healthcare Waste Incinerator and Transfer Facility - EPR/VP3130EF,SRCL LIMITED,B02 : Clinical Waste Incinerator,352100,180540,BS11 9BP,User left blank,Hazardous,18 - HUMAN AND ANIMAL HEALTH CARE WASTE,Natal care - diagnosis - treatment or prevention of disease in humans,wastes whose collection and disposal is subject to special requirements in order to prevent infection,18 01 03*,Incineration,Clinical Waste Incinerator,Caerphilly,Wales,Wales,Incineration,D10,1.256,05 - Healthcare and biological wastes,Infectious health care wastes
South West,"Bath, Bristol and S Glo",Bristol City,"Bristol, City of",VP3130EF,Avonmouth Healthcare Waste Incinerator and Transfer Facility - EPR/VP3130EF,SRCL LIMITED,B02 : Clinical Waste Incinerator,352100,180540,BS11 9BP,User left blank,Hhold/Ind/Com,18 - HUMAN AND ANIMAL HEALTH CARE WASTE,Natal care - diagnosis - treatment or prevention of disease in humans,medicines other than those mentioned in 18 01 08,18 01 09,Incineration,Clinical Waste Incinerator,Caerphilly,Wales,Wales,Incineration,D10,0.375,02 - Chemical preparation wastes,Off-specification chemical wastes
South West,"Bath, Bristol and S Glo",Bristol City,"Bristol, City of",VP3130EF,Avonmouth Healthcare Waste Incinerator and Transfer Facility - EPR/VP3130EF,SRCL LIMITED,B02 : Clinical Waste Incinerator,352100,180540,BS11 9BP,User left blank,Hhold/Ind/Com,18 - HUMAN AND ANIMAL HEALTH CARE WASTE,Natal care - diagnosis - treatment or prevention of disease in humans,"wastes whose collection and disposal is not subject to special requirements in order to prevent infection(for example dressings, plaster casts, linen, disposable clothing, diapers)",18 01 04,Incineration,Clinical Waste Incinerator,Caerphilly,Wales,Wales,Recovery,R13,0.06,10 - Mixed ordinary wastes,Mixed and undifferentiated materials
South West,"Bath, Bristol and S Glo",Bristol City,"Bristol, City of",VP3130EF,Avonmouth Healthcare Waste Incinerator and Transfer Facility - EPR/VP3130EF,SRCL LIMITED,B02 : Clinical Waste Incinerator,352100,180540,BS11 9BP,Solid,Hazardous,18 - HUMAN AND ANIMAL HEALTH CARE WASTE,Natal care - diagnosis - treatment or prevention of disease in humans,chemicals consisting of or containing dangerous substances,18 01 06*,Incineration,Clinical Waste Incinerator,Cardiff,Wales,Wales,Incineration,D10,0.108,02 - Chemical preparation wastes,Off-specification chemical wastes
South West,"Bath, Bristol and S Glo",Bristol City,"Bristol, City of",VP3130EF,Avonmouth Healthcare Waste Incinerator and Transfer Facility - EPR/VP3130EF,SRCL LIMITED,B02 : Clinical Waste Incinerator,352100,180540,BS11 9BP,Solid,Hazardous,18 - HUMAN AND ANIMAL HEALTH CARE WASTE,Natal care - diagnosis - treatment or prevention of disease in humans,cytotoxic and cytostatic medicines,18 01 08*,Incineration,Clinical Waste Incinerator,Cardiff,Wales,Wales,Incineration,D10,16.849,02 - Chemical preparation wastes,Off-specification chemical wastes
South West,"Bath, Bristol and S Glo",Bristol City,"Bristol, City of",VP3130EF,Avonmouth Healthcare Waste Incinerator and Transfer Facility - EPR/VP3130EF,SRCL LIMITED,B02 : Clinical Waste Incinerator,352100,180540,BS11 9BP,Solid,Hazardous,18 - HUMAN AND ANIMAL HEALTH CARE WASTE,Natal care - diagnosis - treatment or prevention of disease in humans,wastes whose collection and disposal is subject to special requirements in order to prevent infection,18 01 03*,Incineration,Clinical Waste Incinerator,Cardiff,Wales,Wales,Incineration,D10,234.937,05 - Healthcare and biological wastes,Infectious health care wastes
South West,"Bath, Bristol and S Glo",Bristol City,"Bristol, City of",VP3130EF,Avonmouth Healthcare Waste Incinerator and Transfer Facility - EPR/VP3130EF,SRCL LIMITED,B02 : Clinical Waste Incinerator,352100,180540,BS11 9BP,Solid,Hhold/Ind/Com,18 - HUMAN AND ANIMAL HEALTH CARE WASTE,Natal care - diagnosis - treatment or prevention of disease in humans,medicines other than those mentioned in 18 01 08,18 01 09,Incineration,Clinical Waste Incinerator,Cardiff,Wales,Wales,Incineration,D10,2.585,02 - Chemical preparation wastes,Off-specification chemical wastes
South West,"Bath, Bristol and S Glo",Bristol City,"Bristol, City of",VP3130EF,Avonmouth Healthcare Waste Incinerator and Transfer Facility - EPR/VP3130EF,SRCL LIMITED,B02 : Clinical Waste Incinerator,352100,180540,BS11 9BP,Solid,Hhold/Ind/Com,18 - HUMAN AND ANIMAL HEALTH CARE WASTE,Natal care - diagnosis - treatment or prevention of disease in humans,"wastes whose collection and disposal is not subject to special requirements in order to prevent infection(for example dressings, plaster casts, linen, disposable clothing, diapers)",18 01 04,Incineration,Clinical Waste Incinerator,Cardiff,Wales,Wales,Incineration,D10,1.796,10 - Mixed ordinary wastes,Mixed and undifferentiated materials
South West,"Bath, Bristol and S Glo",Bristol City,"Bristol, City of",VP3130EF,Avonmouth Healthcare Waste Incinerator and Transfer Facility - EPR/VP3130EF,SRCL LIMITED,B02 : Clinical Waste Incinerator,352100,180540,BS11 9BP,User left blank,Hazardous,18 - HUMAN AND ANIMAL HEALTH CARE WASTE,Natal care - diagnosis - treatment or prevention of disease in humans,cytotoxic and cytostatic medicines,18 01 08*,Incineration,Clinical Waste Incinerator,Cardiff,Wales,Wales,Incineration,D10,4.008,02 - Chemical preparation wastes,Off-specification chemical wastes
South West,"Bath, Bristol and S Glo",Bristol City,"Bristol, City of",VP3130EF,Avonmouth Healthcare Waste Incinerator and Transfer Facility - EPR/VP3130EF,SRCL LIMITED,B02 : Clinical Waste Incinerator,352100,180540,BS11 9BP,User left blank,Hazardous,18 - HUMAN AND ANIMAL HEALTH CARE WASTE,Natal care - diagnosis - treatment or prevention of disease in humans,wastes whose collection and disposal is subject to special requirements in order to prevent infection,18 01 03*,Incineration,Clinical Waste Incinerator,Cardiff,Wales,Wales,Incineration,D10,48.773,05 - Healthcare and biological wastes,Infectious health care wastes
South West,"Bath, Bristol and S Glo",Bristol City,"Bristol, City of",VP3130EF,Avonmouth Healthcare Waste Incinerator and Transfer Facility - EPR/VP3130EF,SRCL LIMITED,B02 : Clinical Waste Incinerator,352100,180540,BS11 9BP,User left blank,Hhold/Ind/Com,18 - HUMAN AND ANIMAL HEALTH CARE WASTE,Natal care - diagnosis - treatment or prevention of disease in humans,medicines other than those mentioned in 18 01 08,18 01 09,Incineration,Clinical Waste Incinerator,Cardiff,Wales,Wales,Incineration,D10,0.98,02 - Chemical preparation wastes,Off-specification chemical wastes
South West,"Bath, Bristol and S Glo",Bristol City,"Bristol, City of",VP3130EF,Avonmouth Healthcare Waste Incinerator and Transfer Facility - EPR/VP3130EF,SRCL LIMITED,B02 : Clinical Waste Incinerator,352100,180540,BS11 9BP,User left blank,Hhold/Ind/Com,18 - HUMAN AND ANIMAL HEALTH CARE WASTE,Natal care - diagnosis - treatment or prevention of disease in humans,"wastes whose collection and disposal is not subject to special requirements in order to prevent infection(for example dressings, plaster casts, linen, disposable clothing, diapers)",18 01 04,Incineration,Clinical Waste Incinerator,Cardiff,Wales,Wales,Incineration,D10,0.531,10 - Mixed ordinary wastes,Mixed and undifferentiated materials
South West,"Bath, Bristol and S Glo",Bristol City,"Bristol, City of",VP3130EF,Avonmouth Healthcare Waste Incinerator and Transfer Facility - EPR/VP3130EF,SRCL LIMITED,B02 : Clinical Waste Incinerator,352100,180540,BS11 9BP,Solid,Hhold/Ind/Com,18 - HUMAN AND ANIMAL HEALTH CARE WASTE,Natal care - diagnosis - treatment or prevention of disease in humans,"wastes whose collection and disposal is not subject to special requirements in order to prevent infection(for example dressings, plaster casts, linen, disposable clothing, diapers)",18 01 04,Incineration,Clinical Waste Incinerator,Cardiff,Wales,Wales,Recovery,R13,0.392,10 - Mixed ordinary wastes,Mixed and undifferentiated materials
South West,"Bath, Bristol and S Glo",Bristol City,"Bristol, City of",VP3130EF,Avonmouth Healthcare Waste Incinerator and Transfer Facility - EPR/VP3130EF,SRCL LIMITED,B02 : Clinical Waste Incinerator,352100,180540,BS11 9BP,User left blank,Hhold/Ind/Com,18 - HUMAN AND ANIMAL HEALTH CARE WASTE,Natal care - diagnosis - treatment or prevention of disease in humans,"wastes whose collection and disposal is not subject to special requirements in order to prevent infection(for example dressings, plaster casts, linen, disposable clothing, diapers)",18 01 04,Incineration,Clinical Waste Incinerator,Cardiff,Wales,Wales,Recovery,R13,0.213,10 - Mixed ordinary wastes,Mixed and undifferentiated materials
South West,"Bath, Bristol and S Glo",Bristol City,"Bristol, City of",VP3130EF,Avonmouth Healthcare Waste Incinerator and Transfer Facility - EPR/VP3130EF,SRCL LIMITED,B02 : Clinical Waste Incinerator,352100,180540,BS11 9BP,Solid,Hazardous,18 - HUMAN AND ANIMAL HEALTH CARE WASTE,Natal care - diagnosis - treatment or prevention of disease in humans,cytotoxic and cytostatic medicines,18 01 08*,Incineration,Clinical Waste Incinerator,Carmarthenshire,Wales,Wales,Incineration,D10,2.061,02 - Chemical preparation wastes,Off-specification chemical wastes
South West,"Bath, Bristol and S Glo",Bristol City,"Bristol, City of",VP3130EF,Avonmouth Healthcare Waste Incinerator and Transfer Facility - EPR/VP3130EF,SRCL LIMITED,B02 : Clinical Waste Incinerator,352100,180540,BS11 9BP,Solid,Hazardous,18 - HUMAN AND ANIMAL HEALTH CARE WASTE,Natal care - diagnosis - treatment or prevention of disease in humans,wastes whose collection and disposal is subject to special requirements in order to prevent infection,18 01 03*,Incineration,Clinical Waste Incinerator,Carmarthenshire,Wales,Wales,Incineration,D10,35.435,05 - Healthcare and biological wastes,Infectious health care wastes
South West,"Bath, Bristol and S Glo",Bristol City,"Bristol, City of",VP3130EF,Avonmouth Healthcare Waste Incinerator and Transfer Facility - EPR/VP3130EF,SRCL LIMITED,B02 : Clinical Waste Incinerator,352100,180540,BS11 9BP,Solid,Hhold/Ind/Com,18 - HUMAN AND ANIMAL HEALTH CARE WASTE,Natal care - diagnosis - treatment or prevention of disease in humans,medicines other than those mentioned in 18 01 08,18 01 09,Incineration,Clinical Waste Incinerator,Carmarthenshire,Wales,Wales,Incineration,D10,5.725,02 - Chemical preparation wastes,Off-specification chemical wastes
South West,"Bath, Bristol and S Glo",Bristol City,"Bristol, City of",VP3130EF,Avonmouth Healthcare Waste Incinerator and Transfer Facility - EPR/VP3130EF,SRCL LIMITED,B02 : Clinical Waste Incinerator,352100,180540,BS11 9BP,Solid,Hhold/Ind/Com,18 - HUMAN AND ANIMAL HEALTH CARE WASTE,Natal care - diagnosis - treatment or prevention of disease in humans,"wastes whose collection and disposal is not subject to special requirements in order to prevent infection(for example dressings, plaster casts, linen, disposable clothing, diapers)",18 01 04,Incineration,Clinical Waste Incinerator,Carmarthenshire,Wales,Wales,Incineration,D10,0.599,10 - Mixed ordinary wastes,Mixed and undifferentiated materials
South West,"Bath, Bristol and S Glo",Bristol City,"Bristol, City of",VP3130EF,Avonmouth Healthcare Waste Incinerator and Transfer Facility - EPR/VP3130EF,SRCL LIMITED,B02 : Clinical Waste Incinerator,352100,180540,BS11 9BP,User left blank,Hazardous,18 - HUMAN AND ANIMAL HEALTH CARE WASTE,Natal care - diagnosis - treatment or prevention of disease in humans,cytotoxic and cytostatic medicines,18 01 08*,Incineration,Clinical Waste Incinerator,Carmarthenshire,Wales,Wales,Incineration,D10,0.433,02 - Chemical preparation wastes,Off-specification chemical wastes
South West,"Bath, Bristol and S Glo",Bristol City,"Bristol, City of",VP3130EF,Avonmouth Healthcare Waste Incinerator and Transfer Facility - EPR/VP3130EF,SRCL LIMITED,B02 : Clinical Waste Incinerator,352100,180540,BS11 9BP,User left blank,Hazardous,18 - HUMAN AND ANIMAL HEALTH CARE WASTE,Natal care - diagnosis - treatment or prevention of disease in humans,wastes whose collection and disposal is subject to special requirements in order to prevent infection,18 01 03*,Incineration,Clinical Waste Incinerator,Carmarthenshire,Wales,Wales,Incineration,D10,16.756,05 - Healthcare and biological wastes,Infectious health care wastes
South West,"Bath, Bristol and S Glo",Bristol City,"Bristol, City of",VP3130EF,Avonmouth Healthcare Waste Incinerator and Transfer Facility - EPR/VP3130EF,SRCL LIMITED,B02 : Clinical Waste Incinerator,352100,180540,BS11 9BP,User left blank,Hhold/Ind/Com,18 - HUMAN AND ANIMAL HEALTH CARE WASTE,Natal care - diagnosis - treatment or prevention of disease in humans,medicines other than those mentioned in 18 01 08,18 01 09,Incineration,Clinical Waste Incinerator,Carmarthenshire,Wales,Wales,Incineration,D10,2.079,02 - Chemical preparation wastes,Off-specification chemical wastes
South West,"Bath, Bristol and S Glo",Bristol City,"Bristol, City of",VP3130EF,Avonmouth Healthcare Waste Incinerator and Transfer Facility - EPR/VP3130EF,SRCL LIMITED,B02 : Clinical Waste Incinerator,352100,180540,BS11 9BP,User left blank,Hhold/Ind/Com,18 - HUMAN AND ANIMAL HEALTH CARE WASTE,Natal care - diagnosis - treatment or prevention of disease in humans,"wastes whose collection and disposal is not subject to special requirements in order to prevent infection(for example dressings, plaster casts, linen, disposable clothing, diapers)",18 01 04,Incineration,Clinical Waste Incinerator,Carmarthenshire,Wales,Wales,Incineration,D10,0.105,10 - Mixed ordinary wastes,Mixed and undifferentiated materials
South West,"Bath, Bristol and S Glo",Bristol City,"Bristol, City of",VP3130EF,Avonmouth Healthcare Waste Incinerator and Transfer Facility - EPR/VP3130EF,SRCL LIMITED,B02 : Clinical Waste Incinerator,352100,180540,BS11 9BP,Solid,Hazardous,18 - HUMAN AND ANIMAL HEALTH CARE WASTE,Natal care - diagnosis - treatment or prevention of disease in humans,cytotoxic and cytostatic medicines,18 01 08*,Incineration,Clinical Waste Incinerator,Ceredigion,Wales,Wales,Incineration,D10,0.369,02 - Chemical preparation wastes,Off-specification chemical wastes
South West,"Bath, Bristol and S Glo",Bristol City,"Bristol, City of",VP3130EF,Avonmouth Healthcare Waste Incinerator and Transfer Facility - EPR/VP3130EF,SRCL LIMITED,B02 : Clinical Waste Incinerator,352100,180540,BS11 9BP,Solid,Hazardous,18 - HUMAN AND ANIMAL HEALTH CARE WASTE,Natal care - diagnosis - treatment or prevention of disease in humans,wastes whose collection and disposal is subject to special requirements in order to prevent infection,18 01 03*,Incineration,Clinical Waste Incinerator,Ceredigion,Wales,Wales,Incineration,D10,5.179,05 - Healthcare and biological wastes,Infectious health care wastes
South West,"Bath, Bristol and S Glo",Bristol City,"Bristol, City of",VP3130EF,Avonmouth Healthcare Waste Incinerator and Transfer Facility - EPR/VP3130EF,SRCL LIMITED,B02 : Clinical Waste Incinerator,352100,180540,BS11 9BP,Solid,Hhold/Ind/Com,18 - HUMAN AND ANIMAL HEALTH CARE WASTE,Natal care - diagnosis - treatment or prevention of disease in humans,medicines other than those mentioned in 18 01 08,18 01 09,Incineration,Clinical Waste Incinerator,Ceredigion,Wales,Wales,Incineration,D10,0.575,02 - Chemical preparation wastes,Off-specification chemical wastes
South West,"Bath, Bristol and S Glo",Bristol City,"Bristol, City of",VP3130EF,Avonmouth Healthcare Waste Incinerator and Transfer Facility - EPR/VP3130EF,SRCL LIMITED,B02 : Clinical Waste Incinerator,352100,180540,BS11 9BP,User left blank,Hazardous,18 - HUMAN AND ANIMAL HEALTH CARE WASTE,Natal care - diagnosis - treatment or prevention of disease in humans,cytotoxic and cytostatic medicines,18 01 08*,Incineration,Clinical Waste Incinerator,Ceredigion,Wales,Wales,Incineration,D10,0.116,02 - Chemical preparation wastes,Off-specification chemical wastes
South West,"Bath, Bristol and S Glo",Bristol City,"Bristol, City of",VP3130EF,Avonmouth Healthcare Waste Incinerator and Transfer Facility - EPR/VP3130EF,SRCL LIMITED,B02 : Clinical Waste Incinerator,352100,180540,BS11 9BP,User left blank,Hazardous,18 - HUMAN AND ANIMAL HEALTH CARE WASTE,Natal care - diagnosis - treatment or prevention of disease in humans,wastes whose collection and disposal is subject to special requirements in order to prevent infection,18 01 03*,Incineration,Clinical Waste Incinerator,Ceredigion,Wales,Wales,Incineration,D10,2.613,05 - Healthcare and biological wastes,Infectious health care wastes
South West,"Bath, Bristol and S Glo",Bristol City,"Bristol, City of",VP3130EF,Avonmouth Healthcare Waste Incinerator and Transfer Facility - EPR/VP3130EF,SRCL LIMITED,B02 : Clinical Waste Incinerator,352100,180540,BS11 9BP,User left blank,Hhold/Ind/Com,18 - HUMAN AND ANIMAL HEALTH CARE WASTE,Natal care - diagnosis - treatment or prevention of disease in humans,medicines other than those mentioned in 18 01 08,18 01 09,Incineration,Clinical Waste Incinerator,Ceredigion,Wales,Wales,Incineration,D10,0.3,02 - Chemical preparation wastes,Off-specification chemical wastes
South West,"Bath, Bristol and S Glo",Bristol City,"Bristol, City of",VP3130EF,Avonmouth Healthcare Waste Incinerator and Transfer Facility - EPR/VP3130EF,SRCL LIMITED,B02 : Clinical Waste Incinerator,352100,180540,BS11 9BP,Solid,Hhold/Ind/Com,18 - HUMAN AND ANIMAL HEALTH CARE WASTE,Natal care - diagnosis - treatment or prevention of disease in humans,"wastes whose collection and disposal is not subject to special requirements in order to prevent infection(for example dressings, plaster casts, linen, disposable clothing, diapers)",18 01 04,Incineration,Clinical Waste Incinerator,Ceredigion,Wales,Wales,Recovery,R13,0.06,10 - Mixed ordinary wastes,Mixed and undifferentiated materials
South West,"Bath, Bristol and S Glo",Bristol City,"Bristol, City of",VP3130EF,Avonmouth Healthcare Waste Incinerator and Transfer Facility - EPR/VP3130EF,SRCL LIMITED,B02 : Clinical Waste Incinerator,352100,180540,BS11 9BP,Solid,Hazardous,18 - HUMAN AND ANIMAL HEALTH CARE WASTE,Natal care - diagnosis - treatment or prevention of disease in humans,cytotoxic and cytostatic medicines,18 01 08*,Incineration,Clinical Waste Incinerator,Merthyr Tydfil,Wales,Wales,Incineration,D10,2.765,02 - Chemical preparation wastes,Off-specification chemical wastes
South West,"Bath, Bristol and S Glo",Bristol City,"Bristol, City of",VP3130EF,Avonmouth Healthcare Waste Incinerator and Transfer Facility - EPR/VP3130EF,SRCL LIMITED,B02 : Clinical Waste Incinerator,352100,180540,BS11 9BP,Solid,Hazardous,18 - HUMAN AND ANIMAL HEALTH CARE WASTE,Natal care - diagnosis - treatment or prevention of disease in humans,wastes whose collection and disposal is subject to special requirements in order to prevent infection,18 01 03*,Incineration,Clinical Waste Incinerator,Merthyr Tydfil,Wales,Wales,Incineration,D10,15.002,05 - Healthcare and biological wastes,Infectious health care wastes
South West,"Bath, Bristol and S Glo",Bristol City,"Bristol, City of",VP3130EF,Avonmouth Healthcare Waste Incinerator and Transfer Facility - EPR/VP3130EF,SRCL LIMITED,B02 : Clinical Waste Incinerator,352100,180540,BS11 9BP,Solid,Hhold/Ind/Com,18 - HUMAN AND ANIMAL HEALTH CARE WASTE,Natal care - diagnosis - treatment or prevention of disease in humans,medicines other than those mentioned in 18 01 08,18 01 09,Incineration,Clinical Waste Incinerator,Merthyr Tydfil,Wales,Wales,Incineration,D10,0.957,02 - Chemical preparation wastes,Off-specification chemical wastes
South West,"Bath, Bristol and S Glo",Bristol City,"Bristol, City of",VP3130EF,Avonmouth Healthcare Waste Incinerator and Transfer Facility - EPR/VP3130EF,SRCL LIMITED,B02 : Clinical Waste Incinerator,352100,180540,BS11 9BP,Solid,Hhold/Ind/Com,18 - HUMAN AND ANIMAL HEALTH CARE WASTE,Natal care - diagnosis - treatment or prevention of disease in humans,"wastes whose collection and disposal is not subject to special requirements in order to prevent infection(for example dressings, plaster casts, linen, disposable clothing, diapers)",18 01 04,Incineration,Clinical Waste Incinerator,Merthyr Tydfil,Wales,Wales,Incineration,D10,0.309,10 - Mixed ordinary wastes,Mixed and undifferentiated materials
South West,"Bath, Bristol and S Glo",Bristol City,"Bristol, City of",VP3130EF,Avonmouth Healthcare Waste Incinerator and Transfer Facility - EPR/VP3130EF,SRCL LIMITED,B02 : Clinical Waste Incinerator,352100,180540,BS11 9BP,User left blank,Hazardous,18 - HUMAN AND ANIMAL HEALTH CARE WASTE,Natal care - diagnosis - treatment or prevention of disease in humans,cytotoxic and cytostatic medicines,18 01 08*,Incineration,Clinical Waste Incinerator,Merthyr Tydfil,Wales,Wales,Incineration,D10,0.655,02 - Chemical preparation wastes,Off-specification chemical wastes
South West,"Bath, Bristol and S Glo",Bristol City,"Bristol, City of",VP3130EF,Avonmouth Healthcare Waste Incinerator and Transfer Facility - EPR/VP3130EF,SRCL LIMITED,B02 : Clinical Waste Incinerator,352100,180540,BS11 9BP,User left blank,Hazardous,18 - HUMAN AND ANIMAL HEALTH CARE WASTE,Natal care - diagnosis - treatment or prevention of disease in humans,wastes whose collection and disposal is subject to special requirements in order to prevent infection,18 01 03*,Incineration,Clinical Waste Incinerator,Merthyr Tydfil,Wales,Wales,Incineration,D10,7.064,05 - Healthcare and biological wastes,Infectious health care wastes
South West,"Bath, Bristol and S Glo",Bristol City,"Bristol, City of",VP3130EF,Avonmouth Healthcare Waste Incinerator and Transfer Facility - EPR/VP3130EF,SRCL LIMITED,B02 : Clinical Waste Incinerator,352100,180540,BS11 9BP,User left blank,Hhold/Ind/Com,18 - HUMAN AND ANIMAL HEALTH CARE WASTE,Natal care - diagnosis - treatment or prevention of disease in humans,medicines other than those mentioned in 18 01 08,18 01 09,Incineration,Clinical Waste Incinerator,Merthyr Tydfil,Wales,Wales,Incineration,D10,0.352,02 - Chemical preparation wastes,Off-specification chemical wastes
South West,"Bath, Bristol and S Glo",Bristol City,"Bristol, City of",VP3130EF,Avonmouth Healthcare Waste Incinerator and Transfer Facility - EPR/VP3130EF,SRCL LIMITED,B02 : Clinical Waste Incinerator,352100,180540,BS11 9BP,User left blank,Hhold/Ind/Com,18 - HUMAN AND ANIMAL HEALTH CARE WASTE,Natal care - diagnosis - treatment or prevention of disease in humans,"wastes whose collection and disposal is not subject to special requirements in order to prevent infection(for example dressings, plaster casts, linen, disposable clothing, diapers)",18 01 04,Incineration,Clinical Waste Incinerator,Merthyr Tydfil,Wales,Wales,Incineration,D10,0.293,10 - Mixed ordinary wastes,Mixed and undifferentiated materials
South West,"Bath, Bristol and S Glo",Bristol City,"Bristol, City of",VP3130EF,Avonmouth Healthcare Waste Incinerator and Transfer Facility - EPR/VP3130EF,SRCL LIMITED,B02 : Clinical Waste Incinerator,352100,180540,BS11 9BP,Solid,Hhold/Ind/Com,18 - HUMAN AND ANIMAL HEALTH CARE WASTE,Natal care - diagnosis - treatment or prevention of disease in humans,"wastes whose collection and disposal is not subject to special requirements in order to prevent infection(for example dressings, plaster casts, linen, disposable clothing, diapers)",18 01 04,Incineration,Clinical Waste Incinerator,Merthyr Tydfil,Wales,Wales,Recovery,R13,0.117,10 - Mixed ordinary wastes,Mixed and undifferentiated materials
South West,"Bath, Bristol and S Glo",Bristol City,"Bristol, City of",VP3130EF,Avonmouth Healthcare Waste Incinerator and Transfer Facility - EPR/VP3130EF,SRCL LIMITED,B02 : Clinical Waste Incinerator,352100,180540,BS11 9BP,User left blank,Hhold/Ind/Com,18 - HUMAN AND ANIMAL HEALTH CARE WASTE,Natal care - diagnosis - treatment or prevention of disease in humans,"wastes whose collection and disposal is not subject to special requirements in order to prevent infection(for example dressings, plaster casts, linen, disposable clothing, diapers)",18 01 04,Incineration,Clinical Waste Incinerator,Merthyr Tydfil,Wales,Wales,Recovery,R13,0.049,10 - Mixed ordinary wastes,Mixed and undifferentiated materials
South West,"Bath, Bristol and S Glo",Bristol City,"Bristol, City of",VP3130EF,Avonmouth Healthcare Waste Incinerator and Transfer Facility - EPR/VP3130EF,SRCL LIMITED,B02 : Clinical Waste Incinerator,352100,180540,BS11 9BP,Solid,Hazardous,18 - HUMAN AND ANIMAL HEALTH CARE WASTE,Natal care - diagnosis - treatment or prevention of disease in humans,wastes whose collection and disposal is subject to special requirements in order to prevent infection,18 01 03*,Incineration,Clinical Waste Incinerator,Monmouthshire,Wales,Wales,Incineration,D10,11.331,05 - Healthcare and biological wastes,Infectious health care wastes
South West,"Bath, Bristol and S Glo",Bristol City,"Bristol, City of",VP3130EF,Avonmouth Healthcare Waste Incinerator and Transfer Facility - EPR/VP3130EF,SRCL LIMITED,B02 : Clinical Waste Incinerator,352100,180540,BS11 9BP,User left blank,Hazardous,18 - HUMAN AND ANIMAL HEALTH CARE WASTE,Natal care - diagnosis - treatment or prevention of disease in humans,wastes whose collection and disposal is subject to special requirements in order to prevent infection,18 01 03*,Incineration,Clinical Waste Incinerator,Monmouthshire,Wales,Wales,Incineration,D10,4.215,05 - Healthcare and biological wastes,Infectious health care wastes
South West,"Bath, Bristol and S Glo",Bristol City,"Bristol, City of",VP3130EF,Avonmouth Healthcare Waste Incinerator and Transfer Facility - EPR/VP3130EF,SRCL LIMITED,B02 : Clinical Waste Incinerator,352100,180540,BS11 9BP,Solid,Hhold/Ind/Com,18 - HUMAN AND ANIMAL HEALTH CARE WASTE,Natal care - diagnosis - treatment or prevention of disease in humans,"wastes whose collection and disposal is not subject to special requirements in order to prevent infection(for example dressings, plaster casts, linen, disposable clothing, diapers)",18 01 04,Incineration,Clinical Waste Incinerator,Monmouthshire,Wales,Wales,Recovery,R13,0.056,10 - Mixed ordinary wastes,Mixed and undifferentiated materials
South West,"Bath, Bristol and S Glo",Bristol City,"Bristol, City of",VP3130EF,Avonmouth Healthcare Waste Incinerator and Transfer Facility - EPR/VP3130EF,SRCL LIMITED,B02 : Clinical Waste Incinerator,352100,180540,BS11 9BP,Solid,Hazardous,18 - HUMAN AND ANIMAL HEALTH CARE WASTE,Natal care - diagnosis - treatment or prevention of disease in humans,cytotoxic and cytostatic medicines,18 01 08*,Incineration,Clinical Waste Incinerator,Neath Port Talbot,Wales,Wales,Incineration,D10,0.231,02 - Chemical preparation wastes,Off-specification chemical wastes
South West,"Bath, Bristol and S Glo",Bristol City,"Bristol, City of",VP3130EF,Avonmouth Healthcare Waste Incinerator and Transfer Facility - EPR/VP3130EF,SRCL LIMITED,B02 : Clinical Waste Incinerator,352100,180540,BS11 9BP,Solid,Hazardous,18 - HUMAN AND ANIMAL HEALTH CARE WASTE,Natal care - diagnosis - treatment or prevention of disease in humans,wastes whose collection and disposal is subject to special requirements in order to prevent infection,18 01 03*,Incineration,Clinical Waste Incinerator,Neath Port Talbot,Wales,Wales,Incineration,D10,3.664,05 - Healthcare and biological wastes,Infectious health care wastes
South West,"Bath, Bristol and S Glo",Bristol City,"Bristol, City of",VP3130EF,Avonmouth Healthcare Waste Incinerator and Transfer Facility - EPR/VP3130EF,SRCL LIMITED,B02 : Clinical Waste Incinerator,352100,180540,BS11 9BP,Solid,Hhold/Ind/Com,18 - HUMAN AND ANIMAL HEALTH CARE WASTE,Natal care - diagnosis - treatment or prevention of disease in humans,medicines other than those mentioned in 18 01 08,18 01 09,Incineration,Clinical Waste Incinerator,Neath Port Talbot,Wales,Wales,Incineration,D10,0.371,02 - Chemical preparation wastes,Off-specification chemical wastes
South West,"Bath, Bristol and S Glo",Bristol City,"Bristol, City of",VP3130EF,Avonmouth Healthcare Waste Incinerator and Transfer Facility - EPR/VP3130EF,SRCL LIMITED,B02 : Clinical Waste Incinerator,352100,180540,BS11 9BP,User left blank,Hazardous,18 - HUMAN AND ANIMAL HEALTH CARE WASTE,Natal care - diagnosis - treatment or prevention of disease in humans,cytotoxic and cytostatic medicines,18 01 08*,Incineration,Clinical Waste Incinerator,Neath Port Talbot,Wales,Wales,Incineration,D10,0.048,02 - Chemical preparation wastes,Off-specification chemical wastes
South West,"Bath, Bristol and S Glo",Bristol City,"Bristol, City of",VP3130EF,Avonmouth Healthcare Waste Incinerator and Transfer Facility - EPR/VP3130EF,SRCL LIMITED,B02 : Clinical Waste Incinerator,352100,180540,BS11 9BP,User left blank,Hazardous,18 - HUMAN AND ANIMAL HEALTH CARE WASTE,Natal care - diagnosis - treatment or prevention of disease in humans,wastes whose collection and disposal is subject to special requirements in order to prevent infection,18 01 03*,Incineration,Clinical Waste Incinerator,Neath Port Talbot,Wales,Wales,Incineration,D10,1.61,05 - Healthcare and biological wastes,Infectious health care wastes
South West,"Bath, Bristol and S Glo",Bristol City,"Bristol, City of",VP3130EF,Avonmouth Healthcare Waste Incinerator and Transfer Facility - EPR/VP3130EF,SRCL LIMITED,B02 : Clinical Waste Incinerator,352100,180540,BS11 9BP,User left blank,Hhold/Ind/Com,18 - HUMAN AND ANIMAL HEALTH CARE WASTE,Natal care - diagnosis - treatment or prevention of disease in humans,medicines other than those mentioned in 18 01 08,18 01 09,Incineration,Clinical Waste Incinerator,Neath Port Talbot,Wales,Wales,Incineration,D10,0.212,02 - Chemical preparation wastes,Off-specification chemical wastes
South West,"Bath, Bristol and S Glo",Bristol City,"Bristol, City of",VP3130EF,Avonmouth Healthcare Waste Incinerator and Transfer Facility - EPR/VP3130EF,SRCL LIMITED,B02 : Clinical Waste Incinerator,352100,180540,BS11 9BP,Solid,Hazardous,18 - HUMAN AND ANIMAL HEALTH CARE WASTE,Natal care - diagnosis - treatment or prevention of disease in humans,cytotoxic and cytostatic medicines,18 01 08*,Incineration,Clinical Waste Incinerator,Newport,Wales,Wales,Incineration,D10,1.431,02 - Chemical preparation wastes,Off-specification chemical wastes
South West,"Bath, Bristol and S Glo",Bristol City,"Bristol, City of",VP3130EF,Avonmouth Healthcare Waste Incinerator and Transfer Facility - EPR/VP3130EF,SRCL LIMITED,B02 : Clinical Waste Incinerator,352100,180540,BS11 9BP,Solid,Hazardous,18 - HUMAN AND ANIMAL HEALTH CARE WASTE,Natal care - diagnosis - treatment or prevention of disease in humans,wastes whose collection and disposal is subject to special requirements in order to prevent infection,18 01 03*,Incineration,Clinical Waste Incinerator,Newport,Wales,Wales,Incineration,D10,90.81,05 - Healthcare and biological wastes,Infectious health care wastes
South West,"Bath, Bristol and S Glo",Bristol City,"Bristol, City of",VP3130EF,Avonmouth Healthcare Waste Incinerator and Transfer Facility - EPR/VP3130EF,SRCL LIMITED,B02 : Clinical Waste Incinerator,352100,180540,BS11 9BP,Solid,Hhold/Ind/Com,18 - HUMAN AND ANIMAL HEALTH CARE WASTE,Natal care - diagnosis - treatment or prevention of disease in humans,medicines other than those mentioned in 18 01 08,18 01 09,Incineration,Clinical Waste Incinerator,Newport,Wales,Wales,Incineration,D10,2.38,02 - Chemical preparation wastes,Off-specification chemical wastes
South West,"Bath, Bristol and S Glo",Bristol City,"Bristol, City of",VP3130EF,Avonmouth Healthcare Waste Incinerator and Transfer Facility - EPR/VP3130EF,SRCL LIMITED,B02 : Clinical Waste Incinerator,352100,180540,BS11 9BP,User left blank,Hazardous,18 - HUMAN AND ANIMAL HEALTH CARE WASTE,Natal care - diagnosis - treatment or prevention of disease in humans,cytotoxic and cytostatic medicines,18 01 08*,Incineration,Clinical Waste Incinerator,Newport,Wales,Wales,Incineration,D10,0.548,02 - Chemical preparation wastes,Off-specification chemical wastes
South West,"Bath, Bristol and S Glo",Bristol City,"Bristol, City of",VP3130EF,Avonmouth Healthcare Waste Incinerator and Transfer Facility - EPR/VP3130EF,SRCL LIMITED,B02 : Clinical Waste Incinerator,352100,180540,BS11 9BP,User left blank,Hazardous,18 - HUMAN AND ANIMAL HEALTH CARE WASTE,Natal care - diagnosis - treatment or prevention of disease in humans,wastes whose collection and disposal is subject to special requirements in order to prevent infection,18 01 03*,Incineration,Clinical Waste Incinerator,Newport,Wales,Wales,Incineration,D10,35.176,05 - Healthcare and biological wastes,Infectious health care wastes
South West,"Bath, Bristol and S Glo",Bristol City,"Bristol, City of",VP3130EF,Avonmouth Healthcare Waste Incinerator and Transfer Facility - EPR/VP3130EF,SRCL LIMITED,B02 : Clinical Waste Incinerator,352100,180540,BS11 9BP,User left blank,Hhold/Ind/Com,18 - HUMAN AND ANIMAL HEALTH CARE WASTE,Natal care - diagnosis - treatment or prevention of disease in humans,medicines other than those mentioned in 18 01 08,18 01 09,Incineration,Clinical Waste Incinerator,Newport,Wales,Wales,Incineration,D10,1.01,02 - Chemical preparation wastes,Off-specification chemical wastes
South West,"Bath, Bristol and S Glo",Bristol City,"Bristol, City of",VP3130EF,Avonmouth Healthcare Waste Incinerator and Transfer Facility - EPR/VP3130EF,SRCL LIMITED,B02 : Clinical Waste Incinerator,352100,180540,BS11 9BP,Solid,Hhold/Ind/Com,18 - HUMAN AND ANIMAL HEALTH CARE WASTE,Natal care - diagnosis - treatment or prevention of disease in humans,"wastes whose collection and disposal is not subject to special requirements in order to prevent infection(for example dressings, plaster casts, linen, disposable clothing, diapers)",18 01 04,Incineration,Clinical Waste Incinerator,Newport,Wales,Wales,Recovery,R13,0.221,10 - Mixed ordinary wastes,Mixed and undifferentiated materials
South West,"Bath, Bristol and S Glo",Bristol City,"Bristol, City of",VP3130EF,Avonmouth Healthcare Waste Incinerator and Transfer Facility - EPR/VP3130EF,SRCL LIMITED,B02 : Clinical Waste Incinerator,352100,180540,BS11 9BP,Solid,Hazardous,18 - HUMAN AND ANIMAL HEALTH CARE WASTE,Natal care - diagnosis - treatment or prevention of disease in humans,cytotoxic and cytostatic medicines,18 01 08*,Incineration,Clinical Waste Incinerator,Pembrokeshire,Wales,Wales,Incineration,D10,2.035,02 - Chemical preparation wastes,Off-specification chemical wastes
South West,"Bath, Bristol and S Glo",Bristol City,"Bristol, City of",VP3130EF,Avonmouth Healthcare Waste Incinerator and Transfer Facility - EPR/VP3130EF,SRCL LIMITED,B02 : Clinical Waste Incinerator,352100,180540,BS11 9BP,Solid,Hazardous,18 - HUMAN AND ANIMAL HEALTH CARE WASTE,Natal care - diagnosis - treatment or prevention of disease in humans,wastes whose collection and disposal is subject to special requirements in order to prevent infection,18 01 03*,Incineration,Clinical Waste Incinerator,Pembrokeshire,Wales,Wales,Incineration,D10,9.691,05 - Healthcare and biological wastes,Infectious health care wastes
South West,"Bath, Bristol and S Glo",Bristol City,"Bristol, City of",VP3130EF,Avonmouth Healthcare Waste Incinerator and Transfer Facility - EPR/VP3130EF,SRCL LIMITED,B02 : Clinical Waste Incinerator,352100,180540,BS11 9BP,Solid,Hhold/Ind/Com,18 - HUMAN AND ANIMAL HEALTH CARE WASTE,Natal care - diagnosis - treatment or prevention of disease in humans,medicines other than those mentioned in 18 01 08,18 01 09,Incineration,Clinical Waste Incinerator,Pembrokeshire,Wales,Wales,Incineration,D10,1.071,02 - Chemical preparation wastes,Off-specification chemical wastes
South West,"Bath, Bristol and S Glo",Bristol City,"Bristol, City of",VP3130EF,Avonmouth Healthcare Waste Incinerator and Transfer Facility - EPR/VP3130EF,SRCL LIMITED,B02 : Clinical Waste Incinerator,352100,180540,BS11 9BP,User left blank,Hazardous,18 - HUMAN AND ANIMAL HEALTH CARE WASTE,Natal care - diagnosis - treatment or prevention of disease in humans,cytotoxic and cytostatic medicines,18 01 08*,Incineration,Clinical Waste Incinerator,Pembrokeshire,Wales,Wales,Incineration,D10,0.434,02 - Chemical preparation wastes,Off-specification chemical wastes
South West,"Bath, Bristol and S Glo",Bristol City,"Bristol, City of",VP3130EF,Avonmouth Healthcare Waste Incinerator and Transfer Facility - EPR/VP3130EF,SRCL LIMITED,B02 : Clinical Waste Incinerator,352100,180540,BS11 9BP,User left blank,Hazardous,18 - HUMAN AND ANIMAL HEALTH CARE WASTE,Natal care - diagnosis - treatment or prevention of disease in humans,wastes whose collection and disposal is subject to special requirements in order to prevent infection,18 01 03*,Incineration,Clinical Waste Incinerator,Pembrokeshire,Wales,Wales,Incineration,D10,4.558,05 - Healthcare and biological wastes,Infectious health care wastes
South West,"Bath, Bristol and S Glo",Bristol City,"Bristol, City of",VP3130EF,Avonmouth Healthcare Waste Incinerator and Transfer Facility - EPR/VP3130EF,SRCL LIMITED,B02 : Clinical Waste Incinerator,352100,180540,BS11 9BP,User left blank,Hhold/Ind/Com,18 - HUMAN AND ANIMAL HEALTH CARE WASTE,Natal care - diagnosis - treatment or prevention of disease in humans,medicines other than those mentioned in 18 01 08,18 01 09,Incineration,Clinical Waste Incinerator,Pembrokeshire,Wales,Wales,Incineration,D10,0.421,02 - Chemical preparation wastes,Off-specification chemical wastes
South West,"Bath, Bristol and S Glo",Bristol City,"Bristol, City of",VP3130EF,Avonmouth Healthcare Waste Incinerator and Transfer Facility - EPR/VP3130EF,SRCL LIMITED,B02 : Clinical Waste Incinerator,352100,180540,BS11 9BP,Solid,Hazardous,18 - HUMAN AND ANIMAL HEALTH CARE WASTE,Natal care - diagnosis - treatment or prevention of disease in humans,cytotoxic and cytostatic medicines,18 01 08*,Incineration,Clinical Waste Incinerator,Rhondda Cynon Taf,Wales,Wales,Incineration,D10,2.217,02 - Chemical preparation wastes,Off-specification chemical wastes
South West,"Bath, Bristol and S Glo",Bristol City,"Bristol, City of",VP3130EF,Avonmouth Healthcare Waste Incinerator and Transfer Facility - EPR/VP3130EF,SRCL LIMITED,B02 : Clinical Waste Incinerator,352100,180540,BS11 9BP,Solid,Hazardous,18 - HUMAN AND ANIMAL HEALTH CARE WASTE,Natal care - diagnosis - treatment or prevention of disease in humans,wastes whose collection and disposal is subject to special requirements in order to prevent infection,18 01 03*,Incineration,Clinical Waste Incinerator,Rhondda Cynon Taf,Wales,Wales,Incineration,D10,31.662,05 - Healthcare and biological wastes,Infectious health care wastes
South West,"Bath, Bristol and S Glo",Bristol City,"Bristol, City of",VP3130EF,Avonmouth Healthcare Waste Incinerator and Transfer Facility - EPR/VP3130EF,SRCL LIMITED,B02 : Clinical Waste Incinerator,352100,180540,BS11 9BP,Solid,Hhold/Ind/Com,18 - HUMAN AND ANIMAL HEALTH CARE WASTE,Natal care - diagnosis - treatment or prevention of disease in humans,medicines other than those mentioned in 18 01 08,18 01 09,Incineration,Clinical Waste Incinerator,Rhondda Cynon Taf,Wales,Wales,Incineration,D10,10.4,02 - Chemical preparation wastes,Off-specification chemical wastes
South West,"Bath, Bristol and S Glo",Bristol City,"Bristol, City of",VP3130EF,Avonmouth Healthcare Waste Incinerator and Transfer Facility - EPR/VP3130EF,SRCL LIMITED,B02 : Clinical Waste Incinerator,352100,180540,BS11 9BP,Solid,Hhold/Ind/Com,18 - HUMAN AND ANIMAL HEALTH CARE WASTE,Natal care - diagnosis - treatment or prevention of disease in humans,"wastes whose collection and disposal is not subject to special requirements in order to prevent infection(for example dressings, plaster casts, linen, disposable clothing, diapers)",18 01 04,Incineration,Clinical Waste Incinerator,Rhondda Cynon Taf,Wales,Wales,Incineration,D10,1.269,10 - Mixed ordinary wastes,Mixed and undifferentiated materials
South West,"Bath, Bristol and S Glo",Bristol City,"Bristol, City of",VP3130EF,Avonmouth Healthcare Waste Incinerator and Transfer Facility - EPR/VP3130EF,SRCL LIMITED,B02 : Clinical Waste Incinerator,352100,180540,BS11 9BP,User left blank,Hazardous,18 - HUMAN AND ANIMAL HEALTH CARE WASTE,Natal care - diagnosis - treatment or prevention of disease in humans,cytotoxic and cytostatic medicines,18 01 08*,Incineration,Clinical Waste Incinerator,Rhondda Cynon Taf,Wales,Wales,Incineration,D10,0.567,02 - Chemical preparation wastes,Off-specification chemical wastes
South West,"Bath, Bristol and S Glo",Bristol City,"Bristol, City of",VP3130EF,Avonmouth Healthcare Waste Incinerator and Transfer Facility - EPR/VP3130EF,SRCL LIMITED,B02 : Clinical Waste Incinerator,352100,180540,BS11 9BP,User left blank,Hazardous,18 - HUMAN AND ANIMAL HEALTH CARE WASTE,Natal care - diagnosis - treatment or prevention of disease in humans,wastes whose collection and disposal is subject to special requirements in order to prevent infection,18 01 03*,Incineration,Clinical Waste Incinerator,Rhondda Cynon Taf,Wales,Wales,Incineration,D10,15.775,05 - Healthcare and biological wastes,Infectious health care wastes
South West,"Bath, Bristol and S Glo",Bristol City,"Bristol, City of",VP3130EF,Avonmouth Healthcare Waste Incinerator and Transfer Facility - EPR/VP3130EF,SRCL LIMITED,B02 : Clinical Waste Incinerator,352100,180540,BS11 9BP,User left blank,Hhold/Ind/Com,18 - HUMAN AND ANIMAL HEALTH CARE WASTE,Natal care - diagnosis - treatment or prevention of disease in humans,medicines other than those mentioned in 18 01 08,18 01 09,Incineration,Clinical Waste Incinerator,Rhondda Cynon Taf,Wales,Wales,Incineration,D10,2.37,02 - Chemical preparation wastes,Off-specification chemical wastes
South West,"Bath, Bristol and S Glo",Bristol City,"Bristol, City of",VP3130EF,Avonmouth Healthcare Waste Incinerator and Transfer Facility - EPR/VP3130EF,SRCL LIMITED,B02 : Clinical Waste Incinerator,352100,180540,BS11 9BP,User left blank,Hhold/Ind/Com,18 - HUMAN AND ANIMAL HEALTH CARE WASTE,Natal care - diagnosis - treatment or prevention of disease in humans,"wastes whose collection and disposal is not subject to special requirements in order to prevent infection(for example dressings, plaster casts, linen, disposable clothing, diapers)",18 01 04,Incineration,Clinical Waste Incinerator,Rhondda Cynon Taf,Wales,Wales,Incineration,D10,0.324,10 - Mixed ordinary wastes,Mixed and undifferentiated materials
South West,"Bath, Bristol and S Glo",Bristol City,"Bristol, City of",VP3130EF,Avonmouth Healthcare Waste Incinerator and Transfer Facility - EPR/VP3130EF,SRCL LIMITED,B02 : Clinical Waste Incinerator,352100,180540,BS11 9BP,Solid,Hhold/Ind/Com,18 - HUMAN AND ANIMAL HEALTH CARE WASTE,Natal care - diagnosis - treatment or prevention of disease in humans,sharps (except 18 01 03),18 01 01,Incineration,Clinical Waste Incinerator,Rhondda Cynon Taf,Wales,Wales,Recovery,R13,3.257,05 - Healthcare and biological wastes,Infectious health care wastes
South West,"Bath, Bristol and S Glo",Bristol City,"Bristol, City of",VP3130EF,Avonmouth Healthcare Waste Incinerator and Transfer Facility - EPR/VP3130EF,SRCL LIMITED,B02 : Clinical Waste Incinerator,352100,180540,BS11 9BP,Solid,Hhold/Ind/Com,18 - HUMAN AND ANIMAL HEALTH CARE WASTE,Natal care - diagnosis - treatment or prevention of disease in humans,"wastes whose collection and disposal is not subject to special requirements in order to prevent infection(for example dressings, plaster casts, linen, disposable clothing, diapers)",18 01 04,Incineration,Clinical Waste Incinerator,Rhondda Cynon Taf,Wales,Wales,Recovery,R13,2.935,10 - Mixed ordinary wastes,Mixed and undifferentiated materials
South West,"Bath, Bristol and S Glo",Bristol City,"Bristol, City of",VP3130EF,Avonmouth Healthcare Waste Incinerator and Transfer Facility - EPR/VP3130EF,SRCL LIMITED,B02 : Clinical Waste Incinerator,352100,180540,BS11 9BP,User left blank,Hhold/Ind/Com,18 - HUMAN AND ANIMAL HEALTH CARE WASTE,Natal care - diagnosis - treatment or prevention of disease in humans,sharps (except 18 01 03),18 01 01,Incineration,Clinical Waste Incinerator,Rhondda Cynon Taf,Wales,Wales,Recovery,R13,1.667,05 - Healthcare and biological wastes,Infectious health care wastes
South West,"Bath, Bristol and S Glo",Bristol City,"Bristol, City of",VP3130EF,Avonmouth Healthcare Waste Incinerator and Transfer Facility - EPR/VP3130EF,SRCL LIMITED,B02 : Clinical Waste Incinerator,352100,180540,BS11 9BP,Solid,Hazardous,18 - HUMAN AND ANIMAL HEALTH CARE WASTE,Natal care - diagnosis - treatment or prevention of disease in humans,cytotoxic and cytostatic medicines,18 01 08*,Incineration,Clinical Waste Incinerator,Torfaen,Wales,Wales,Incineration,D10,1.744,02 - Chemical preparation wastes,Off-specification chemical wastes
South West,"Bath, Bristol and S Glo",Bristol City,"Bristol, City of",VP3130EF,Avonmouth Healthcare Waste Incinerator and Transfer Facility - EPR/VP3130EF,SRCL LIMITED,B02 : Clinical Waste Incinerator,352100,180540,BS11 9BP,Solid,Hazardous,18 - HUMAN AND ANIMAL HEALTH CARE WASTE,Natal care - diagnosis - treatment or prevention of disease in humans,wastes whose collection and disposal is subject to special requirements in order to prevent infection,18 01 03*,Incineration,Clinical Waste Incinerator,Torfaen,Wales,Wales,Incineration,D10,131.316,05 - Healthcare and biological wastes,Infectious health care wastes
South West,"Bath, Bristol and S Glo",Bristol City,"Bristol, City of",VP3130EF,Avonmouth Healthcare Waste Incinerator and Transfer Facility - EPR/VP3130EF,SRCL LIMITED,B02 : Clinical Waste Incinerator,352100,180540,BS11 9BP,Solid,Hhold/Ind/Com,18 - HUMAN AND ANIMAL HEALTH CARE WASTE,Natal care - diagnosis - treatment or prevention of disease in humans,medicines other than those mentioned in 18 01 08,18 01 09,Incineration,Clinical Waste Incinerator,Torfaen,Wales,Wales,Incineration,D10,5.618,02 - Chemical preparation wastes,Off-specification chemical wastes
South West,"Bath, Bristol and S Glo",Bristol City,"Bristol, City of",VP3130EF,Avonmouth Healthcare Waste Incinerator and Transfer Facility - EPR/VP3130EF,SRCL LIMITED,B02 : Clinical Waste Incinerator,352100,180540,BS11 9BP,User left blank,Hazardous,18 - HUMAN AND ANIMAL HEALTH CARE WASTE,Natal care - diagnosis - treatment or prevention of disease in humans,cytotoxic and cytostatic medicines,18 01 08*,Incineration,Clinical Waste Incinerator,Torfaen,Wales,Wales,Incineration,D10,0.394,02 - Chemical preparation wastes,Off-specification chemical wastes
South West,"Bath, Bristol and S Glo",Bristol City,"Bristol, City of",VP3130EF,Avonmouth Healthcare Waste Incinerator and Transfer Facility - EPR/VP3130EF,SRCL LIMITED,B02 : Clinical Waste Incinerator,352100,180540,BS11 9BP,User left blank,Hazardous,18 - HUMAN AND ANIMAL HEALTH CARE WASTE,Natal care - diagnosis - treatment or prevention of disease in humans,wastes whose collection and disposal is subject to special requirements in order to prevent infection,18 01 03*,Incineration,Clinical Waste Incinerator,Torfaen,Wales,Wales,Incineration,D10,69.135,05 - Healthcare and biological wastes,Infectious health care wastes
South West,"Bath, Bristol and S Glo",Bristol City,"Bristol, City of",VP3130EF,Avonmouth Healthcare Waste Incinerator and Transfer Facility - EPR/VP3130EF,SRCL LIMITED,B02 : Clinical Waste Incinerator,352100,180540,BS11 9BP,User left blank,Hhold/Ind/Com,18 - HUMAN AND ANIMAL HEALTH CARE WASTE,Natal care - diagnosis - treatment or prevention of disease in humans,medicines other than those mentioned in 18 01 08,18 01 09,Incineration,Clinical Waste Incinerator,Torfaen,Wales,Wales,Incineration,D10,1.673,02 - Chemical preparation wastes,Off-specification chemical wastes
South West,"Bath, Bristol and S Glo",Bristol City,"Bristol, City of",VP3130EF,Avonmouth Healthcare Waste Incinerator and Transfer Facility - EPR/VP3130EF,SRCL LIMITED,B02 : Clinical Waste Incinerator,352100,180540,BS11 9BP,Solid,Hhold/Ind/Com,18 - HUMAN AND ANIMAL HEALTH CARE WASTE,Natal care - diagnosis - treatment or prevention of disease in humans,"wastes whose collection and disposal is not subject to special requirements in order to prevent infection(for example dressings, plaster casts, linen, disposable clothing, diapers)",18 01 04,Incineration,Clinical Waste Incinerator,Torfaen,Wales,Wales,Recovery,R13,5.238,10 - Mixed ordinary wastes,Mixed and undifferentiated materials
South West,"Bath, Bristol and S Glo",Bristol City,"Bristol, City of",VP3130EF,Avonmouth Healthcare Waste Incinerator and Transfer Facility - EPR/VP3130EF,SRCL LIMITED,B02 : Clinical Waste Incinerator,352100,180540,BS11 9BP,User left blank,Hhold/Ind/Com,18 - HUMAN AND ANIMAL HEALTH CARE WASTE,Natal care - diagnosis - treatment or prevention of disease in humans,"wastes whose collection and disposal is not subject to special requirements in order to prevent infection(for example dressings, plaster casts, linen, disposable clothing, diapers)",18 01 04,Incineration,Clinical Waste Incinerator,Torfaen,Wales,Wales,Recovery,R13,2.14,10 - Mixed ordinary wastes,Mixed and undifferentiated materials
South West,"Bath, Bristol and S Glo",Bristol City,"Bristol, City of",VP3130EF,Avonmouth Healthcare Waste Incinerator and Transfer Facility - EPR/VP3130EF,SRCL LIMITED,B02 : Clinical Waste Incinerator,352100,180540,BS11 9BP,Solid,Hazardous,18 - HUMAN AND ANIMAL HEALTH CARE WASTE,Natal care - diagnosis - treatment or prevention of disease in humans,cytotoxic and cytostatic medicines,18 01 08*,Incineration,Clinical Waste Incinerator,Vale of Glamorgan,Wales,Wales,Incineration,D10,1.442,02 - Chemical preparation wastes,Off-specification chemical wastes
South West,"Bath, Bristol and S Glo",Bristol City,"Bristol, City of",VP3130EF,Avonmouth Healthcare Waste Incinerator and Transfer Facility - EPR/VP3130EF,SRCL LIMITED,B02 : Clinical Waste Incinerator,352100,180540,BS11 9BP,Solid,Hazardous,18 - HUMAN AND ANIMAL HEALTH CARE WASTE,Natal care - diagnosis - treatment or prevention of disease in humans,wastes whose collection and disposal is subject to special requirements in order to prevent infection,18 01 03*,Incineration,Clinical Waste Incinerator,Vale of Glamorgan,Wales,Wales,Incineration,D10,23.441,05 - Healthcare and biological wastes,Infectious health care wastes
South West,"Bath, Bristol and S Glo",Bristol City,"Bristol, City of",VP3130EF,Avonmouth Healthcare Waste Incinerator and Transfer Facility - EPR/VP3130EF,SRCL LIMITED,B02 : Clinical Waste Incinerator,352100,180540,BS11 9BP,Solid,Hhold/Ind/Com,18 - HUMAN AND ANIMAL HEALTH CARE WASTE,Natal care - diagnosis - treatment or prevention of disease in humans,medicines other than those mentioned in 18 01 08,18 01 09,Incineration,Clinical Waste Incinerator,Vale of Glamorgan,Wales,Wales,Incineration,D10,2.261,02 - Chemical preparation wastes,Off-specification chemical wastes
South West,"Bath, Bristol and S Glo",Bristol City,"Bristol, City of",VP3130EF,Avonmouth Healthcare Waste Incinerator and Transfer Facility - EPR/VP3130EF,SRCL LIMITED,B02 : Clinical Waste Incinerator,352100,180540,BS11 9BP,User left blank,Hazardous,18 - HUMAN AND ANIMAL HEALTH CARE WASTE,Natal care - diagnosis - treatment or prevention of disease in humans,cytotoxic and cytostatic medicines,18 01 08*,Incineration,Clinical Waste Incinerator,Vale of Glamorgan,Wales,Wales,Incineration,D10,1.307,02 - Chemical preparation wastes,Off-specification chemical wastes
South West,"Bath, Bristol and S Glo",Bristol City,"Bristol, City of",VP3130EF,Avonmouth Healthcare Waste Incinerator and Transfer Facility - EPR/VP3130EF,SRCL LIMITED,B02 : Clinical Waste Incinerator,352100,180540,BS11 9BP,User left blank,Hazardous,18 - HUMAN AND ANIMAL HEALTH CARE WASTE,Natal care - diagnosis - treatment or prevention of disease in humans,wastes whose collection and disposal is subject to special requirements in order to prevent infection,18 01 03*,Incineration,Clinical Waste Incinerator,Vale of Glamorgan,Wales,Wales,Incineration,D10,9.623,05 - Healthcare and biological wastes,Infectious health care wastes
South West,"Bath, Bristol and S Glo",Bristol City,"Bristol, City of",VP3130EF,Avonmouth Healthcare Waste Incinerator and Transfer Facility - EPR/VP3130EF,SRCL LIMITED,B02 : Clinical Waste Incinerator,352100,180540,BS11 9BP,User left blank,Hhold/Ind/Com,18 - HUMAN AND ANIMAL HEALTH CARE WASTE,Natal care - diagnosis - treatment or prevention of disease in humans,medicines other than those mentioned in 18 01 08,18 01 09,Incineration,Clinical Waste Incinerator,Vale of Glamorgan,Wales,Wales,Incineration,D10,0.362,02 - Chemical preparation wastes,Off-specification chemical wastes
South West,"Bath, Bristol and S Glo",Bristol City,"Bristol, City of",VP3130EF,Avonmouth Healthcare Waste Incinerator and Transfer Facility - EPR/VP3130EF,SRCL LIMITED,B02 : Clinical Waste Incinerator,352100,180540,BS11 9BP,Solid,Hhold/Ind/Com,18 - HUMAN AND ANIMAL HEALTH CARE WASTE,Natal care - diagnosis - treatment or prevention of disease in humans,"wastes whose collection and disposal is not subject to special requirements in order to prevent infection(for example dressings, plaster casts, linen, disposable clothing, diapers)",18 01 04,Incineration,Clinical Waste Incinerator,Vale of Glamorgan,Wales,Wales,Recovery,R13,0.457,10 - Mixed ordinary wastes,Mixed and undifferentiated materials
South West,"Bath, Bristol and S Glo",Bristol City,"Bristol, City of",VP3130EF,Avonmouth Healthcare Waste Incinerator and Transfer Facility - EPR/VP3130EF,SRCL LIMITED,B02 : Clinical Waste Incinerator,352100,180540,BS11 9BP,Solid,Hazardous,18 - HUMAN AND ANIMAL HEALTH CARE WASTE,Natal care - diagnosis - treatment or prevention of disease in humans,cytotoxic and cytostatic medicines,18 01 08*,Incineration,Clinical Waste Incinerator,Wales,Wales,Wales,Incineration,D10,20.379,02 - Chemical preparation wastes,Off-specification chemical wastes
South West,"Bath, Bristol and S Glo",Bristol City,"Bristol, City of",VP3130EF,Avonmouth Healthcare Waste Incinerator and Transfer Facility - EPR/VP3130EF,SRCL LIMITED,B02 : Clinical Waste Incinerator,352100,180540,BS11 9BP,Solid,Hazardous,18 - HUMAN AND ANIMAL HEALTH CARE WASTE,Natal care - diagnosis - treatment or prevention of disease in humans,wastes whose collection and disposal is subject to special requirements in order to prevent infection,18 01 03*,Incineration,Clinical Waste Incinerator,Wales,Wales,Wales,Incineration,D10,239.176,05 - Healthcare and biological wastes,Infectious health care wastes
South West,"Bath, Bristol and S Glo",Bristol City,"Bristol, City of",VP3130EF,Avonmouth Healthcare Waste Incinerator and Transfer Facility - EPR/VP3130EF,SRCL LIMITED,B02 : Clinical Waste Incinerator,352100,180540,BS11 9BP,Solid,Hhold/Ind/Com,18 - HUMAN AND ANIMAL HEALTH CARE WASTE,Natal care - diagnosis - treatment or prevention of disease in humans,medicines other than those mentioned in 18 01 08,18 01 09,Incineration,Clinical Waste Incinerator,Wales,Wales,Wales,Incineration,D10,9.11,02 - Chemical preparation wastes,Off-specification chemical wastes
South West,"Bath, Bristol and S Glo",Bristol City,"Bristol, City of",VP3130EF,Avonmouth Healthcare Waste Incinerator and Transfer Facility - EPR/VP3130EF,SRCL LIMITED,B02 : Clinical Waste Incinerator,352100,180540,BS11 9BP,Solid,Hhold/Ind/Com,18 - HUMAN AND ANIMAL HEALTH CARE WASTE,Natal care - diagnosis - treatment or prevention of disease in humans,"wastes whose collection and disposal is not subject to special requirements in order to prevent infection(for example dressings, plaster casts, linen, disposable clothing, diapers)",18 01 04,Incineration,Clinical Waste Incinerator,Wales,Wales,Wales,Incineration,D10,4.395,10 - Mixed ordinary wastes,Mixed and undifferentiated materials
South West,"Bath, Bristol and S Glo",Bristol City,"Bristol, City of",VP3130EF,Avonmouth Healthcare Waste Incinerator and Transfer Facility - EPR/VP3130EF,SRCL LIMITED,B02 : Clinical Waste Incinerator,352100,180540,BS11 9BP,User left blank,Hazardous,18 - HUMAN AND ANIMAL HEALTH CARE WASTE,Natal care - diagnosis - treatment or prevention of disease in humans,cytotoxic and cytostatic medicines,18 01 08*,Incineration,Clinical Waste Incinerator,Wales,Wales,Wales,Incineration,D10,15.582,02 - Chemical preparation wastes,Off-specification chemical wastes
South West,"Bath, Bristol and S Glo",Bristol City,"Bristol, City of",VP3130EF,Avonmouth Healthcare Waste Incinerator and Transfer Facility - EPR/VP3130EF,SRCL LIMITED,B02 : Clinical Waste Incinerator,352100,180540,BS11 9BP,User left blank,Hazardous,18 - HUMAN AND ANIMAL HEALTH CARE WASTE,Natal care - diagnosis - treatment or prevention of disease in humans,wastes whose collection and disposal is subject to special requirements in order to prevent infection,18 01 03*,Incineration,Clinical Waste Incinerator,Wales,Wales,Wales,Incineration,D10,128.685,05 - Healthcare and biological wastes,Infectious health care wastes
South West,"Bath, Bristol and S Glo",Bristol City,"Bristol, City of",VP3130EF,Avonmouth Healthcare Waste Incinerator and Transfer Facility - EPR/VP3130EF,SRCL LIMITED,B02 : Clinical Waste Incinerator,352100,180540,BS11 9BP,User left blank,Hhold/Ind/Com,18 - HUMAN AND ANIMAL HEALTH CARE WASTE,Natal care - diagnosis - treatment or prevention of disease in humans,medicines other than those mentioned in 18 01 08,18 01 09,Incineration,Clinical Waste Incinerator,Wales,Wales,Wales,Incineration,D10,4.808,02 - Chemical preparation wastes,Off-specification chemical wastes
South West,"Bath, Bristol and S Glo",Bristol City,"Bristol, City of",VP3130EF,Avonmouth Healthcare Waste Incinerator and Transfer Facility - EPR/VP3130EF,SRCL LIMITED,B02 : Clinical Waste Incinerator,352100,180540,BS11 9BP,User left blank,Hhold/Ind/Com,18 - HUMAN AND ANIMAL HEALTH CARE WASTE,Natal care - diagnosis - treatment or prevention of disease in humans,"wastes whose collection and disposal is not subject to special requirements in order to prevent infection(for example dressings, plaster casts, linen, disposable clothing, diapers)",18 01 04,Incineration,Clinical Waste Incinerator,Wales,Wales,Wales,Incineration,D10,2.551,10 - Mixed ordinary wastes,Mixed and undifferentiated materials
South West,"Bath, Bristol and S Glo",Bristol City,"Bristol, City of",VP3130EF,Avonmouth Healthcare Waste Incinerator and Transfer Facility - EPR/VP3130EF,SRCL LIMITED,B02 : Clinical Waste Incinerator,352100,180540,BS11 9BP,Solid,Hhold/Ind/Com,18 - HUMAN AND ANIMAL HEALTH CARE WASTE,Natal care - diagnosis - treatment or prevention of disease in humans,"wastes whose collection and disposal is not subject to special requirements in order to prevent infection(for example dressings, plaster casts, linen, disposable clothing, diapers)",18 01 04,Incineration,Clinical Waste Incinerator,Wales,Wales,Wales,Recovery,R13,31.089,10 - Mixed ordinary wastes,Mixed and undifferentiated materials
South West,"Bath, Bristol and S Glo",Bristol City,"Bristol, City of",VP3130EF,Avonmouth Healthcare Waste Incinerator and Transfer Facility - EPR/VP3130EF,SRCL LIMITED,B02 : Clinical Waste Incinerator,352100,180540,BS11 9BP,User left blank,Hhold/Ind/Com,18 - HUMAN AND ANIMAL HEALTH CARE WASTE,Natal care - diagnosis - treatment or prevention of disease in humans,"wastes whose collection and disposal is not subject to special requirements in order to prevent infection(for example dressings, plaster casts, linen, disposable clothing, diapers)",18 01 04,Incineration,Clinical Waste Incinerator,Wales,Wales,Wales,Recovery,R13,14.478,10 - Mixed ordinary wastes,Mixed and undifferentiated materials
South West,"Bath, Bristol and S Glo",Bristol City,"Bristol, City of",VP3130EF,Avonmouth Healthcare Waste Incinerator and Transfer Facility - EPR/VP3130EF,SRCL LIMITED,B02 : Clinical Waste Incinerator,352100,180540,BS11 9BP,Solid,Hazardous,18 - HUMAN AND ANIMAL HEALTH CARE WASTE,Natal care - diagnosis - treatment or prevention of disease in humans,wastes whose collection and disposal is subject to special requirements in order to prevent infection,18 01 03*,Incineration,Clinical Waste Incinerator,Nuneaton and Bedworth,Warwickshire,West Midlands,Incineration,D10,0.049,05 - Healthcare and biological wastes,Infectious health care wastes
South West,"Bath, Bristol and S Glo",Bristol City,"Bristol, City of",VP3130EF,Avonmouth Healthcare Waste Incinerator and Transfer Facility - EPR/VP3130EF,SRCL LIMITED,B02 : Clinical Waste Incinerator,352100,180540,BS11 9BP,User left blank,Hazardous,18 - HUMAN AND ANIMAL HEALTH CARE WASTE,Natal care - diagnosis - treatment or prevention of disease in humans,wastes whose collection and disposal is subject to special requirements in order to prevent infection,18 01 03*,Incineration,Clinical Waste Incinerator,Nuneaton and Bedworth,Warwickshire,West Midlands,Incineration,D10,0.179,05 - Healthcare and biological wastes,Infectious health care wastes
South West,"Bath, Bristol and S Glo",Bristol City,"Bristol, City of",VP3130EF,Avonmouth Healthcare Waste Incinerator and Transfer Facility - EPR/VP3130EF,SRCL LIMITED,B02 : Clinical Waste Incinerator,352100,180540,BS11 9BP,User left blank,Hazardous,18 - HUMAN AND ANIMAL HEALTH CARE WASTE,Natal care - diagnosis - treatment or prevention of disease in humans,wastes whose collection and disposal is subject to special requirements in order to prevent infection,18 01 03*,Incineration,Clinical Waste Incinerator,Warwick,Warwickshire,West Midlands,Incineration,D10,0.063,05 - Healthcare and biological wastes,Infectious health care wastes
South West,"Bath, Bristol and S Glo",Bristol City,"Bristol, City of",VP3130EF,Avonmouth Healthcare Waste Incinerator and Transfer Facility - EPR/VP3130EF,SRCL LIMITED,B02 : Clinical Waste Incinerator,352100,180540,BS11 9BP,User left blank,Hazardous,18 - HUMAN AND ANIMAL HEALTH CARE WASTE,Natal care - diagnosis - treatment or prevention of disease in humans,cytotoxic and cytostatic medicines,18 01 08*,Incineration,Clinical Waste Incinerator,West Midlands,West Midlands (WPA Not codeable),West Midlands,Incineration,D10,0.71,02 - Chemical preparation wastes,Off-specification chemical wastes
South West,"Bath, Bristol and S Glo",Bristol City,"Bristol, City of",VP3130EF,Avonmouth Healthcare Waste Incinerator and Transfer Facility - EPR/VP3130EF,SRCL LIMITED,B02 : Clinical Waste Incinerator,352100,180540,BS11 9BP,User left blank,Hazardous,18 - HUMAN AND ANIMAL HEALTH CARE WASTE,Natal care - diagnosis - treatment or prevention of disease in humans,wastes whose collection and disposal is subject to special requirements in order to prevent infection,18 01 03*,Incineration,Clinical Waste Incinerator,West Midlands,West Midlands (WPA Not codeable),West Midlands,Incineration,D10,13.062,05 - Healthcare and biological wastes,Infectious health care wastes
South West,"Bath, Bristol and S Glo",Bristol City,"Bristol, City of",VP3130EF,Avonmouth Healthcare Waste Incinerator and Transfer Facility - EPR/VP3130EF,SRCL LIMITED,B02 : Clinical Waste Incinerator,352100,180540,BS11 9BP,User left blank,Hhold/Ind/Com,18 - HUMAN AND ANIMAL HEALTH CARE WASTE,Natal care - diagnosis - treatment or prevention of disease in humans,medicines other than those mentioned in 18 01 08,18 01 09,Incineration,Clinical Waste Incinerator,West Midlands,West Midlands (WPA Not codeable),West Midlands,Incineration,D10,2.275,02 - Chemical preparation wastes,Off-specification chemical wastes
South West,"Bath, Bristol and S Glo",Bristol City,"Bristol, City of",VP3130EF,Avonmouth Healthcare Waste Incinerator and Transfer Facility - EPR/VP3130EF,SRCL LIMITED,B02 : Clinical Waste Incinerator,352100,180540,BS11 9BP,User left blank,Hhold/Ind/Com,18 - HUMAN AND ANIMAL HEALTH CARE WASTE,Natal care - diagnosis - treatment or prevention of disease in humans,"wastes whose collection and disposal is not subject to special requirements in order to prevent infection(for example dressings, plaster casts, linen, disposable clothing, diapers)",18 01 04,Incineration,Clinical Waste Incinerator,West Midlands,West Midlands (WPA Not codeable),West Midlands,Incineration,D10,0.167,10 - Mixed ordinary wastes,Mixed and undifferentiated materials
South West,"Bath, Bristol and S Glo",Bristol City,"Bristol, City of",VP3130EF,Avonmouth Healthcare Waste Incinerator and Transfer Facility - EPR/VP3130EF,SRCL LIMITED,B02 : Clinical Waste Incinerator,352100,180540,BS11 9BP,Solid,Hazardous,18 - HUMAN AND ANIMAL HEALTH CARE WASTE,Natal care - diagnosis - treatment or prevention of disease in humans,wastes whose collection and disposal is subject to special requirements in order to prevent infection,18 01 03*,Incineration,Clinical Waste Incinerator,Chichester,West Sussex,South East,Incineration,D10,0.076,05 - Healthcare and biological wastes,Infectious health care wastes
South West,"Bath, Bristol and S Glo",Bristol City,"Bristol, City of",VP3130EF,Avonmouth Healthcare Waste Incinerator and Transfer Facility - EPR/VP3130EF,SRCL LIMITED,B02 : Clinical Waste Incinerator,352100,180540,BS11 9BP,Solid,Hazardous,18 - HUMAN AND ANIMAL HEALTH CARE WASTE,Natal care - diagnosis - treatment or prevention of disease in humans,chemicals consisting of or containing dangerous substances,18 01 06*,Incineration,Clinical Waste Incinerator,Wiltshire,Wiltshire,South West,Incineration,D10,0.194,02 - Chemical preparation wastes,Off-specification chemical wastes
South West,"Bath, Bristol and S Glo",Bristol City,"Bristol, City of",VP3130EF,Avonmouth Healthcare Waste Incinerator and Transfer Facility - EPR/VP3130EF,SRCL LIMITED,B02 : Clinical Waste Incinerator,352100,180540,BS11 9BP,Solid,Hazardous,18 - HUMAN AND ANIMAL HEALTH CARE WASTE,Natal care - diagnosis - treatment or prevention of disease in humans,cytotoxic and cytostatic medicines,18 01 08*,Incineration,Clinical Waste Incinerator,Wiltshire,Wiltshire,South West,Incineration,D10,1.102,02 - Chemical preparation wastes,Off-specification chemical wastes
South West,"Bath, Bristol and S Glo",Bristol City,"Bristol, City of",VP3130EF,Avonmouth Healthcare Waste Incinerator and Transfer Facility - EPR/VP3130EF,SRCL LIMITED,B02 : Clinical Waste Incinerator,352100,180540,BS11 9BP,Solid,Hazardous,18 - HUMAN AND ANIMAL HEALTH CARE WASTE,Natal care - diagnosis - treatment or prevention of disease in humans,wastes whose collection and disposal is subject to special requirements in order to prevent infection,18 01 03*,Incineration,Clinical Waste Incinerator,Wiltshire,Wiltshire,South West,Incineration,D10,33.477,05 - Healthcare and biological wastes,Infectious health care wastes
South West,"Bath, Bristol and S Glo",Bristol City,"Bristol, City of",VP3130EF,Avonmouth Healthcare Waste Incinerator and Transfer Facility - EPR/VP3130EF,SRCL LIMITED,B02 : Clinical Waste Incinerator,352100,180540,BS11 9BP,Solid,Hhold/Ind/Com,18 - HUMAN AND ANIMAL HEALTH CARE WASTE,Natal care - diagnosis - treatment or prevention of disease in humans,medicines other than those mentioned in 18 01 08,18 01 09,Incineration,Clinical Waste Incinerator,Wiltshire,Wiltshire,South West,Incineration,D10,8.367,02 - Chemical preparation wastes,Off-specification chemical wastes
South West,"Bath, Bristol and S Glo",Bristol City,"Bristol, City of",VP3130EF,Avonmouth Healthcare Waste Incinerator and Transfer Facility - EPR/VP3130EF,SRCL LIMITED,B02 : Clinical Waste Incinerator,352100,180540,BS11 9BP,Solid,Hhold/Ind/Com,18 - HUMAN AND ANIMAL HEALTH CARE WASTE,Natal care - diagnosis - treatment or prevention of disease in humans,"wastes whose collection and disposal is not subject to special requirements in order to prevent infection(for example dressings, plaster casts, linen, disposable clothing, diapers)",18 01 04,Incineration,Clinical Waste Incinerator,Wiltshire,Wiltshire,South West,Incineration,D10,0.029,10 - Mixed ordinary wastes,Mixed and undifferentiated materials
South West,"Bath, Bristol and S Glo",Bristol City,"Bristol, City of",VP3130EF,Avonmouth Healthcare Waste Incinerator and Transfer Facility - EPR/VP3130EF,SRCL LIMITED,B02 : Clinical Waste Incinerator,352100,180540,BS11 9BP,Solid,Hhold/Ind/Com,18 - HUMAN AND ANIMAL HEALTH CARE WASTE,Natal care - diagnosis - treatment or prevention of disease in humans,"wastes whose collection and disposal is not subject to special requirements in order to prevent infection(for example dressings, plaster casts, linen, disposable clothing, diapers)",18 01 04,Incineration,Clinical Waste Incinerator,Wiltshire,Wiltshire,South West,Recovery,R13,28.68,10 - Mixed ordinary wastes,Mixed and undifferentiated materials
South West,Cornwall,Cornwall,Cornwall,YP3934SM,Stoneybridge Park EPR/YP3934SM,PEAKE (GB) LIMITED,B02 : Clinical Waste Incinerator,226530,65330,PL14 3NQ,Solid,Hazardous,18 - HUMAN AND ANIMAL HEALTH CARE WASTE,Natal care - diagnosis - treatment or prevention of disease in humans,chemicals consisting of or containing dangerous substances,18 01 06*,Incineration,Clinical Waste Incinerator,South West,South West (WPA Not codeable),South West,Incineration,D10,1.56,02 - Chemical preparation wastes,Off-specification chemical wastes
South West,Cornwall,Cornwall,Cornwall,YP3934SM,Stoneybridge Park EPR/YP3934SM,PEAKE (GB) LIMITED,B02 : Clinical Waste Incinerator,226530,65330,PL14 3NQ,Solid,Hazardous,18 - HUMAN AND ANIMAL HEALTH CARE WASTE,Natal care - diagnosis - treatment or prevention of disease in humans,cytotoxic and cytostatic medicines,18 01 08*,Incineration,Clinical Waste Incinerator,South West,South West (WPA Not codeable),South West,Incineration,D10,61.167,02 - Chemical preparation wastes,Off-specification chemical wastes
South West,Cornwall,Cornwall,Cornwall,YP3934SM,Stoneybridge Park EPR/YP3934SM,PEAKE (GB) LIMITED,B02 : Clinical Waste Incinerator,226530,65330,PL14 3NQ,Solid,Hazardous,18 - HUMAN AND ANIMAL HEALTH CARE WASTE,Natal care - diagnosis - treatment or prevention of disease in humans,wastes whose collection and disposal is subject to special requirements in order to prevent infection,18 01 03*,Incineration,Clinical Waste Incinerator,South West,South West (WPA Not codeable),South West,Incineration,D10,1203.543,05 - Healthcare and biological wastes,Infectious health care wastes
South West,Cornwall,Cornwall,Cornwall,YP3934SM,Stoneybridge Park EPR/YP3934SM,PEAKE (GB) LIMITED,B02 : Clinical Waste Incinerator,226530,65330,PL14 3NQ,Solid,Hhold/Ind/Com,18 - HUMAN AND ANIMAL HEALTH CARE WASTE,Natal care - diagnosis - treatment or prevention of disease in humans,medicines other than those mentioned in 18 01 08,18 01 09,Incineration,Clinical Waste Incinerator,South West,South West (WPA Not codeable),South West,Incineration,D10,138.643,02 - Chemical preparation wastes,Off-specification chemical wastes
South West,Cornwall,Cornwall,Cornwall,YP3934SM,Stoneybridge Park EPR/YP3934SM,PEAKE (GB) LIMITED,B02 : Clinical Waste Incinerator,226530,65330,PL14 3NQ,Solid,Hhold/Ind/Com,18 - HUMAN AND ANIMAL HEALTH CARE WASTE,Natal care - diagnosis - treatment or prevention of disease in humans,"wastes whose collection and disposal is not subject to special requirements in order to prevent infection(for example dressings, plaster casts, linen, disposable clothing, diapers)",18 01 04,Incineration,Clinical Waste Incinerator,South West,South West (WPA Not codeable),South West,Incineration,D10,649.939,10 - Mixed ordinary wastes,Mixed and undifferentiated materials
South West,Devon,Plymouth,Plymouth,GP3236AX,Derriford Incinerator EPR/GP3236AX/T001,UNIVERSITY HOSPITALS PLYMOUTH NHS TRUST,B03a : Co-Incineration (Haz),250070,59500,PL6 8DH,Solid,Hazardous,18 - HUMAN AND ANIMAL HEALTH CARE WASTE,Natal care - diagnosis - treatment or prevention of disease in humans,cytotoxic and cytostatic medicines,18 01 08*,Incineration,Co-Incinerator (Haz),South West,South West (WPA Not codeable),South West,Incineration,D10,29.604,02 - Chemical preparation wastes,Off-specification chemical wastes
South West,Devon,Plymouth,Plymouth,GP3236AX,Derriford Incinerator EPR/GP3236AX/T001,UNIVERSITY HOSPITALS PLYMOUTH NHS TRUST,B03a : Co-Incineration (Haz),250070,59500,PL6 8DH,Solid,Hazardous,18 - HUMAN AND ANIMAL HEALTH CARE WASTE,Natal care - diagnosis - treatment or prevention of disease in humans,wastes whose collection and disposal is subject to special requirements in order to prevent infection,18 01 03*,Incineration,Co-Incinerator (Haz),South West,South West (WPA Not codeable),South West,Incineration,D10,2642.488,05 - Healthcare and biological wastes,Infectious health care wastes
South West,Devon,Plymouth,Plymouth,GP3236AX,Derriford Incinerator EPR/GP3236AX/T001,UNIVERSITY HOSPITALS PLYMOUTH NHS TRUST,B03a : Co-Incineration (Haz),250070,59500,PL6 8DH,Solid,Hhold/Ind/Com,18 - HUMAN AND ANIMAL HEALTH CARE WASTE,Natal care - diagnosis - treatment or prevention of disease in humans,medicines other than those mentioned in 18 01 08,18 01 09,Incineration,Co-Incinerator (Haz),South West,South West (WPA Not codeable),South West,Incineration,D10,7.885,02 - Chemical preparation wastes,Off-specification chemical wastes
South West,Devon,Plymouth,Plymouth,GP3236AX,Derriford Incinerator EPR/GP3236AX/T001,UNIVERSITY HOSPITALS PLYMOUTH NHS TRUST,B03a : Co-Incineration (Haz),250070,59500,PL6 8DH,Solid,Hhold/Ind/Com,18 - HUMAN AND ANIMAL HEALTH CARE WASTE,Natal care - diagnosis - treatment or prevention of disease in humans,"wastes whose collection and disposal is not subject to special requirements in order to prevent infection(for example dressings, plaster casts, linen, disposable clothing, diapers)",18 01 04,Incineration,Co-Incinerator (Haz),South West,South West (WPA Not codeable),South West,Incineration,D10,11.566,10 - Mixed ordinary wastes,Mixed and undifferentiated materials
South West,"Bath, Bristol and S Glo",Bristol City,"Bristol, City of",SP3301LA,Severn Road Resource Recovery Centre - Energy from Waste Facility,VIRIDOR AVONMOUTH WASTE SERVICES LIMITED,B06 : Municipal Waste Incinerator,353800,181700,BS11 0YU,Solid,Hhold/Ind/Com,18 - HUMAN AND ANIMAL HEALTH CARE WASTE,Natal care - diagnosis - treatment or prevention of disease in humans,"wastes whose collection and disposal is not subject to special requirements in order to prevent infection(for example dressings, plaster casts, linen, disposable clothing, diapers)",18 01 04,Incineration,Municipal Waste Incinerator,"Bristol, City of",Bristol City,South West,Incineration,R01,3058.98,10 - Mixed ordinary wastes,Mixed and undifferentiated materials
South West,"Bath, Bristol and S Glo",Bristol City,"Bristol, City of",SP3301LA,Severn Road Resource Recovery Centre - Energy from Waste Facility,VIRIDOR AVONMOUTH WASTE SERVICES LIMITED,B06 : Municipal Waste Incinerator,353800,181700,BS11 0YU,Solid,Hhold/Ind/Com,18 - HUMAN AND ANIMAL HEALTH CARE WASTE,Natal care - diagnosis - treatment or prevention of disease in humans,"wastes whose collection and disposal is not subject to special requirements in order to prevent infection(for example dressings, plaster casts, linen, disposable clothing, diapers)",18 01 04,Incineration,Municipal Waste Incinerator,Devon,Devon,South West,Incineration,R01,509.72,10 - Mixed ordinary wastes,Mixed and undifferentiated materials
South West,"Bath, Bristol and S Glo",Bristol City,"Bristol, City of",SP3301LA,Severn Road Resource Recovery Centre - Energy from Waste Facility,VIRIDOR AVONMOUTH WASTE SERVICES LIMITED,B06 : Municipal Waste Incinerator,353800,181700,BS11 0YU,Solid,Hhold/Ind/Com,18 - HUMAN AND ANIMAL HEALTH CARE WASTE,Natal care - diagnosis - treatment or prevention of disease in humans,"wastes whose collection and disposal is not subject to special requirements in order to prevent infection(for example dressings, plaster casts, linen, disposable clothing, diapers)",18 01 04,Incineration,Municipal Waste Incinerator,Devon,Devon,South West,Incineration,R01,515.12,10 - Mixed ordinary wastes,Mixed and undifferentiated materials
South West,"Bath, Bristol and S Glo",Bristol City,"Bristol, City of",SP3301LA,Severn Road Resource Recovery Centre - Energy from Waste Facility,VIRIDOR AVONMOUTH WASTE SERVICES LIMITED,B06 : Municipal Waste Incinerator,353800,181700,BS11 0YU,Solid,Hhold/Ind/Com,18 - HUMAN AND ANIMAL HEALTH CARE WASTE,Natal care - diagnosis - treatment or prevention of disease in humans,"wastes whose collection and disposal is not subject to special requirements in order to prevent infection(for example dressings, plaster casts, linen, disposable clothing, diapers)",18 01 04,Incineration,Municipal Waste Incinerator,Exeter,Devon,South West,Incineration,R01,714.76,10 - Mixed ordinary wastes,Mixed and undifferentiated materials
South West,"Bath, Bristol and S Glo",Bristol City,"Bristol, City of",SP3301LA,Severn Road Resource Recovery Centre - Energy from Waste Facility,VIRIDOR AVONMOUTH WASTE SERVICES LIMITED,B06 : Municipal Waste Incinerator,353800,181700,BS11 0YU,Solid,Hhold/Ind/Com,18 - HUMAN AND ANIMAL HEALTH CARE WASTE,Natal care - diagnosis - treatment or prevention of disease in humans,"wastes whose collection and disposal is not subject to special requirements in order to prevent infection(for example dressings, plaster casts, linen, disposable clothing, diapers)",18 01 04,Incineration,Municipal Waste Incinerator,Hampshire,Hampshire,South East,Incineration,R01,287.36,10 - Mixed ordinary wastes,Mixed and undifferentiated materials
South West,"Bath, Bristol and S Glo",Bristol City,"Bristol, City of",SP3301LA,Severn Road Resource Recovery Centre - Energy from Waste Facility,VIRIDOR AVONMOUTH WASTE SERVICES LIMITED,B06 : Municipal Waste Incinerator,353800,181700,BS11 0YU,Solid,Hhold/Ind/Com,18 - HUMAN AND ANIMAL HEALTH CARE WASTE,Natal care - diagnosis - treatment or prevention of disease in humans,"wastes whose collection and disposal is not subject to special requirements in order to prevent infection(for example dressings, plaster casts, linen, disposable clothing, diapers)",18 01 04,Incineration,Municipal Waste Incinerator,Cardiff,Wales,Wales,Incineration,R01,4.72,10 - Mixed ordinary wastes,Mixed and undifferentiated materials
South West,"Bath, Bristol and S Glo",Bristol City,"Bristol, City of",SP3301LA,Severn Road Resource Recovery Centre - Energy from Waste Facility,VIRIDOR AVONMOUTH WASTE SERVICES LIMITED,B06 : Municipal Waste Incinerator,353800,181700,BS11 0YU,Solid,Hhold/Ind/Com,18 - HUMAN AND ANIMAL HEALTH CARE WASTE,Natal care - diagnosis - treatment or prevention of disease in humans,"wastes whose collection and disposal is not subject to special requirements in order to prevent infection(for example dressings, plaster casts, linen, disposable clothing, diapers)",18 01 04,Incineration,Municipal Waste Incinerator,Torfaen,Wales,Wales,Incineration,R01,0.76,10 - Mixed ordinary wastes,Mixed and undifferentiated materials
South West,Somerset,Somerset,Somerset,BK6785IE,Walpole Recovery Facility and Landfill Site - EPR/BK6785IE,SYRACUSE WASTE LIMITED,L02 : Non Haz (SNRHW) LF,330890,142640,TA6 4TF,Solid,Hhold/Ind/Com,18 - HUMAN AND ANIMAL HEALTH CARE WASTE,Natal care - diagnosis - treatment or prevention of disease in humans,"wastes whose collection and disposal is not subject to special requirements in order to prevent infection(for example dressings, plaster casts, linen, disposable clothing, diapers)",18 01 04,Landfill,Non Haz (SNRHW) LF,Dorset,Dorset,South West,Landfill,D01.02,797.66,10 - Mixed ordinary wastes,Mixed and undifferentiated materials
South West,Somerset,Somerset,Somerset,BK6785IE,Walpole Recovery Facility and Landfill Site - EPR/BK6785IE,SYRACUSE WASTE LIMITED,L02 : Non Haz (SNRHW) LF,330890,142640,TA6 4TF,Solid,Hhold/Ind/Com,18 - HUMAN AND ANIMAL HEALTH CARE WASTE,Natal care - diagnosis - treatment or prevention of disease in humans,"wastes whose collection and disposal is not subject to special requirements in order to prevent infection(for example dressings, plaster casts, linen, disposable clothing, diapers)",18 01 04,Landfill,Non Haz (SNRHW) LF,Somerset,Somerset,South West,Landfill,D01.02,121.74,10 - Mixed ordinary wastes,Mixed and undifferentiated materials
South West,Somerset,Somerset,Somerset,BK6785IE,Walpole Recovery Facility and Landfill Site - EPR/BK6785IE,SYRACUSE WASTE LIMITED,L02 : Non Haz (SNRHW) LF,330890,142640,TA6 4TF,Solid,Hhold/Ind/Com,18 - HUMAN AND ANIMAL HEALTH CARE WASTE,Natal care - diagnosis - treatment or prevention of disease in humans,"wastes whose collection and disposal is not subject to special requirements in order to prevent infection(for example dressings, plaster casts, linen, disposable clothing, diapers)",18 01 04,Landfill,Non Haz (SNRHW) LF,Carmarthenshire,Wales,Wales,Landfill,D01.02,13.64,10 - Mixed ordinary wastes,Mixed and undifferentiated materials
South West,Somerset,Somerset,Somerset,BK6785IE,Walpole Recovery Facility and Landfill Site - EPR/BK6785IE,SYRACUSE WASTE LIMITED,L02 : Non Haz (SNRHW) LF,330890,142640,TA6 4TF,Solid,Hhold/Ind/Com,18 - HUMAN AND ANIMAL HEALTH CARE WASTE,Natal care - diagnosis - treatment or prevention of disease in humans,"wastes whose collection and disposal is not subject to special requirements in order to prevent infection(for example dressings, plaster casts, linen, disposable clothing, diapers)",18 01 04,Landfill,Non Haz (SNRHW) LF,Wales,Wales,Wales,Landfill,D01.02,44.12,10 - Mixed ordinary wastes,Mixed and undifferentiated materials
South West,Wiltshire,Wiltshire,Wiltshire,BU5801ID,Lower Compton Landfill EPR/BU5801ID,HILLS WASTE SOLUTIONS LIMITED,L04 : Non Hazardous LF,402000,171000,SN11 8RE,Solid,Hhold/Ind/Com,18 - HUMAN AND ANIMAL HEALTH CARE WASTE,Natal care - diagnosis - treatment or prevention of disease in humans,"wastes whose collection and disposal is not subject to special requirements in order to prevent infection(for example dressings, plaster casts, linen, disposable clothing, diapers)",18 01 04,Landfill,Non Hazardous LF,Somerset,Somerset,South West,Landfill,D05,0.96,10 - Mixed ordinary wastes,Mixed and undifferentiated materials
South West,Wiltshire,Wiltshire,Wiltshire,BU5801ID,Lower Compton Landfill EPR/BU5801ID,HILLS WASTE SOLUTIONS LIMITED,L04 : Non Hazardous LF,402000,171000,SN11 8RE,Solid,Hhold/Ind/Com,18 - HUMAN AND ANIMAL HEALTH CARE WASTE,Natal care - diagnosis - treatment or prevention of disease in humans,"wastes whose collection and disposal is not subject to special requirements in order to prevent infection(for example dressings, plaster casts, linen, disposable clothing, diapers)",18 01 04,Landfill,Non Hazardous LF,Swindon,Swindon,South West,Landfill,D05,5.56,10 - Mixed ordinary wastes,Mixed and undifferentiated materials
South West,Wiltshire,Wiltshire,Wiltshire,BU5801ID,Lower Compton Landfill EPR/BU5801ID,HILLS WASTE SOLUTIONS LIMITED,L04 : Non Hazardous LF,402000,171000,SN11 8RE,Solid,Hhold/Ind/Com,18 - HUMAN AND ANIMAL HEALTH CARE WASTE,Natal care - diagnosis - treatment or prevention of disease in humans,"wastes whose collection and disposal is not subject to special requirements in order to prevent infection(for example dressings, plaster casts, linen, disposable clothing, diapers)",18 01 04,Landfill,Non Hazardous LF,Wiltshire,Wiltshire,South West,Landfill,D05,1098.28,10 - Mixed ordinary wastes,Mixed and undifferentiated materials
South West,Devon,Devon,Teignbridge,BV7028IP,Heathfield Landfill EPR/BV7028IP,VIRIDOR WASTE MANAGEMENT LIMITED,L04 : Non Hazardous LF,285915,76475,TQ12 3GP,Solid,Hhold/Ind/Com,18 - HUMAN AND ANIMAL HEALTH CARE WASTE,Natal care - diagnosis - treatment or prevention of disease in humans,"wastes whose collection and disposal is not subject to special requirements in order to prevent infection(for example dressings, plaster casts, linen, disposable clothing, diapers)",18 01 04,Landfill,Non Hazardous LF,Cornwall,Cornwall,South West,Landfill,D01.02,893.24,10 - Mixed ordinary wastes,Mixed and undifferentiated materials
South West,Devon,Devon,West Devon,21790,( Initial Washrooms ) Okehampton Service Centre,RENTOKIL INITIAL UK LTD,A10 : In-House Storage Facility,259200,95900,EX20 1BQ,Solid,Hazardous,18 - HUMAN AND ANIMAL HEALTH CARE WASTE,Natal care - diagnosis - treatment or prevention of disease in humans,cytotoxic and cytostatic medicines,18 01 08*,Storage,In-House storage,South West,South West (WPA Not codeable),South West,Transfer (D),D15,0.754,02 - Chemical preparation wastes,Off-specification chemical wastes
South West,Devon,Devon,West Devon,21790,( Initial Washrooms ) Okehampton Service Centre,RENTOKIL INITIAL UK LTD,A10 : In-House Storage Facility,259200,95900,EX20 1BQ,Solid,Hazardous,18 - HUMAN AND ANIMAL HEALTH CARE WASTE,Natal care - diagnosis - treatment or prevention of disease in humans,wastes whose collection and disposal is subject to special requirements in order to prevent infection,18 01 03*,Storage,In-House storage,South West,South West (WPA Not codeable),South West,Transfer (D),D15,204.958,05 - Healthcare and biological wastes,Infectious health care wastes
South West,Devon,Devon,West Devon,21790,( Initial Washrooms ) Okehampton Service Centre,RENTOKIL INITIAL UK LTD,A10 : In-House Storage Facility,259200,95900,EX20 1BQ,Solid,Hhold/Ind/Com,18 - HUMAN AND ANIMAL HEALTH CARE WASTE,Natal care - diagnosis - treatment or prevention of disease in humans,medicines other than those mentioned in 18 01 08,18 01 09,Storage,In-House storage,South West,South West (WPA Not codeable),South West,Transfer (D),D15,3.434,02 - Chemical preparation wastes,Off-specification chemical wastes
South West,Devon,Devon,West Devon,21790,( Initial Washrooms ) Okehampton Service Centre,RENTOKIL INITIAL UK LTD,A10 : In-House Storage Facility,259200,95900,EX20 1BQ,Solid,Hhold/Ind/Com,18 - HUMAN AND ANIMAL HEALTH CARE WASTE,Natal care - diagnosis - treatment or prevention of disease in humans,"wastes whose collection and disposal is not subject to special requirements in order to prevent infection(for example dressings, plaster casts, linen, disposable clothing, diapers)",18 01 04,Storage,In-House storage,South West,South West (WPA Not codeable),South West,Transfer (D),D15,415.5,10 - Mixed ordinary wastes,Mixed and undifferentiated materials
South West,Somerset,Somerset,Somerset,EP3831AX,"Wastecare, Unit 3 Cornishway East  EPR/AP3894EA",WASTECARE LIMITED,TS : Temporary storage installation,320930,124110,TA1 5LZ,Liquid,Hazardous,18 - HUMAN AND ANIMAL HEALTH CARE WASTE,Natal care - diagnosis - treatment or prevention of disease in humans,chemicals consisting of or containing dangerous substances,18 01 06*,Storage,Temporary storage installation,"Bristol, City of",Bristol City,South West,Recovery,R13,0.01,02 - Chemical preparation wastes,Off-specification chemical wastes
South West,Somerset,Somerset,Somerset,EP3831AX,"Wastecare, Unit 3 Cornishway East  EPR/AP3894EA",WASTECARE LIMITED,TS : Temporary storage installation,320930,124110,TA1 5LZ,Solid,Hazardous,18 - HUMAN AND ANIMAL HEALTH CARE WASTE,Natal care - diagnosis - treatment or prevention of disease in humans,chemicals consisting of or containing dangerous substances,18 01 06*,Storage,Temporary storage installation,Devon,Devon,South West,Recovery,R13,0.12,02 - Chemical preparation wastes,Off-specification chemical wastes
South West,Somerset,Somerset,Somerset,EP3831AX,"Wastecare, Unit 3 Cornishway East  EPR/AP3894EA",WASTECARE LIMITED,TS : Temporary storage installation,320930,124110,TA1 5LZ,Solid,Hhold/Ind/Com,18 - HUMAN AND ANIMAL HEALTH CARE WASTE,Natal care - diagnosis - treatment or prevention of disease in humans,sharps (except 18 01 03),18 01 01,Storage,Temporary storage installation,Devon,Devon,South West,Recovery,R13,0.05,05 - Healthcare and biological wastes,Infectious health care wastes
South West,Somerset,Somerset,Somerset,EP3831AX,"Wastecare, Unit 3 Cornishway East  EPR/AP3894EA",WASTECARE LIMITED,TS : Temporary storage installation,320930,124110,TA1 5LZ,User left blank,Hazardous,18 - HUMAN AND ANIMAL HEALTH CARE WASTE,Natal care - diagnosis - treatment or prevention of disease in humans,chemicals consisting of or containing dangerous substances,18 01 06*,Storage,Temporary storage installation,Devon,Devon,South West,Recovery,R13,0.93,02 - Chemical preparation wastes,Off-specification chemical wastes
South West,Somerset,Somerset,Somerset,EP3831AX,"Wastecare, Unit 3 Cornishway East  EPR/AP3894EA",WASTECARE LIMITED,TS : Temporary storage installation,320930,124110,TA1 5LZ,Sludge,Hazardous,18 - HUMAN AND ANIMAL HEALTH CARE WASTE,Natal care - diagnosis - treatment or prevention of disease in humans,cytotoxic and cytostatic medicines,18 01 08*,Storage,Temporary storage installation,Devon,Devon,South West,Recovery,R13,0.24,02 - Chemical preparation wastes,Off-specification chemical wastes
South West,Somerset,Somerset,Somerset,EP3831AX,"Wastecare, Unit 3 Cornishway East  EPR/AP3894EA",WASTECARE LIMITED,TS : Temporary storage installation,320930,124110,TA1 5LZ,Solid,Hhold/Ind/Com,18 - HUMAN AND ANIMAL HEALTH CARE WASTE,Natal care - diagnosis - treatment or prevention of disease in humans,medicines other than those mentioned in 18 01 08,18 01 09,Storage,Temporary storage installation,Devon,Devon,South West,Recovery,R13,0.84,02 - Chemical preparation wastes,Off-specification chemical wastes
South West,Somerset,Somerset,Somerset,EP3831AX,"Wastecare, Unit 3 Cornishway East  EPR/AP3894EA",WASTECARE LIMITED,TS : Temporary storage installation,320930,124110,TA1 5LZ,Solid,Hhold/Ind/Com,18 - HUMAN AND ANIMAL HEALTH CARE WASTE,Natal care - diagnosis - treatment or prevention of disease in humans,sharps (except 18 01 03),18 01 01,Storage,Temporary storage installation,Devon,Devon,South West,Recovery,R13,0.02,05 - Healthcare and biological wastes,Infectious health care wastes
South West,Somerset,Somerset,Somerset,EP3831AX,"Wastecare, Unit 3 Cornishway East  EPR/AP3894EA",WASTECARE LIMITED,TS : Temporary storage installation,320930,124110,TA1 5LZ,User left blank,Hazardous,18 - HUMAN AND ANIMAL HEALTH CARE WASTE,Natal care - diagnosis - treatment or prevention of disease in humans,chemicals consisting of or containing dangerous substances,18 01 06*,Storage,Temporary storage installation,Devon,Devon,South West,Recovery,R13,1.68,02 - Chemical preparation wastes,Off-specification chemical wastes
South West,Somerset,Somerset,Somerset,EP3831AX,"Wastecare, Unit 3 Cornishway East  EPR/AP3894EA",WASTECARE LIMITED,TS : Temporary storage installation,320930,124110,TA1 5LZ,Solid,Hhold/Ind/Com,18 - HUMAN AND ANIMAL HEALTH CARE WASTE,Natal care - diagnosis - treatment or prevention of disease in humans,sharps (except 18 01 03),18 01 01,Storage,Temporary storage installation,Isle of Wight,Isle of Wight,South East,Recovery,R13,0.02,05 - Healthcare and biological wastes,Infectious health care wastes
South West,Somerset,Somerset,Somerset,EP3831AX,"Wastecare, Unit 3 Cornishway East  EPR/AP3894EA",WASTECARE LIMITED,TS : Temporary storage installation,320930,124110,TA1 5LZ,Sludge,Hhold/Ind/Com,18 - HUMAN AND ANIMAL HEALTH CARE WASTE,Natal care - diagnosis - treatment or prevention of disease in humans,medicines other than those mentioned in 18 01 08,18 01 09,Storage,Temporary storage installation,Somerset,Somerset,South West,Recovery,R13,0.31,02 - Chemical preparation wastes,Off-specification chemical wastes
South West,Somerset,Somerset,Somerset,EP3831AX,"Wastecare, Unit 3 Cornishway East  EPR/AP3894EA",WASTECARE LIMITED,TS : Temporary storage installation,320930,124110,TA1 5LZ,Solid,Hhold/Ind/Com,18 - HUMAN AND ANIMAL HEALTH CARE WASTE,Natal care - diagnosis - treatment or prevention of disease in humans,sharps (except 18 01 03),18 01 01,Storage,Temporary storage installation,Somerset,Somerset,South West,Recovery,R13,0.05,05 - Healthcare and biological wastes,Infectious health care wastes
South West,Somerset,Somerset,Somerset,EP3831AX,"Wastecare, Unit 3 Cornishway East  EPR/AP3894EA",WASTECARE LIMITED,TS : Temporary storage installation,320930,124110,TA1 5LZ,Solid,Hhold/Ind/Com,18 - HUMAN AND ANIMAL HEALTH CARE WASTE,Natal care - diagnosis - treatment or prevention of disease in humans,medicines other than those mentioned in 18 01 08,18 01 09,Storage,Temporary storage installation,Wales,Wales,Wales,Recovery,R13,0.15,02 - Chemical preparation wastes,Off-specification chemical wastes
South West,Somerset,Somerset,Somerset,EP3831AX,"Wastecare, Unit 3 Cornishway East  EPR/AP3894EA",WASTECARE LIMITED,TS : Temporary storage installation,320930,124110,TA1 5LZ,Solid,Hhold/Ind/Com,18 - HUMAN AND ANIMAL HEALTH CARE WASTE,Natal care - diagnosis - treatment or prevention of disease in humans,sharps (except 18 01 03),18 01 01,Storage,Temporary storage installation,Wales,Wales,Wales,Recovery,R13,0.09,05 - Healthcare and biological wastes,Infectious health care wastes
South West,Somerset,Somerset,Somerset,EP3831AX,"Wastecare, Unit 3 Cornishway East  EPR/AP3894EA",WASTECARE LIMITED,TS : Temporary storage installation,320930,124110,TA1 5LZ,User left blank,Hazardous,18 - HUMAN AND ANIMAL HEALTH CARE WASTE,Natal care - diagnosis - treatment or prevention of disease in humans,chemicals consisting of or containing dangerous substances,18 01 06*,Storage,Temporary storage installation,Wales,Wales,Wales,Recovery,R13,0.22,02 - Chemical preparation wastes,Off-specification chemical wastes
South West,Somerset,Somerset,Somerset,EP3831AX,"Wastecare, Unit 3 Cornishway East  EPR/AP3894EA",WASTECARE LIMITED,TS : Temporary storage installation,320930,124110,TA1 5LZ,Solid,Hhold/Ind/Com,18 - HUMAN AND ANIMAL HEALTH CARE WASTE,Natal care - diagnosis - treatment or prevention of disease in humans,medicines other than those mentioned in 18 01 08,18 01 09,Storage,Temporary storage installation,Wales,Wales,Wales,Recovery,R13,0.18,02 - Chemical preparation wastes,Off-specification chemical wastes
South West,Somerset,Somerset,Somerset,EP3831AX,"Wastecare, Unit 3 Cornishway East  EPR/AP3894EA",WASTECARE LIMITED,TS : Temporary storage installation,320930,124110,TA1 5LZ,Solid,Hhold/Ind/Com,18 - HUMAN AND ANIMAL HEALTH CARE WASTE,Natal care - diagnosis - treatment or prevention of disease in humans,sharps (except 18 01 03),18 01 01,Storage,Temporary storage installation,Wales,Wales,Wales,Recovery,R13,0.04,05 - Healthcare and biological wastes,Infectious health care wastes
South West,Somerset,Somerset,Somerset,EP3831AX,"Wastecare, Unit 3 Cornishway East  EPR/AP3894EA",WASTECARE LIMITED,TS : Temporary storage installation,320930,124110,TA1 5LZ,User left blank,Hazardous,18 - HUMAN AND ANIMAL HEALTH CARE WASTE,Natal care - diagnosis - treatment or prevention of disease in humans,chemicals consisting of or containing dangerous substances,18 01 06*,Storage,Temporary storage installation,Wales,Wales,Wales,Recovery,R13,0.71,02 - Chemical preparation wastes,Off-specification chemical wastes
South West,Somerset,Somerset,Somerset,EP3831AX,"Wastecare, Unit 3 Cornishway East  EPR/AP3894EA",WASTECARE LIMITED,TS : Temporary storage installation,320930,124110,TA1 5LZ,Liquid,Hazardous,18 - HUMAN AND ANIMAL HEALTH CARE WASTE,Natal care - diagnosis - treatment or prevention of disease in humans,chemicals consisting of or containing dangerous substances,18 01 06*,Storage,Temporary storage installation,Wiltshire,Wiltshire,South West,Recovery,R13,0.01,02 - Chemical preparation wastes,Off-specification chemical wastes
South West,Somerset,Somerset,Somerset,EP3831AX,"Wastecare, Unit 3 Cornishway East  EPR/AP3894EA",WASTECARE LIMITED,TS : Temporary storage installation,320930,124110,TA1 5LZ,Solid,Hhold/Ind/Com,18 - HUMAN AND ANIMAL HEALTH CARE WASTE,Natal care - diagnosis - treatment or prevention of disease in humans,chemicals other than those mentioned in 18 01 06,18 01 07,Storage,Temporary storage installation,Wiltshire,Wiltshire,South West,Recovery,R13,1.01,02 - Chemical preparation wastes,Off-specification chemical wastes
South West,Devon,Devon,North Devon,100244,S W M & Waste Recycling Limited,S W M & WASTE RECYCLING LIMITED,"A11 : Household, Commercial & Industrial  Waste Transfer Stn",254400,131700,EX31 3NL,Solid,Hhold/Ind/Com,18 - HUMAN AND ANIMAL HEALTH CARE WASTE,Natal care - diagnosis - treatment or prevention of disease in humans,medicines other than those mentioned in 18 01 08,18 01 09,Transfer,Non-Haz Waste Transfer,Devon,Devon,South West,Recovery,R13,22.18,02 - Chemical preparation wastes,Off-specification chemical wastes
South West,Cornwall,Cornwall,Cornwall,101616,Launceston H W R C And R T S,SUEZ RECYCLING AND RECOVERY UK LTD,"A11 : Household, Commercial & Industrial  Waste Transfer Stn",231685,83398,PL15 7PY,Solid,Hhold/Ind/Com,18 - HUMAN AND ANIMAL HEALTH CARE WASTE,Natal care - diagnosis - treatment or prevention of disease in humans,"wastes whose collection and disposal is not subject to special requirements in order to prevent infection(for example dressings, plaster casts, linen, disposable clothing, diapers)",18 01 04,Transfer,Non-Haz Waste Transfer,Cornwall,Cornwall,South West,Recovery,R13,14.58,10 - Mixed ordinary wastes,Mixed and undifferentiated materials
South West,Cornwall,Cornwall,Cornwall,20099,St Erth Household Waste Recycling Centre,SUEZ RECYCLING AND RECOVERY UK LTD,"A11 : Household, Commercial & Industrial  Waste Transfer Stn",154500,35800,TR27 6JP,Solid,Hazardous,18 - HUMAN AND ANIMAL HEALTH CARE WASTE,Natal care - diagnosis - treatment or prevention of disease in humans,wastes whose collection and disposal is subject to special requirements in order to prevent infection,18 01 03*,Transfer,Non-Haz Waste Transfer,Cornwall,Cornwall,South West,Recovery,R13,5.14,05 - Healthcare and biological wastes,Infectious health care wastes
South West,Cornwall,Cornwall,Cornwall,20099,St Erth Household Waste Recycling Centre,SUEZ RECYCLING AND RECOVERY UK LTD,"A11 : Household, Commercial & Industrial  Waste Transfer Stn",154500,35800,TR27 6JP,Solid,Hhold/Ind/Com,18 - HUMAN AND ANIMAL HEALTH CARE WASTE,Natal care - diagnosis - treatment or prevention of disease in humans,"wastes whose collection and disposal is not subject to special requirements in order to prevent infection(for example dressings, plaster casts, linen, disposable clothing, diapers)",18 01 04,Transfer,Non-Haz Waste Transfer,Cornwall,Cornwall,South West,Recovery,R13,85.56,10 - Mixed ordinary wastes,Mixed and undifferentiated materials
South West,Cornwall,Cornwall,Cornwall,20106,Connon Bridge Transfer Station,SUEZ RECYCLING AND RECOVERY UK LTD,"A11 : Household, Commercial & Industrial  Waste Transfer Stn",217734,62055,PL14 4NP,Solid,Hazardous,18 - HUMAN AND ANIMAL HEALTH CARE WASTE,Natal care - diagnosis - treatment or prevention of disease in humans,wastes whose collection and disposal is subject to special requirements in order to prevent infection,18 01 03*,Transfer,Non-Haz Waste Transfer,Cornwall,Cornwall,South West,Recovery,R13,11.5,05 - Healthcare and biological wastes,Infectious health care wastes
South West,Cornwall,Cornwall,Cornwall,20106,Connon Bridge Transfer Station,SUEZ RECYCLING AND RECOVERY UK LTD,"A11 : Household, Commercial & Industrial  Waste Transfer Stn",217734,62055,PL14 4NP,Solid,Hhold/Ind/Com,18 - HUMAN AND ANIMAL HEALTH CARE WASTE,Natal care - diagnosis - treatment or prevention of disease in humans,"wastes whose collection and disposal is not subject to special requirements in order to prevent infection(for example dressings, plaster casts, linen, disposable clothing, diapers)",18 01 04,Transfer,Non-Haz Waste Transfer,Cornwall,Cornwall,South West,Recovery,R13,1236.76,10 - Mixed ordinary wastes,Mixed and undifferentiated materials
South West,Devon,Torbay,Torbay,21603,Torbay Transfer Station,S W I S C O LIMITED,"A11 : Household, Commercial & Industrial  Waste Transfer Stn",286790,59400,TQ4 7QU,Solid,Hhold/Ind/Com,18 - HUMAN AND ANIMAL HEALTH CARE WASTE,Natal care - diagnosis - treatment or prevention of disease in humans,sharps (except 18 01 03),18 01 01,Transfer,Non-Haz Waste Transfer,Torbay,Torbay,South West,Incineration,D10,0.94,05 - Healthcare and biological wastes,Infectious health care wastes
South West,"Bath, Bristol and S Glo",Bath and North East Somerset,Bath and North East Somerset,26009,Bath Destructor Depot Waste Transfer Station,BATH AND NORTH EAST SOMERSET COUNCIL,"A11 : Household, Commercial & Industrial  Waste Transfer Stn",373809,165189,BA1 3AT,Solid,Hhold/Ind/Com,18 - HUMAN AND ANIMAL HEALTH CARE WASTE,Natal care - diagnosis - treatment or prevention of disease in humans,"wastes whose collection and disposal is not subject to special requirements in order to prevent infection(for example dressings, plaster casts, linen, disposable clothing, diapers)",18 01 04,Transfer,Non-Haz Waste Transfer,Bath and North East Somerset,Bath and North East Somerset,South West,Transfer (D),D15,42.81,10 - Mixed ordinary wastes,Mixed and undifferentiated materials
South West,Somerset,Somerset,Somerset,26043,Southwood Waste Transfer Station,COMMERCIAL RECYCLING (SOUTHERN) LIMITED,"A11 : Household, Commercial & Industrial  Waste Transfer Stn",363700,137000,BA4 6LX,Solid,Hhold/Ind/Com,18 - HUMAN AND ANIMAL HEALTH CARE WASTE,Natal care - diagnosis - treatment or prevention of disease in humans,"wastes whose collection and disposal is not subject to special requirements in order to prevent infection(for example dressings, plaster casts, linen, disposable clothing, diapers)",18 01 04,Transfer,Non-Haz Waste Transfer,Somerset,Somerset,South West,Recovery,R05.03,5.4,10 - Mixed ordinary wastes,Mixed and undifferentiated materials
South West,"Bath, Bristol and S Glo",Bristol City,"Bristol, City of",27190,Avonmouth Transfer Facility,BRISTOL WASTE COMPANY LIMITED,"A11 : Household, Commercial & Industrial  Waste Transfer Stn",353300,179800,BS11 0YS,Solid,Hhold/Ind/Com,18 - HUMAN AND ANIMAL HEALTH CARE WASTE,Natal care - diagnosis - treatment or prevention of disease in humans,"wastes whose collection and disposal is not subject to special requirements in order to prevent infection(for example dressings, plaster casts, linen, disposable clothing, diapers)",18 01 04,Transfer,Non-Haz Waste Transfer,"Bristol, City of",Bristol City,South West,Recovery,R13,0.52,10 - Mixed ordinary wastes,Mixed and undifferentiated materials
South West,Somerset,Somerset,Somerset,407442,Walpole Waste Transfer Station,VIRIDOR AVONMOUTH WASTE SERVICES LIMITED,"A11 : Household, Commercial & Industrial  Waste Transfer Stn",331097,142639,TA6 4TF,Solid,Hhold/Ind/Com,18 - HUMAN AND ANIMAL HEALTH CARE WASTE,Natal care - diagnosis - treatment or prevention of disease in humans,"wastes whose collection and disposal is not subject to special requirements in order to prevent infection(for example dressings, plaster casts, linen, disposable clothing, diapers)",18 01 04,Transfer,Non-Haz Waste Transfer,Exeter,Devon,South West,Recovery,R13,33.62,10 - Mixed ordinary wastes,Mixed and undifferentiated materials
South West,Somerset,Somerset,Somerset,407442,Walpole Waste Transfer Station,VIRIDOR AVONMOUTH WASTE SERVICES LIMITED,"A11 : Household, Commercial & Industrial  Waste Transfer Stn",331097,142639,TA6 4TF,Solid,Hhold/Ind/Com,18 - HUMAN AND ANIMAL HEALTH CARE WASTE,Natal care - diagnosis - treatment or prevention of disease in humans,"wastes whose collection and disposal is not subject to special requirements in order to prevent infection(for example dressings, plaster casts, linen, disposable clothing, diapers)",18 01 04,Transfer,Non-Haz Waste Transfer,North Devon,Devon,South West,Recovery,R13,1.9,10 - Mixed ordinary wastes,Mixed and undifferentiated materials
South West,Somerset,Somerset,Somerset,407442,Walpole Waste Transfer Station,VIRIDOR AVONMOUTH WASTE SERVICES LIMITED,"A11 : Household, Commercial & Industrial  Waste Transfer Stn",331097,142639,TA6 4TF,Solid,Hhold/Ind/Com,18 - HUMAN AND ANIMAL HEALTH CARE WASTE,Natal care - diagnosis - treatment or prevention of disease in humans,"wastes whose collection and disposal is not subject to special requirements in order to prevent infection(for example dressings, plaster casts, linen, disposable clothing, diapers)",18 01 04,Transfer,Non-Haz Waste Transfer,Somerset,Somerset,South West,Recovery,R13,17.48,10 - Mixed ordinary wastes,Mixed and undifferentiated materials
South West,Somerset,Somerset,Somerset,407442,Walpole Waste Transfer Station,VIRIDOR AVONMOUTH WASTE SERVICES LIMITED,"A11 : Household, Commercial & Industrial  Waste Transfer Stn",331097,142639,TA6 4TF,Solid,Hhold/Ind/Com,18 - HUMAN AND ANIMAL HEALTH CARE WASTE,Natal care - diagnosis - treatment or prevention of disease in humans,"wastes whose collection and disposal is not subject to special requirements in order to prevent infection(for example dressings, plaster casts, linen, disposable clothing, diapers)",18 01 04,Transfer,Non-Haz Waste Transfer,Somerset,Somerset,South West,Recovery,R13,24.92,10 - Mixed ordinary wastes,Mixed and undifferentiated materials
South West,Somerset,Somerset,Somerset,407442,Walpole Waste Transfer Station,VIRIDOR AVONMOUTH WASTE SERVICES LIMITED,"A11 : Household, Commercial & Industrial  Waste Transfer Stn",331097,142639,TA6 4TF,Solid,Hhold/Ind/Com,18 - HUMAN AND ANIMAL HEALTH CARE WASTE,Natal care - diagnosis - treatment or prevention of disease in humans,"wastes whose collection and disposal is not subject to special requirements in order to prevent infection(for example dressings, plaster casts, linen, disposable clothing, diapers)",18 01 04,Transfer,Non-Haz Waste Transfer,Somerset,Somerset,South West,Recovery,R13,690.65,10 - Mixed ordinary wastes,Mixed and undifferentiated materials
South West,Somerset,Somerset,Somerset,407442,Walpole Waste Transfer Station,VIRIDOR AVONMOUTH WASTE SERVICES LIMITED,"A11 : Household, Commercial & Industrial  Waste Transfer Stn",331097,142639,TA6 4TF,Solid,Hhold/Ind/Com,18 - HUMAN AND ANIMAL HEALTH CARE WASTE,Natal care - diagnosis - treatment or prevention of disease in humans,"wastes whose collection and disposal is not subject to special requirements in order to prevent infection(for example dressings, plaster casts, linen, disposable clothing, diapers)",18 01 04,Transfer,Non-Haz Waste Transfer,Somerset,Somerset,South West,Recovery,R13,80.78,10 - Mixed ordinary wastes,Mixed and undifferentiated materials
South West,Somerset,Somerset,Somerset,407442,Walpole Waste Transfer Station,VIRIDOR AVONMOUTH WASTE SERVICES LIMITED,"A11 : Household, Commercial & Industrial  Waste Transfer Stn",331097,142639,TA6 4TF,Solid,Hhold/Ind/Com,18 - HUMAN AND ANIMAL HEALTH CARE WASTE,Natal care - diagnosis - treatment or prevention of disease in humans,"wastes whose collection and disposal is not subject to special requirements in order to prevent infection(for example dressings, plaster casts, linen, disposable clothing, diapers)",18 01 04,Transfer,Non-Haz Waste Transfer,Somerset,Somerset,South West,Recovery,R13,10.06,10 - Mixed ordinary wastes,Mixed and undifferentiated materials
South West,Devon,Devon,Exeter,21705,Personnel Hygiene Services Ltd - Exeter,PERSONNEL HYGIENE SERVICES LIMITED,A12 : Clinical Waste Transfer Station,291944,91318,EX2 8LY,Solid,Hazardous,18 - HUMAN AND ANIMAL HEALTH CARE WASTE,Natal care - diagnosis - treatment or prevention of disease in humans,cytotoxic and cytostatic medicines,18 01 08*,Transfer,Clinical Waste Transfer,Devon,Devon,South West,Transfer (D),D15,0.16,02 - Chemical preparation wastes,Off-specification chemical wastes
South West,Devon,Devon,Exeter,21705,Personnel Hygiene Services Ltd - Exeter,PERSONNEL HYGIENE SERVICES LIMITED,A12 : Clinical Waste Transfer Station,291944,91318,EX2 8LY,Solid,Hazardous,18 - HUMAN AND ANIMAL HEALTH CARE WASTE,Natal care - diagnosis - treatment or prevention of disease in humans,wastes whose collection and disposal is subject to special requirements in order to prevent infection,18 01 03*,Transfer,Clinical Waste Transfer,Devon,Devon,South West,Transfer (D),D15,136.8,05 - Healthcare and biological wastes,Infectious health care wastes
South West,Devon,Devon,Exeter,21705,Personnel Hygiene Services Ltd - Exeter,PERSONNEL HYGIENE SERVICES LIMITED,A12 : Clinical Waste Transfer Station,291944,91318,EX2 8LY,Solid,Hhold/Ind/Com,18 - HUMAN AND ANIMAL HEALTH CARE WASTE,Natal care - diagnosis - treatment or prevention of disease in humans,medicines other than those mentioned in 18 01 08,18 01 09,Transfer,Clinical Waste Transfer,Devon,Devon,South West,Transfer (D),D15,80.8,02 - Chemical preparation wastes,Off-specification chemical wastes
South West,Devon,Devon,Exeter,21705,Personnel Hygiene Services Ltd - Exeter,PERSONNEL HYGIENE SERVICES LIMITED,A12 : Clinical Waste Transfer Station,291944,91318,EX2 8LY,Solid,Hhold/Ind/Com,18 - HUMAN AND ANIMAL HEALTH CARE WASTE,Natal care - diagnosis - treatment or prevention of disease in humans,"wastes whose collection and disposal is not subject to special requirements in order to prevent infection(for example dressings, plaster casts, linen, disposable clothing, diapers)",18 01 04,Transfer,Clinical Waste Transfer,Devon,Devon,South West,Transfer (D),D15,375.64,10 - Mixed ordinary wastes,Mixed and undifferentiated materials
South West,"Bath, Bristol and S Glo",Bristol City,"Bristol, City of",400158,Bristol Waste Transfer Facility,RENTOKIL INITIAL UK LTD,A12 : Clinical Waste Transfer Station,361520,172208,BS4 3QQ,Sludge,Hazardous,18 - HUMAN AND ANIMAL HEALTH CARE WASTE,Natal care - diagnosis - treatment or prevention of disease in humans,amalgam waste from dental care,18 01 10*,Transfer,Clinical Waste Transfer,"Bristol, City of",Bristol City,South West,Recovery,R13,0.209,01 - Chemical compound wastes,"Acid, alkalies or salts"
South West,"Bath, Bristol and S Glo",Bristol City,"Bristol, City of",400158,Bristol Waste Transfer Facility,RENTOKIL INITIAL UK LTD,A12 : Clinical Waste Transfer Station,361520,172208,BS4 3QQ,Solid,Hazardous,18 - HUMAN AND ANIMAL HEALTH CARE WASTE,Natal care - diagnosis - treatment or prevention of disease in humans,amalgam waste from dental care,18 01 10*,Transfer,Clinical Waste Transfer,"Bristol, City of",Bristol City,South West,Recovery,R13,0.438,01 - Chemical compound wastes,"Acid, alkalies or salts"
South West,"Bath, Bristol and S Glo",Bristol City,"Bristol, City of",400158,Bristol Waste Transfer Facility,RENTOKIL INITIAL UK LTD,A12 : Clinical Waste Transfer Station,361520,172208,BS4 3QQ,Solid,Hhold/Ind/Com,18 - HUMAN AND ANIMAL HEALTH CARE WASTE,Natal care - diagnosis - treatment or prevention of disease in humans,"wastes whose collection and disposal is not subject to special requirements in order to prevent infection(for example dressings, plaster casts, linen, disposable clothing, diapers)",18 01 04,Transfer,Clinical Waste Transfer,"Bristol, City of",Bristol City,South West,Recovery,R13,6.505,10 - Mixed ordinary wastes,Mixed and undifferentiated materials
South West,"Bath, Bristol and S Glo",Bristol City,"Bristol, City of",400158,Bristol Waste Transfer Facility,RENTOKIL INITIAL UK LTD,A12 : Clinical Waste Transfer Station,361520,172208,BS4 3QQ,Solid,Hazardous,18 - HUMAN AND ANIMAL HEALTH CARE WASTE,Natal care - diagnosis - treatment or prevention of disease in humans,cytotoxic and cytostatic medicines,18 01 08*,Transfer,Clinical Waste Transfer,"Bristol, City of",Bristol City,South West,Transfer (D),D15,0.229,02 - Chemical preparation wastes,Off-specification chemical wastes
South West,"Bath, Bristol and S Glo",Bristol City,"Bristol, City of",400158,Bristol Waste Transfer Facility,RENTOKIL INITIAL UK LTD,A12 : Clinical Waste Transfer Station,361520,172208,BS4 3QQ,Solid,Hazardous,18 - HUMAN AND ANIMAL HEALTH CARE WASTE,Natal care - diagnosis - treatment or prevention of disease in humans,wastes whose collection and disposal is subject to special requirements in order to prevent infection,18 01 03*,Transfer,Clinical Waste Transfer,"Bristol, City of",Bristol City,South West,Transfer (D),D15,227.91,05 - Healthcare and biological wastes,Infectious health care wastes
South West,"Bath, Bristol and S Glo",Bristol City,"Bristol, City of",400158,Bristol Waste Transfer Facility,RENTOKIL INITIAL UK LTD,A12 : Clinical Waste Transfer Station,361520,172208,BS4 3QQ,Solid,Hhold/Ind/Com,18 - HUMAN AND ANIMAL HEALTH CARE WASTE,Natal care - diagnosis - treatment or prevention of disease in humans,Body parts and organs including blood bags and blood preserves (except 18 01 03),18 01 02,Transfer,Clinical Waste Transfer,"Bristol, City of",Bristol City,South West,Transfer (D),D15,0.609,05 - Healthcare and biological wastes,Infectious health care wastes
South West,"Bath, Bristol and S Glo",Bristol City,"Bristol, City of",400158,Bristol Waste Transfer Facility,RENTOKIL INITIAL UK LTD,A12 : Clinical Waste Transfer Station,361520,172208,BS4 3QQ,Solid,Hhold/Ind/Com,18 - HUMAN AND ANIMAL HEALTH CARE WASTE,Natal care - diagnosis - treatment or prevention of disease in humans,medicines other than those mentioned in 18 01 08,18 01 09,Transfer,Clinical Waste Transfer,"Bristol, City of",Bristol City,South West,Transfer (D),D15,0.724,02 - Chemical preparation wastes,Off-specification chemical wastes
South West,"Bath, Bristol and S Glo",Bristol City,"Bristol, City of",400158,Bristol Waste Transfer Facility,RENTOKIL INITIAL UK LTD,A12 : Clinical Waste Transfer Station,361520,172208,BS4 3QQ,Solid,Hhold/Ind/Com,18 - HUMAN AND ANIMAL HEALTH CARE WASTE,Natal care - diagnosis - treatment or prevention of disease in humans,sharps (except 18 01 03),18 01 01,Transfer,Clinical Waste Transfer,"Bristol, City of",Bristol City,South West,Transfer (D),D15,0.058,05 - Healthcare and biological wastes,Infectious health care wastes
South West,"Bath, Bristol and S Glo",Bristol City,"Bristol, City of",400158,Bristol Waste Transfer Facility,RENTOKIL INITIAL UK LTD,A12 : Clinical Waste Transfer Station,361520,172208,BS4 3QQ,Solid,Hhold/Ind/Com,18 - HUMAN AND ANIMAL HEALTH CARE WASTE,Natal care - diagnosis - treatment or prevention of disease in humans,"wastes whose collection and disposal is not subject to special requirements in order to prevent infection(for example dressings, plaster casts, linen, disposable clothing, diapers)",18 01 04,Transfer,Clinical Waste Transfer,"Bristol, City of",Bristol City,South West,Transfer (D),D15,678.01,10 - Mixed ordinary wastes,Mixed and undifferentiated materials
South West,Wiltshire,Swindon,Swindon,407030,P H S Swindon,PERSONNEL HYGIENE SERVICES LIMITED,A12 : Clinical Waste Transfer Station,414323,185314,SN2 1DZ,Solid,Hazardous,18 - HUMAN AND ANIMAL HEALTH CARE WASTE,Natal care - diagnosis - treatment or prevention of disease in humans,cytotoxic and cytostatic medicines,18 01 08*,Transfer,Clinical Waste Transfer,Wiltshire,Wiltshire,South West,Transfer (D),D15,0.14,02 - Chemical preparation wastes,Off-specification chemical wastes
South West,Wiltshire,Swindon,Swindon,407030,P H S Swindon,PERSONNEL HYGIENE SERVICES LIMITED,A12 : Clinical Waste Transfer Station,414323,185314,SN2 1DZ,Solid,Hazardous,18 - HUMAN AND ANIMAL HEALTH CARE WASTE,Natal care - diagnosis - treatment or prevention of disease in humans,cytotoxic and cytostatic medicines,18 01 08*,Transfer,Clinical Waste Transfer,Wiltshire,Wiltshire,South West,Transfer (D),D15,1.16,02 - Chemical preparation wastes,Off-specification chemical wastes
South West,Wiltshire,Swindon,Swindon,407030,P H S Swindon,PERSONNEL HYGIENE SERVICES LIMITED,A12 : Clinical Waste Transfer Station,414323,185314,SN2 1DZ,Solid,Hazardous,18 - HUMAN AND ANIMAL HEALTH CARE WASTE,Natal care - diagnosis - treatment or prevention of disease in humans,wastes whose collection and disposal is subject to special requirements in order to prevent infection,18 01 03*,Transfer,Clinical Waste Transfer,Wiltshire,Wiltshire,South West,Transfer (D),D15,5.88,05 - Healthcare and biological wastes,Infectious health care wastes
South West,Wiltshire,Swindon,Swindon,407030,P H S Swindon,PERSONNEL HYGIENE SERVICES LIMITED,A12 : Clinical Waste Transfer Station,414323,185314,SN2 1DZ,Solid,Hhold/Ind/Com,18 - HUMAN AND ANIMAL HEALTH CARE WASTE,Natal care - diagnosis - treatment or prevention of disease in humans,sharps (except 18 01 03),18 01 01,Transfer,Clinical Waste Transfer,Wiltshire,Wiltshire,South West,Transfer (D),D15,5.73,05 - Healthcare and biological wastes,Infectious health care wastes
South West,Wiltshire,Swindon,Swindon,407030,P H S Swindon,PERSONNEL HYGIENE SERVICES LIMITED,A12 : Clinical Waste Transfer Station,414323,185314,SN2 1DZ,Solid,Hhold/Ind/Com,18 - HUMAN AND ANIMAL HEALTH CARE WASTE,Natal care - diagnosis - treatment or prevention of disease in humans,"wastes whose collection and disposal is not subject to special requirements in order to prevent infection(for example dressings, plaster casts, linen, disposable clothing, diapers)",18 01 04,Transfer,Clinical Waste Transfer,Wiltshire,Wiltshire,South West,Transfer (D),D15,410.33,10 - Mixed ordinary wastes,Mixed and undifferentiated materials
South West,Cornwall,Cornwall,Cornwall,101616,Launceston H W R C And R T S,SUEZ RECYCLING AND RECOVERY UK LTD,A13 : Household Waste Amenity Site,231685,83398,PL15 7PY,Solid,Hhold/Ind/Com,18 - HUMAN AND ANIMAL HEALTH CARE WASTE,Natal care - diagnosis - treatment or prevention of disease in humans,"wastes whose collection and disposal is not subject to special requirements in order to prevent infection(for example dressings, plaster casts, linen, disposable clothing, diapers)",18 01 04,Transfer,CA Site,Cornwall,Cornwall,South West,Recovery,R13,578.9,10 - Mixed ordinary wastes,Mixed and undifferentiated materials
South West,Cornwall,Cornwall,Cornwall,20099,St Erth Household Waste Recycling Centre,SUEZ RECYCLING AND RECOVERY UK LTD,A13 : Household Waste Amenity Site,154500,35800,TR27 6JP,Solid,Hazardous,18 - HUMAN AND ANIMAL HEALTH CARE WASTE,Natal care - diagnosis - treatment or prevention of disease in humans,wastes whose collection and disposal is subject to special requirements in order to prevent infection,18 01 03*,Transfer,CA Site,Cornwall,Cornwall,South West,Recovery,R13,12.499999,05 - Healthcare and biological wastes,Infectious health care wastes
South West,Cornwall,Cornwall,Cornwall,20099,St Erth Household Waste Recycling Centre,SUEZ RECYCLING AND RECOVERY UK LTD,A13 : Household Waste Amenity Site,154500,35800,TR27 6JP,Solid,Hhold/Ind/Com,18 - HUMAN AND ANIMAL HEALTH CARE WASTE,Natal care - diagnosis - treatment or prevention of disease in humans,"wastes whose collection and disposal is not subject to special requirements in order to prevent infection(for example dressings, plaster casts, linen, disposable clothing, diapers)",18 01 04,Transfer,CA Site,Cornwall,Cornwall,South West,Recovery,R13,329.46,10 - Mixed ordinary wastes,Mixed and undifferentiated materials
South West,Devon,Plymouth,Plymouth,20753,Chelson Meadow Landfill,PLYMOUTH CITY COUNCIL,A13 : Household Waste Amenity Site,251293,54802,PL9 7JT,Solid,Hazardous,18 - HUMAN AND ANIMAL HEALTH CARE WASTE,Natal care - diagnosis - treatment or prevention of disease in humans,wastes whose collection and disposal is subject to special requirements in order to prevent infection,18 01 03*,Transfer,CA Site,Plymouth,Plymouth,South West,Transfer (D),D15,0.329,05 - Healthcare and biological wastes,Infectious health care wastes
South West,"Bath, Bristol and S Glo",South Gloucestershire,South Gloucestershire,26055,Yate Waste Transfer Station & Household Waste Recycling Centre,SUEZ RECYCLING AND RECOVERY SOUTH GLOUCESTERSHIRE LTD,A13 : Household Waste Amenity Site,370154,183249,BS37 5NH,Solid,Hhold/Ind/Com,18 - HUMAN AND ANIMAL HEALTH CARE WASTE,Natal care - diagnosis - treatment or prevention of disease in humans,"wastes whose collection and disposal is not subject to special requirements in order to prevent infection(for example dressings, plaster casts, linen, disposable clothing, diapers)",18 01 04,Transfer,CA Site,South Gloucestershire,South Gloucestershire,South West,Recovery,R13,3.28,10 - Mixed ordinary wastes,Mixed and undifferentiated materials
South West,Cornwall,Cornwall,Cornwall,20000,Stoneybridge Incinerator,PEAKE (GB) LIMITED,A9 : Hazardous Waste Transfer Station,226543,65258,PL14 3NQ,Solid,Hazardous,18 - HUMAN AND ANIMAL HEALTH CARE WASTE,Natal care - diagnosis - treatment or prevention of disease in humans,amalgam waste from dental care,18 01 10*,Transfer,Haz Waste Transfer,South West,South West (WPA Not codeable),South West,Recovery,R13,0.095,01 - Chemical compound wastes,"Acid, alkalies or salts"
South West,Cornwall,Cornwall,Cornwall,20000,Stoneybridge Incinerator,PEAKE (GB) LIMITED,A9 : Hazardous Waste Transfer Station,226543,65258,PL14 3NQ,Solid,Hhold/Ind/Com,18 - HUMAN AND ANIMAL HEALTH CARE WASTE,Natal care - diagnosis - treatment or prevention of disease in humans,"wastes whose collection and disposal is not subject to special requirements in order to prevent infection(for example dressings, plaster casts, linen, disposable clothing, diapers)",18 01 04,Transfer,Haz Waste Transfer,South West,South West (WPA Not codeable),South West,Recovery,R13,44.92,10 - Mixed ordinary wastes,Mixed and undifferentiated materials
South West,Cornwall,Cornwall,Cornwall,20011,Lean M R F,SYRACUSE WASTE LIMITED,A9 : Hazardous Waste Transfer Station,226896,61346,PL14 3QD,Solid,Hhold/Ind/Com,18 - HUMAN AND ANIMAL HEALTH CARE WASTE,Natal care - diagnosis - treatment or prevention of disease in humans,"wastes whose collection and disposal is not subject to special requirements in order to prevent infection(for example dressings, plaster casts, linen, disposable clothing, diapers)",18 01 04,Transfer,Haz Waste Transfer,Cornwall,Cornwall,South West,Transfer (D),D15,773.66,10 - Mixed ordinary wastes,Mixed and undifferentiated materials
South West,Cornwall,Cornwall,Cornwall,20011,Lean M R F,SYRACUSE WASTE LIMITED,A9 : Hazardous Waste Transfer Station,226896,61346,PL14 3QD,Solid,Hhold/Ind/Com,18 - HUMAN AND ANIMAL HEALTH CARE WASTE,Natal care - diagnosis - treatment or prevention of disease in humans,"wastes whose collection and disposal is not subject to special requirements in order to prevent infection(for example dressings, plaster casts, linen, disposable clothing, diapers)",18 01 04,Transfer,Haz Waste Transfer,Devon,Devon,South West,Transfer (D),D15,834.38,10 - Mixed ordinary wastes,Mixed and undifferentiated materials
South West,Gloucestershire,Gloucestershire,Tewkesbury,48198,Vetspeed Ltd,VETSPEED LIMITED,A9 : Hazardous Waste Transfer Station,391256,234019,GL20 8SL,Solid,Hhold/Ind/Com,18 - HUMAN AND ANIMAL HEALTH CARE WASTE,Natal care - diagnosis - treatment or prevention of disease in humans,medicines other than those mentioned in 18 01 08,18 01 09,Transfer,Haz Waste Transfer,Bath and North East Somerset,Bath and North East Somerset,South West,Transfer (D),D15,0.062,02 - Chemical preparation wastes,Off-specification chemical wastes
South West,Gloucestershire,Gloucestershire,Tewkesbury,48198,Vetspeed Ltd,VETSPEED LIMITED,A9 : Hazardous Waste Transfer Station,391256,234019,GL20 8SL,Solid,Hazardous,18 - HUMAN AND ANIMAL HEALTH CARE WASTE,Natal care - diagnosis - treatment or prevention of disease in humans,wastes whose collection and disposal is subject to special requirements in order to prevent infection,18 01 03*,Transfer,Haz Waste Transfer,"Bristol, City of",Bristol City,South West,Transfer (D),D15,2.554,05 - Healthcare and biological wastes,Infectious health care wastes
South West,Gloucestershire,Gloucestershire,Tewkesbury,48198,Vetspeed Ltd,VETSPEED LIMITED,A9 : Hazardous Waste Transfer Station,391256,234019,GL20 8SL,Solid,Hhold/Ind/Com,18 - HUMAN AND ANIMAL HEALTH CARE WASTE,Natal care - diagnosis - treatment or prevention of disease in humans,"wastes whose collection and disposal is not subject to special requirements in order to prevent infection(for example dressings, plaster casts, linen, disposable clothing, diapers)",18 01 04,Transfer,Haz Waste Transfer,"Bristol, City of",Bristol City,South West,Transfer (D),D15,7.722,10 - Mixed ordinary wastes,Mixed and undifferentiated materials
South West,Gloucestershire,Gloucestershire,Tewkesbury,48198,Vetspeed Ltd,VETSPEED LIMITED,A9 : Hazardous Waste Transfer Station,391256,234019,GL20 8SL,Solid,Hhold/Ind/Com,18 - HUMAN AND ANIMAL HEALTH CARE WASTE,Natal care - diagnosis - treatment or prevention of disease in humans,"wastes whose collection and disposal is not subject to special requirements in order to prevent infection(for example dressings, plaster casts, linen, disposable clothing, diapers)",18 01 04,Transfer,Haz Waste Transfer,Coventry,Coventry,West Midlands,Transfer (D),D15,0.983,10 - Mixed ordinary wastes,Mixed and undifferentiated materials
South West,Gloucestershire,Gloucestershire,Tewkesbury,48198,Vetspeed Ltd,VETSPEED LIMITED,A9 : Hazardous Waste Transfer Station,391256,234019,GL20 8SL,Solid,Hazardous,18 - HUMAN AND ANIMAL HEALTH CARE WASTE,Natal care - diagnosis - treatment or prevention of disease in humans,wastes whose collection and disposal is subject to special requirements in order to prevent infection,18 01 03*,Transfer,Haz Waste Transfer,Cheltenham,Gloucestershire,South West,Transfer (D),D15,0.071,05 - Healthcare and biological wastes,Infectious health care wastes
South West,Gloucestershire,Gloucestershire,Tewkesbury,48198,Vetspeed Ltd,VETSPEED LIMITED,A9 : Hazardous Waste Transfer Station,391256,234019,GL20 8SL,Solid,Hazardous,18 - HUMAN AND ANIMAL HEALTH CARE WASTE,Natal care - diagnosis - treatment or prevention of disease in humans,wastes whose collection and disposal is subject to special requirements in order to prevent infection,18 01 03*,Transfer,Haz Waste Transfer,Gloucester,Gloucestershire,South West,Transfer (D),D15,0.088,05 - Healthcare and biological wastes,Infectious health care wastes
South West,Gloucestershire,Gloucestershire,Tewkesbury,48198,Vetspeed Ltd,VETSPEED LIMITED,A9 : Hazardous Waste Transfer Station,391256,234019,GL20 8SL,Solid,Hhold/Ind/Com,18 - HUMAN AND ANIMAL HEALTH CARE WASTE,Natal care - diagnosis - treatment or prevention of disease in humans,"wastes whose collection and disposal is not subject to special requirements in order to prevent infection(for example dressings, plaster casts, linen, disposable clothing, diapers)",18 01 04,Transfer,Haz Waste Transfer,Gloucester,Gloucestershire,South West,Transfer (D),D15,2.7575,10 - Mixed ordinary wastes,Mixed and undifferentiated materials
South West,Gloucestershire,Gloucestershire,Tewkesbury,48198,Vetspeed Ltd,VETSPEED LIMITED,A9 : Hazardous Waste Transfer Station,391256,234019,GL20 8SL,Solid,Hazardous,18 - HUMAN AND ANIMAL HEALTH CARE WASTE,Natal care - diagnosis - treatment or prevention of disease in humans,wastes whose collection and disposal is subject to special requirements in order to prevent infection,18 01 03*,Transfer,Haz Waste Transfer,Gloucestershire,Gloucestershire,South West,Transfer (D),D15,2.32,05 - Healthcare and biological wastes,Infectious health care wastes
South West,Gloucestershire,Gloucestershire,Tewkesbury,48198,Vetspeed Ltd,VETSPEED LIMITED,A9 : Hazardous Waste Transfer Station,391256,234019,GL20 8SL,Solid,Hhold/Ind/Com,18 - HUMAN AND ANIMAL HEALTH CARE WASTE,Natal care - diagnosis - treatment or prevention of disease in humans,medicines other than those mentioned in 18 01 08,18 01 09,Transfer,Haz Waste Transfer,Gloucestershire,Gloucestershire,South West,Transfer (D),D15,0.6615,02 - Chemical preparation wastes,Off-specification chemical wastes
South West,Gloucestershire,Gloucestershire,Tewkesbury,48198,Vetspeed Ltd,VETSPEED LIMITED,A9 : Hazardous Waste Transfer Station,391256,234019,GL20 8SL,Solid,Hhold/Ind/Com,18 - HUMAN AND ANIMAL HEALTH CARE WASTE,Natal care - diagnosis - treatment or prevention of disease in humans,"wastes whose collection and disposal is not subject to special requirements in order to prevent infection(for example dressings, plaster casts, linen, disposable clothing, diapers)",18 01 04,Transfer,Haz Waste Transfer,Gloucestershire,Gloucestershire,South West,Transfer (D),D15,7.321,10 - Mixed ordinary wastes,Mixed and undifferentiated materials
South West,Gloucestershire,Gloucestershire,Tewkesbury,48198,Vetspeed Ltd,VETSPEED LIMITED,A9 : Hazardous Waste Transfer Station,391256,234019,GL20 8SL,Solid,Hazardous,18 - HUMAN AND ANIMAL HEALTH CARE WASTE,Natal care - diagnosis - treatment or prevention of disease in humans,wastes whose collection and disposal is subject to special requirements in order to prevent infection,18 01 03*,Transfer,Haz Waste Transfer,Stroud,Gloucestershire,South West,Transfer (D),D15,7.392,05 - Healthcare and biological wastes,Infectious health care wastes
South West,Gloucestershire,Gloucestershire,Tewkesbury,48198,Vetspeed Ltd,VETSPEED LIMITED,A9 : Hazardous Waste Transfer Station,391256,234019,GL20 8SL,Solid,Hazardous,18 - HUMAN AND ANIMAL HEALTH CARE WASTE,Natal care - diagnosis - treatment or prevention of disease in humans,wastes whose collection and disposal is subject to special requirements in order to prevent infection,18 01 03*,Transfer,Haz Waste Transfer,Lancashire,Lancashire,North West,Transfer (D),D15,0.945,05 - Healthcare and biological wastes,Infectious health care wastes
South West,Gloucestershire,Gloucestershire,Tewkesbury,48198,Vetspeed Ltd,VETSPEED LIMITED,A9 : Hazardous Waste Transfer Station,391256,234019,GL20 8SL,Solid,Hhold/Ind/Com,18 - HUMAN AND ANIMAL HEALTH CARE WASTE,Natal care - diagnosis - treatment or prevention of disease in humans,"wastes whose collection and disposal is not subject to special requirements in order to prevent infection(for example dressings, plaster casts, linen, disposable clothing, diapers)",18 01 04,Transfer,Haz Waste Transfer,Manchester,Manchester,North West,Transfer (D),D15,0.082,10 - Mixed ordinary wastes,Mixed and undifferentiated materials
South West,Gloucestershire,Gloucestershire,Tewkesbury,48198,Vetspeed Ltd,VETSPEED LIMITED,A9 : Hazardous Waste Transfer Station,391256,234019,GL20 8SL,Solid,Hazardous,18 - HUMAN AND ANIMAL HEALTH CARE WASTE,Natal care - diagnosis - treatment or prevention of disease in humans,wastes whose collection and disposal is subject to special requirements in order to prevent infection,18 01 03*,Transfer,Haz Waste Transfer,North West,North West (WPA Not codeable),North West,Transfer (D),D15,0.163,05 - Healthcare and biological wastes,Infectious health care wastes
South West,Gloucestershire,Gloucestershire,Tewkesbury,48198,Vetspeed Ltd,VETSPEED LIMITED,A9 : Hazardous Waste Transfer Station,391256,234019,GL20 8SL,Solid,Hazardous,18 - HUMAN AND ANIMAL HEALTH CARE WASTE,Natal care - diagnosis - treatment or prevention of disease in humans,wastes whose collection and disposal is subject to special requirements in order to prevent infection,18 01 03*,Transfer,Haz Waste Transfer,Oxfordshire,Oxfordshire,South East,Transfer (D),D15,0.06,05 - Healthcare and biological wastes,Infectious health care wastes
South West,Gloucestershire,Gloucestershire,Tewkesbury,48198,Vetspeed Ltd,VETSPEED LIMITED,A9 : Hazardous Waste Transfer Station,391256,234019,GL20 8SL,Solid,Hazardous,18 - HUMAN AND ANIMAL HEALTH CARE WASTE,Natal care - diagnosis - treatment or prevention of disease in humans,wastes whose collection and disposal is subject to special requirements in order to prevent infection,18 01 03*,Transfer,Haz Waste Transfer,Shropshire,Shropshire,West Midlands,Transfer (D),D15,18.089,05 - Healthcare and biological wastes,Infectious health care wastes
South West,Gloucestershire,Gloucestershire,Tewkesbury,48198,Vetspeed Ltd,VETSPEED LIMITED,A9 : Hazardous Waste Transfer Station,391256,234019,GL20 8SL,Solid,Hazardous,18 - HUMAN AND ANIMAL HEALTH CARE WASTE,Natal care - diagnosis - treatment or prevention of disease in humans,wastes whose collection and disposal is subject to special requirements in order to prevent infection,18 01 03*,Transfer,Haz Waste Transfer,Staffordshire,Staffordshire,West Midlands,Transfer (D),D15,0.01,05 - Healthcare and biological wastes,Infectious health care wastes
South West,Gloucestershire,Gloucestershire,Tewkesbury,48198,Vetspeed Ltd,VETSPEED LIMITED,A9 : Hazardous Waste Transfer Station,391256,234019,GL20 8SL,Solid,Hhold/Ind/Com,18 - HUMAN AND ANIMAL HEALTH CARE WASTE,Natal care - diagnosis - treatment or prevention of disease in humans,"wastes whose collection and disposal is not subject to special requirements in order to prevent infection(for example dressings, plaster casts, linen, disposable clothing, diapers)",18 01 04,Transfer,Haz Waste Transfer,Staffordshire,Staffordshire,West Midlands,Transfer (D),D15,1.746,10 - Mixed ordinary wastes,Mixed and undifferentiated materials
South West,Gloucestershire,Gloucestershire,Tewkesbury,48198,Vetspeed Ltd,VETSPEED LIMITED,A9 : Hazardous Waste Transfer Station,391256,234019,GL20 8SL,Solid,Hazardous,18 - HUMAN AND ANIMAL HEALTH CARE WASTE,Natal care - diagnosis - treatment or prevention of disease in humans,wastes whose collection and disposal is subject to special requirements in order to prevent infection,18 01 03*,Transfer,Haz Waste Transfer,Telford and Wrekin,Telford and Wrekin,West Midlands,Transfer (D),D15,0.02,05 - Healthcare and biological wastes,Infectious health care wastes
South West,Gloucestershire,Gloucestershire,Tewkesbury,48198,Vetspeed Ltd,VETSPEED LIMITED,A9 : Hazardous Waste Transfer Station,391256,234019,GL20 8SL,Solid,Hazardous,18 - HUMAN AND ANIMAL HEALTH CARE WASTE,Natal care - diagnosis - treatment or prevention of disease in humans,wastes whose collection and disposal is subject to special requirements in order to prevent infection,18 01 03*,Transfer,Haz Waste Transfer,Worcester,Worcestershire,West Midlands,Transfer (D),D15,6.198,05 - Healthcare and biological wastes,Infectious health care wastes
South West,Gloucestershire,Gloucestershire,Tewkesbury,48198,Vetspeed Ltd,VETSPEED LIMITED,A9 : Hazardous Waste Transfer Station,391256,234019,GL20 8SL,Solid,Hhold/Ind/Com,18 - HUMAN AND ANIMAL HEALTH CARE WASTE,Natal care - diagnosis - treatment or prevention of disease in humans,medicines other than those mentioned in 18 01 08,18 01 09,Transfer,Haz Waste Transfer,Worcester,Worcestershire,West Midlands,Transfer (D),D15,0.462,02 - Chemical preparation wastes,Off-specification chemical wastes
South West,Gloucestershire,Gloucestershire,Tewkesbury,48198,Vetspeed Ltd,VETSPEED LIMITED,A9 : Hazardous Waste Transfer Station,391256,234019,GL20 8SL,Solid,Hhold/Ind/Com,18 - HUMAN AND ANIMAL HEALTH CARE WASTE,Natal care - diagnosis - treatment or prevention of disease in humans,"wastes whose collection and disposal is not subject to special requirements in order to prevent infection(for example dressings, plaster casts, linen, disposable clothing, diapers)",18 01 04,Transfer,Haz Waste Transfer,Worcester,Worcestershire,West Midlands,Transfer (D),D15,3.934,10 - Mixed ordinary wastes,Mixed and undifferentiated materials
South West,Gloucestershire,Gloucestershire,Tewkesbury,48198,Vetspeed Ltd,VETSPEED LIMITED,A9 : Hazardous Waste Transfer Station,391256,234019,GL20 8SL,Solid,Hazardous,18 - HUMAN AND ANIMAL HEALTH CARE WASTE,Natal care - diagnosis - treatment or prevention of disease in humans,wastes whose collection and disposal is subject to special requirements in order to prevent infection,18 01 03*,Transfer,Haz Waste Transfer,Worcestershire,Worcestershire,West Midlands,Transfer (D),D15,5.92,05 - Healthcare and biological wastes,Infectious health care wastes
South West,Gloucestershire,Gloucestershire,Tewkesbury,48198,Vetspeed Ltd,VETSPEED LIMITED,A9 : Hazardous Waste Transfer Station,391256,234019,GL20 8SL,Solid,Hhold/Ind/Com,18 - HUMAN AND ANIMAL HEALTH CARE WASTE,Natal care - diagnosis - treatment or prevention of disease in humans,medicines other than those mentioned in 18 01 08,18 01 09,Transfer,Haz Waste Transfer,Worcestershire,Worcestershire,West Midlands,Transfer (D),D15,0.361,02 - Chemical preparation wastes,Off-specification chemical wastes
South West,Gloucestershire,Gloucestershire,Tewkesbury,48198,Vetspeed Ltd,VETSPEED LIMITED,A9 : Hazardous Waste Transfer Station,391256,234019,GL20 8SL,Solid,Hhold/Ind/Com,18 - HUMAN AND ANIMAL HEALTH CARE WASTE,Natal care - diagnosis - treatment or prevention of disease in humans,"wastes whose collection and disposal is not subject to special requirements in order to prevent infection(for example dressings, plaster casts, linen, disposable clothing, diapers)",18 01 04,Transfer,Haz Waste Transfer,Worcestershire,Worcestershire,West Midlands,Transfer (D),D15,8.981,10 - Mixed ordinary wastes,Mixed and undifferentiated materials
South West,Wiltshire,Swindon,Swindon,86318,Waterside Park,SWINDON BOROUGH COUNCIL,A9 : Hazardous Waste Transfer Station,413118,186267,SN22PN,Solid,Hhold/Ind/Com,18 - HUMAN AND ANIMAL HEALTH CARE WASTE,Natal care - diagnosis - treatment or prevention of disease in humans,"wastes whose collection and disposal is not subject to special requirements in order to prevent infection(for example dressings, plaster casts, linen, disposable clothing, diapers)",18 01 04,Transfer,Haz Waste Transfer,Swindon,Swindon,South West,Incineration,D10,31.9,10 - Mixed ordinary wastes,Mixed and undifferentiated materials
South West,Somerset,Somerset,Somerset,101349,Colley Lane,SUEZ RECYCLING AND RECOVERY UK LTD,S0824 : Clinical Waste Transfer Station,330748,136153,TA6 5LB,Solid,Hazardous,18 - HUMAN AND ANIMAL HEALTH CARE WASTE,Natal care - diagnosis - treatment or prevention of disease in humans,cytotoxic and cytostatic medicines,18 01 08*,Transfer,Clinical Waste Transfer,Somerset,Somerset,South West,Transfer (D),D15,1.26,02 - Chemical preparation wastes,Off-specification chemical wastes
South West,Somerset,Somerset,Somerset,101349,Colley Lane,SUEZ RECYCLING AND RECOVERY UK LTD,S0824 : Clinical Waste Transfer Station,330748,136153,TA6 5LB,Solid,Hazardous,18 - HUMAN AND ANIMAL HEALTH CARE WASTE,Natal care - diagnosis - treatment or prevention of disease in humans,wastes whose collection and disposal is subject to special requirements in order to prevent infection,18 01 03*,Transfer,Clinical Waste Transfer,Somerset,Somerset,South West,Transfer (D),D15,4.56,05 - Healthcare and biological wastes,Infectious health care wastes
South West,Somerset,Somerset,Somerset,101349,Colley Lane,SUEZ RECYCLING AND RECOVERY UK LTD,S0824 : Clinical Waste Transfer Station,330748,136153,TA6 5LB,Solid,Hazardous,18 - HUMAN AND ANIMAL HEALTH CARE WASTE,Natal care - diagnosis - treatment or prevention of disease in humans,cytotoxic and cytostatic medicines,18 01 08*,Transfer,Clinical Waste Transfer,Somerset,Somerset,South West,Transfer (D),D15,1.98,02 - Chemical preparation wastes,Off-specification chemical wastes
South West,Somerset,Somerset,Somerset,101349,Colley Lane,SUEZ RECYCLING AND RECOVERY UK LTD,S0824 : Clinical Waste Transfer Station,330748,136153,TA6 5LB,Solid,Hazardous,18 - HUMAN AND ANIMAL HEALTH CARE WASTE,Natal care - diagnosis - treatment or prevention of disease in humans,wastes whose collection and disposal is subject to special requirements in order to prevent infection,18 01 03*,Transfer,Clinical Waste Transfer,Somerset,Somerset,South West,Transfer (D),D15,12.97,05 - Healthcare and biological wastes,Infectious health care wastes
South West,"Bath, Bristol and S Glo",South Gloucestershire,South Gloucestershire,120700,Bristol Site,CITRON HYGIENE (UK) LIMITED,S0824 : Clinical Waste Transfer Station,361604,183302,BS32 4EU,Solid,Hazardous,18 - HUMAN AND ANIMAL HEALTH CARE WASTE,Natal care - diagnosis - treatment or prevention of disease in humans,amalgam waste from dental care,18 01 10*,Transfer,Clinical Waste Transfer,South West,South West (WPA Not codeable),South West,Recovery,R13,0.254,01 - Chemical compound wastes,"Acid, alkalies or salts"
South West,"Bath, Bristol and S Glo",South Gloucestershire,South Gloucestershire,120700,Bristol Site,CITRON HYGIENE (UK) LIMITED,S0824 : Clinical Waste Transfer Station,361604,183302,BS32 4EU,Solid,Hhold/Ind/Com,18 - HUMAN AND ANIMAL HEALTH CARE WASTE,Natal care - diagnosis - treatment or prevention of disease in humans,"wastes whose collection and disposal is not subject to special requirements in order to prevent infection(for example dressings, plaster casts, linen, disposable clothing, diapers)",18 01 04,Transfer,Clinical Waste Transfer,South West,South West (WPA Not codeable),South West,Recovery,R13,0.145,10 - Mixed ordinary wastes,Mixed and undifferentiated materials
South West,"Bath, Bristol and S Glo",South Gloucestershire,South Gloucestershire,120700,Bristol Site,CITRON HYGIENE (UK) LIMITED,S0824 : Clinical Waste Transfer Station,361604,183302,BS32 4EU,Solid,Hazardous,18 - HUMAN AND ANIMAL HEALTH CARE WASTE,Natal care - diagnosis - treatment or prevention of disease in humans,cytotoxic and cytostatic medicines,18 01 08*,Transfer,Clinical Waste Transfer,South West,South West (WPA Not codeable),South West,Transfer (D),D15,0.006,02 - Chemical preparation wastes,Off-specification chemical wastes
South West,"Bath, Bristol and S Glo",South Gloucestershire,South Gloucestershire,120700,Bristol Site,CITRON HYGIENE (UK) LIMITED,S0824 : Clinical Waste Transfer Station,361604,183302,BS32 4EU,Solid,Hazardous,18 - HUMAN AND ANIMAL HEALTH CARE WASTE,Natal care - diagnosis - treatment or prevention of disease in humans,wastes whose collection and disposal is subject to special requirements in order to prevent infection,18 01 03*,Transfer,Clinical Waste Transfer,South West,South West (WPA Not codeable),South West,Transfer (D),D15,30.136,05 - Healthcare and biological wastes,Infectious health care wastes
South West,"Bath, Bristol and S Glo",South Gloucestershire,South Gloucestershire,120700,Bristol Site,CITRON HYGIENE (UK) LIMITED,S0824 : Clinical Waste Transfer Station,361604,183302,BS32 4EU,Solid,Hhold/Ind/Com,18 - HUMAN AND ANIMAL HEALTH CARE WASTE,Natal care - diagnosis - treatment or prevention of disease in humans,medicines other than those mentioned in 18 01 08,18 01 09,Transfer,Clinical Waste Transfer,South West,South West (WPA Not codeable),South West,Transfer (D),D15,0.6,02 - Chemical preparation wastes,Off-specification chemical wastes
South West,"Bath, Bristol and S Glo",South Gloucestershire,South Gloucestershire,120700,Bristol Site,CITRON HYGIENE (UK) LIMITED,S0824 : Clinical Waste Transfer Station,361604,183302,BS32 4EU,Solid,Hhold/Ind/Com,18 - HUMAN AND ANIMAL HEALTH CARE WASTE,Natal care - diagnosis - treatment or prevention of disease in humans,"wastes whose collection and disposal is not subject to special requirements in order to prevent infection(for example dressings, plaster casts, linen, disposable clothing, diapers)",18 01 04,Transfer,Clinical Waste Transfer,South West,South West (WPA Not codeable),South West,Transfer (D),D15,18.24,10 - Mixed ordinary wastes,Mixed and undifferentiated materials
South West,"Bath, Bristol and S Glo",South Gloucestershire,South Gloucestershire,120700,Bristol Site,CITRON HYGIENE (UK) LIMITED,S0824 : Clinical Waste Transfer Station,361604,183302,BS32 4EU,Solid,Hhold/Ind/Com,18 - HUMAN AND ANIMAL HEALTH CARE WASTE,Natal care - diagnosis - treatment or prevention of disease in humans,"wastes whose collection and disposal is not subject to special requirements in order to prevent infection(for example dressings, plaster casts, linen, disposable clothing, diapers)",18 01 04,Transfer,Clinical Waste Transfer,South West,South West (WPA Not codeable),South West,Transfer (D),D15,41.04,10 - Mixed ordinary wastes,Mixed and undifferentiated materials
South West,Dorset,"Bournemouth, Christchurch and Poole","Bournemouth, Christchurch and Poole",401475,Bournemouth Clinical Waste Incinerator,SRCL LIMITED,S0824 : Clinical Waste Transfer Station,412816,94334,BH7 7DW,Solid,Hazardous,18 - HUMAN AND ANIMAL HEALTH CARE WASTE,Natal care - diagnosis - treatment or prevention of disease in humans,wastes whose collection and disposal is subject to special requirements in order to prevent infection,18 01 03*,Transfer,Clinical Waste Transfer,"Bournemouth, Christchurch and Poole","Bournemouth, Christchurch and Poole",South West,Transfer (D),D15,148.41,05 - Healthcare and biological wastes,Infectious health care wastes
South West,Dorset,"Bournemouth, Christchurch and Poole","Bournemouth, Christchurch and Poole",401475,Bournemouth Clinical Waste Incinerator,SRCL LIMITED,S0824 : Clinical Waste Transfer Station,412816,94334,BH7 7DW,Solid,Hhold/Ind/Com,18 - HUMAN AND ANIMAL HEALTH CARE WASTE,Natal care - diagnosis - treatment or prevention of disease in humans,"wastes whose collection and disposal is not subject to special requirements in order to prevent infection(for example dressings, plaster casts, linen, disposable clothing, diapers)",18 01 04,Transfer,Clinical Waste Transfer,"Bournemouth, Christchurch and Poole","Bournemouth, Christchurch and Poole",South West,Transfer (D),D15,22.7,10 - Mixed ordinary wastes,Mixed and undifferentiated materials
South West,"Bath, Bristol and S Glo",Bristol City,"Bristol, City of",402801,Professional Hygiene Ltd,PROFESSIONAL HYGIENE LIMITED,S0824 : Clinical Waste Transfer Station,353184,181502,BS11 0YB,Liquid,Hhold/Ind/Com,18 - HUMAN AND ANIMAL HEALTH CARE WASTE,Natal care - diagnosis - treatment or prevention of disease in humans,sharps (except 18 01 03),18 01 01,Transfer,Clinical Waste Transfer,Barnet,Barnet,London,Transfer (D),D15,0.001,05 - Healthcare and biological wastes,Infectious health care wastes
South West,"Bath, Bristol and S Glo",Bristol City,"Bristol, City of",402801,Professional Hygiene Ltd,PROFESSIONAL HYGIENE LIMITED,S0824 : Clinical Waste Transfer Station,353184,181502,BS11 0YB,User left blank,Hazardous,18 - HUMAN AND ANIMAL HEALTH CARE WASTE,Natal care - diagnosis - treatment or prevention of disease in humans,amalgam waste from dental care,18 01 10*,Transfer,Clinical Waste Transfer,Barnet,Barnet,London,Transfer (D),D15,0.0012,01 - Chemical compound wastes,"Acid, alkalies or salts"
South West,"Bath, Bristol and S Glo",Bristol City,"Bristol, City of",402801,Professional Hygiene Ltd,PROFESSIONAL HYGIENE LIMITED,S0824 : Clinical Waste Transfer Station,353184,181502,BS11 0YB,User left blank,Hazardous,18 - HUMAN AND ANIMAL HEALTH CARE WASTE,Natal care - diagnosis - treatment or prevention of disease in humans,cytotoxic and cytostatic medicines,18 01 08*,Transfer,Clinical Waste Transfer,Barnet,Barnet,London,Transfer (D),D15,0.001,02 - Chemical preparation wastes,Off-specification chemical wastes
South West,"Bath, Bristol and S Glo",Bristol City,"Bristol, City of",402801,Professional Hygiene Ltd,PROFESSIONAL HYGIENE LIMITED,S0824 : Clinical Waste Transfer Station,353184,181502,BS11 0YB,User left blank,Hazardous,18 - HUMAN AND ANIMAL HEALTH CARE WASTE,Natal care - diagnosis - treatment or prevention of disease in humans,wastes whose collection and disposal is subject to special requirements in order to prevent infection,18 01 03*,Transfer,Clinical Waste Transfer,Barnet,Barnet,London,Transfer (D),D15,0.751,05 - Healthcare and biological wastes,Infectious health care wastes
South West,"Bath, Bristol and S Glo",Bristol City,"Bristol, City of",402801,Professional Hygiene Ltd,PROFESSIONAL HYGIENE LIMITED,S0824 : Clinical Waste Transfer Station,353184,181502,BS11 0YB,User left blank,Hhold/Ind/Com,18 - HUMAN AND ANIMAL HEALTH CARE WASTE,Natal care - diagnosis - treatment or prevention of disease in humans,"wastes whose collection and disposal is not subject to special requirements in order to prevent infection(for example dressings, plaster casts, linen, disposable clothing, diapers)",18 01 04,Transfer,Clinical Waste Transfer,Barnet,Barnet,London,Transfer (D),D15,1.271,10 - Mixed ordinary wastes,Mixed and undifferentiated materials
South West,"Bath, Bristol and S Glo",Bristol City,"Bristol, City of",402801,Professional Hygiene Ltd,PROFESSIONAL HYGIENE LIMITED,S0824 : Clinical Waste Transfer Station,353184,181502,BS11 0YB,Liquid,Hhold/Ind/Com,18 - HUMAN AND ANIMAL HEALTH CARE WASTE,Natal care - diagnosis - treatment or prevention of disease in humans,sharps (except 18 01 03),18 01 01,Transfer,Clinical Waste Transfer,Bath and North East Somerset,Bath and North East Somerset,South West,Transfer (D),D15,0.111,05 - Healthcare and biological wastes,Infectious health care wastes
South West,"Bath, Bristol and S Glo",Bristol City,"Bristol, City of",402801,Professional Hygiene Ltd,PROFESSIONAL HYGIENE LIMITED,S0824 : Clinical Waste Transfer Station,353184,181502,BS11 0YB,User left blank,Hazardous,18 - HUMAN AND ANIMAL HEALTH CARE WASTE,Natal care - diagnosis - treatment or prevention of disease in humans,amalgam waste from dental care,18 01 10*,Transfer,Clinical Waste Transfer,Bath and North East Somerset,Bath and North East Somerset,South West,Transfer (D),D15,0.0502,01 - Chemical compound wastes,"Acid, alkalies or salts"
South West,"Bath, Bristol and S Glo",Bristol City,"Bristol, City of",402801,Professional Hygiene Ltd,PROFESSIONAL HYGIENE LIMITED,S0824 : Clinical Waste Transfer Station,353184,181502,BS11 0YB,User left blank,Hazardous,18 - HUMAN AND ANIMAL HEALTH CARE WASTE,Natal care - diagnosis - treatment or prevention of disease in humans,cytotoxic and cytostatic medicines,18 01 08*,Transfer,Clinical Waste Transfer,Bath and North East Somerset,Bath and North East Somerset,South West,Transfer (D),D15,0.5685,02 - Chemical preparation wastes,Off-specification chemical wastes
South West,"Bath, Bristol and S Glo",Bristol City,"Bristol, City of",402801,Professional Hygiene Ltd,PROFESSIONAL HYGIENE LIMITED,S0824 : Clinical Waste Transfer Station,353184,181502,BS11 0YB,User left blank,Hazardous,18 - HUMAN AND ANIMAL HEALTH CARE WASTE,Natal care - diagnosis - treatment or prevention of disease in humans,wastes whose collection and disposal is subject to special requirements in order to prevent infection,18 01 03*,Transfer,Clinical Waste Transfer,Bath and North East Somerset,Bath and North East Somerset,South West,Transfer (D),D15,29.939,05 - Healthcare and biological wastes,Infectious health care wastes
South West,"Bath, Bristol and S Glo",Bristol City,"Bristol, City of",402801,Professional Hygiene Ltd,PROFESSIONAL HYGIENE LIMITED,S0824 : Clinical Waste Transfer Station,353184,181502,BS11 0YB,User left blank,Hhold/Ind/Com,18 - HUMAN AND ANIMAL HEALTH CARE WASTE,Natal care - diagnosis - treatment or prevention of disease in humans,medicines other than those mentioned in 18 01 08,18 01 09,Transfer,Clinical Waste Transfer,Bath and North East Somerset,Bath and North East Somerset,South West,Transfer (D),D15,0.072,02 - Chemical preparation wastes,Off-specification chemical wastes
South West,"Bath, Bristol and S Glo",Bristol City,"Bristol, City of",402801,Professional Hygiene Ltd,PROFESSIONAL HYGIENE LIMITED,S0824 : Clinical Waste Transfer Station,353184,181502,BS11 0YB,User left blank,Hhold/Ind/Com,18 - HUMAN AND ANIMAL HEALTH CARE WASTE,Natal care - diagnosis - treatment or prevention of disease in humans,"wastes whose collection and disposal is not subject to special requirements in order to prevent infection(for example dressings, plaster casts, linen, disposable clothing, diapers)",18 01 04,Transfer,Clinical Waste Transfer,Bath and North East Somerset,Bath and North East Somerset,South West,Transfer (D),D15,52.8675,10 - Mixed ordinary wastes,Mixed and undifferentiated materials
South West,"Bath, Bristol and S Glo",Bristol City,"Bristol, City of",402801,Professional Hygiene Ltd,PROFESSIONAL HYGIENE LIMITED,S0824 : Clinical Waste Transfer Station,353184,181502,BS11 0YB,Liquid,Hhold/Ind/Com,18 - HUMAN AND ANIMAL HEALTH CARE WASTE,Natal care - diagnosis - treatment or prevention of disease in humans,sharps (except 18 01 03),18 01 01,Transfer,Clinical Waste Transfer,Bedford,Bedford,East of England,Transfer (D),D15,0.006,05 - Healthcare and biological wastes,Infectious health care wastes
South West,"Bath, Bristol and S Glo",Bristol City,"Bristol, City of",402801,Professional Hygiene Ltd,PROFESSIONAL HYGIENE LIMITED,S0824 : Clinical Waste Transfer Station,353184,181502,BS11 0YB,User left blank,Hazardous,18 - HUMAN AND ANIMAL HEALTH CARE WASTE,Natal care - diagnosis - treatment or prevention of disease in humans,amalgam waste from dental care,18 01 10*,Transfer,Clinical Waste Transfer,Bedford,Bedford,East of England,Transfer (D),D15,0.001,01 - Chemical compound wastes,"Acid, alkalies or salts"
South West,"Bath, Bristol and S Glo",Bristol City,"Bristol, City of",402801,Professional Hygiene Ltd,PROFESSIONAL HYGIENE LIMITED,S0824 : Clinical Waste Transfer Station,353184,181502,BS11 0YB,User left blank,Hazardous,18 - HUMAN AND ANIMAL HEALTH CARE WASTE,Natal care - diagnosis - treatment or prevention of disease in humans,wastes whose collection and disposal is subject to special requirements in order to prevent infection,18 01 03*,Transfer,Clinical Waste Transfer,Bedford,Bedford,East of England,Transfer (D),D15,0.4965,05 - Healthcare and biological wastes,Infectious health care wastes
South West,"Bath, Bristol and S Glo",Bristol City,"Bristol, City of",402801,Professional Hygiene Ltd,PROFESSIONAL HYGIENE LIMITED,S0824 : Clinical Waste Transfer Station,353184,181502,BS11 0YB,User left blank,Hhold/Ind/Com,18 - HUMAN AND ANIMAL HEALTH CARE WASTE,Natal care - diagnosis - treatment or prevention of disease in humans,"wastes whose collection and disposal is not subject to special requirements in order to prevent infection(for example dressings, plaster casts, linen, disposable clothing, diapers)",18 01 04,Transfer,Clinical Waste Transfer,Bedford,Bedford,East of England,Transfer (D),D15,0.255,10 - Mixed ordinary wastes,Mixed and undifferentiated materials
South West,"Bath, Bristol and S Glo",Bristol City,"Bristol, City of",402801,Professional Hygiene Ltd,PROFESSIONAL HYGIENE LIMITED,S0824 : Clinical Waste Transfer Station,353184,181502,BS11 0YB,User left blank,Hazardous,18 - HUMAN AND ANIMAL HEALTH CARE WASTE,Natal care - diagnosis - treatment or prevention of disease in humans,amalgam waste from dental care,18 01 10*,Transfer,Clinical Waste Transfer,Birmingham,Birmingham City,West Midlands,Transfer (D),D15,0.0005,01 - Chemical compound wastes,"Acid, alkalies or salts"
South West,"Bath, Bristol and S Glo",Bristol City,"Bristol, City of",402801,Professional Hygiene Ltd,PROFESSIONAL HYGIENE LIMITED,S0824 : Clinical Waste Transfer Station,353184,181502,BS11 0YB,User left blank,Hazardous,18 - HUMAN AND ANIMAL HEALTH CARE WASTE,Natal care - diagnosis - treatment or prevention of disease in humans,cytotoxic and cytostatic medicines,18 01 08*,Transfer,Clinical Waste Transfer,Birmingham,Birmingham City,West Midlands,Transfer (D),D15,0.003,02 - Chemical preparation wastes,Off-specification chemical wastes
South West,"Bath, Bristol and S Glo",Bristol City,"Bristol, City of",402801,Professional Hygiene Ltd,PROFESSIONAL HYGIENE LIMITED,S0824 : Clinical Waste Transfer Station,353184,181502,BS11 0YB,User left blank,Hazardous,18 - HUMAN AND ANIMAL HEALTH CARE WASTE,Natal care - diagnosis - treatment or prevention of disease in humans,wastes whose collection and disposal is subject to special requirements in order to prevent infection,18 01 03*,Transfer,Clinical Waste Transfer,Birmingham,Birmingham City,West Midlands,Transfer (D),D15,1.6885,05 - Healthcare and biological wastes,Infectious health care wastes
South West,"Bath, Bristol and S Glo",Bristol City,"Bristol, City of",402801,Professional Hygiene Ltd,PROFESSIONAL HYGIENE LIMITED,S0824 : Clinical Waste Transfer Station,353184,181502,BS11 0YB,User left blank,Hhold/Ind/Com,18 - HUMAN AND ANIMAL HEALTH CARE WASTE,Natal care - diagnosis - treatment or prevention of disease in humans,"wastes whose collection and disposal is not subject to special requirements in order to prevent infection(for example dressings, plaster casts, linen, disposable clothing, diapers)",18 01 04,Transfer,Clinical Waste Transfer,Birmingham,Birmingham City,West Midlands,Transfer (D),D15,0.6845,10 - Mixed ordinary wastes,Mixed and undifferentiated materials
South West,"Bath, Bristol and S Glo",Bristol City,"Bristol, City of",402801,Professional Hygiene Ltd,PROFESSIONAL HYGIENE LIMITED,S0824 : Clinical Waste Transfer Station,353184,181502,BS11 0YB,Liquid,Hhold/Ind/Com,18 - HUMAN AND ANIMAL HEALTH CARE WASTE,Natal care - diagnosis - treatment or prevention of disease in humans,sharps (except 18 01 03),18 01 01,Transfer,Clinical Waste Transfer,"Bournemouth, Christchurch and Poole","Bournemouth, Christchurch and Poole",South West,Transfer (D),D15,0.224,05 - Healthcare and biological wastes,Infectious health care wastes
South West,"Bath, Bristol and S Glo",Bristol City,"Bristol, City of",402801,Professional Hygiene Ltd,PROFESSIONAL HYGIENE LIMITED,S0824 : Clinical Waste Transfer Station,353184,181502,BS11 0YB,User left blank,Hazardous,18 - HUMAN AND ANIMAL HEALTH CARE WASTE,Natal care - diagnosis - treatment or prevention of disease in humans,amalgam waste from dental care,18 01 10*,Transfer,Clinical Waste Transfer,"Bournemouth, Christchurch and Poole","Bournemouth, Christchurch and Poole",South West,Transfer (D),D15,0.0723,01 - Chemical compound wastes,"Acid, alkalies or salts"
South West,"Bath, Bristol and S Glo",Bristol City,"Bristol, City of",402801,Professional Hygiene Ltd,PROFESSIONAL HYGIENE LIMITED,S0824 : Clinical Waste Transfer Station,353184,181502,BS11 0YB,User left blank,Hazardous,18 - HUMAN AND ANIMAL HEALTH CARE WASTE,Natal care - diagnosis - treatment or prevention of disease in humans,wastes whose collection and disposal is subject to special requirements in order to prevent infection,18 01 03*,Transfer,Clinical Waste Transfer,"Bournemouth, Christchurch and Poole","Bournemouth, Christchurch and Poole",South West,Transfer (D),D15,5.2255,05 - Healthcare and biological wastes,Infectious health care wastes
South West,"Bath, Bristol and S Glo",Bristol City,"Bristol, City of",402801,Professional Hygiene Ltd,PROFESSIONAL HYGIENE LIMITED,S0824 : Clinical Waste Transfer Station,353184,181502,BS11 0YB,User left blank,Hhold/Ind/Com,18 - HUMAN AND ANIMAL HEALTH CARE WASTE,Natal care - diagnosis - treatment or prevention of disease in humans,medicines other than those mentioned in 18 01 08,18 01 09,Transfer,Clinical Waste Transfer,"Bournemouth, Christchurch and Poole","Bournemouth, Christchurch and Poole",South West,Transfer (D),D15,0.04,02 - Chemical preparation wastes,Off-specification chemical wastes
South West,"Bath, Bristol and S Glo",Bristol City,"Bristol, City of",402801,Professional Hygiene Ltd,PROFESSIONAL HYGIENE LIMITED,S0824 : Clinical Waste Transfer Station,353184,181502,BS11 0YB,User left blank,Hhold/Ind/Com,18 - HUMAN AND ANIMAL HEALTH CARE WASTE,Natal care - diagnosis - treatment or prevention of disease in humans,"wastes whose collection and disposal is not subject to special requirements in order to prevent infection(for example dressings, plaster casts, linen, disposable clothing, diapers)",18 01 04,Transfer,Clinical Waste Transfer,"Bournemouth, Christchurch and Poole","Bournemouth, Christchurch and Poole",South West,Transfer (D),D15,9.0915,10 - Mixed ordinary wastes,Mixed and undifferentiated materials
South West,"Bath, Bristol and S Glo",Bristol City,"Bristol, City of",402801,Professional Hygiene Ltd,PROFESSIONAL HYGIENE LIMITED,S0824 : Clinical Waste Transfer Station,353184,181502,BS11 0YB,User left blank,Hhold/Ind/Com,18 - HUMAN AND ANIMAL HEALTH CARE WASTE,Natal care - diagnosis - treatment or prevention of disease in humans,"wastes whose collection and disposal is not subject to special requirements in order to prevent infection(for example dressings, plaster casts, linen, disposable clothing, diapers)",18 01 04,Transfer,Clinical Waste Transfer,Bracknell Forest,Bracknell Forest,South East,Transfer (D),D15,2.34,10 - Mixed ordinary wastes,Mixed and undifferentiated materials
South West,"Bath, Bristol and S Glo",Bristol City,"Bristol, City of",402801,Professional Hygiene Ltd,PROFESSIONAL HYGIENE LIMITED,S0824 : Clinical Waste Transfer Station,353184,181502,BS11 0YB,User left blank,Hazardous,18 - HUMAN AND ANIMAL HEALTH CARE WASTE,Natal care - diagnosis - treatment or prevention of disease in humans,amalgam waste from dental care,18 01 10*,Transfer,Clinical Waste Transfer,Brent,Brent,London,Transfer (D),D15,0.0015,01 - Chemical compound wastes,"Acid, alkalies or salts"
South West,"Bath, Bristol and S Glo",Bristol City,"Bristol, City of",402801,Professional Hygiene Ltd,PROFESSIONAL HYGIENE LIMITED,S0824 : Clinical Waste Transfer Station,353184,181502,BS11 0YB,User left blank,Hazardous,18 - HUMAN AND ANIMAL HEALTH CARE WASTE,Natal care - diagnosis - treatment or prevention of disease in humans,wastes whose collection and disposal is subject to special requirements in order to prevent infection,18 01 03*,Transfer,Clinical Waste Transfer,Brent,Brent,London,Transfer (D),D15,1.673,05 - Healthcare and biological wastes,Infectious health care wastes
South West,"Bath, Bristol and S Glo",Bristol City,"Bristol, City of",402801,Professional Hygiene Ltd,PROFESSIONAL HYGIENE LIMITED,S0824 : Clinical Waste Transfer Station,353184,181502,BS11 0YB,User left blank,Hhold/Ind/Com,18 - HUMAN AND ANIMAL HEALTH CARE WASTE,Natal care - diagnosis - treatment or prevention of disease in humans,"wastes whose collection and disposal is not subject to special requirements in order to prevent infection(for example dressings, plaster casts, linen, disposable clothing, diapers)",18 01 04,Transfer,Clinical Waste Transfer,Brent,Brent,London,Transfer (D),D15,0.49,10 - Mixed ordinary wastes,Mixed and undifferentiated materials
South West,"Bath, Bristol and S Glo",Bristol City,"Bristol, City of",402801,Professional Hygiene Ltd,PROFESSIONAL HYGIENE LIMITED,S0824 : Clinical Waste Transfer Station,353184,181502,BS11 0YB,Liquid,Hhold/Ind/Com,18 - HUMAN AND ANIMAL HEALTH CARE WASTE,Natal care - diagnosis - treatment or prevention of disease in humans,sharps (except 18 01 03),18 01 01,Transfer,Clinical Waste Transfer,"Bristol, City of",Bristol City,South West,Transfer (D),D15,0.9695,05 - Healthcare and biological wastes,Infectious health care wastes
South West,"Bath, Bristol and S Glo",Bristol City,"Bristol, City of",402801,Professional Hygiene Ltd,PROFESSIONAL HYGIENE LIMITED,S0824 : Clinical Waste Transfer Station,353184,181502,BS11 0YB,User left blank,Hazardous,18 - HUMAN AND ANIMAL HEALTH CARE WASTE,Natal care - diagnosis - treatment or prevention of disease in humans,amalgam waste from dental care,18 01 10*,Transfer,Clinical Waste Transfer,"Bristol, City of",Bristol City,South West,Transfer (D),D15,0.1834,01 - Chemical compound wastes,"Acid, alkalies or salts"
South West,"Bath, Bristol and S Glo",Bristol City,"Bristol, City of",402801,Professional Hygiene Ltd,PROFESSIONAL HYGIENE LIMITED,S0824 : Clinical Waste Transfer Station,353184,181502,BS11 0YB,User left blank,Hazardous,18 - HUMAN AND ANIMAL HEALTH CARE WASTE,Natal care - diagnosis - treatment or prevention of disease in humans,cytotoxic and cytostatic medicines,18 01 08*,Transfer,Clinical Waste Transfer,"Bristol, City of",Bristol City,South West,Transfer (D),D15,0.692,02 - Chemical preparation wastes,Off-specification chemical wastes
South West,"Bath, Bristol and S Glo",Bristol City,"Bristol, City of",402801,Professional Hygiene Ltd,PROFESSIONAL HYGIENE LIMITED,S0824 : Clinical Waste Transfer Station,353184,181502,BS11 0YB,User left blank,Hazardous,18 - HUMAN AND ANIMAL HEALTH CARE WASTE,Natal care - diagnosis - treatment or prevention of disease in humans,wastes whose collection and disposal is subject to special requirements in order to prevent infection,18 01 03*,Transfer,Clinical Waste Transfer,"Bristol, City of",Bristol City,South West,Transfer (D),D15,91.29875,05 - Healthcare and biological wastes,Infectious health care wastes
South West,"Bath, Bristol and S Glo",Bristol City,"Bristol, City of",402801,Professional Hygiene Ltd,PROFESSIONAL HYGIENE LIMITED,S0824 : Clinical Waste Transfer Station,353184,181502,BS11 0YB,User left blank,Hhold/Ind/Com,18 - HUMAN AND ANIMAL HEALTH CARE WASTE,Natal care - diagnosis - treatment or prevention of disease in humans,medicines other than those mentioned in 18 01 08,18 01 09,Transfer,Clinical Waste Transfer,"Bristol, City of",Bristol City,South West,Transfer (D),D15,0.689,02 - Chemical preparation wastes,Off-specification chemical wastes
South West,"Bath, Bristol and S Glo",Bristol City,"Bristol, City of",402801,Professional Hygiene Ltd,PROFESSIONAL HYGIENE LIMITED,S0824 : Clinical Waste Transfer Station,353184,181502,BS11 0YB,User left blank,Hhold/Ind/Com,18 - HUMAN AND ANIMAL HEALTH CARE WASTE,Natal care - diagnosis - treatment or prevention of disease in humans,"wastes whose collection and disposal is not subject to special requirements in order to prevent infection(for example dressings, plaster casts, linen, disposable clothing, diapers)",18 01 04,Transfer,Clinical Waste Transfer,"Bristol, City of",Bristol City,South West,Transfer (D),D15,207.0935,10 - Mixed ordinary wastes,Mixed and undifferentiated materials
South West,"Bath, Bristol and S Glo",Bristol City,"Bristol, City of",402801,Professional Hygiene Ltd,PROFESSIONAL HYGIENE LIMITED,S0824 : Clinical Waste Transfer Station,353184,181502,BS11 0YB,User left blank,Hhold/Ind/Com,18 - HUMAN AND ANIMAL HEALTH CARE WASTE,Natal care - diagnosis - treatment or prevention of disease in humans,"wastes whose collection and disposal is not subject to special requirements in order to prevent infection(for example dressings, plaster casts, linen, disposable clothing, diapers)",18 01 04,Transfer,Clinical Waste Transfer,Bromley,Bromley,London,Transfer (D),D15,0.494,10 - Mixed ordinary wastes,Mixed and undifferentiated materials
South West,"Bath, Bristol and S Glo",Bristol City,"Bristol, City of",402801,Professional Hygiene Ltd,PROFESSIONAL HYGIENE LIMITED,S0824 : Clinical Waste Transfer Station,353184,181502,BS11 0YB,User left blank,Hazardous,18 - HUMAN AND ANIMAL HEALTH CARE WASTE,Natal care - diagnosis - treatment or prevention of disease in humans,amalgam waste from dental care,18 01 10*,Transfer,Clinical Waste Transfer,Buckinghamshire,Buckinghamshire,South East,Transfer (D),D15,0.002,01 - Chemical compound wastes,"Acid, alkalies or salts"
South West,"Bath, Bristol and S Glo",Bristol City,"Bristol, City of",402801,Professional Hygiene Ltd,PROFESSIONAL HYGIENE LIMITED,S0824 : Clinical Waste Transfer Station,353184,181502,BS11 0YB,User left blank,Hazardous,18 - HUMAN AND ANIMAL HEALTH CARE WASTE,Natal care - diagnosis - treatment or prevention of disease in humans,wastes whose collection and disposal is subject to special requirements in order to prevent infection,18 01 03*,Transfer,Clinical Waste Transfer,Buckinghamshire,Buckinghamshire,South East,Transfer (D),D15,0.4265,05 - Healthcare and biological wastes,Infectious health care wastes
South West,"Bath, Bristol and S Glo",Bristol City,"Bristol, City of",402801,Professional Hygiene Ltd,PROFESSIONAL HYGIENE LIMITED,S0824 : Clinical Waste Transfer Station,353184,181502,BS11 0YB,User left blank,Hhold/Ind/Com,18 - HUMAN AND ANIMAL HEALTH CARE WASTE,Natal care - diagnosis - treatment or prevention of disease in humans,"wastes whose collection and disposal is not subject to special requirements in order to prevent infection(for example dressings, plaster casts, linen, disposable clothing, diapers)",18 01 04,Transfer,Clinical Waste Transfer,Buckinghamshire,Buckinghamshire,South East,Transfer (D),D15,0.0895,10 - Mixed ordinary wastes,Mixed and undifferentiated materials
South West,"Bath, Bristol and S Glo",Bristol City,"Bristol, City of",402801,Professional Hygiene Ltd,PROFESSIONAL HYGIENE LIMITED,S0824 : Clinical Waste Transfer Station,353184,181502,BS11 0YB,Liquid,Hhold/Ind/Com,18 - HUMAN AND ANIMAL HEALTH CARE WASTE,Natal care - diagnosis - treatment or prevention of disease in humans,sharps (except 18 01 03),18 01 01,Transfer,Clinical Waste Transfer,Cambridge,Cambridgeshire,East of England,Transfer (D),D15,0.002,05 - Healthcare and biological wastes,Infectious health care wastes
South West,"Bath, Bristol and S Glo",Bristol City,"Bristol, City of",402801,Professional Hygiene Ltd,PROFESSIONAL HYGIENE LIMITED,S0824 : Clinical Waste Transfer Station,353184,181502,BS11 0YB,Liquid,Hhold/Ind/Com,18 - HUMAN AND ANIMAL HEALTH CARE WASTE,Natal care - diagnosis - treatment or prevention of disease in humans,sharps (except 18 01 03),18 01 01,Transfer,Clinical Waste Transfer,Cambridgeshire,Cambridgeshire,East of England,Transfer (D),D15,0.0105,05 - Healthcare and biological wastes,Infectious health care wastes
South West,"Bath, Bristol and S Glo",Bristol City,"Bristol, City of",402801,Professional Hygiene Ltd,PROFESSIONAL HYGIENE LIMITED,S0824 : Clinical Waste Transfer Station,353184,181502,BS11 0YB,User left blank,Hazardous,18 - HUMAN AND ANIMAL HEALTH CARE WASTE,Natal care - diagnosis - treatment or prevention of disease in humans,wastes whose collection and disposal is subject to special requirements in order to prevent infection,18 01 03*,Transfer,Clinical Waste Transfer,Cambridgeshire,Cambridgeshire,East of England,Transfer (D),D15,4.5165,05 - Healthcare and biological wastes,Infectious health care wastes
South West,"Bath, Bristol and S Glo",Bristol City,"Bristol, City of",402801,Professional Hygiene Ltd,PROFESSIONAL HYGIENE LIMITED,S0824 : Clinical Waste Transfer Station,353184,181502,BS11 0YB,User left blank,Hhold/Ind/Com,18 - HUMAN AND ANIMAL HEALTH CARE WASTE,Natal care - diagnosis - treatment or prevention of disease in humans,"wastes whose collection and disposal is not subject to special requirements in order to prevent infection(for example dressings, plaster casts, linen, disposable clothing, diapers)",18 01 04,Transfer,Clinical Waste Transfer,Cambridgeshire,Cambridgeshire,East of England,Transfer (D),D15,0.1,10 - Mixed ordinary wastes,Mixed and undifferentiated materials
South West,"Bath, Bristol and S Glo",Bristol City,"Bristol, City of",402801,Professional Hygiene Ltd,PROFESSIONAL HYGIENE LIMITED,S0824 : Clinical Waste Transfer Station,353184,181502,BS11 0YB,User left blank,Hazardous,18 - HUMAN AND ANIMAL HEALTH CARE WASTE,Natal care - diagnosis - treatment or prevention of disease in humans,amalgam waste from dental care,18 01 10*,Transfer,Clinical Waste Transfer,Camden,Camden,London,Transfer (D),D15,0.0012,01 - Chemical compound wastes,"Acid, alkalies or salts"
South West,"Bath, Bristol and S Glo",Bristol City,"Bristol, City of",402801,Professional Hygiene Ltd,PROFESSIONAL HYGIENE LIMITED,S0824 : Clinical Waste Transfer Station,353184,181502,BS11 0YB,User left blank,Hazardous,18 - HUMAN AND ANIMAL HEALTH CARE WASTE,Natal care - diagnosis - treatment or prevention of disease in humans,wastes whose collection and disposal is subject to special requirements in order to prevent infection,18 01 03*,Transfer,Clinical Waste Transfer,Camden,Camden,London,Transfer (D),D15,0.6105,05 - Healthcare and biological wastes,Infectious health care wastes
South West,"Bath, Bristol and S Glo",Bristol City,"Bristol, City of",402801,Professional Hygiene Ltd,PROFESSIONAL HYGIENE LIMITED,S0824 : Clinical Waste Transfer Station,353184,181502,BS11 0YB,User left blank,Hhold/Ind/Com,18 - HUMAN AND ANIMAL HEALTH CARE WASTE,Natal care - diagnosis - treatment or prevention of disease in humans,"wastes whose collection and disposal is not subject to special requirements in order to prevent infection(for example dressings, plaster casts, linen, disposable clothing, diapers)",18 01 04,Transfer,Clinical Waste Transfer,Camden,Camden,London,Transfer (D),D15,0.0105,10 - Mixed ordinary wastes,Mixed and undifferentiated materials
South West,"Bath, Bristol and S Glo",Bristol City,"Bristol, City of",402801,Professional Hygiene Ltd,PROFESSIONAL HYGIENE LIMITED,S0824 : Clinical Waste Transfer Station,353184,181502,BS11 0YB,Liquid,Hhold/Ind/Com,18 - HUMAN AND ANIMAL HEALTH CARE WASTE,Natal care - diagnosis - treatment or prevention of disease in humans,sharps (except 18 01 03),18 01 01,Transfer,Clinical Waste Transfer,Cornwall,Cornwall,South West,Transfer (D),D15,0.122,05 - Healthcare and biological wastes,Infectious health care wastes
South West,"Bath, Bristol and S Glo",Bristol City,"Bristol, City of",402801,Professional Hygiene Ltd,PROFESSIONAL HYGIENE LIMITED,S0824 : Clinical Waste Transfer Station,353184,181502,BS11 0YB,User left blank,Hazardous,18 - HUMAN AND ANIMAL HEALTH CARE WASTE,Natal care - diagnosis - treatment or prevention of disease in humans,amalgam waste from dental care,18 01 10*,Transfer,Clinical Waste Transfer,Cornwall,Cornwall,South West,Transfer (D),D15,0.0257,01 - Chemical compound wastes,"Acid, alkalies or salts"
South West,"Bath, Bristol and S Glo",Bristol City,"Bristol, City of",402801,Professional Hygiene Ltd,PROFESSIONAL HYGIENE LIMITED,S0824 : Clinical Waste Transfer Station,353184,181502,BS11 0YB,User left blank,Hazardous,18 - HUMAN AND ANIMAL HEALTH CARE WASTE,Natal care - diagnosis - treatment or prevention of disease in humans,cytotoxic and cytostatic medicines,18 01 08*,Transfer,Clinical Waste Transfer,Cornwall,Cornwall,South West,Transfer (D),D15,0.0185,02 - Chemical preparation wastes,Off-specification chemical wastes
South West,"Bath, Bristol and S Glo",Bristol City,"Bristol, City of",402801,Professional Hygiene Ltd,PROFESSIONAL HYGIENE LIMITED,S0824 : Clinical Waste Transfer Station,353184,181502,BS11 0YB,User left blank,Hazardous,18 - HUMAN AND ANIMAL HEALTH CARE WASTE,Natal care - diagnosis - treatment or prevention of disease in humans,wastes whose collection and disposal is subject to special requirements in order to prevent infection,18 01 03*,Transfer,Clinical Waste Transfer,Cornwall,Cornwall,South West,Transfer (D),D15,15.7495,05 - Healthcare and biological wastes,Infectious health care wastes
South West,"Bath, Bristol and S Glo",Bristol City,"Bristol, City of",402801,Professional Hygiene Ltd,PROFESSIONAL HYGIENE LIMITED,S0824 : Clinical Waste Transfer Station,353184,181502,BS11 0YB,User left blank,Hhold/Ind/Com,18 - HUMAN AND ANIMAL HEALTH CARE WASTE,Natal care - diagnosis - treatment or prevention of disease in humans,medicines other than those mentioned in 18 01 08,18 01 09,Transfer,Clinical Waste Transfer,Cornwall,Cornwall,South West,Transfer (D),D15,0.019,02 - Chemical preparation wastes,Off-specification chemical wastes
South West,"Bath, Bristol and S Glo",Bristol City,"Bristol, City of",402801,Professional Hygiene Ltd,PROFESSIONAL HYGIENE LIMITED,S0824 : Clinical Waste Transfer Station,353184,181502,BS11 0YB,User left blank,Hhold/Ind/Com,18 - HUMAN AND ANIMAL HEALTH CARE WASTE,Natal care - diagnosis - treatment or prevention of disease in humans,"wastes whose collection and disposal is not subject to special requirements in order to prevent infection(for example dressings, plaster casts, linen, disposable clothing, diapers)",18 01 04,Transfer,Clinical Waste Transfer,Cornwall,Cornwall,South West,Transfer (D),D15,100.11,10 - Mixed ordinary wastes,Mixed and undifferentiated materials
South West,"Bath, Bristol and S Glo",Bristol City,"Bristol, City of",402801,Professional Hygiene Ltd,PROFESSIONAL HYGIENE LIMITED,S0824 : Clinical Waste Transfer Station,353184,181502,BS11 0YB,User left blank,Hazardous,18 - HUMAN AND ANIMAL HEALTH CARE WASTE,Natal care - diagnosis - treatment or prevention of disease in humans,wastes whose collection and disposal is subject to special requirements in order to prevent infection,18 01 03*,Transfer,Clinical Waste Transfer,Croydon,Croydon,London,Transfer (D),D15,0.1615,05 - Healthcare and biological wastes,Infectious health care wastes
South West,"Bath, Bristol and S Glo",Bristol City,"Bristol, City of",402801,Professional Hygiene Ltd,PROFESSIONAL HYGIENE LIMITED,S0824 : Clinical Waste Transfer Station,353184,181502,BS11 0YB,Liquid,Hhold/Ind/Com,18 - HUMAN AND ANIMAL HEALTH CARE WASTE,Natal care - diagnosis - treatment or prevention of disease in humans,sharps (except 18 01 03),18 01 01,Transfer,Clinical Waste Transfer,Devon,Devon,South West,Transfer (D),D15,0.041,05 - Healthcare and biological wastes,Infectious health care wastes
South West,"Bath, Bristol and S Glo",Bristol City,"Bristol, City of",402801,Professional Hygiene Ltd,PROFESSIONAL HYGIENE LIMITED,S0824 : Clinical Waste Transfer Station,353184,181502,BS11 0YB,User left blank,Hazardous,18 - HUMAN AND ANIMAL HEALTH CARE WASTE,Natal care - diagnosis - treatment or prevention of disease in humans,amalgam waste from dental care,18 01 10*,Transfer,Clinical Waste Transfer,Devon,Devon,South West,Transfer (D),D15,0.0254,01 - Chemical compound wastes,"Acid, alkalies or salts"
South West,"Bath, Bristol and S Glo",Bristol City,"Bristol, City of",402801,Professional Hygiene Ltd,PROFESSIONAL HYGIENE LIMITED,S0824 : Clinical Waste Transfer Station,353184,181502,BS11 0YB,User left blank,Hazardous,18 - HUMAN AND ANIMAL HEALTH CARE WASTE,Natal care - diagnosis - treatment or prevention of disease in humans,cytotoxic and cytostatic medicines,18 01 08*,Transfer,Clinical Waste Transfer,Devon,Devon,South West,Transfer (D),D15,0.001,02 - Chemical preparation wastes,Off-specification chemical wastes
South West,"Bath, Bristol and S Glo",Bristol City,"Bristol, City of",402801,Professional Hygiene Ltd,PROFESSIONAL HYGIENE LIMITED,S0824 : Clinical Waste Transfer Station,353184,181502,BS11 0YB,User left blank,Hazardous,18 - HUMAN AND ANIMAL HEALTH CARE WASTE,Natal care - diagnosis - treatment or prevention of disease in humans,wastes whose collection and disposal is subject to special requirements in order to prevent infection,18 01 03*,Transfer,Clinical Waste Transfer,Devon,Devon,South West,Transfer (D),D15,4.7735,05 - Healthcare and biological wastes,Infectious health care wastes
South West,"Bath, Bristol and S Glo",Bristol City,"Bristol, City of",402801,Professional Hygiene Ltd,PROFESSIONAL HYGIENE LIMITED,S0824 : Clinical Waste Transfer Station,353184,181502,BS11 0YB,User left blank,Hhold/Ind/Com,18 - HUMAN AND ANIMAL HEALTH CARE WASTE,Natal care - diagnosis - treatment or prevention of disease in humans,medicines other than those mentioned in 18 01 08,18 01 09,Transfer,Clinical Waste Transfer,Devon,Devon,South West,Transfer (D),D15,0.0015,02 - Chemical preparation wastes,Off-specification chemical wastes
South West,"Bath, Bristol and S Glo",Bristol City,"Bristol, City of",402801,Professional Hygiene Ltd,PROFESSIONAL HYGIENE LIMITED,S0824 : Clinical Waste Transfer Station,353184,181502,BS11 0YB,User left blank,Hhold/Ind/Com,18 - HUMAN AND ANIMAL HEALTH CARE WASTE,Natal care - diagnosis - treatment or prevention of disease in humans,"wastes whose collection and disposal is not subject to special requirements in order to prevent infection(for example dressings, plaster casts, linen, disposable clothing, diapers)",18 01 04,Transfer,Clinical Waste Transfer,Devon,Devon,South West,Transfer (D),D15,3.6115,10 - Mixed ordinary wastes,Mixed and undifferentiated materials
South West,"Bath, Bristol and S Glo",Bristol City,"Bristol, City of",402801,Professional Hygiene Ltd,PROFESSIONAL HYGIENE LIMITED,S0824 : Clinical Waste Transfer Station,353184,181502,BS11 0YB,Liquid,Hhold/Ind/Com,18 - HUMAN AND ANIMAL HEALTH CARE WASTE,Natal care - diagnosis - treatment or prevention of disease in humans,sharps (except 18 01 03),18 01 01,Transfer,Clinical Waste Transfer,East Devon,Devon,South West,Transfer (D),D15,0.103,05 - Healthcare and biological wastes,Infectious health care wastes
South West,"Bath, Bristol and S Glo",Bristol City,"Bristol, City of",402801,Professional Hygiene Ltd,PROFESSIONAL HYGIENE LIMITED,S0824 : Clinical Waste Transfer Station,353184,181502,BS11 0YB,User left blank,Hazardous,18 - HUMAN AND ANIMAL HEALTH CARE WASTE,Natal care - diagnosis - treatment or prevention of disease in humans,amalgam waste from dental care,18 01 10*,Transfer,Clinical Waste Transfer,East Devon,Devon,South West,Transfer (D),D15,0.0399,01 - Chemical compound wastes,"Acid, alkalies or salts"
South West,"Bath, Bristol and S Glo",Bristol City,"Bristol, City of",402801,Professional Hygiene Ltd,PROFESSIONAL HYGIENE LIMITED,S0824 : Clinical Waste Transfer Station,353184,181502,BS11 0YB,User left blank,Hazardous,18 - HUMAN AND ANIMAL HEALTH CARE WASTE,Natal care - diagnosis - treatment or prevention of disease in humans,cytotoxic and cytostatic medicines,18 01 08*,Transfer,Clinical Waste Transfer,East Devon,Devon,South West,Transfer (D),D15,0.009,02 - Chemical preparation wastes,Off-specification chemical wastes
South West,"Bath, Bristol and S Glo",Bristol City,"Bristol, City of",402801,Professional Hygiene Ltd,PROFESSIONAL HYGIENE LIMITED,S0824 : Clinical Waste Transfer Station,353184,181502,BS11 0YB,User left blank,Hazardous,18 - HUMAN AND ANIMAL HEALTH CARE WASTE,Natal care - diagnosis - treatment or prevention of disease in humans,wastes whose collection and disposal is subject to special requirements in order to prevent infection,18 01 03*,Transfer,Clinical Waste Transfer,East Devon,Devon,South West,Transfer (D),D15,15.106,05 - Healthcare and biological wastes,Infectious health care wastes
South West,"Bath, Bristol and S Glo",Bristol City,"Bristol, City of",402801,Professional Hygiene Ltd,PROFESSIONAL HYGIENE LIMITED,S0824 : Clinical Waste Transfer Station,353184,181502,BS11 0YB,User left blank,Hhold/Ind/Com,18 - HUMAN AND ANIMAL HEALTH CARE WASTE,Natal care - diagnosis - treatment or prevention of disease in humans,medicines other than those mentioned in 18 01 08,18 01 09,Transfer,Clinical Waste Transfer,East Devon,Devon,South West,Transfer (D),D15,0.0465,02 - Chemical preparation wastes,Off-specification chemical wastes
South West,"Bath, Bristol and S Glo",Bristol City,"Bristol, City of",402801,Professional Hygiene Ltd,PROFESSIONAL HYGIENE LIMITED,S0824 : Clinical Waste Transfer Station,353184,181502,BS11 0YB,User left blank,Hhold/Ind/Com,18 - HUMAN AND ANIMAL HEALTH CARE WASTE,Natal care - diagnosis - treatment or prevention of disease in humans,"wastes whose collection and disposal is not subject to special requirements in order to prevent infection(for example dressings, plaster casts, linen, disposable clothing, diapers)",18 01 04,Transfer,Clinical Waste Transfer,East Devon,Devon,South West,Transfer (D),D15,0.8975,10 - Mixed ordinary wastes,Mixed and undifferentiated materials
South West,"Bath, Bristol and S Glo",Bristol City,"Bristol, City of",402801,Professional Hygiene Ltd,PROFESSIONAL HYGIENE LIMITED,S0824 : Clinical Waste Transfer Station,353184,181502,BS11 0YB,Liquid,Hhold/Ind/Com,18 - HUMAN AND ANIMAL HEALTH CARE WASTE,Natal care - diagnosis - treatment or prevention of disease in humans,sharps (except 18 01 03),18 01 01,Transfer,Clinical Waste Transfer,Exeter,Devon,South West,Transfer (D),D15,0.087,05 - Healthcare and biological wastes,Infectious health care wastes
South West,"Bath, Bristol and S Glo",Bristol City,"Bristol, City of",402801,Professional Hygiene Ltd,PROFESSIONAL HYGIENE LIMITED,S0824 : Clinical Waste Transfer Station,353184,181502,BS11 0YB,User left blank,Hazardous,18 - HUMAN AND ANIMAL HEALTH CARE WASTE,Natal care - diagnosis - treatment or prevention of disease in humans,amalgam waste from dental care,18 01 10*,Transfer,Clinical Waste Transfer,Exeter,Devon,South West,Transfer (D),D15,0.0972,01 - Chemical compound wastes,"Acid, alkalies or salts"
South West,"Bath, Bristol and S Glo",Bristol City,"Bristol, City of",402801,Professional Hygiene Ltd,PROFESSIONAL HYGIENE LIMITED,S0824 : Clinical Waste Transfer Station,353184,181502,BS11 0YB,User left blank,Hazardous,18 - HUMAN AND ANIMAL HEALTH CARE WASTE,Natal care - diagnosis - treatment or prevention of disease in humans,cytotoxic and cytostatic medicines,18 01 08*,Transfer,Clinical Waste Transfer,Exeter,Devon,South West,Transfer (D),D15,0.0035,02 - Chemical preparation wastes,Off-specification chemical wastes
South West,"Bath, Bristol and S Glo",Bristol City,"Bristol, City of",402801,Professional Hygiene Ltd,PROFESSIONAL HYGIENE LIMITED,S0824 : Clinical Waste Transfer Station,353184,181502,BS11 0YB,User left blank,Hazardous,18 - HUMAN AND ANIMAL HEALTH CARE WASTE,Natal care - diagnosis - treatment or prevention of disease in humans,wastes whose collection and disposal is subject to special requirements in order to prevent infection,18 01 03*,Transfer,Clinical Waste Transfer,Exeter,Devon,South West,Transfer (D),D15,11.596,05 - Healthcare and biological wastes,Infectious health care wastes
South West,"Bath, Bristol and S Glo",Bristol City,"Bristol, City of",402801,Professional Hygiene Ltd,PROFESSIONAL HYGIENE LIMITED,S0824 : Clinical Waste Transfer Station,353184,181502,BS11 0YB,User left blank,Hhold/Ind/Com,18 - HUMAN AND ANIMAL HEALTH CARE WASTE,Natal care - diagnosis - treatment or prevention of disease in humans,medicines other than those mentioned in 18 01 08,18 01 09,Transfer,Clinical Waste Transfer,Exeter,Devon,South West,Transfer (D),D15,0.031,02 - Chemical preparation wastes,Off-specification chemical wastes
South West,"Bath, Bristol and S Glo",Bristol City,"Bristol, City of",402801,Professional Hygiene Ltd,PROFESSIONAL HYGIENE LIMITED,S0824 : Clinical Waste Transfer Station,353184,181502,BS11 0YB,User left blank,Hhold/Ind/Com,18 - HUMAN AND ANIMAL HEALTH CARE WASTE,Natal care - diagnosis - treatment or prevention of disease in humans,"wastes whose collection and disposal is not subject to special requirements in order to prevent infection(for example dressings, plaster casts, linen, disposable clothing, diapers)",18 01 04,Transfer,Clinical Waste Transfer,Exeter,Devon,South West,Transfer (D),D15,2.7775,10 - Mixed ordinary wastes,Mixed and undifferentiated materials
South West,"Bath, Bristol and S Glo",Bristol City,"Bristol, City of",402801,Professional Hygiene Ltd,PROFESSIONAL HYGIENE LIMITED,S0824 : Clinical Waste Transfer Station,353184,181502,BS11 0YB,Liquid,Hhold/Ind/Com,18 - HUMAN AND ANIMAL HEALTH CARE WASTE,Natal care - diagnosis - treatment or prevention of disease in humans,sharps (except 18 01 03),18 01 01,Transfer,Clinical Waste Transfer,Mid Devon,Devon,South West,Transfer (D),D15,0.065,05 - Healthcare and biological wastes,Infectious health care wastes
South West,"Bath, Bristol and S Glo",Bristol City,"Bristol, City of",402801,Professional Hygiene Ltd,PROFESSIONAL HYGIENE LIMITED,S0824 : Clinical Waste Transfer Station,353184,181502,BS11 0YB,User left blank,Hazardous,18 - HUMAN AND ANIMAL HEALTH CARE WASTE,Natal care - diagnosis - treatment or prevention of disease in humans,amalgam waste from dental care,18 01 10*,Transfer,Clinical Waste Transfer,Mid Devon,Devon,South West,Transfer (D),D15,0.006,01 - Chemical compound wastes,"Acid, alkalies or salts"
South West,"Bath, Bristol and S Glo",Bristol City,"Bristol, City of",402801,Professional Hygiene Ltd,PROFESSIONAL HYGIENE LIMITED,S0824 : Clinical Waste Transfer Station,353184,181502,BS11 0YB,User left blank,Hazardous,18 - HUMAN AND ANIMAL HEALTH CARE WASTE,Natal care - diagnosis - treatment or prevention of disease in humans,wastes whose collection and disposal is subject to special requirements in order to prevent infection,18 01 03*,Transfer,Clinical Waste Transfer,Mid Devon,Devon,South West,Transfer (D),D15,1.204,05 - Healthcare and biological wastes,Infectious health care wastes
South West,"Bath, Bristol and S Glo",Bristol City,"Bristol, City of",402801,Professional Hygiene Ltd,PROFESSIONAL HYGIENE LIMITED,S0824 : Clinical Waste Transfer Station,353184,181502,BS11 0YB,User left blank,Hhold/Ind/Com,18 - HUMAN AND ANIMAL HEALTH CARE WASTE,Natal care - diagnosis - treatment or prevention of disease in humans,"wastes whose collection and disposal is not subject to special requirements in order to prevent infection(for example dressings, plaster casts, linen, disposable clothing, diapers)",18 01 04,Transfer,Clinical Waste Transfer,Mid Devon,Devon,South West,Transfer (D),D15,0.751,10 - Mixed ordinary wastes,Mixed and undifferentiated materials
South West,"Bath, Bristol and S Glo",Bristol City,"Bristol, City of",402801,Professional Hygiene Ltd,PROFESSIONAL HYGIENE LIMITED,S0824 : Clinical Waste Transfer Station,353184,181502,BS11 0YB,Liquid,Hhold/Ind/Com,18 - HUMAN AND ANIMAL HEALTH CARE WASTE,Natal care - diagnosis - treatment or prevention of disease in humans,sharps (except 18 01 03),18 01 01,Transfer,Clinical Waste Transfer,North Devon,Devon,South West,Transfer (D),D15,0.03,05 - Healthcare and biological wastes,Infectious health care wastes
South West,"Bath, Bristol and S Glo",Bristol City,"Bristol, City of",402801,Professional Hygiene Ltd,PROFESSIONAL HYGIENE LIMITED,S0824 : Clinical Waste Transfer Station,353184,181502,BS11 0YB,User left blank,Hazardous,18 - HUMAN AND ANIMAL HEALTH CARE WASTE,Natal care - diagnosis - treatment or prevention of disease in humans,amalgam waste from dental care,18 01 10*,Transfer,Clinical Waste Transfer,North Devon,Devon,South West,Transfer (D),D15,0.0067,01 - Chemical compound wastes,"Acid, alkalies or salts"
South West,"Bath, Bristol and S Glo",Bristol City,"Bristol, City of",402801,Professional Hygiene Ltd,PROFESSIONAL HYGIENE LIMITED,S0824 : Clinical Waste Transfer Station,353184,181502,BS11 0YB,User left blank,Hazardous,18 - HUMAN AND ANIMAL HEALTH CARE WASTE,Natal care - diagnosis - treatment or prevention of disease in humans,wastes whose collection and disposal is subject to special requirements in order to prevent infection,18 01 03*,Transfer,Clinical Waste Transfer,North Devon,Devon,South West,Transfer (D),D15,18.6875,05 - Healthcare and biological wastes,Infectious health care wastes
South West,"Bath, Bristol and S Glo",Bristol City,"Bristol, City of",402801,Professional Hygiene Ltd,PROFESSIONAL HYGIENE LIMITED,S0824 : Clinical Waste Transfer Station,353184,181502,BS11 0YB,User left blank,Hhold/Ind/Com,18 - HUMAN AND ANIMAL HEALTH CARE WASTE,Natal care - diagnosis - treatment or prevention of disease in humans,medicines other than those mentioned in 18 01 08,18 01 09,Transfer,Clinical Waste Transfer,North Devon,Devon,South West,Transfer (D),D15,0.0075,02 - Chemical preparation wastes,Off-specification chemical wastes
South West,"Bath, Bristol and S Glo",Bristol City,"Bristol, City of",402801,Professional Hygiene Ltd,PROFESSIONAL HYGIENE LIMITED,S0824 : Clinical Waste Transfer Station,353184,181502,BS11 0YB,User left blank,Hhold/Ind/Com,18 - HUMAN AND ANIMAL HEALTH CARE WASTE,Natal care - diagnosis - treatment or prevention of disease in humans,"wastes whose collection and disposal is not subject to special requirements in order to prevent infection(for example dressings, plaster casts, linen, disposable clothing, diapers)",18 01 04,Transfer,Clinical Waste Transfer,North Devon,Devon,South West,Transfer (D),D15,0.0835,10 - Mixed ordinary wastes,Mixed and undifferentiated materials
South West,"Bath, Bristol and S Glo",Bristol City,"Bristol, City of",402801,Professional Hygiene Ltd,PROFESSIONAL HYGIENE LIMITED,S0824 : Clinical Waste Transfer Station,353184,181502,BS11 0YB,Liquid,Hhold/Ind/Com,18 - HUMAN AND ANIMAL HEALTH CARE WASTE,Natal care - diagnosis - treatment or prevention of disease in humans,sharps (except 18 01 03),18 01 01,Transfer,Clinical Waste Transfer,South Hams,Devon,South West,Transfer (D),D15,0.012,05 - Healthcare and biological wastes,Infectious health care wastes
South West,"Bath, Bristol and S Glo",Bristol City,"Bristol, City of",402801,Professional Hygiene Ltd,PROFESSIONAL HYGIENE LIMITED,S0824 : Clinical Waste Transfer Station,353184,181502,BS11 0YB,User left blank,Hazardous,18 - HUMAN AND ANIMAL HEALTH CARE WASTE,Natal care - diagnosis - treatment or prevention of disease in humans,amalgam waste from dental care,18 01 10*,Transfer,Clinical Waste Transfer,South Hams,Devon,South West,Transfer (D),D15,0.0108,01 - Chemical compound wastes,"Acid, alkalies or salts"
South West,"Bath, Bristol and S Glo",Bristol City,"Bristol, City of",402801,Professional Hygiene Ltd,PROFESSIONAL HYGIENE LIMITED,S0824 : Clinical Waste Transfer Station,353184,181502,BS11 0YB,User left blank,Hazardous,18 - HUMAN AND ANIMAL HEALTH CARE WASTE,Natal care - diagnosis - treatment or prevention of disease in humans,wastes whose collection and disposal is subject to special requirements in order to prevent infection,18 01 03*,Transfer,Clinical Waste Transfer,South Hams,Devon,South West,Transfer (D),D15,3.653,05 - Healthcare and biological wastes,Infectious health care wastes
South West,"Bath, Bristol and S Glo",Bristol City,"Bristol, City of",402801,Professional Hygiene Ltd,PROFESSIONAL HYGIENE LIMITED,S0824 : Clinical Waste Transfer Station,353184,181502,BS11 0YB,User left blank,Hhold/Ind/Com,18 - HUMAN AND ANIMAL HEALTH CARE WASTE,Natal care - diagnosis - treatment or prevention of disease in humans,medicines other than those mentioned in 18 01 08,18 01 09,Transfer,Clinical Waste Transfer,South Hams,Devon,South West,Transfer (D),D15,0.009,02 - Chemical preparation wastes,Off-specification chemical wastes
South West,"Bath, Bristol and S Glo",Bristol City,"Bristol, City of",402801,Professional Hygiene Ltd,PROFESSIONAL HYGIENE LIMITED,S0824 : Clinical Waste Transfer Station,353184,181502,BS11 0YB,User left blank,Hhold/Ind/Com,18 - HUMAN AND ANIMAL HEALTH CARE WASTE,Natal care - diagnosis - treatment or prevention of disease in humans,"wastes whose collection and disposal is not subject to special requirements in order to prevent infection(for example dressings, plaster casts, linen, disposable clothing, diapers)",18 01 04,Transfer,Clinical Waste Transfer,South Hams,Devon,South West,Transfer (D),D15,0.5455,10 - Mixed ordinary wastes,Mixed and undifferentiated materials
South West,"Bath, Bristol and S Glo",Bristol City,"Bristol, City of",402801,Professional Hygiene Ltd,PROFESSIONAL HYGIENE LIMITED,S0824 : Clinical Waste Transfer Station,353184,181502,BS11 0YB,Liquid,Hhold/Ind/Com,18 - HUMAN AND ANIMAL HEALTH CARE WASTE,Natal care - diagnosis - treatment or prevention of disease in humans,sharps (except 18 01 03),18 01 01,Transfer,Clinical Waste Transfer,Teignbridge,Devon,South West,Transfer (D),D15,0.032,05 - Healthcare and biological wastes,Infectious health care wastes
South West,"Bath, Bristol and S Glo",Bristol City,"Bristol, City of",402801,Professional Hygiene Ltd,PROFESSIONAL HYGIENE LIMITED,S0824 : Clinical Waste Transfer Station,353184,181502,BS11 0YB,User left blank,Hazardous,18 - HUMAN AND ANIMAL HEALTH CARE WASTE,Natal care - diagnosis - treatment or prevention of disease in humans,amalgam waste from dental care,18 01 10*,Transfer,Clinical Waste Transfer,Teignbridge,Devon,South West,Transfer (D),D15,0.0194,01 - Chemical compound wastes,"Acid, alkalies or salts"
South West,"Bath, Bristol and S Glo",Bristol City,"Bristol, City of",402801,Professional Hygiene Ltd,PROFESSIONAL HYGIENE LIMITED,S0824 : Clinical Waste Transfer Station,353184,181502,BS11 0YB,User left blank,Hazardous,18 - HUMAN AND ANIMAL HEALTH CARE WASTE,Natal care - diagnosis - treatment or prevention of disease in humans,wastes whose collection and disposal is subject to special requirements in order to prevent infection,18 01 03*,Transfer,Clinical Waste Transfer,Teignbridge,Devon,South West,Transfer (D),D15,10.423,05 - Healthcare and biological wastes,Infectious health care wastes
South West,"Bath, Bristol and S Glo",Bristol City,"Bristol, City of",402801,Professional Hygiene Ltd,PROFESSIONAL HYGIENE LIMITED,S0824 : Clinical Waste Transfer Station,353184,181502,BS11 0YB,User left blank,Hhold/Ind/Com,18 - HUMAN AND ANIMAL HEALTH CARE WASTE,Natal care - diagnosis - treatment or prevention of disease in humans,medicines other than those mentioned in 18 01 08,18 01 09,Transfer,Clinical Waste Transfer,Teignbridge,Devon,South West,Transfer (D),D15,0.055,02 - Chemical preparation wastes,Off-specification chemical wastes
South West,"Bath, Bristol and S Glo",Bristol City,"Bristol, City of",402801,Professional Hygiene Ltd,PROFESSIONAL HYGIENE LIMITED,S0824 : Clinical Waste Transfer Station,353184,181502,BS11 0YB,User left blank,Hhold/Ind/Com,18 - HUMAN AND ANIMAL HEALTH CARE WASTE,Natal care - diagnosis - treatment or prevention of disease in humans,"wastes whose collection and disposal is not subject to special requirements in order to prevent infection(for example dressings, plaster casts, linen, disposable clothing, diapers)",18 01 04,Transfer,Clinical Waste Transfer,Teignbridge,Devon,South West,Transfer (D),D15,1.0715,10 - Mixed ordinary wastes,Mixed and undifferentiated materials
South West,"Bath, Bristol and S Glo",Bristol City,"Bristol, City of",402801,Professional Hygiene Ltd,PROFESSIONAL HYGIENE LIMITED,S0824 : Clinical Waste Transfer Station,353184,181502,BS11 0YB,User left blank,Hazardous,18 - HUMAN AND ANIMAL HEALTH CARE WASTE,Natal care - diagnosis - treatment or prevention of disease in humans,amalgam waste from dental care,18 01 10*,Transfer,Clinical Waste Transfer,Torridge,Devon,South West,Transfer (D),D15,0.0087,01 - Chemical compound wastes,"Acid, alkalies or salts"
South West,"Bath, Bristol and S Glo",Bristol City,"Bristol, City of",402801,Professional Hygiene Ltd,PROFESSIONAL HYGIENE LIMITED,S0824 : Clinical Waste Transfer Station,353184,181502,BS11 0YB,User left blank,Hazardous,18 - HUMAN AND ANIMAL HEALTH CARE WASTE,Natal care - diagnosis - treatment or prevention of disease in humans,cytotoxic and cytostatic medicines,18 01 08*,Transfer,Clinical Waste Transfer,Torridge,Devon,South West,Transfer (D),D15,0.027,02 - Chemical preparation wastes,Off-specification chemical wastes
South West,"Bath, Bristol and S Glo",Bristol City,"Bristol, City of",402801,Professional Hygiene Ltd,PROFESSIONAL HYGIENE LIMITED,S0824 : Clinical Waste Transfer Station,353184,181502,BS11 0YB,User left blank,Hazardous,18 - HUMAN AND ANIMAL HEALTH CARE WASTE,Natal care - diagnosis - treatment or prevention of disease in humans,wastes whose collection and disposal is subject to special requirements in order to prevent infection,18 01 03*,Transfer,Clinical Waste Transfer,Torridge,Devon,South West,Transfer (D),D15,2.3625,05 - Healthcare and biological wastes,Infectious health care wastes
South West,"Bath, Bristol and S Glo",Bristol City,"Bristol, City of",402801,Professional Hygiene Ltd,PROFESSIONAL HYGIENE LIMITED,S0824 : Clinical Waste Transfer Station,353184,181502,BS11 0YB,User left blank,Hhold/Ind/Com,18 - HUMAN AND ANIMAL HEALTH CARE WASTE,Natal care - diagnosis - treatment or prevention of disease in humans,medicines other than those mentioned in 18 01 08,18 01 09,Transfer,Clinical Waste Transfer,Torridge,Devon,South West,Transfer (D),D15,0.0015,02 - Chemical preparation wastes,Off-specification chemical wastes
South West,"Bath, Bristol and S Glo",Bristol City,"Bristol, City of",402801,Professional Hygiene Ltd,PROFESSIONAL HYGIENE LIMITED,S0824 : Clinical Waste Transfer Station,353184,181502,BS11 0YB,User left blank,Hhold/Ind/Com,18 - HUMAN AND ANIMAL HEALTH CARE WASTE,Natal care - diagnosis - treatment or prevention of disease in humans,"wastes whose collection and disposal is not subject to special requirements in order to prevent infection(for example dressings, plaster casts, linen, disposable clothing, diapers)",18 01 04,Transfer,Clinical Waste Transfer,Torridge,Devon,South West,Transfer (D),D15,0.068,10 - Mixed ordinary wastes,Mixed and undifferentiated materials
South West,"Bath, Bristol and S Glo",Bristol City,"Bristol, City of",402801,Professional Hygiene Ltd,PROFESSIONAL HYGIENE LIMITED,S0824 : Clinical Waste Transfer Station,353184,181502,BS11 0YB,Liquid,Hhold/Ind/Com,18 - HUMAN AND ANIMAL HEALTH CARE WASTE,Natal care - diagnosis - treatment or prevention of disease in humans,sharps (except 18 01 03),18 01 01,Transfer,Clinical Waste Transfer,West Devon,Devon,South West,Transfer (D),D15,0.034,05 - Healthcare and biological wastes,Infectious health care wastes
South West,"Bath, Bristol and S Glo",Bristol City,"Bristol, City of",402801,Professional Hygiene Ltd,PROFESSIONAL HYGIENE LIMITED,S0824 : Clinical Waste Transfer Station,353184,181502,BS11 0YB,User left blank,Hazardous,18 - HUMAN AND ANIMAL HEALTH CARE WASTE,Natal care - diagnosis - treatment or prevention of disease in humans,amalgam waste from dental care,18 01 10*,Transfer,Clinical Waste Transfer,West Devon,Devon,South West,Transfer (D),D15,0.0123,01 - Chemical compound wastes,"Acid, alkalies or salts"
South West,"Bath, Bristol and S Glo",Bristol City,"Bristol, City of",402801,Professional Hygiene Ltd,PROFESSIONAL HYGIENE LIMITED,S0824 : Clinical Waste Transfer Station,353184,181502,BS11 0YB,User left blank,Hazardous,18 - HUMAN AND ANIMAL HEALTH CARE WASTE,Natal care - diagnosis - treatment or prevention of disease in humans,wastes whose collection and disposal is subject to special requirements in order to prevent infection,18 01 03*,Transfer,Clinical Waste Transfer,West Devon,Devon,South West,Transfer (D),D15,3.097,05 - Healthcare and biological wastes,Infectious health care wastes
South West,"Bath, Bristol and S Glo",Bristol City,"Bristol, City of",402801,Professional Hygiene Ltd,PROFESSIONAL HYGIENE LIMITED,S0824 : Clinical Waste Transfer Station,353184,181502,BS11 0YB,User left blank,Hhold/Ind/Com,18 - HUMAN AND ANIMAL HEALTH CARE WASTE,Natal care - diagnosis - treatment or prevention of disease in humans,medicines other than those mentioned in 18 01 08,18 01 09,Transfer,Clinical Waste Transfer,West Devon,Devon,South West,Transfer (D),D15,0.0275,02 - Chemical preparation wastes,Off-specification chemical wastes
South West,"Bath, Bristol and S Glo",Bristol City,"Bristol, City of",402801,Professional Hygiene Ltd,PROFESSIONAL HYGIENE LIMITED,S0824 : Clinical Waste Transfer Station,353184,181502,BS11 0YB,User left blank,Hhold/Ind/Com,18 - HUMAN AND ANIMAL HEALTH CARE WASTE,Natal care - diagnosis - treatment or prevention of disease in humans,"wastes whose collection and disposal is not subject to special requirements in order to prevent infection(for example dressings, plaster casts, linen, disposable clothing, diapers)",18 01 04,Transfer,Clinical Waste Transfer,West Devon,Devon,South West,Transfer (D),D15,0.032,10 - Mixed ordinary wastes,Mixed and undifferentiated materials
South West,"Bath, Bristol and S Glo",Bristol City,"Bristol, City of",402801,Professional Hygiene Ltd,PROFESSIONAL HYGIENE LIMITED,S0824 : Clinical Waste Transfer Station,353184,181502,BS11 0YB,Liquid,Hhold/Ind/Com,18 - HUMAN AND ANIMAL HEALTH CARE WASTE,Natal care - diagnosis - treatment or prevention of disease in humans,sharps (except 18 01 03),18 01 01,Transfer,Clinical Waste Transfer,Dorset,Dorset,South West,Transfer (D),D15,0.0435,05 - Healthcare and biological wastes,Infectious health care wastes
South West,"Bath, Bristol and S Glo",Bristol City,"Bristol, City of",402801,Professional Hygiene Ltd,PROFESSIONAL HYGIENE LIMITED,S0824 : Clinical Waste Transfer Station,353184,181502,BS11 0YB,User left blank,Hazardous,18 - HUMAN AND ANIMAL HEALTH CARE WASTE,Natal care - diagnosis - treatment or prevention of disease in humans,cytotoxic and cytostatic medicines,18 01 08*,Transfer,Clinical Waste Transfer,Dorset,Dorset,South West,Transfer (D),D15,0.001,02 - Chemical preparation wastes,Off-specification chemical wastes
South West,"Bath, Bristol and S Glo",Bristol City,"Bristol, City of",402801,Professional Hygiene Ltd,PROFESSIONAL HYGIENE LIMITED,S0824 : Clinical Waste Transfer Station,353184,181502,BS11 0YB,User left blank,Hazardous,18 - HUMAN AND ANIMAL HEALTH CARE WASTE,Natal care - diagnosis - treatment or prevention of disease in humans,wastes whose collection and disposal is subject to special requirements in order to prevent infection,18 01 03*,Transfer,Clinical Waste Transfer,Dorset,Dorset,South West,Transfer (D),D15,0.5095,05 - Healthcare and biological wastes,Infectious health care wastes
South West,"Bath, Bristol and S Glo",Bristol City,"Bristol, City of",402801,Professional Hygiene Ltd,PROFESSIONAL HYGIENE LIMITED,S0824 : Clinical Waste Transfer Station,353184,181502,BS11 0YB,User left blank,Hhold/Ind/Com,18 - HUMAN AND ANIMAL HEALTH CARE WASTE,Natal care - diagnosis - treatment or prevention of disease in humans,"wastes whose collection and disposal is not subject to special requirements in order to prevent infection(for example dressings, plaster casts, linen, disposable clothing, diapers)",18 01 04,Transfer,Clinical Waste Transfer,Dorset,Dorset,South West,Transfer (D),D15,1.7185,10 - Mixed ordinary wastes,Mixed and undifferentiated materials
South West,"Bath, Bristol and S Glo",Bristol City,"Bristol, City of",402801,Professional Hygiene Ltd,PROFESSIONAL HYGIENE LIMITED,S0824 : Clinical Waste Transfer Station,353184,181502,BS11 0YB,User left blank,Hazardous,18 - HUMAN AND ANIMAL HEALTH CARE WASTE,Natal care - diagnosis - treatment or prevention of disease in humans,amalgam waste from dental care,18 01 10*,Transfer,Clinical Waste Transfer,Dorset,Dorset,South West,Transfer (D),D15,0.0005,01 - Chemical compound wastes,"Acid, alkalies or salts"
South West,"Bath, Bristol and S Glo",Bristol City,"Bristol, City of",402801,Professional Hygiene Ltd,PROFESSIONAL HYGIENE LIMITED,S0824 : Clinical Waste Transfer Station,353184,181502,BS11 0YB,User left blank,Hazardous,18 - HUMAN AND ANIMAL HEALTH CARE WASTE,Natal care - diagnosis - treatment or prevention of disease in humans,wastes whose collection and disposal is subject to special requirements in order to prevent infection,18 01 03*,Transfer,Clinical Waste Transfer,Dorset,Dorset,South West,Transfer (D),D15,0.7185,05 - Healthcare and biological wastes,Infectious health care wastes
South West,"Bath, Bristol and S Glo",Bristol City,"Bristol, City of",402801,Professional Hygiene Ltd,PROFESSIONAL HYGIENE LIMITED,S0824 : Clinical Waste Transfer Station,353184,181502,BS11 0YB,User left blank,Hhold/Ind/Com,18 - HUMAN AND ANIMAL HEALTH CARE WASTE,Natal care - diagnosis - treatment or prevention of disease in humans,medicines other than those mentioned in 18 01 08,18 01 09,Transfer,Clinical Waste Transfer,Dorset,Dorset,South West,Transfer (D),D15,0.0015,02 - Chemical preparation wastes,Off-specification chemical wastes
South West,"Bath, Bristol and S Glo",Bristol City,"Bristol, City of",402801,Professional Hygiene Ltd,PROFESSIONAL HYGIENE LIMITED,S0824 : Clinical Waste Transfer Station,353184,181502,BS11 0YB,User left blank,Hhold/Ind/Com,18 - HUMAN AND ANIMAL HEALTH CARE WASTE,Natal care - diagnosis - treatment or prevention of disease in humans,"wastes whose collection and disposal is not subject to special requirements in order to prevent infection(for example dressings, plaster casts, linen, disposable clothing, diapers)",18 01 04,Transfer,Clinical Waste Transfer,Dorset,Dorset,South West,Transfer (D),D15,0.0105,10 - Mixed ordinary wastes,Mixed and undifferentiated materials
South West,"Bath, Bristol and S Glo",Bristol City,"Bristol, City of",402801,Professional Hygiene Ltd,PROFESSIONAL HYGIENE LIMITED,S0824 : Clinical Waste Transfer Station,353184,181502,BS11 0YB,Liquid,Hhold/Ind/Com,18 - HUMAN AND ANIMAL HEALTH CARE WASTE,Natal care - diagnosis - treatment or prevention of disease in humans,sharps (except 18 01 03),18 01 01,Transfer,Clinical Waste Transfer,Dorset,Dorset,South West,Transfer (D),D15,0.001,05 - Healthcare and biological wastes,Infectious health care wastes
South West,"Bath, Bristol and S Glo",Bristol City,"Bristol, City of",402801,Professional Hygiene Ltd,PROFESSIONAL HYGIENE LIMITED,S0824 : Clinical Waste Transfer Station,353184,181502,BS11 0YB,User left blank,Hazardous,18 - HUMAN AND ANIMAL HEALTH CARE WASTE,Natal care - diagnosis - treatment or prevention of disease in humans,amalgam waste from dental care,18 01 10*,Transfer,Clinical Waste Transfer,Dorset,Dorset,South West,Transfer (D),D15,0.006,01 - Chemical compound wastes,"Acid, alkalies or salts"
South West,"Bath, Bristol and S Glo",Bristol City,"Bristol, City of",402801,Professional Hygiene Ltd,PROFESSIONAL HYGIENE LIMITED,S0824 : Clinical Waste Transfer Station,353184,181502,BS11 0YB,User left blank,Hazardous,18 - HUMAN AND ANIMAL HEALTH CARE WASTE,Natal care - diagnosis - treatment or prevention of disease in humans,wastes whose collection and disposal is subject to special requirements in order to prevent infection,18 01 03*,Transfer,Clinical Waste Transfer,Dorset,Dorset,South West,Transfer (D),D15,1.019,05 - Healthcare and biological wastes,Infectious health care wastes
South West,"Bath, Bristol and S Glo",Bristol City,"Bristol, City of",402801,Professional Hygiene Ltd,PROFESSIONAL HYGIENE LIMITED,S0824 : Clinical Waste Transfer Station,353184,181502,BS11 0YB,User left blank,Hhold/Ind/Com,18 - HUMAN AND ANIMAL HEALTH CARE WASTE,Natal care - diagnosis - treatment or prevention of disease in humans,medicines other than those mentioned in 18 01 08,18 01 09,Transfer,Clinical Waste Transfer,Dorset,Dorset,South West,Transfer (D),D15,0.003,02 - Chemical preparation wastes,Off-specification chemical wastes
South West,"Bath, Bristol and S Glo",Bristol City,"Bristol, City of",402801,Professional Hygiene Ltd,PROFESSIONAL HYGIENE LIMITED,S0824 : Clinical Waste Transfer Station,353184,181502,BS11 0YB,User left blank,Hhold/Ind/Com,18 - HUMAN AND ANIMAL HEALTH CARE WASTE,Natal care - diagnosis - treatment or prevention of disease in humans,"wastes whose collection and disposal is not subject to special requirements in order to prevent infection(for example dressings, plaster casts, linen, disposable clothing, diapers)",18 01 04,Transfer,Clinical Waste Transfer,Dorset,Dorset,South West,Transfer (D),D15,0.0105,10 - Mixed ordinary wastes,Mixed and undifferentiated materials
South West,"Bath, Bristol and S Glo",Bristol City,"Bristol, City of",402801,Professional Hygiene Ltd,PROFESSIONAL HYGIENE LIMITED,S0824 : Clinical Waste Transfer Station,353184,181502,BS11 0YB,Liquid,Hhold/Ind/Com,18 - HUMAN AND ANIMAL HEALTH CARE WASTE,Natal care - diagnosis - treatment or prevention of disease in humans,sharps (except 18 01 03),18 01 01,Transfer,Clinical Waste Transfer,Dorset,Dorset,South West,Transfer (D),D15,0.008,05 - Healthcare and biological wastes,Infectious health care wastes
South West,"Bath, Bristol and S Glo",Bristol City,"Bristol, City of",402801,Professional Hygiene Ltd,PROFESSIONAL HYGIENE LIMITED,S0824 : Clinical Waste Transfer Station,353184,181502,BS11 0YB,User left blank,Hhold/Ind/Com,18 - HUMAN AND ANIMAL HEALTH CARE WASTE,Natal care - diagnosis - treatment or prevention of disease in humans,"wastes whose collection and disposal is not subject to special requirements in order to prevent infection(for example dressings, plaster casts, linen, disposable clothing, diapers)",18 01 04,Transfer,Clinical Waste Transfer,Dorset,Dorset,South West,Transfer (D),D15,0.005,10 - Mixed ordinary wastes,Mixed and undifferentiated materials
South West,"Bath, Bristol and S Glo",Bristol City,"Bristol, City of",402801,Professional Hygiene Ltd,PROFESSIONAL HYGIENE LIMITED,S0824 : Clinical Waste Transfer Station,353184,181502,BS11 0YB,User left blank,Hazardous,18 - HUMAN AND ANIMAL HEALTH CARE WASTE,Natal care - diagnosis - treatment or prevention of disease in humans,wastes whose collection and disposal is subject to special requirements in order to prevent infection,18 01 03*,Transfer,Clinical Waste Transfer,Dorset,Dorset,South West,Transfer (D),D15,3.1475,05 - Healthcare and biological wastes,Infectious health care wastes
South West,"Bath, Bristol and S Glo",Bristol City,"Bristol, City of",402801,Professional Hygiene Ltd,PROFESSIONAL HYGIENE LIMITED,S0824 : Clinical Waste Transfer Station,353184,181502,BS11 0YB,User left blank,Hhold/Ind/Com,18 - HUMAN AND ANIMAL HEALTH CARE WASTE,Natal care - diagnosis - treatment or prevention of disease in humans,"wastes whose collection and disposal is not subject to special requirements in order to prevent infection(for example dressings, plaster casts, linen, disposable clothing, diapers)",18 01 04,Transfer,Clinical Waste Transfer,Dorset,Dorset,South West,Transfer (D),D15,0.6945,10 - Mixed ordinary wastes,Mixed and undifferentiated materials
South West,"Bath, Bristol and S Glo",Bristol City,"Bristol, City of",402801,Professional Hygiene Ltd,PROFESSIONAL HYGIENE LIMITED,S0824 : Clinical Waste Transfer Station,353184,181502,BS11 0YB,Liquid,Hhold/Ind/Com,18 - HUMAN AND ANIMAL HEALTH CARE WASTE,Natal care - diagnosis - treatment or prevention of disease in humans,sharps (except 18 01 03),18 01 01,Transfer,Clinical Waste Transfer,Dorset,Dorset,South West,Transfer (D),D15,0.017,05 - Healthcare and biological wastes,Infectious health care wastes
South West,"Bath, Bristol and S Glo",Bristol City,"Bristol, City of",402801,Professional Hygiene Ltd,PROFESSIONAL HYGIENE LIMITED,S0824 : Clinical Waste Transfer Station,353184,181502,BS11 0YB,User left blank,Hazardous,18 - HUMAN AND ANIMAL HEALTH CARE WASTE,Natal care - diagnosis - treatment or prevention of disease in humans,amalgam waste from dental care,18 01 10*,Transfer,Clinical Waste Transfer,Dorset,Dorset,South West,Transfer (D),D15,0.0005,01 - Chemical compound wastes,"Acid, alkalies or salts"
South West,"Bath, Bristol and S Glo",Bristol City,"Bristol, City of",402801,Professional Hygiene Ltd,PROFESSIONAL HYGIENE LIMITED,S0824 : Clinical Waste Transfer Station,353184,181502,BS11 0YB,User left blank,Hazardous,18 - HUMAN AND ANIMAL HEALTH CARE WASTE,Natal care - diagnosis - treatment or prevention of disease in humans,wastes whose collection and disposal is subject to special requirements in order to prevent infection,18 01 03*,Transfer,Clinical Waste Transfer,Dorset,Dorset,South West,Transfer (D),D15,1.7495,05 - Healthcare and biological wastes,Infectious health care wastes
South West,"Bath, Bristol and S Glo",Bristol City,"Bristol, City of",402801,Professional Hygiene Ltd,PROFESSIONAL HYGIENE LIMITED,S0824 : Clinical Waste Transfer Station,353184,181502,BS11 0YB,User left blank,Hhold/Ind/Com,18 - HUMAN AND ANIMAL HEALTH CARE WASTE,Natal care - diagnosis - treatment or prevention of disease in humans,medicines other than those mentioned in 18 01 08,18 01 09,Transfer,Clinical Waste Transfer,Dorset,Dorset,South West,Transfer (D),D15,0.0015,02 - Chemical preparation wastes,Off-specification chemical wastes
South West,"Bath, Bristol and S Glo",Bristol City,"Bristol, City of",402801,Professional Hygiene Ltd,PROFESSIONAL HYGIENE LIMITED,S0824 : Clinical Waste Transfer Station,353184,181502,BS11 0YB,User left blank,Hhold/Ind/Com,18 - HUMAN AND ANIMAL HEALTH CARE WASTE,Natal care - diagnosis - treatment or prevention of disease in humans,"wastes whose collection and disposal is not subject to special requirements in order to prevent infection(for example dressings, plaster casts, linen, disposable clothing, diapers)",18 01 04,Transfer,Clinical Waste Transfer,Dorset,Dorset,South West,Transfer (D),D15,0.878,10 - Mixed ordinary wastes,Mixed and undifferentiated materials
South West,"Bath, Bristol and S Glo",Bristol City,"Bristol, City of",402801,Professional Hygiene Ltd,PROFESSIONAL HYGIENE LIMITED,S0824 : Clinical Waste Transfer Station,353184,181502,BS11 0YB,Liquid,Hhold/Ind/Com,18 - HUMAN AND ANIMAL HEALTH CARE WASTE,Natal care - diagnosis - treatment or prevention of disease in humans,sharps (except 18 01 03),18 01 01,Transfer,Clinical Waste Transfer,Ealing,Ealing,London,Transfer (D),D15,0.013,05 - Healthcare and biological wastes,Infectious health care wastes
South West,"Bath, Bristol and S Glo",Bristol City,"Bristol, City of",402801,Professional Hygiene Ltd,PROFESSIONAL HYGIENE LIMITED,S0824 : Clinical Waste Transfer Station,353184,181502,BS11 0YB,User left blank,Hazardous,18 - HUMAN AND ANIMAL HEALTH CARE WASTE,Natal care - diagnosis - treatment or prevention of disease in humans,wastes whose collection and disposal is subject to special requirements in order to prevent infection,18 01 03*,Transfer,Clinical Waste Transfer,Ealing,Ealing,London,Transfer (D),D15,0.2295,05 - Healthcare and biological wastes,Infectious health care wastes
South West,"Bath, Bristol and S Glo",Bristol City,"Bristol, City of",402801,Professional Hygiene Ltd,PROFESSIONAL HYGIENE LIMITED,S0824 : Clinical Waste Transfer Station,353184,181502,BS11 0YB,User left blank,Hhold/Ind/Com,18 - HUMAN AND ANIMAL HEALTH CARE WASTE,Natal care - diagnosis - treatment or prevention of disease in humans,medicines other than those mentioned in 18 01 08,18 01 09,Transfer,Clinical Waste Transfer,Ealing,Ealing,London,Transfer (D),D15,3.7955,02 - Chemical preparation wastes,Off-specification chemical wastes
South West,"Bath, Bristol and S Glo",Bristol City,"Bristol, City of",402801,Professional Hygiene Ltd,PROFESSIONAL HYGIENE LIMITED,S0824 : Clinical Waste Transfer Station,353184,181502,BS11 0YB,User left blank,Hhold/Ind/Com,18 - HUMAN AND ANIMAL HEALTH CARE WASTE,Natal care - diagnosis - treatment or prevention of disease in humans,"wastes whose collection and disposal is not subject to special requirements in order to prevent infection(for example dressings, plaster casts, linen, disposable clothing, diapers)",18 01 04,Transfer,Clinical Waste Transfer,Ealing,Ealing,London,Transfer (D),D15,0.081,10 - Mixed ordinary wastes,Mixed and undifferentiated materials
South West,"Bath, Bristol and S Glo",Bristol City,"Bristol, City of",402801,Professional Hygiene Ltd,PROFESSIONAL HYGIENE LIMITED,S0824 : Clinical Waste Transfer Station,353184,181502,BS11 0YB,Liquid,Hhold/Ind/Com,18 - HUMAN AND ANIMAL HEALTH CARE WASTE,Natal care - diagnosis - treatment or prevention of disease in humans,sharps (except 18 01 03),18 01 01,Transfer,Clinical Waste Transfer,Bedfordshire,East of England (WPA not codeable),East of England,Transfer (D),D15,0.0065,05 - Healthcare and biological wastes,Infectious health care wastes
South West,"Bath, Bristol and S Glo",Bristol City,"Bristol, City of",402801,Professional Hygiene Ltd,PROFESSIONAL HYGIENE LIMITED,S0824 : Clinical Waste Transfer Station,353184,181502,BS11 0YB,User left blank,Hhold/Ind/Com,18 - HUMAN AND ANIMAL HEALTH CARE WASTE,Natal care - diagnosis - treatment or prevention of disease in humans,"wastes whose collection and disposal is not subject to special requirements in order to prevent infection(for example dressings, plaster casts, linen, disposable clothing, diapers)",18 01 04,Transfer,Clinical Waste Transfer,Bedfordshire,East of England (WPA not codeable),East of England,Transfer (D),D15,0.138,10 - Mixed ordinary wastes,Mixed and undifferentiated materials
South West,"Bath, Bristol and S Glo",Bristol City,"Bristol, City of",402801,Professional Hygiene Ltd,PROFESSIONAL HYGIENE LIMITED,S0824 : Clinical Waste Transfer Station,353184,181502,BS11 0YB,Liquid,Hhold/Ind/Com,18 - HUMAN AND ANIMAL HEALTH CARE WASTE,Natal care - diagnosis - treatment or prevention of disease in humans,sharps (except 18 01 03),18 01 01,Transfer,Clinical Waste Transfer,Brighton and Hove,East Sussex,South East,Transfer (D),D15,0.0205,05 - Healthcare and biological wastes,Infectious health care wastes
South West,"Bath, Bristol and S Glo",Bristol City,"Bristol, City of",402801,Professional Hygiene Ltd,PROFESSIONAL HYGIENE LIMITED,S0824 : Clinical Waste Transfer Station,353184,181502,BS11 0YB,User left blank,Hazardous,18 - HUMAN AND ANIMAL HEALTH CARE WASTE,Natal care - diagnosis - treatment or prevention of disease in humans,amalgam waste from dental care,18 01 10*,Transfer,Clinical Waste Transfer,Brighton and Hove,East Sussex,South East,Transfer (D),D15,0.0086,01 - Chemical compound wastes,"Acid, alkalies or salts"
South West,"Bath, Bristol and S Glo",Bristol City,"Bristol, City of",402801,Professional Hygiene Ltd,PROFESSIONAL HYGIENE LIMITED,S0824 : Clinical Waste Transfer Station,353184,181502,BS11 0YB,User left blank,Hazardous,18 - HUMAN AND ANIMAL HEALTH CARE WASTE,Natal care - diagnosis - treatment or prevention of disease in humans,wastes whose collection and disposal is subject to special requirements in order to prevent infection,18 01 03*,Transfer,Clinical Waste Transfer,Brighton and Hove,East Sussex,South East,Transfer (D),D15,0.9945,05 - Healthcare and biological wastes,Infectious health care wastes
South West,"Bath, Bristol and S Glo",Bristol City,"Bristol, City of",402801,Professional Hygiene Ltd,PROFESSIONAL HYGIENE LIMITED,S0824 : Clinical Waste Transfer Station,353184,181502,BS11 0YB,User left blank,Hhold/Ind/Com,18 - HUMAN AND ANIMAL HEALTH CARE WASTE,Natal care - diagnosis - treatment or prevention of disease in humans,"wastes whose collection and disposal is not subject to special requirements in order to prevent infection(for example dressings, plaster casts, linen, disposable clothing, diapers)",18 01 04,Transfer,Clinical Waste Transfer,Brighton and Hove,East Sussex,South East,Transfer (D),D15,4.069,10 - Mixed ordinary wastes,Mixed and undifferentiated materials
South West,"Bath, Bristol and S Glo",Bristol City,"Bristol, City of",402801,Professional Hygiene Ltd,PROFESSIONAL HYGIENE LIMITED,S0824 : Clinical Waste Transfer Station,353184,181502,BS11 0YB,Liquid,Hhold/Ind/Com,18 - HUMAN AND ANIMAL HEALTH CARE WASTE,Natal care - diagnosis - treatment or prevention of disease in humans,sharps (except 18 01 03),18 01 01,Transfer,Clinical Waste Transfer,East Sussex,East Sussex,South East,Transfer (D),D15,0.008,05 - Healthcare and biological wastes,Infectious health care wastes
South West,"Bath, Bristol and S Glo",Bristol City,"Bristol, City of",402801,Professional Hygiene Ltd,PROFESSIONAL HYGIENE LIMITED,S0824 : Clinical Waste Transfer Station,353184,181502,BS11 0YB,User left blank,Hhold/Ind/Com,18 - HUMAN AND ANIMAL HEALTH CARE WASTE,Natal care - diagnosis - treatment or prevention of disease in humans,"wastes whose collection and disposal is not subject to special requirements in order to prevent infection(for example dressings, plaster casts, linen, disposable clothing, diapers)",18 01 04,Transfer,Clinical Waste Transfer,East Sussex,East Sussex,South East,Transfer (D),D15,0.045,10 - Mixed ordinary wastes,Mixed and undifferentiated materials
South West,"Bath, Bristol and S Glo",Bristol City,"Bristol, City of",402801,Professional Hygiene Ltd,PROFESSIONAL HYGIENE LIMITED,S0824 : Clinical Waste Transfer Station,353184,181502,BS11 0YB,User left blank,Hazardous,18 - HUMAN AND ANIMAL HEALTH CARE WASTE,Natal care - diagnosis - treatment or prevention of disease in humans,wastes whose collection and disposal is subject to special requirements in order to prevent infection,18 01 03*,Transfer,Clinical Waste Transfer,Lewes,East Sussex,South East,Transfer (D),D15,1.063,05 - Healthcare and biological wastes,Infectious health care wastes
South West,"Bath, Bristol and S Glo",Bristol City,"Bristol, City of",402801,Professional Hygiene Ltd,PROFESSIONAL HYGIENE LIMITED,S0824 : Clinical Waste Transfer Station,353184,181502,BS11 0YB,User left blank,Hhold/Ind/Com,18 - HUMAN AND ANIMAL HEALTH CARE WASTE,Natal care - diagnosis - treatment or prevention of disease in humans,"wastes whose collection and disposal is not subject to special requirements in order to prevent infection(for example dressings, plaster casts, linen, disposable clothing, diapers)",18 01 04,Transfer,Clinical Waste Transfer,Lewes,East Sussex,South East,Transfer (D),D15,0.0105,10 - Mixed ordinary wastes,Mixed and undifferentiated materials
South West,"Bath, Bristol and S Glo",Bristol City,"Bristol, City of",402801,Professional Hygiene Ltd,PROFESSIONAL HYGIENE LIMITED,S0824 : Clinical Waste Transfer Station,353184,181502,BS11 0YB,User left blank,Hhold/Ind/Com,18 - HUMAN AND ANIMAL HEALTH CARE WASTE,Natal care - diagnosis - treatment or prevention of disease in humans,"wastes whose collection and disposal is not subject to special requirements in order to prevent infection(for example dressings, plaster casts, linen, disposable clothing, diapers)",18 01 04,Transfer,Clinical Waste Transfer,Enfield,Enfield,London,Transfer (D),D15,0.235,10 - Mixed ordinary wastes,Mixed and undifferentiated materials
South West,"Bath, Bristol and S Glo",Bristol City,"Bristol, City of",402801,Professional Hygiene Ltd,PROFESSIONAL HYGIENE LIMITED,S0824 : Clinical Waste Transfer Station,353184,181502,BS11 0YB,User left blank,Hhold/Ind/Com,18 - HUMAN AND ANIMAL HEALTH CARE WASTE,Natal care - diagnosis - treatment or prevention of disease in humans,"wastes whose collection and disposal is not subject to special requirements in order to prevent infection(for example dressings, plaster casts, linen, disposable clothing, diapers)",18 01 04,Transfer,Clinical Waste Transfer,Chelmsford,Essex,East of England,Transfer (D),D15,0.05,10 - Mixed ordinary wastes,Mixed and undifferentiated materials
South West,"Bath, Bristol and S Glo",Bristol City,"Bristol, City of",402801,Professional Hygiene Ltd,PROFESSIONAL HYGIENE LIMITED,S0824 : Clinical Waste Transfer Station,353184,181502,BS11 0YB,User left blank,Hazardous,18 - HUMAN AND ANIMAL HEALTH CARE WASTE,Natal care - diagnosis - treatment or prevention of disease in humans,amalgam waste from dental care,18 01 10*,Transfer,Clinical Waste Transfer,Epping Forest,Essex,East of England,Transfer (D),D15,0.0111,01 - Chemical compound wastes,"Acid, alkalies or salts"
South West,"Bath, Bristol and S Glo",Bristol City,"Bristol, City of",402801,Professional Hygiene Ltd,PROFESSIONAL HYGIENE LIMITED,S0824 : Clinical Waste Transfer Station,353184,181502,BS11 0YB,User left blank,Hazardous,18 - HUMAN AND ANIMAL HEALTH CARE WASTE,Natal care - diagnosis - treatment or prevention of disease in humans,wastes whose collection and disposal is subject to special requirements in order to prevent infection,18 01 03*,Transfer,Clinical Waste Transfer,Epping Forest,Essex,East of England,Transfer (D),D15,0.415,05 - Healthcare and biological wastes,Infectious health care wastes
South West,"Bath, Bristol and S Glo",Bristol City,"Bristol, City of",402801,Professional Hygiene Ltd,PROFESSIONAL HYGIENE LIMITED,S0824 : Clinical Waste Transfer Station,353184,181502,BS11 0YB,User left blank,Hhold/Ind/Com,18 - HUMAN AND ANIMAL HEALTH CARE WASTE,Natal care - diagnosis - treatment or prevention of disease in humans,"wastes whose collection and disposal is not subject to special requirements in order to prevent infection(for example dressings, plaster casts, linen, disposable clothing, diapers)",18 01 04,Transfer,Clinical Waste Transfer,Epping Forest,Essex,East of England,Transfer (D),D15,0.051,10 - Mixed ordinary wastes,Mixed and undifferentiated materials
South West,"Bath, Bristol and S Glo",Bristol City,"Bristol, City of",402801,Professional Hygiene Ltd,PROFESSIONAL HYGIENE LIMITED,S0824 : Clinical Waste Transfer Station,353184,181502,BS11 0YB,Liquid,Hhold/Ind/Com,18 - HUMAN AND ANIMAL HEALTH CARE WASTE,Natal care - diagnosis - treatment or prevention of disease in humans,sharps (except 18 01 03),18 01 01,Transfer,Clinical Waste Transfer,Essex,Essex,East of England,Transfer (D),D15,0.003,05 - Healthcare and biological wastes,Infectious health care wastes
South West,"Bath, Bristol and S Glo",Bristol City,"Bristol, City of",402801,Professional Hygiene Ltd,PROFESSIONAL HYGIENE LIMITED,S0824 : Clinical Waste Transfer Station,353184,181502,BS11 0YB,User left blank,Hhold/Ind/Com,18 - HUMAN AND ANIMAL HEALTH CARE WASTE,Natal care - diagnosis - treatment or prevention of disease in humans,medicines other than those mentioned in 18 01 08,18 01 09,Transfer,Clinical Waste Transfer,Essex,Essex,East of England,Transfer (D),D15,0.004,02 - Chemical preparation wastes,Off-specification chemical wastes
South West,"Bath, Bristol and S Glo",Bristol City,"Bristol, City of",402801,Professional Hygiene Ltd,PROFESSIONAL HYGIENE LIMITED,S0824 : Clinical Waste Transfer Station,353184,181502,BS11 0YB,User left blank,Hhold/Ind/Com,18 - HUMAN AND ANIMAL HEALTH CARE WASTE,Natal care - diagnosis - treatment or prevention of disease in humans,"wastes whose collection and disposal is not subject to special requirements in order to prevent infection(for example dressings, plaster casts, linen, disposable clothing, diapers)",18 01 04,Transfer,Clinical Waste Transfer,Essex,Essex,East of England,Transfer (D),D15,0.575,10 - Mixed ordinary wastes,Mixed and undifferentiated materials
South West,"Bath, Bristol and S Glo",Bristol City,"Bristol, City of",402801,Professional Hygiene Ltd,PROFESSIONAL HYGIENE LIMITED,S0824 : Clinical Waste Transfer Station,353184,181502,BS11 0YB,Liquid,Hhold/Ind/Com,18 - HUMAN AND ANIMAL HEALTH CARE WASTE,Natal care - diagnosis - treatment or prevention of disease in humans,sharps (except 18 01 03),18 01 01,Transfer,Clinical Waste Transfer,Cheltenham,Gloucestershire,South West,Transfer (D),D15,0.002,05 - Healthcare and biological wastes,Infectious health care wastes
South West,"Bath, Bristol and S Glo",Bristol City,"Bristol, City of",402801,Professional Hygiene Ltd,PROFESSIONAL HYGIENE LIMITED,S0824 : Clinical Waste Transfer Station,353184,181502,BS11 0YB,User left blank,Hazardous,18 - HUMAN AND ANIMAL HEALTH CARE WASTE,Natal care - diagnosis - treatment or prevention of disease in humans,amalgam waste from dental care,18 01 10*,Transfer,Clinical Waste Transfer,Cheltenham,Gloucestershire,South West,Transfer (D),D15,0.0065,01 - Chemical compound wastes,"Acid, alkalies or salts"
South West,"Bath, Bristol and S Glo",Bristol City,"Bristol, City of",402801,Professional Hygiene Ltd,PROFESSIONAL HYGIENE LIMITED,S0824 : Clinical Waste Transfer Station,353184,181502,BS11 0YB,User left blank,Hazardous,18 - HUMAN AND ANIMAL HEALTH CARE WASTE,Natal care - diagnosis - treatment or prevention of disease in humans,cytotoxic and cytostatic medicines,18 01 08*,Transfer,Clinical Waste Transfer,Cheltenham,Gloucestershire,South West,Transfer (D),D15,0.012,02 - Chemical preparation wastes,Off-specification chemical wastes
South West,"Bath, Bristol and S Glo",Bristol City,"Bristol, City of",402801,Professional Hygiene Ltd,PROFESSIONAL HYGIENE LIMITED,S0824 : Clinical Waste Transfer Station,353184,181502,BS11 0YB,User left blank,Hazardous,18 - HUMAN AND ANIMAL HEALTH CARE WASTE,Natal care - diagnosis - treatment or prevention of disease in humans,wastes whose collection and disposal is subject to special requirements in order to prevent infection,18 01 03*,Transfer,Clinical Waste Transfer,Cheltenham,Gloucestershire,South West,Transfer (D),D15,7.139,05 - Healthcare and biological wastes,Infectious health care wastes
South West,"Bath, Bristol and S Glo",Bristol City,"Bristol, City of",402801,Professional Hygiene Ltd,PROFESSIONAL HYGIENE LIMITED,S0824 : Clinical Waste Transfer Station,353184,181502,BS11 0YB,User left blank,Hhold/Ind/Com,18 - HUMAN AND ANIMAL HEALTH CARE WASTE,Natal care - diagnosis - treatment or prevention of disease in humans,medicines other than those mentioned in 18 01 08,18 01 09,Transfer,Clinical Waste Transfer,Cheltenham,Gloucestershire,South West,Transfer (D),D15,0.009,02 - Chemical preparation wastes,Off-specification chemical wastes
South West,"Bath, Bristol and S Glo",Bristol City,"Bristol, City of",402801,Professional Hygiene Ltd,PROFESSIONAL HYGIENE LIMITED,S0824 : Clinical Waste Transfer Station,353184,181502,BS11 0YB,User left blank,Hhold/Ind/Com,18 - HUMAN AND ANIMAL HEALTH CARE WASTE,Natal care - diagnosis - treatment or prevention of disease in humans,"wastes whose collection and disposal is not subject to special requirements in order to prevent infection(for example dressings, plaster casts, linen, disposable clothing, diapers)",18 01 04,Transfer,Clinical Waste Transfer,Cheltenham,Gloucestershire,South West,Transfer (D),D15,4.089,10 - Mixed ordinary wastes,Mixed and undifferentiated materials
South West,"Bath, Bristol and S Glo",Bristol City,"Bristol, City of",402801,Professional Hygiene Ltd,PROFESSIONAL HYGIENE LIMITED,S0824 : Clinical Waste Transfer Station,353184,181502,BS11 0YB,Liquid,Hhold/Ind/Com,18 - HUMAN AND ANIMAL HEALTH CARE WASTE,Natal care - diagnosis - treatment or prevention of disease in humans,sharps (except 18 01 03),18 01 01,Transfer,Clinical Waste Transfer,Cotswold,Gloucestershire,South West,Transfer (D),D15,0.018,05 - Healthcare and biological wastes,Infectious health care wastes
South West,"Bath, Bristol and S Glo",Bristol City,"Bristol, City of",402801,Professional Hygiene Ltd,PROFESSIONAL HYGIENE LIMITED,S0824 : Clinical Waste Transfer Station,353184,181502,BS11 0YB,User left blank,Hazardous,18 - HUMAN AND ANIMAL HEALTH CARE WASTE,Natal care - diagnosis - treatment or prevention of disease in humans,amalgam waste from dental care,18 01 10*,Transfer,Clinical Waste Transfer,Cotswold,Gloucestershire,South West,Transfer (D),D15,0.006,01 - Chemical compound wastes,"Acid, alkalies or salts"
South West,"Bath, Bristol and S Glo",Bristol City,"Bristol, City of",402801,Professional Hygiene Ltd,PROFESSIONAL HYGIENE LIMITED,S0824 : Clinical Waste Transfer Station,353184,181502,BS11 0YB,User left blank,Hazardous,18 - HUMAN AND ANIMAL HEALTH CARE WASTE,Natal care - diagnosis - treatment or prevention of disease in humans,wastes whose collection and disposal is subject to special requirements in order to prevent infection,18 01 03*,Transfer,Clinical Waste Transfer,Cotswold,Gloucestershire,South West,Transfer (D),D15,3.6541,05 - Healthcare and biological wastes,Infectious health care wastes
South West,"Bath, Bristol and S Glo",Bristol City,"Bristol, City of",402801,Professional Hygiene Ltd,PROFESSIONAL HYGIENE LIMITED,S0824 : Clinical Waste Transfer Station,353184,181502,BS11 0YB,User left blank,Hhold/Ind/Com,18 - HUMAN AND ANIMAL HEALTH CARE WASTE,Natal care - diagnosis - treatment or prevention of disease in humans,medicines other than those mentioned in 18 01 08,18 01 09,Transfer,Clinical Waste Transfer,Cotswold,Gloucestershire,South West,Transfer (D),D15,0.0195,02 - Chemical preparation wastes,Off-specification chemical wastes
South West,"Bath, Bristol and S Glo",Bristol City,"Bristol, City of",402801,Professional Hygiene Ltd,PROFESSIONAL HYGIENE LIMITED,S0824 : Clinical Waste Transfer Station,353184,181502,BS11 0YB,User left blank,Hhold/Ind/Com,18 - HUMAN AND ANIMAL HEALTH CARE WASTE,Natal care - diagnosis - treatment or prevention of disease in humans,"wastes whose collection and disposal is not subject to special requirements in order to prevent infection(for example dressings, plaster casts, linen, disposable clothing, diapers)",18 01 04,Transfer,Clinical Waste Transfer,Cotswold,Gloucestershire,South West,Transfer (D),D15,0.3935,10 - Mixed ordinary wastes,Mixed and undifferentiated materials
South West,"Bath, Bristol and S Glo",Bristol City,"Bristol, City of",402801,Professional Hygiene Ltd,PROFESSIONAL HYGIENE LIMITED,S0824 : Clinical Waste Transfer Station,353184,181502,BS11 0YB,User left blank,Hazardous,18 - HUMAN AND ANIMAL HEALTH CARE WASTE,Natal care - diagnosis - treatment or prevention of disease in humans,amalgam waste from dental care,18 01 10*,Transfer,Clinical Waste Transfer,Forest of Dean,Gloucestershire,South West,Transfer (D),D15,0.0111,01 - Chemical compound wastes,"Acid, alkalies or salts"
South West,"Bath, Bristol and S Glo",Bristol City,"Bristol, City of",402801,Professional Hygiene Ltd,PROFESSIONAL HYGIENE LIMITED,S0824 : Clinical Waste Transfer Station,353184,181502,BS11 0YB,User left blank,Hazardous,18 - HUMAN AND ANIMAL HEALTH CARE WASTE,Natal care - diagnosis - treatment or prevention of disease in humans,wastes whose collection and disposal is subject to special requirements in order to prevent infection,18 01 03*,Transfer,Clinical Waste Transfer,Forest of Dean,Gloucestershire,South West,Transfer (D),D15,3.4425,05 - Healthcare and biological wastes,Infectious health care wastes
South West,"Bath, Bristol and S Glo",Bristol City,"Bristol, City of",402801,Professional Hygiene Ltd,PROFESSIONAL HYGIENE LIMITED,S0824 : Clinical Waste Transfer Station,353184,181502,BS11 0YB,User left blank,Hhold/Ind/Com,18 - HUMAN AND ANIMAL HEALTH CARE WASTE,Natal care - diagnosis - treatment or prevention of disease in humans,medicines other than those mentioned in 18 01 08,18 01 09,Transfer,Clinical Waste Transfer,Forest of Dean,Gloucestershire,South West,Transfer (D),D15,0.065,02 - Chemical preparation wastes,Off-specification chemical wastes
South West,"Bath, Bristol and S Glo",Bristol City,"Bristol, City of",402801,Professional Hygiene Ltd,PROFESSIONAL HYGIENE LIMITED,S0824 : Clinical Waste Transfer Station,353184,181502,BS11 0YB,User left blank,Hhold/Ind/Com,18 - HUMAN AND ANIMAL HEALTH CARE WASTE,Natal care - diagnosis - treatment or prevention of disease in humans,"wastes whose collection and disposal is not subject to special requirements in order to prevent infection(for example dressings, plaster casts, linen, disposable clothing, diapers)",18 01 04,Transfer,Clinical Waste Transfer,Forest of Dean,Gloucestershire,South West,Transfer (D),D15,2.363,10 - Mixed ordinary wastes,Mixed and undifferentiated materials
South West,"Bath, Bristol and S Glo",Bristol City,"Bristol, City of",402801,Professional Hygiene Ltd,PROFESSIONAL HYGIENE LIMITED,S0824 : Clinical Waste Transfer Station,353184,181502,BS11 0YB,User left blank,Hazardous,18 - HUMAN AND ANIMAL HEALTH CARE WASTE,Natal care - diagnosis - treatment or prevention of disease in humans,amalgam waste from dental care,18 01 10*,Transfer,Clinical Waste Transfer,Gloucester,Gloucestershire,South West,Transfer (D),D15,0.0245,01 - Chemical compound wastes,"Acid, alkalies or salts"
South West,"Bath, Bristol and S Glo",Bristol City,"Bristol, City of",402801,Professional Hygiene Ltd,PROFESSIONAL HYGIENE LIMITED,S0824 : Clinical Waste Transfer Station,353184,181502,BS11 0YB,User left blank,Hazardous,18 - HUMAN AND ANIMAL HEALTH CARE WASTE,Natal care - diagnosis - treatment or prevention of disease in humans,wastes whose collection and disposal is subject to special requirements in order to prevent infection,18 01 03*,Transfer,Clinical Waste Transfer,Gloucester,Gloucestershire,South West,Transfer (D),D15,2.9835,05 - Healthcare and biological wastes,Infectious health care wastes
South West,"Bath, Bristol and S Glo",Bristol City,"Bristol, City of",402801,Professional Hygiene Ltd,PROFESSIONAL HYGIENE LIMITED,S0824 : Clinical Waste Transfer Station,353184,181502,BS11 0YB,User left blank,Hhold/Ind/Com,18 - HUMAN AND ANIMAL HEALTH CARE WASTE,Natal care - diagnosis - treatment or prevention of disease in humans,medicines other than those mentioned in 18 01 08,18 01 09,Transfer,Clinical Waste Transfer,Gloucester,Gloucestershire,South West,Transfer (D),D15,0.006,02 - Chemical preparation wastes,Off-specification chemical wastes
South West,"Bath, Bristol and S Glo",Bristol City,"Bristol, City of",402801,Professional Hygiene Ltd,PROFESSIONAL HYGIENE LIMITED,S0824 : Clinical Waste Transfer Station,353184,181502,BS11 0YB,User left blank,Hhold/Ind/Com,18 - HUMAN AND ANIMAL HEALTH CARE WASTE,Natal care - diagnosis - treatment or prevention of disease in humans,"wastes whose collection and disposal is not subject to special requirements in order to prevent infection(for example dressings, plaster casts, linen, disposable clothing, diapers)",18 01 04,Transfer,Clinical Waste Transfer,Gloucester,Gloucestershire,South West,Transfer (D),D15,4.1875,10 - Mixed ordinary wastes,Mixed and undifferentiated materials
South West,"Bath, Bristol and S Glo",Bristol City,"Bristol, City of",402801,Professional Hygiene Ltd,PROFESSIONAL HYGIENE LIMITED,S0824 : Clinical Waste Transfer Station,353184,181502,BS11 0YB,Liquid,Hhold/Ind/Com,18 - HUMAN AND ANIMAL HEALTH CARE WASTE,Natal care - diagnosis - treatment or prevention of disease in humans,sharps (except 18 01 03),18 01 01,Transfer,Clinical Waste Transfer,Gloucestershire,Gloucestershire,South West,Transfer (D),D15,0.008,05 - Healthcare and biological wastes,Infectious health care wastes
South West,"Bath, Bristol and S Glo",Bristol City,"Bristol, City of",402801,Professional Hygiene Ltd,PROFESSIONAL HYGIENE LIMITED,S0824 : Clinical Waste Transfer Station,353184,181502,BS11 0YB,User left blank,Hazardous,18 - HUMAN AND ANIMAL HEALTH CARE WASTE,Natal care - diagnosis - treatment or prevention of disease in humans,amalgam waste from dental care,18 01 10*,Transfer,Clinical Waste Transfer,Gloucestershire,Gloucestershire,South West,Transfer (D),D15,0.0321,01 - Chemical compound wastes,"Acid, alkalies or salts"
South West,"Bath, Bristol and S Glo",Bristol City,"Bristol, City of",402801,Professional Hygiene Ltd,PROFESSIONAL HYGIENE LIMITED,S0824 : Clinical Waste Transfer Station,353184,181502,BS11 0YB,User left blank,Hazardous,18 - HUMAN AND ANIMAL HEALTH CARE WASTE,Natal care - diagnosis - treatment or prevention of disease in humans,wastes whose collection and disposal is subject to special requirements in order to prevent infection,18 01 03*,Transfer,Clinical Waste Transfer,Gloucestershire,Gloucestershire,South West,Transfer (D),D15,13.115,05 - Healthcare and biological wastes,Infectious health care wastes
South West,"Bath, Bristol and S Glo",Bristol City,"Bristol, City of",402801,Professional Hygiene Ltd,PROFESSIONAL HYGIENE LIMITED,S0824 : Clinical Waste Transfer Station,353184,181502,BS11 0YB,User left blank,Hhold/Ind/Com,18 - HUMAN AND ANIMAL HEALTH CARE WASTE,Natal care - diagnosis - treatment or prevention of disease in humans,medicines other than those mentioned in 18 01 08,18 01 09,Transfer,Clinical Waste Transfer,Gloucestershire,Gloucestershire,South West,Transfer (D),D15,0.0105,02 - Chemical preparation wastes,Off-specification chemical wastes
South West,"Bath, Bristol and S Glo",Bristol City,"Bristol, City of",402801,Professional Hygiene Ltd,PROFESSIONAL HYGIENE LIMITED,S0824 : Clinical Waste Transfer Station,353184,181502,BS11 0YB,User left blank,Hhold/Ind/Com,18 - HUMAN AND ANIMAL HEALTH CARE WASTE,Natal care - diagnosis - treatment or prevention of disease in humans,"wastes whose collection and disposal is not subject to special requirements in order to prevent infection(for example dressings, plaster casts, linen, disposable clothing, diapers)",18 01 04,Transfer,Clinical Waste Transfer,Gloucestershire,Gloucestershire,South West,Transfer (D),D15,38.9465,10 - Mixed ordinary wastes,Mixed and undifferentiated materials
South West,"Bath, Bristol and S Glo",Bristol City,"Bristol, City of",402801,Professional Hygiene Ltd,PROFESSIONAL HYGIENE LIMITED,S0824 : Clinical Waste Transfer Station,353184,181502,BS11 0YB,Liquid,Hhold/Ind/Com,18 - HUMAN AND ANIMAL HEALTH CARE WASTE,Natal care - diagnosis - treatment or prevention of disease in humans,sharps (except 18 01 03),18 01 01,Transfer,Clinical Waste Transfer,Stroud,Gloucestershire,South West,Transfer (D),D15,0.0045,05 - Healthcare and biological wastes,Infectious health care wastes
South West,"Bath, Bristol and S Glo",Bristol City,"Bristol, City of",402801,Professional Hygiene Ltd,PROFESSIONAL HYGIENE LIMITED,S0824 : Clinical Waste Transfer Station,353184,181502,BS11 0YB,User left blank,Hazardous,18 - HUMAN AND ANIMAL HEALTH CARE WASTE,Natal care - diagnosis - treatment or prevention of disease in humans,amalgam waste from dental care,18 01 10*,Transfer,Clinical Waste Transfer,Stroud,Gloucestershire,South West,Transfer (D),D15,0.0036,01 - Chemical compound wastes,"Acid, alkalies or salts"
South West,"Bath, Bristol and S Glo",Bristol City,"Bristol, City of",402801,Professional Hygiene Ltd,PROFESSIONAL HYGIENE LIMITED,S0824 : Clinical Waste Transfer Station,353184,181502,BS11 0YB,User left blank,Hazardous,18 - HUMAN AND ANIMAL HEALTH CARE WASTE,Natal care - diagnosis - treatment or prevention of disease in humans,cytotoxic and cytostatic medicines,18 01 08*,Transfer,Clinical Waste Transfer,Stroud,Gloucestershire,South West,Transfer (D),D15,0.0075,02 - Chemical preparation wastes,Off-specification chemical wastes
South West,"Bath, Bristol and S Glo",Bristol City,"Bristol, City of",402801,Professional Hygiene Ltd,PROFESSIONAL HYGIENE LIMITED,S0824 : Clinical Waste Transfer Station,353184,181502,BS11 0YB,User left blank,Hazardous,18 - HUMAN AND ANIMAL HEALTH CARE WASTE,Natal care - diagnosis - treatment or prevention of disease in humans,wastes whose collection and disposal is subject to special requirements in order to prevent infection,18 01 03*,Transfer,Clinical Waste Transfer,Stroud,Gloucestershire,South West,Transfer (D),D15,2.071,05 - Healthcare and biological wastes,Infectious health care wastes
South West,"Bath, Bristol and S Glo",Bristol City,"Bristol, City of",402801,Professional Hygiene Ltd,PROFESSIONAL HYGIENE LIMITED,S0824 : Clinical Waste Transfer Station,353184,181502,BS11 0YB,User left blank,Hhold/Ind/Com,18 - HUMAN AND ANIMAL HEALTH CARE WASTE,Natal care - diagnosis - treatment or prevention of disease in humans,medicines other than those mentioned in 18 01 08,18 01 09,Transfer,Clinical Waste Transfer,Stroud,Gloucestershire,South West,Transfer (D),D15,0.581,02 - Chemical preparation wastes,Off-specification chemical wastes
South West,"Bath, Bristol and S Glo",Bristol City,"Bristol, City of",402801,Professional Hygiene Ltd,PROFESSIONAL HYGIENE LIMITED,S0824 : Clinical Waste Transfer Station,353184,181502,BS11 0YB,User left blank,Hhold/Ind/Com,18 - HUMAN AND ANIMAL HEALTH CARE WASTE,Natal care - diagnosis - treatment or prevention of disease in humans,"wastes whose collection and disposal is not subject to special requirements in order to prevent infection(for example dressings, plaster casts, linen, disposable clothing, diapers)",18 01 04,Transfer,Clinical Waste Transfer,Stroud,Gloucestershire,South West,Transfer (D),D15,7.451,10 - Mixed ordinary wastes,Mixed and undifferentiated materials
South West,"Bath, Bristol and S Glo",Bristol City,"Bristol, City of",402801,Professional Hygiene Ltd,PROFESSIONAL HYGIENE LIMITED,S0824 : Clinical Waste Transfer Station,353184,181502,BS11 0YB,Liquid,Hhold/Ind/Com,18 - HUMAN AND ANIMAL HEALTH CARE WASTE,Natal care - diagnosis - treatment or prevention of disease in humans,sharps (except 18 01 03),18 01 01,Transfer,Clinical Waste Transfer,Tewkesbury,Gloucestershire,South West,Transfer (D),D15,0.012,05 - Healthcare and biological wastes,Infectious health care wastes
South West,"Bath, Bristol and S Glo",Bristol City,"Bristol, City of",402801,Professional Hygiene Ltd,PROFESSIONAL HYGIENE LIMITED,S0824 : Clinical Waste Transfer Station,353184,181502,BS11 0YB,User left blank,Hazardous,18 - HUMAN AND ANIMAL HEALTH CARE WASTE,Natal care - diagnosis - treatment or prevention of disease in humans,wastes whose collection and disposal is subject to special requirements in order to prevent infection,18 01 03*,Transfer,Clinical Waste Transfer,Tewkesbury,Gloucestershire,South West,Transfer (D),D15,0.3415,05 - Healthcare and biological wastes,Infectious health care wastes
South West,"Bath, Bristol and S Glo",Bristol City,"Bristol, City of",402801,Professional Hygiene Ltd,PROFESSIONAL HYGIENE LIMITED,S0824 : Clinical Waste Transfer Station,353184,181502,BS11 0YB,User left blank,Hhold/Ind/Com,18 - HUMAN AND ANIMAL HEALTH CARE WASTE,Natal care - diagnosis - treatment or prevention of disease in humans,medicines other than those mentioned in 18 01 08,18 01 09,Transfer,Clinical Waste Transfer,Tewkesbury,Gloucestershire,South West,Transfer (D),D15,0.003,02 - Chemical preparation wastes,Off-specification chemical wastes
South West,"Bath, Bristol and S Glo",Bristol City,"Bristol, City of",402801,Professional Hygiene Ltd,PROFESSIONAL HYGIENE LIMITED,S0824 : Clinical Waste Transfer Station,353184,181502,BS11 0YB,User left blank,Hhold/Ind/Com,18 - HUMAN AND ANIMAL HEALTH CARE WASTE,Natal care - diagnosis - treatment or prevention of disease in humans,"wastes whose collection and disposal is not subject to special requirements in order to prevent infection(for example dressings, plaster casts, linen, disposable clothing, diapers)",18 01 04,Transfer,Clinical Waste Transfer,Tewkesbury,Gloucestershire,South West,Transfer (D),D15,0.07,10 - Mixed ordinary wastes,Mixed and undifferentiated materials
South West,"Bath, Bristol and S Glo",Bristol City,"Bristol, City of",402801,Professional Hygiene Ltd,PROFESSIONAL HYGIENE LIMITED,S0824 : Clinical Waste Transfer Station,353184,181502,BS11 0YB,User left blank,Hazardous,18 - HUMAN AND ANIMAL HEALTH CARE WASTE,Natal care - diagnosis - treatment or prevention of disease in humans,amalgam waste from dental care,18 01 10*,Transfer,Clinical Waste Transfer,Hackney,Hackney,London,Transfer (D),D15,0.0005,01 - Chemical compound wastes,"Acid, alkalies or salts"
South West,"Bath, Bristol and S Glo",Bristol City,"Bristol, City of",402801,Professional Hygiene Ltd,PROFESSIONAL HYGIENE LIMITED,S0824 : Clinical Waste Transfer Station,353184,181502,BS11 0YB,User left blank,Hazardous,18 - HUMAN AND ANIMAL HEALTH CARE WASTE,Natal care - diagnosis - treatment or prevention of disease in humans,wastes whose collection and disposal is subject to special requirements in order to prevent infection,18 01 03*,Transfer,Clinical Waste Transfer,Hackney,Hackney,London,Transfer (D),D15,0.533,05 - Healthcare and biological wastes,Infectious health care wastes
South West,"Bath, Bristol and S Glo",Bristol City,"Bristol, City of",402801,Professional Hygiene Ltd,PROFESSIONAL HYGIENE LIMITED,S0824 : Clinical Waste Transfer Station,353184,181502,BS11 0YB,User left blank,Hhold/Ind/Com,18 - HUMAN AND ANIMAL HEALTH CARE WASTE,Natal care - diagnosis - treatment or prevention of disease in humans,"wastes whose collection and disposal is not subject to special requirements in order to prevent infection(for example dressings, plaster casts, linen, disposable clothing, diapers)",18 01 04,Transfer,Clinical Waste Transfer,Hackney,Hackney,London,Transfer (D),D15,0.0085,10 - Mixed ordinary wastes,Mixed and undifferentiated materials
South West,"Bath, Bristol and S Glo",Bristol City,"Bristol, City of",402801,Professional Hygiene Ltd,PROFESSIONAL HYGIENE LIMITED,S0824 : Clinical Waste Transfer Station,353184,181502,BS11 0YB,User left blank,Hazardous,18 - HUMAN AND ANIMAL HEALTH CARE WASTE,Natal care - diagnosis - treatment or prevention of disease in humans,amalgam waste from dental care,18 01 10*,Transfer,Clinical Waste Transfer,Hammersmith and Fulham,Hammersmith and Fulham,London,Transfer (D),D15,0.0017,01 - Chemical compound wastes,"Acid, alkalies or salts"
South West,"Bath, Bristol and S Glo",Bristol City,"Bristol, City of",402801,Professional Hygiene Ltd,PROFESSIONAL HYGIENE LIMITED,S0824 : Clinical Waste Transfer Station,353184,181502,BS11 0YB,User left blank,Hazardous,18 - HUMAN AND ANIMAL HEALTH CARE WASTE,Natal care - diagnosis - treatment or prevention of disease in humans,wastes whose collection and disposal is subject to special requirements in order to prevent infection,18 01 03*,Transfer,Clinical Waste Transfer,Hammersmith and Fulham,Hammersmith and Fulham,London,Transfer (D),D15,4.004,05 - Healthcare and biological wastes,Infectious health care wastes
South West,"Bath, Bristol and S Glo",Bristol City,"Bristol, City of",402801,Professional Hygiene Ltd,PROFESSIONAL HYGIENE LIMITED,S0824 : Clinical Waste Transfer Station,353184,181502,BS11 0YB,User left blank,Hhold/Ind/Com,18 - HUMAN AND ANIMAL HEALTH CARE WASTE,Natal care - diagnosis - treatment or prevention of disease in humans,medicines other than those mentioned in 18 01 08,18 01 09,Transfer,Clinical Waste Transfer,Hammersmith and Fulham,Hammersmith and Fulham,London,Transfer (D),D15,0.003,02 - Chemical preparation wastes,Off-specification chemical wastes
South West,"Bath, Bristol and S Glo",Bristol City,"Bristol, City of",402801,Professional Hygiene Ltd,PROFESSIONAL HYGIENE LIMITED,S0824 : Clinical Waste Transfer Station,353184,181502,BS11 0YB,User left blank,Hhold/Ind/Com,18 - HUMAN AND ANIMAL HEALTH CARE WASTE,Natal care - diagnosis - treatment or prevention of disease in humans,"wastes whose collection and disposal is not subject to special requirements in order to prevent infection(for example dressings, plaster casts, linen, disposable clothing, diapers)",18 01 04,Transfer,Clinical Waste Transfer,Hammersmith and Fulham,Hammersmith and Fulham,London,Transfer (D),D15,0.378,10 - Mixed ordinary wastes,Mixed and undifferentiated materials
South West,"Bath, Bristol and S Glo",Bristol City,"Bristol, City of",402801,Professional Hygiene Ltd,PROFESSIONAL HYGIENE LIMITED,S0824 : Clinical Waste Transfer Station,353184,181502,BS11 0YB,User left blank,Hhold/Ind/Com,18 - HUMAN AND ANIMAL HEALTH CARE WASTE,Natal care - diagnosis - treatment or prevention of disease in humans,"wastes whose collection and disposal is not subject to special requirements in order to prevent infection(for example dressings, plaster casts, linen, disposable clothing, diapers)",18 01 04,Transfer,Clinical Waste Transfer,Eastleigh,Hampshire,South East,Transfer (D),D15,2.6,10 - Mixed ordinary wastes,Mixed and undifferentiated materials
South West,"Bath, Bristol and S Glo",Bristol City,"Bristol, City of",402801,Professional Hygiene Ltd,PROFESSIONAL HYGIENE LIMITED,S0824 : Clinical Waste Transfer Station,353184,181502,BS11 0YB,Liquid,Hhold/Ind/Com,18 - HUMAN AND ANIMAL HEALTH CARE WASTE,Natal care - diagnosis - treatment or prevention of disease in humans,sharps (except 18 01 03),18 01 01,Transfer,Clinical Waste Transfer,Fareham,Hampshire,South East,Transfer (D),D15,0.015,05 - Healthcare and biological wastes,Infectious health care wastes
South West,"Bath, Bristol and S Glo",Bristol City,"Bristol, City of",402801,Professional Hygiene Ltd,PROFESSIONAL HYGIENE LIMITED,S0824 : Clinical Waste Transfer Station,353184,181502,BS11 0YB,User left blank,Hazardous,18 - HUMAN AND ANIMAL HEALTH CARE WASTE,Natal care - diagnosis - treatment or prevention of disease in humans,amalgam waste from dental care,18 01 10*,Transfer,Clinical Waste Transfer,Fareham,Hampshire,South East,Transfer (D),D15,0.0217,01 - Chemical compound wastes,"Acid, alkalies or salts"
South West,"Bath, Bristol and S Glo",Bristol City,"Bristol, City of",402801,Professional Hygiene Ltd,PROFESSIONAL HYGIENE LIMITED,S0824 : Clinical Waste Transfer Station,353184,181502,BS11 0YB,User left blank,Hazardous,18 - HUMAN AND ANIMAL HEALTH CARE WASTE,Natal care - diagnosis - treatment or prevention of disease in humans,wastes whose collection and disposal is subject to special requirements in order to prevent infection,18 01 03*,Transfer,Clinical Waste Transfer,Fareham,Hampshire,South East,Transfer (D),D15,0.341,05 - Healthcare and biological wastes,Infectious health care wastes
South West,"Bath, Bristol and S Glo",Bristol City,"Bristol, City of",402801,Professional Hygiene Ltd,PROFESSIONAL HYGIENE LIMITED,S0824 : Clinical Waste Transfer Station,353184,181502,BS11 0YB,Liquid,Hhold/Ind/Com,18 - HUMAN AND ANIMAL HEALTH CARE WASTE,Natal care - diagnosis - treatment or prevention of disease in humans,sharps (except 18 01 03),18 01 01,Transfer,Clinical Waste Transfer,Hampshire,Hampshire,South East,Transfer (D),D15,0.008,05 - Healthcare and biological wastes,Infectious health care wastes
South West,"Bath, Bristol and S Glo",Bristol City,"Bristol, City of",402801,Professional Hygiene Ltd,PROFESSIONAL HYGIENE LIMITED,S0824 : Clinical Waste Transfer Station,353184,181502,BS11 0YB,User left blank,Hazardous,18 - HUMAN AND ANIMAL HEALTH CARE WASTE,Natal care - diagnosis - treatment or prevention of disease in humans,amalgam waste from dental care,18 01 10*,Transfer,Clinical Waste Transfer,Hampshire,Hampshire,South East,Transfer (D),D15,0.0295,01 - Chemical compound wastes,"Acid, alkalies or salts"
South West,"Bath, Bristol and S Glo",Bristol City,"Bristol, City of",402801,Professional Hygiene Ltd,PROFESSIONAL HYGIENE LIMITED,S0824 : Clinical Waste Transfer Station,353184,181502,BS11 0YB,User left blank,Hazardous,18 - HUMAN AND ANIMAL HEALTH CARE WASTE,Natal care - diagnosis - treatment or prevention of disease in humans,cytotoxic and cytostatic medicines,18 01 08*,Transfer,Clinical Waste Transfer,Hampshire,Hampshire,South East,Transfer (D),D15,0.003,02 - Chemical preparation wastes,Off-specification chemical wastes
South West,"Bath, Bristol and S Glo",Bristol City,"Bristol, City of",402801,Professional Hygiene Ltd,PROFESSIONAL HYGIENE LIMITED,S0824 : Clinical Waste Transfer Station,353184,181502,BS11 0YB,User left blank,Hazardous,18 - HUMAN AND ANIMAL HEALTH CARE WASTE,Natal care - diagnosis - treatment or prevention of disease in humans,wastes whose collection and disposal is subject to special requirements in order to prevent infection,18 01 03*,Transfer,Clinical Waste Transfer,Hampshire,Hampshire,South East,Transfer (D),D15,3.732,05 - Healthcare and biological wastes,Infectious health care wastes
South West,"Bath, Bristol and S Glo",Bristol City,"Bristol, City of",402801,Professional Hygiene Ltd,PROFESSIONAL HYGIENE LIMITED,S0824 : Clinical Waste Transfer Station,353184,181502,BS11 0YB,User left blank,Hhold/Ind/Com,18 - HUMAN AND ANIMAL HEALTH CARE WASTE,Natal care - diagnosis - treatment or prevention of disease in humans,medicines other than those mentioned in 18 01 08,18 01 09,Transfer,Clinical Waste Transfer,Hampshire,Hampshire,South East,Transfer (D),D15,0.005,02 - Chemical preparation wastes,Off-specification chemical wastes
South West,"Bath, Bristol and S Glo",Bristol City,"Bristol, City of",402801,Professional Hygiene Ltd,PROFESSIONAL HYGIENE LIMITED,S0824 : Clinical Waste Transfer Station,353184,181502,BS11 0YB,User left blank,Hhold/Ind/Com,18 - HUMAN AND ANIMAL HEALTH CARE WASTE,Natal care - diagnosis - treatment or prevention of disease in humans,"wastes whose collection and disposal is not subject to special requirements in order to prevent infection(for example dressings, plaster casts, linen, disposable clothing, diapers)",18 01 04,Transfer,Clinical Waste Transfer,Hampshire,Hampshire,South East,Transfer (D),D15,13.733,10 - Mixed ordinary wastes,Mixed and undifferentiated materials
South West,"Bath, Bristol and S Glo",Bristol City,"Bristol, City of",402801,Professional Hygiene Ltd,PROFESSIONAL HYGIENE LIMITED,S0824 : Clinical Waste Transfer Station,353184,181502,BS11 0YB,User left blank,Hazardous,18 - HUMAN AND ANIMAL HEALTH CARE WASTE,Natal care - diagnosis - treatment or prevention of disease in humans,wastes whose collection and disposal is subject to special requirements in order to prevent infection,18 01 03*,Transfer,Clinical Waste Transfer,Hart,Hampshire,South East,Transfer (D),D15,0.27,05 - Healthcare and biological wastes,Infectious health care wastes
South West,"Bath, Bristol and S Glo",Bristol City,"Bristol, City of",402801,Professional Hygiene Ltd,PROFESSIONAL HYGIENE LIMITED,S0824 : Clinical Waste Transfer Station,353184,181502,BS11 0YB,User left blank,Hhold/Ind/Com,18 - HUMAN AND ANIMAL HEALTH CARE WASTE,Natal care - diagnosis - treatment or prevention of disease in humans,medicines other than those mentioned in 18 01 08,18 01 09,Transfer,Clinical Waste Transfer,Hart,Hampshire,South East,Transfer (D),D15,0.0015,02 - Chemical preparation wastes,Off-specification chemical wastes
South West,"Bath, Bristol and S Glo",Bristol City,"Bristol, City of",402801,Professional Hygiene Ltd,PROFESSIONAL HYGIENE LIMITED,S0824 : Clinical Waste Transfer Station,353184,181502,BS11 0YB,User left blank,Hhold/Ind/Com,18 - HUMAN AND ANIMAL HEALTH CARE WASTE,Natal care - diagnosis - treatment or prevention of disease in humans,"wastes whose collection and disposal is not subject to special requirements in order to prevent infection(for example dressings, plaster casts, linen, disposable clothing, diapers)",18 01 04,Transfer,Clinical Waste Transfer,Hart,Hampshire,South East,Transfer (D),D15,0.0085,10 - Mixed ordinary wastes,Mixed and undifferentiated materials
South West,"Bath, Bristol and S Glo",Bristol City,"Bristol, City of",402801,Professional Hygiene Ltd,PROFESSIONAL HYGIENE LIMITED,S0824 : Clinical Waste Transfer Station,353184,181502,BS11 0YB,Liquid,Hhold/Ind/Com,18 - HUMAN AND ANIMAL HEALTH CARE WASTE,Natal care - diagnosis - treatment or prevention of disease in humans,sharps (except 18 01 03),18 01 01,Transfer,Clinical Waste Transfer,Havant,Hampshire,South East,Transfer (D),D15,0.045,05 - Healthcare and biological wastes,Infectious health care wastes
South West,"Bath, Bristol and S Glo",Bristol City,"Bristol, City of",402801,Professional Hygiene Ltd,PROFESSIONAL HYGIENE LIMITED,S0824 : Clinical Waste Transfer Station,353184,181502,BS11 0YB,User left blank,Hazardous,18 - HUMAN AND ANIMAL HEALTH CARE WASTE,Natal care - diagnosis - treatment or prevention of disease in humans,amalgam waste from dental care,18 01 10*,Transfer,Clinical Waste Transfer,Havant,Hampshire,South East,Transfer (D),D15,0.001,01 - Chemical compound wastes,"Acid, alkalies or salts"
South West,"Bath, Bristol and S Glo",Bristol City,"Bristol, City of",402801,Professional Hygiene Ltd,PROFESSIONAL HYGIENE LIMITED,S0824 : Clinical Waste Transfer Station,353184,181502,BS11 0YB,User left blank,Hazardous,18 - HUMAN AND ANIMAL HEALTH CARE WASTE,Natal care - diagnosis - treatment or prevention of disease in humans,wastes whose collection and disposal is subject to special requirements in order to prevent infection,18 01 03*,Transfer,Clinical Waste Transfer,Havant,Hampshire,South East,Transfer (D),D15,1.0725,05 - Healthcare and biological wastes,Infectious health care wastes
South West,"Bath, Bristol and S Glo",Bristol City,"Bristol, City of",402801,Professional Hygiene Ltd,PROFESSIONAL HYGIENE LIMITED,S0824 : Clinical Waste Transfer Station,353184,181502,BS11 0YB,User left blank,Hhold/Ind/Com,18 - HUMAN AND ANIMAL HEALTH CARE WASTE,Natal care - diagnosis - treatment or prevention of disease in humans,"wastes whose collection and disposal is not subject to special requirements in order to prevent infection(for example dressings, plaster casts, linen, disposable clothing, diapers)",18 01 04,Transfer,Clinical Waste Transfer,Havant,Hampshire,South East,Transfer (D),D15,6.422,10 - Mixed ordinary wastes,Mixed and undifferentiated materials
South West,"Bath, Bristol and S Glo",Bristol City,"Bristol, City of",402801,Professional Hygiene Ltd,PROFESSIONAL HYGIENE LIMITED,S0824 : Clinical Waste Transfer Station,353184,181502,BS11 0YB,User left blank,Hazardous,18 - HUMAN AND ANIMAL HEALTH CARE WASTE,Natal care - diagnosis - treatment or prevention of disease in humans,amalgam waste from dental care,18 01 10*,Transfer,Clinical Waste Transfer,New Forest,Hampshire,South East,Transfer (D),D15,0.035,01 - Chemical compound wastes,"Acid, alkalies or salts"
South West,"Bath, Bristol and S Glo",Bristol City,"Bristol, City of",402801,Professional Hygiene Ltd,PROFESSIONAL HYGIENE LIMITED,S0824 : Clinical Waste Transfer Station,353184,181502,BS11 0YB,User left blank,Hazardous,18 - HUMAN AND ANIMAL HEALTH CARE WASTE,Natal care - diagnosis - treatment or prevention of disease in humans,wastes whose collection and disposal is subject to special requirements in order to prevent infection,18 01 03*,Transfer,Clinical Waste Transfer,New Forest,Hampshire,South East,Transfer (D),D15,0.6625,05 - Healthcare and biological wastes,Infectious health care wastes
South West,"Bath, Bristol and S Glo",Bristol City,"Bristol, City of",402801,Professional Hygiene Ltd,PROFESSIONAL HYGIENE LIMITED,S0824 : Clinical Waste Transfer Station,353184,181502,BS11 0YB,User left blank,Hhold/Ind/Com,18 - HUMAN AND ANIMAL HEALTH CARE WASTE,Natal care - diagnosis - treatment or prevention of disease in humans,"wastes whose collection and disposal is not subject to special requirements in order to prevent infection(for example dressings, plaster casts, linen, disposable clothing, diapers)",18 01 04,Transfer,Clinical Waste Transfer,New Forest,Hampshire,South East,Transfer (D),D15,0.032,10 - Mixed ordinary wastes,Mixed and undifferentiated materials
South West,"Bath, Bristol and S Glo",Bristol City,"Bristol, City of",402801,Professional Hygiene Ltd,PROFESSIONAL HYGIENE LIMITED,S0824 : Clinical Waste Transfer Station,353184,181502,BS11 0YB,User left blank,Hazardous,18 - HUMAN AND ANIMAL HEALTH CARE WASTE,Natal care - diagnosis - treatment or prevention of disease in humans,amalgam waste from dental care,18 01 10*,Transfer,Clinical Waste Transfer,Test Valley,Hampshire,South East,Transfer (D),D15,0.0115,01 - Chemical compound wastes,"Acid, alkalies or salts"
South West,"Bath, Bristol and S Glo",Bristol City,"Bristol, City of",402801,Professional Hygiene Ltd,PROFESSIONAL HYGIENE LIMITED,S0824 : Clinical Waste Transfer Station,353184,181502,BS11 0YB,User left blank,Hazardous,18 - HUMAN AND ANIMAL HEALTH CARE WASTE,Natal care - diagnosis - treatment or prevention of disease in humans,wastes whose collection and disposal is subject to special requirements in order to prevent infection,18 01 03*,Transfer,Clinical Waste Transfer,Test Valley,Hampshire,South East,Transfer (D),D15,0.989,05 - Healthcare and biological wastes,Infectious health care wastes
South West,"Bath, Bristol and S Glo",Bristol City,"Bristol, City of",402801,Professional Hygiene Ltd,PROFESSIONAL HYGIENE LIMITED,S0824 : Clinical Waste Transfer Station,353184,181502,BS11 0YB,User left blank,Hhold/Ind/Com,18 - HUMAN AND ANIMAL HEALTH CARE WASTE,Natal care - diagnosis - treatment or prevention of disease in humans,medicines other than those mentioned in 18 01 08,18 01 09,Transfer,Clinical Waste Transfer,Test Valley,Hampshire,South East,Transfer (D),D15,0.003,02 - Chemical preparation wastes,Off-specification chemical wastes
South West,"Bath, Bristol and S Glo",Bristol City,"Bristol, City of",402801,Professional Hygiene Ltd,PROFESSIONAL HYGIENE LIMITED,S0824 : Clinical Waste Transfer Station,353184,181502,BS11 0YB,User left blank,Hhold/Ind/Com,18 - HUMAN AND ANIMAL HEALTH CARE WASTE,Natal care - diagnosis - treatment or prevention of disease in humans,"wastes whose collection and disposal is not subject to special requirements in order to prevent infection(for example dressings, plaster casts, linen, disposable clothing, diapers)",18 01 04,Transfer,Clinical Waste Transfer,Test Valley,Hampshire,South East,Transfer (D),D15,0.7625,10 - Mixed ordinary wastes,Mixed and undifferentiated materials
South West,"Bath, Bristol and S Glo",Bristol City,"Bristol, City of",402801,Professional Hygiene Ltd,PROFESSIONAL HYGIENE LIMITED,S0824 : Clinical Waste Transfer Station,353184,181502,BS11 0YB,User left blank,Hazardous,18 - HUMAN AND ANIMAL HEALTH CARE WASTE,Natal care - diagnosis - treatment or prevention of disease in humans,amalgam waste from dental care,18 01 10*,Transfer,Clinical Waste Transfer,Harrow,Harrow,London,Transfer (D),D15,0.0005,01 - Chemical compound wastes,"Acid, alkalies or salts"
South West,"Bath, Bristol and S Glo",Bristol City,"Bristol, City of",402801,Professional Hygiene Ltd,PROFESSIONAL HYGIENE LIMITED,S0824 : Clinical Waste Transfer Station,353184,181502,BS11 0YB,User left blank,Hazardous,18 - HUMAN AND ANIMAL HEALTH CARE WASTE,Natal care - diagnosis - treatment or prevention of disease in humans,wastes whose collection and disposal is subject to special requirements in order to prevent infection,18 01 03*,Transfer,Clinical Waste Transfer,Harrow,Harrow,London,Transfer (D),D15,0.2435,05 - Healthcare and biological wastes,Infectious health care wastes
South West,"Bath, Bristol and S Glo",Bristol City,"Bristol, City of",402801,Professional Hygiene Ltd,PROFESSIONAL HYGIENE LIMITED,S0824 : Clinical Waste Transfer Station,353184,181502,BS11 0YB,User left blank,Hhold/Ind/Com,18 - HUMAN AND ANIMAL HEALTH CARE WASTE,Natal care - diagnosis - treatment or prevention of disease in humans,"wastes whose collection and disposal is not subject to special requirements in order to prevent infection(for example dressings, plaster casts, linen, disposable clothing, diapers)",18 01 04,Transfer,Clinical Waste Transfer,Harrow,Harrow,London,Transfer (D),D15,0.572,10 - Mixed ordinary wastes,Mixed and undifferentiated materials
South West,"Bath, Bristol and S Glo",Bristol City,"Bristol, City of",402801,Professional Hygiene Ltd,PROFESSIONAL HYGIENE LIMITED,S0824 : Clinical Waste Transfer Station,353184,181502,BS11 0YB,User left blank,Hazardous,18 - HUMAN AND ANIMAL HEALTH CARE WASTE,Natal care - diagnosis - treatment or prevention of disease in humans,amalgam waste from dental care,18 01 10*,Transfer,Clinical Waste Transfer,"Herefordshire, The County of",Herefordshire,West Midlands,Transfer (D),D15,0.0067,01 - Chemical compound wastes,"Acid, alkalies or salts"
South West,"Bath, Bristol and S Glo",Bristol City,"Bristol, City of",402801,Professional Hygiene Ltd,PROFESSIONAL HYGIENE LIMITED,S0824 : Clinical Waste Transfer Station,353184,181502,BS11 0YB,User left blank,Hazardous,18 - HUMAN AND ANIMAL HEALTH CARE WASTE,Natal care - diagnosis - treatment or prevention of disease in humans,wastes whose collection and disposal is subject to special requirements in order to prevent infection,18 01 03*,Transfer,Clinical Waste Transfer,"Herefordshire, The County of",Herefordshire,West Midlands,Transfer (D),D15,0.7505,05 - Healthcare and biological wastes,Infectious health care wastes
South West,"Bath, Bristol and S Glo",Bristol City,"Bristol, City of",402801,Professional Hygiene Ltd,PROFESSIONAL HYGIENE LIMITED,S0824 : Clinical Waste Transfer Station,353184,181502,BS11 0YB,User left blank,Hhold/Ind/Com,18 - HUMAN AND ANIMAL HEALTH CARE WASTE,Natal care - diagnosis - treatment or prevention of disease in humans,"wastes whose collection and disposal is not subject to special requirements in order to prevent infection(for example dressings, plaster casts, linen, disposable clothing, diapers)",18 01 04,Transfer,Clinical Waste Transfer,"Herefordshire, The County of",Herefordshire,West Midlands,Transfer (D),D15,0.4055,10 - Mixed ordinary wastes,Mixed and undifferentiated materials
South West,"Bath, Bristol and S Glo",Bristol City,"Bristol, City of",402801,Professional Hygiene Ltd,PROFESSIONAL HYGIENE LIMITED,S0824 : Clinical Waste Transfer Station,353184,181502,BS11 0YB,Liquid,Hhold/Ind/Com,18 - HUMAN AND ANIMAL HEALTH CARE WASTE,Natal care - diagnosis - treatment or prevention of disease in humans,sharps (except 18 01 03),18 01 01,Transfer,Clinical Waste Transfer,Hertfordshire,Hertfordshire,East of England,Transfer (D),D15,0.003,05 - Healthcare and biological wastes,Infectious health care wastes
South West,"Bath, Bristol and S Glo",Bristol City,"Bristol, City of",402801,Professional Hygiene Ltd,PROFESSIONAL HYGIENE LIMITED,S0824 : Clinical Waste Transfer Station,353184,181502,BS11 0YB,User left blank,Hazardous,18 - HUMAN AND ANIMAL HEALTH CARE WASTE,Natal care - diagnosis - treatment or prevention of disease in humans,amalgam waste from dental care,18 01 10*,Transfer,Clinical Waste Transfer,Hertfordshire,Hertfordshire,East of England,Transfer (D),D15,0.001,01 - Chemical compound wastes,"Acid, alkalies or salts"
South West,"Bath, Bristol and S Glo",Bristol City,"Bristol, City of",402801,Professional Hygiene Ltd,PROFESSIONAL HYGIENE LIMITED,S0824 : Clinical Waste Transfer Station,353184,181502,BS11 0YB,User left blank,Hazardous,18 - HUMAN AND ANIMAL HEALTH CARE WASTE,Natal care - diagnosis - treatment or prevention of disease in humans,wastes whose collection and disposal is subject to special requirements in order to prevent infection,18 01 03*,Transfer,Clinical Waste Transfer,Hertfordshire,Hertfordshire,East of England,Transfer (D),D15,1.31,05 - Healthcare and biological wastes,Infectious health care wastes
South West,"Bath, Bristol and S Glo",Bristol City,"Bristol, City of",402801,Professional Hygiene Ltd,PROFESSIONAL HYGIENE LIMITED,S0824 : Clinical Waste Transfer Station,353184,181502,BS11 0YB,User left blank,Hhold/Ind/Com,18 - HUMAN AND ANIMAL HEALTH CARE WASTE,Natal care - diagnosis - treatment or prevention of disease in humans,medicines other than those mentioned in 18 01 08,18 01 09,Transfer,Clinical Waste Transfer,Hertfordshire,Hertfordshire,East of England,Transfer (D),D15,0.0075,02 - Chemical preparation wastes,Off-specification chemical wastes
South West,"Bath, Bristol and S Glo",Bristol City,"Bristol, City of",402801,Professional Hygiene Ltd,PROFESSIONAL HYGIENE LIMITED,S0824 : Clinical Waste Transfer Station,353184,181502,BS11 0YB,User left blank,Hhold/Ind/Com,18 - HUMAN AND ANIMAL HEALTH CARE WASTE,Natal care - diagnosis - treatment or prevention of disease in humans,"wastes whose collection and disposal is not subject to special requirements in order to prevent infection(for example dressings, plaster casts, linen, disposable clothing, diapers)",18 01 04,Transfer,Clinical Waste Transfer,Hertfordshire,Hertfordshire,East of England,Transfer (D),D15,0.682,10 - Mixed ordinary wastes,Mixed and undifferentiated materials
South West,"Bath, Bristol and S Glo",Bristol City,"Bristol, City of",402801,Professional Hygiene Ltd,PROFESSIONAL HYGIENE LIMITED,S0824 : Clinical Waste Transfer Station,353184,181502,BS11 0YB,User left blank,Hhold/Ind/Com,18 - HUMAN AND ANIMAL HEALTH CARE WASTE,Natal care - diagnosis - treatment or prevention of disease in humans,"wastes whose collection and disposal is not subject to special requirements in order to prevent infection(for example dressings, plaster casts, linen, disposable clothing, diapers)",18 01 04,Transfer,Clinical Waste Transfer,Hertsmere,Hertfordshire,East of England,Transfer (D),D15,0.175,10 - Mixed ordinary wastes,Mixed and undifferentiated materials
South West,"Bath, Bristol and S Glo",Bristol City,"Bristol, City of",402801,Professional Hygiene Ltd,PROFESSIONAL HYGIENE LIMITED,S0824 : Clinical Waste Transfer Station,353184,181502,BS11 0YB,User left blank,Hazardous,18 - HUMAN AND ANIMAL HEALTH CARE WASTE,Natal care - diagnosis - treatment or prevention of disease in humans,amalgam waste from dental care,18 01 10*,Transfer,Clinical Waste Transfer,Watford,Hertfordshire,East of England,Transfer (D),D15,0.002,01 - Chemical compound wastes,"Acid, alkalies or salts"
South West,"Bath, Bristol and S Glo",Bristol City,"Bristol, City of",402801,Professional Hygiene Ltd,PROFESSIONAL HYGIENE LIMITED,S0824 : Clinical Waste Transfer Station,353184,181502,BS11 0YB,User left blank,Hhold/Ind/Com,18 - HUMAN AND ANIMAL HEALTH CARE WASTE,Natal care - diagnosis - treatment or prevention of disease in humans,"wastes whose collection and disposal is not subject to special requirements in order to prevent infection(for example dressings, plaster casts, linen, disposable clothing, diapers)",18 01 04,Transfer,Clinical Waste Transfer,Watford,Hertfordshire,East of England,Transfer (D),D15,0.572,10 - Mixed ordinary wastes,Mixed and undifferentiated materials
South West,"Bath, Bristol and S Glo",Bristol City,"Bristol, City of",402801,Professional Hygiene Ltd,PROFESSIONAL HYGIENE LIMITED,S0824 : Clinical Waste Transfer Station,353184,181502,BS11 0YB,User left blank,Hazardous,18 - HUMAN AND ANIMAL HEALTH CARE WASTE,Natal care - diagnosis - treatment or prevention of disease in humans,amalgam waste from dental care,18 01 10*,Transfer,Clinical Waste Transfer,Welwyn Hatfield,Hertfordshire,East of England,Transfer (D),D15,0.0035,01 - Chemical compound wastes,"Acid, alkalies or salts"
South West,"Bath, Bristol and S Glo",Bristol City,"Bristol, City of",402801,Professional Hygiene Ltd,PROFESSIONAL HYGIENE LIMITED,S0824 : Clinical Waste Transfer Station,353184,181502,BS11 0YB,User left blank,Hazardous,18 - HUMAN AND ANIMAL HEALTH CARE WASTE,Natal care - diagnosis - treatment or prevention of disease in humans,wastes whose collection and disposal is subject to special requirements in order to prevent infection,18 01 03*,Transfer,Clinical Waste Transfer,Welwyn Hatfield,Hertfordshire,East of England,Transfer (D),D15,0.424,05 - Healthcare and biological wastes,Infectious health care wastes
South West,"Bath, Bristol and S Glo",Bristol City,"Bristol, City of",402801,Professional Hygiene Ltd,PROFESSIONAL HYGIENE LIMITED,S0824 : Clinical Waste Transfer Station,353184,181502,BS11 0YB,User left blank,Hhold/Ind/Com,18 - HUMAN AND ANIMAL HEALTH CARE WASTE,Natal care - diagnosis - treatment or prevention of disease in humans,"wastes whose collection and disposal is not subject to special requirements in order to prevent infection(for example dressings, plaster casts, linen, disposable clothing, diapers)",18 01 04,Transfer,Clinical Waste Transfer,Welwyn Hatfield,Hertfordshire,East of England,Transfer (D),D15,0.0315,10 - Mixed ordinary wastes,Mixed and undifferentiated materials
South West,"Bath, Bristol and S Glo",Bristol City,"Bristol, City of",402801,Professional Hygiene Ltd,PROFESSIONAL HYGIENE LIMITED,S0824 : Clinical Waste Transfer Station,353184,181502,BS11 0YB,User left blank,Hazardous,18 - HUMAN AND ANIMAL HEALTH CARE WASTE,Natal care - diagnosis - treatment or prevention of disease in humans,wastes whose collection and disposal is subject to special requirements in order to prevent infection,18 01 03*,Transfer,Clinical Waste Transfer,Hillingdon,Hillingdon,London,Transfer (D),D15,0.0585,05 - Healthcare and biological wastes,Infectious health care wastes
South West,"Bath, Bristol and S Glo",Bristol City,"Bristol, City of",402801,Professional Hygiene Ltd,PROFESSIONAL HYGIENE LIMITED,S0824 : Clinical Waste Transfer Station,353184,181502,BS11 0YB,User left blank,Hhold/Ind/Com,18 - HUMAN AND ANIMAL HEALTH CARE WASTE,Natal care - diagnosis - treatment or prevention of disease in humans,medicines other than those mentioned in 18 01 08,18 01 09,Transfer,Clinical Waste Transfer,Hillingdon,Hillingdon,London,Transfer (D),D15,0.555,02 - Chemical preparation wastes,Off-specification chemical wastes
South West,"Bath, Bristol and S Glo",Bristol City,"Bristol, City of",402801,Professional Hygiene Ltd,PROFESSIONAL HYGIENE LIMITED,S0824 : Clinical Waste Transfer Station,353184,181502,BS11 0YB,User left blank,Hazardous,18 - HUMAN AND ANIMAL HEALTH CARE WASTE,Natal care - diagnosis - treatment or prevention of disease in humans,cytotoxic and cytostatic medicines,18 01 08*,Transfer,Clinical Waste Transfer,Islington,Islington,London,Transfer (D),D15,0.001,02 - Chemical preparation wastes,Off-specification chemical wastes
South West,"Bath, Bristol and S Glo",Bristol City,"Bristol, City of",402801,Professional Hygiene Ltd,PROFESSIONAL HYGIENE LIMITED,S0824 : Clinical Waste Transfer Station,353184,181502,BS11 0YB,User left blank,Hazardous,18 - HUMAN AND ANIMAL HEALTH CARE WASTE,Natal care - diagnosis - treatment or prevention of disease in humans,wastes whose collection and disposal is subject to special requirements in order to prevent infection,18 01 03*,Transfer,Clinical Waste Transfer,Islington,Islington,London,Transfer (D),D15,1.715,05 - Healthcare and biological wastes,Infectious health care wastes
South West,"Bath, Bristol and S Glo",Bristol City,"Bristol, City of",402801,Professional Hygiene Ltd,PROFESSIONAL HYGIENE LIMITED,S0824 : Clinical Waste Transfer Station,353184,181502,BS11 0YB,User left blank,Hhold/Ind/Com,18 - HUMAN AND ANIMAL HEALTH CARE WASTE,Natal care - diagnosis - treatment or prevention of disease in humans,"wastes whose collection and disposal is not subject to special requirements in order to prevent infection(for example dressings, plaster casts, linen, disposable clothing, diapers)",18 01 04,Transfer,Clinical Waste Transfer,Islington,Islington,London,Transfer (D),D15,0.258,10 - Mixed ordinary wastes,Mixed and undifferentiated materials
South West,"Bath, Bristol and S Glo",Bristol City,"Bristol, City of",402801,Professional Hygiene Ltd,PROFESSIONAL HYGIENE LIMITED,S0824 : Clinical Waste Transfer Station,353184,181502,BS11 0YB,Liquid,Hhold/Ind/Com,18 - HUMAN AND ANIMAL HEALTH CARE WASTE,Natal care - diagnosis - treatment or prevention of disease in humans,sharps (except 18 01 03),18 01 01,Transfer,Clinical Waste Transfer,Kensington and Chelsea,Kensington and Chelsea,London,Transfer (D),D15,0.005,05 - Healthcare and biological wastes,Infectious health care wastes
South West,"Bath, Bristol and S Glo",Bristol City,"Bristol, City of",402801,Professional Hygiene Ltd,PROFESSIONAL HYGIENE LIMITED,S0824 : Clinical Waste Transfer Station,353184,181502,BS11 0YB,User left blank,Hazardous,18 - HUMAN AND ANIMAL HEALTH CARE WASTE,Natal care - diagnosis - treatment or prevention of disease in humans,amalgam waste from dental care,18 01 10*,Transfer,Clinical Waste Transfer,Kensington and Chelsea,Kensington and Chelsea,London,Transfer (D),D15,0.014,01 - Chemical compound wastes,"Acid, alkalies or salts"
South West,"Bath, Bristol and S Glo",Bristol City,"Bristol, City of",402801,Professional Hygiene Ltd,PROFESSIONAL HYGIENE LIMITED,S0824 : Clinical Waste Transfer Station,353184,181502,BS11 0YB,User left blank,Hazardous,18 - HUMAN AND ANIMAL HEALTH CARE WASTE,Natal care - diagnosis - treatment or prevention of disease in humans,cytotoxic and cytostatic medicines,18 01 08*,Transfer,Clinical Waste Transfer,Kensington and Chelsea,Kensington and Chelsea,London,Transfer (D),D15,0.001,02 - Chemical preparation wastes,Off-specification chemical wastes
South West,"Bath, Bristol and S Glo",Bristol City,"Bristol, City of",402801,Professional Hygiene Ltd,PROFESSIONAL HYGIENE LIMITED,S0824 : Clinical Waste Transfer Station,353184,181502,BS11 0YB,User left blank,Hazardous,18 - HUMAN AND ANIMAL HEALTH CARE WASTE,Natal care - diagnosis - treatment or prevention of disease in humans,wastes whose collection and disposal is subject to special requirements in order to prevent infection,18 01 03*,Transfer,Clinical Waste Transfer,Kensington and Chelsea,Kensington and Chelsea,London,Transfer (D),D15,1.523,05 - Healthcare and biological wastes,Infectious health care wastes
South West,"Bath, Bristol and S Glo",Bristol City,"Bristol, City of",402801,Professional Hygiene Ltd,PROFESSIONAL HYGIENE LIMITED,S0824 : Clinical Waste Transfer Station,353184,181502,BS11 0YB,User left blank,Hhold/Ind/Com,18 - HUMAN AND ANIMAL HEALTH CARE WASTE,Natal care - diagnosis - treatment or prevention of disease in humans,medicines other than those mentioned in 18 01 08,18 01 09,Transfer,Clinical Waste Transfer,Kensington and Chelsea,Kensington and Chelsea,London,Transfer (D),D15,0.0045,02 - Chemical preparation wastes,Off-specification chemical wastes
South West,"Bath, Bristol and S Glo",Bristol City,"Bristol, City of",402801,Professional Hygiene Ltd,PROFESSIONAL HYGIENE LIMITED,S0824 : Clinical Waste Transfer Station,353184,181502,BS11 0YB,User left blank,Hhold/Ind/Com,18 - HUMAN AND ANIMAL HEALTH CARE WASTE,Natal care - diagnosis - treatment or prevention of disease in humans,"wastes whose collection and disposal is not subject to special requirements in order to prevent infection(for example dressings, plaster casts, linen, disposable clothing, diapers)",18 01 04,Transfer,Clinical Waste Transfer,Kensington and Chelsea,Kensington and Chelsea,London,Transfer (D),D15,0.376,10 - Mixed ordinary wastes,Mixed and undifferentiated materials
South West,"Bath, Bristol and S Glo",Bristol City,"Bristol, City of",402801,Professional Hygiene Ltd,PROFESSIONAL HYGIENE LIMITED,S0824 : Clinical Waste Transfer Station,353184,181502,BS11 0YB,Liquid,Hhold/Ind/Com,18 - HUMAN AND ANIMAL HEALTH CARE WASTE,Natal care - diagnosis - treatment or prevention of disease in humans,sharps (except 18 01 03),18 01 01,Transfer,Clinical Waste Transfer,Kingston upon Thames,Kingston Upon Thames,London,Transfer (D),D15,0.0015,05 - Healthcare and biological wastes,Infectious health care wastes
South West,"Bath, Bristol and S Glo",Bristol City,"Bristol, City of",402801,Professional Hygiene Ltd,PROFESSIONAL HYGIENE LIMITED,S0824 : Clinical Waste Transfer Station,353184,181502,BS11 0YB,User left blank,Hazardous,18 - HUMAN AND ANIMAL HEALTH CARE WASTE,Natal care - diagnosis - treatment or prevention of disease in humans,wastes whose collection and disposal is subject to special requirements in order to prevent infection,18 01 03*,Transfer,Clinical Waste Transfer,Kingston upon Thames,Kingston Upon Thames,London,Transfer (D),D15,0.1375,05 - Healthcare and biological wastes,Infectious health care wastes
South West,"Bath, Bristol and S Glo",Bristol City,"Bristol, City of",402801,Professional Hygiene Ltd,PROFESSIONAL HYGIENE LIMITED,S0824 : Clinical Waste Transfer Station,353184,181502,BS11 0YB,User left blank,Hazardous,18 - HUMAN AND ANIMAL HEALTH CARE WASTE,Natal care - diagnosis - treatment or prevention of disease in humans,amalgam waste from dental care,18 01 10*,Transfer,Clinical Waste Transfer,Lambeth,Lambeth,London,Transfer (D),D15,0.0017,01 - Chemical compound wastes,"Acid, alkalies or salts"
South West,"Bath, Bristol and S Glo",Bristol City,"Bristol, City of",402801,Professional Hygiene Ltd,PROFESSIONAL HYGIENE LIMITED,S0824 : Clinical Waste Transfer Station,353184,181502,BS11 0YB,User left blank,Hazardous,18 - HUMAN AND ANIMAL HEALTH CARE WASTE,Natal care - diagnosis - treatment or prevention of disease in humans,wastes whose collection and disposal is subject to special requirements in order to prevent infection,18 01 03*,Transfer,Clinical Waste Transfer,Lambeth,Lambeth,London,Transfer (D),D15,1.9265,05 - Healthcare and biological wastes,Infectious health care wastes
South West,"Bath, Bristol and S Glo",Bristol City,"Bristol, City of",402801,Professional Hygiene Ltd,PROFESSIONAL HYGIENE LIMITED,S0824 : Clinical Waste Transfer Station,353184,181502,BS11 0YB,User left blank,Hazardous,18 - HUMAN AND ANIMAL HEALTH CARE WASTE,Natal care - diagnosis - treatment or prevention of disease in humans,wastes whose collection and disposal is subject to special requirements in order to prevent infection,18 01 03*,Transfer,Clinical Waste Transfer,Hinckley and Bosworth,Leicestershire,East Midlands,Transfer (D),D15,1.6065,05 - Healthcare and biological wastes,Infectious health care wastes
South West,"Bath, Bristol and S Glo",Bristol City,"Bristol, City of",402801,Professional Hygiene Ltd,PROFESSIONAL HYGIENE LIMITED,S0824 : Clinical Waste Transfer Station,353184,181502,BS11 0YB,Liquid,Hhold/Ind/Com,18 - HUMAN AND ANIMAL HEALTH CARE WASTE,Natal care - diagnosis - treatment or prevention of disease in humans,sharps (except 18 01 03),18 01 01,Transfer,Clinical Waste Transfer,London,London (WPA Not codeable),London,Transfer (D),D15,0.033,05 - Healthcare and biological wastes,Infectious health care wastes
South West,"Bath, Bristol and S Glo",Bristol City,"Bristol, City of",402801,Professional Hygiene Ltd,PROFESSIONAL HYGIENE LIMITED,S0824 : Clinical Waste Transfer Station,353184,181502,BS11 0YB,User left blank,Hazardous,18 - HUMAN AND ANIMAL HEALTH CARE WASTE,Natal care - diagnosis - treatment or prevention of disease in humans,amalgam waste from dental care,18 01 10*,Transfer,Clinical Waste Transfer,London,London (WPA Not codeable),London,Transfer (D),D15,0.0052,01 - Chemical compound wastes,"Acid, alkalies or salts"
South West,"Bath, Bristol and S Glo",Bristol City,"Bristol, City of",402801,Professional Hygiene Ltd,PROFESSIONAL HYGIENE LIMITED,S0824 : Clinical Waste Transfer Station,353184,181502,BS11 0YB,User left blank,Hazardous,18 - HUMAN AND ANIMAL HEALTH CARE WASTE,Natal care - diagnosis - treatment or prevention of disease in humans,cytotoxic and cytostatic medicines,18 01 08*,Transfer,Clinical Waste Transfer,London,London (WPA Not codeable),London,Transfer (D),D15,0.0205,02 - Chemical preparation wastes,Off-specification chemical wastes
South West,"Bath, Bristol and S Glo",Bristol City,"Bristol, City of",402801,Professional Hygiene Ltd,PROFESSIONAL HYGIENE LIMITED,S0824 : Clinical Waste Transfer Station,353184,181502,BS11 0YB,User left blank,Hazardous,18 - HUMAN AND ANIMAL HEALTH CARE WASTE,Natal care - diagnosis - treatment or prevention of disease in humans,wastes whose collection and disposal is subject to special requirements in order to prevent infection,18 01 03*,Transfer,Clinical Waste Transfer,London,London (WPA Not codeable),London,Transfer (D),D15,5.8105,05 - Healthcare and biological wastes,Infectious health care wastes
South West,"Bath, Bristol and S Glo",Bristol City,"Bristol, City of",402801,Professional Hygiene Ltd,PROFESSIONAL HYGIENE LIMITED,S0824 : Clinical Waste Transfer Station,353184,181502,BS11 0YB,User left blank,Hhold/Ind/Com,18 - HUMAN AND ANIMAL HEALTH CARE WASTE,Natal care - diagnosis - treatment or prevention of disease in humans,medicines other than those mentioned in 18 01 08,18 01 09,Transfer,Clinical Waste Transfer,London,London (WPA Not codeable),London,Transfer (D),D15,0.0015,02 - Chemical preparation wastes,Off-specification chemical wastes
South West,"Bath, Bristol and S Glo",Bristol City,"Bristol, City of",402801,Professional Hygiene Ltd,PROFESSIONAL HYGIENE LIMITED,S0824 : Clinical Waste Transfer Station,353184,181502,BS11 0YB,User left blank,Hhold/Ind/Com,18 - HUMAN AND ANIMAL HEALTH CARE WASTE,Natal care - diagnosis - treatment or prevention of disease in humans,"wastes whose collection and disposal is not subject to special requirements in order to prevent infection(for example dressings, plaster casts, linen, disposable clothing, diapers)",18 01 04,Transfer,Clinical Waste Transfer,London,London (WPA Not codeable),London,Transfer (D),D15,4.834,10 - Mixed ordinary wastes,Mixed and undifferentiated materials
South West,"Bath, Bristol and S Glo",Bristol City,"Bristol, City of",402801,Professional Hygiene Ltd,PROFESSIONAL HYGIENE LIMITED,S0824 : Clinical Waste Transfer Station,353184,181502,BS11 0YB,User left blank,Hazardous,18 - HUMAN AND ANIMAL HEALTH CARE WASTE,Natal care - diagnosis - treatment or prevention of disease in humans,wastes whose collection and disposal is subject to special requirements in order to prevent infection,18 01 03*,Transfer,Clinical Waste Transfer,Luton,Luton,East of England,Transfer (D),D15,0.3365,05 - Healthcare and biological wastes,Infectious health care wastes
South West,"Bath, Bristol and S Glo",Bristol City,"Bristol, City of",402801,Professional Hygiene Ltd,PROFESSIONAL HYGIENE LIMITED,S0824 : Clinical Waste Transfer Station,353184,181502,BS11 0YB,User left blank,Hhold/Ind/Com,18 - HUMAN AND ANIMAL HEALTH CARE WASTE,Natal care - diagnosis - treatment or prevention of disease in humans,"wastes whose collection and disposal is not subject to special requirements in order to prevent infection(for example dressings, plaster casts, linen, disposable clothing, diapers)",18 01 04,Transfer,Clinical Waste Transfer,Luton,Luton,East of England,Transfer (D),D15,0.24,10 - Mixed ordinary wastes,Mixed and undifferentiated materials
South West,"Bath, Bristol and S Glo",Bristol City,"Bristol, City of",402801,Professional Hygiene Ltd,PROFESSIONAL HYGIENE LIMITED,S0824 : Clinical Waste Transfer Station,353184,181502,BS11 0YB,User left blank,Hazardous,18 - HUMAN AND ANIMAL HEALTH CARE WASTE,Natal care - diagnosis - treatment or prevention of disease in humans,wastes whose collection and disposal is subject to special requirements in order to prevent infection,18 01 03*,Transfer,Clinical Waste Transfer,Milton Keynes,Milton Keynes,South East,Transfer (D),D15,0.2615,05 - Healthcare and biological wastes,Infectious health care wastes
South West,"Bath, Bristol and S Glo",Bristol City,"Bristol, City of",402801,Professional Hygiene Ltd,PROFESSIONAL HYGIENE LIMITED,S0824 : Clinical Waste Transfer Station,353184,181502,BS11 0YB,User left blank,Hhold/Ind/Com,18 - HUMAN AND ANIMAL HEALTH CARE WASTE,Natal care - diagnosis - treatment or prevention of disease in humans,"wastes whose collection and disposal is not subject to special requirements in order to prevent infection(for example dressings, plaster casts, linen, disposable clothing, diapers)",18 01 04,Transfer,Clinical Waste Transfer,Milton Keynes,Milton Keynes,South East,Transfer (D),D15,0.129,10 - Mixed ordinary wastes,Mixed and undifferentiated materials
South West,"Bath, Bristol and S Glo",Bristol City,"Bristol, City of",402801,Professional Hygiene Ltd,PROFESSIONAL HYGIENE LIMITED,S0824 : Clinical Waste Transfer Station,353184,181502,BS11 0YB,User left blank,Hazardous,18 - HUMAN AND ANIMAL HEALTH CARE WASTE,Natal care - diagnosis - treatment or prevention of disease in humans,amalgam waste from dental care,18 01 10*,Transfer,Clinical Waste Transfer,Breckland,Norfolk,East of England,Transfer (D),D15,0.0187,01 - Chemical compound wastes,"Acid, alkalies or salts"
South West,"Bath, Bristol and S Glo",Bristol City,"Bristol, City of",402801,Professional Hygiene Ltd,PROFESSIONAL HYGIENE LIMITED,S0824 : Clinical Waste Transfer Station,353184,181502,BS11 0YB,User left blank,Hazardous,18 - HUMAN AND ANIMAL HEALTH CARE WASTE,Natal care - diagnosis - treatment or prevention of disease in humans,cytotoxic and cytostatic medicines,18 01 08*,Transfer,Clinical Waste Transfer,Breckland,Norfolk,East of England,Transfer (D),D15,0.002,02 - Chemical preparation wastes,Off-specification chemical wastes
South West,"Bath, Bristol and S Glo",Bristol City,"Bristol, City of",402801,Professional Hygiene Ltd,PROFESSIONAL HYGIENE LIMITED,S0824 : Clinical Waste Transfer Station,353184,181502,BS11 0YB,User left blank,Hazardous,18 - HUMAN AND ANIMAL HEALTH CARE WASTE,Natal care - diagnosis - treatment or prevention of disease in humans,wastes whose collection and disposal is subject to special requirements in order to prevent infection,18 01 03*,Transfer,Clinical Waste Transfer,Breckland,Norfolk,East of England,Transfer (D),D15,2.2675,05 - Healthcare and biological wastes,Infectious health care wastes
South West,"Bath, Bristol and S Glo",Bristol City,"Bristol, City of",402801,Professional Hygiene Ltd,PROFESSIONAL HYGIENE LIMITED,S0824 : Clinical Waste Transfer Station,353184,181502,BS11 0YB,User left blank,Hhold/Ind/Com,18 - HUMAN AND ANIMAL HEALTH CARE WASTE,Natal care - diagnosis - treatment or prevention of disease in humans,"wastes whose collection and disposal is not subject to special requirements in order to prevent infection(for example dressings, plaster casts, linen, disposable clothing, diapers)",18 01 04,Transfer,Clinical Waste Transfer,Breckland,Norfolk,East of England,Transfer (D),D15,0.0315,10 - Mixed ordinary wastes,Mixed and undifferentiated materials
South West,"Bath, Bristol and S Glo",Bristol City,"Bristol, City of",402801,Professional Hygiene Ltd,PROFESSIONAL HYGIENE LIMITED,S0824 : Clinical Waste Transfer Station,353184,181502,BS11 0YB,User left blank,Hazardous,18 - HUMAN AND ANIMAL HEALTH CARE WASTE,Natal care - diagnosis - treatment or prevention of disease in humans,amalgam waste from dental care,18 01 10*,Transfer,Clinical Waste Transfer,Norfolk,Norfolk,East of England,Transfer (D),D15,0.0163,01 - Chemical compound wastes,"Acid, alkalies or salts"
South West,"Bath, Bristol and S Glo",Bristol City,"Bristol, City of",402801,Professional Hygiene Ltd,PROFESSIONAL HYGIENE LIMITED,S0824 : Clinical Waste Transfer Station,353184,181502,BS11 0YB,User left blank,Hazardous,18 - HUMAN AND ANIMAL HEALTH CARE WASTE,Natal care - diagnosis - treatment or prevention of disease in humans,wastes whose collection and disposal is subject to special requirements in order to prevent infection,18 01 03*,Transfer,Clinical Waste Transfer,Norfolk,Norfolk,East of England,Transfer (D),D15,2.0555,05 - Healthcare and biological wastes,Infectious health care wastes
South West,"Bath, Bristol and S Glo",Bristol City,"Bristol, City of",402801,Professional Hygiene Ltd,PROFESSIONAL HYGIENE LIMITED,S0824 : Clinical Waste Transfer Station,353184,181502,BS11 0YB,User left blank,Hhold/Ind/Com,18 - HUMAN AND ANIMAL HEALTH CARE WASTE,Natal care - diagnosis - treatment or prevention of disease in humans,medicines other than those mentioned in 18 01 08,18 01 09,Transfer,Clinical Waste Transfer,Norfolk,Norfolk,East of England,Transfer (D),D15,0.0015,02 - Chemical preparation wastes,Off-specification chemical wastes
South West,"Bath, Bristol and S Glo",Bristol City,"Bristol, City of",402801,Professional Hygiene Ltd,PROFESSIONAL HYGIENE LIMITED,S0824 : Clinical Waste Transfer Station,353184,181502,BS11 0YB,User left blank,Hhold/Ind/Com,18 - HUMAN AND ANIMAL HEALTH CARE WASTE,Natal care - diagnosis - treatment or prevention of disease in humans,"wastes whose collection and disposal is not subject to special requirements in order to prevent infection(for example dressings, plaster casts, linen, disposable clothing, diapers)",18 01 04,Transfer,Clinical Waste Transfer,Norfolk,Norfolk,East of England,Transfer (D),D15,0.0855,10 - Mixed ordinary wastes,Mixed and undifferentiated materials
South West,"Bath, Bristol and S Glo",Bristol City,"Bristol, City of",402801,Professional Hygiene Ltd,PROFESSIONAL HYGIENE LIMITED,S0824 : Clinical Waste Transfer Station,353184,181502,BS11 0YB,Liquid,Hhold/Ind/Com,18 - HUMAN AND ANIMAL HEALTH CARE WASTE,Natal care - diagnosis - treatment or prevention of disease in humans,sharps (except 18 01 03),18 01 01,Transfer,Clinical Waste Transfer,North Somerset,North Somerset,South West,Transfer (D),D15,0.028,05 - Healthcare and biological wastes,Infectious health care wastes
South West,"Bath, Bristol and S Glo",Bristol City,"Bristol, City of",402801,Professional Hygiene Ltd,PROFESSIONAL HYGIENE LIMITED,S0824 : Clinical Waste Transfer Station,353184,181502,BS11 0YB,User left blank,Hazardous,18 - HUMAN AND ANIMAL HEALTH CARE WASTE,Natal care - diagnosis - treatment or prevention of disease in humans,amalgam waste from dental care,18 01 10*,Transfer,Clinical Waste Transfer,North Somerset,North Somerset,South West,Transfer (D),D15,0.0749,01 - Chemical compound wastes,"Acid, alkalies or salts"
South West,"Bath, Bristol and S Glo",Bristol City,"Bristol, City of",402801,Professional Hygiene Ltd,PROFESSIONAL HYGIENE LIMITED,S0824 : Clinical Waste Transfer Station,353184,181502,BS11 0YB,User left blank,Hazardous,18 - HUMAN AND ANIMAL HEALTH CARE WASTE,Natal care - diagnosis - treatment or prevention of disease in humans,cytotoxic and cytostatic medicines,18 01 08*,Transfer,Clinical Waste Transfer,North Somerset,North Somerset,South West,Transfer (D),D15,0.008,02 - Chemical preparation wastes,Off-specification chemical wastes
South West,"Bath, Bristol and S Glo",Bristol City,"Bristol, City of",402801,Professional Hygiene Ltd,PROFESSIONAL HYGIENE LIMITED,S0824 : Clinical Waste Transfer Station,353184,181502,BS11 0YB,User left blank,Hazardous,18 - HUMAN AND ANIMAL HEALTH CARE WASTE,Natal care - diagnosis - treatment or prevention of disease in humans,wastes whose collection and disposal is subject to special requirements in order to prevent infection,18 01 03*,Transfer,Clinical Waste Transfer,North Somerset,North Somerset,South West,Transfer (D),D15,19.403,05 - Healthcare and biological wastes,Infectious health care wastes
South West,"Bath, Bristol and S Glo",Bristol City,"Bristol, City of",402801,Professional Hygiene Ltd,PROFESSIONAL HYGIENE LIMITED,S0824 : Clinical Waste Transfer Station,353184,181502,BS11 0YB,User left blank,Hhold/Ind/Com,18 - HUMAN AND ANIMAL HEALTH CARE WASTE,Natal care - diagnosis - treatment or prevention of disease in humans,medicines other than those mentioned in 18 01 08,18 01 09,Transfer,Clinical Waste Transfer,North Somerset,North Somerset,South West,Transfer (D),D15,0.0645,02 - Chemical preparation wastes,Off-specification chemical wastes
South West,"Bath, Bristol and S Glo",Bristol City,"Bristol, City of",402801,Professional Hygiene Ltd,PROFESSIONAL HYGIENE LIMITED,S0824 : Clinical Waste Transfer Station,353184,181502,BS11 0YB,User left blank,Hhold/Ind/Com,18 - HUMAN AND ANIMAL HEALTH CARE WASTE,Natal care - diagnosis - treatment or prevention of disease in humans,"wastes whose collection and disposal is not subject to special requirements in order to prevent infection(for example dressings, plaster casts, linen, disposable clothing, diapers)",18 01 04,Transfer,Clinical Waste Transfer,North Somerset,North Somerset,South West,Transfer (D),D15,32.2105,10 - Mixed ordinary wastes,Mixed and undifferentiated materials
South West,"Bath, Bristol and S Glo",Bristol City,"Bristol, City of",402801,Professional Hygiene Ltd,PROFESSIONAL HYGIENE LIMITED,S0824 : Clinical Waste Transfer Station,353184,181502,BS11 0YB,User left blank,Hazardous,18 - HUMAN AND ANIMAL HEALTH CARE WASTE,Natal care - diagnosis - treatment or prevention of disease in humans,wastes whose collection and disposal is subject to special requirements in order to prevent infection,18 01 03*,Transfer,Clinical Waste Transfer,North West,North West (WPA Not codeable),North West,Transfer (D),D15,0.8305,05 - Healthcare and biological wastes,Infectious health care wastes
South West,"Bath, Bristol and S Glo",Bristol City,"Bristol, City of",402801,Professional Hygiene Ltd,PROFESSIONAL HYGIENE LIMITED,S0824 : Clinical Waste Transfer Station,353184,181502,BS11 0YB,User left blank,Hhold/Ind/Com,18 - HUMAN AND ANIMAL HEALTH CARE WASTE,Natal care - diagnosis - treatment or prevention of disease in humans,medicines other than those mentioned in 18 01 08,18 01 09,Transfer,Clinical Waste Transfer,North West,North West (WPA Not codeable),North West,Transfer (D),D15,0.0015,02 - Chemical preparation wastes,Off-specification chemical wastes
South West,"Bath, Bristol and S Glo",Bristol City,"Bristol, City of",402801,Professional Hygiene Ltd,PROFESSIONAL HYGIENE LIMITED,S0824 : Clinical Waste Transfer Station,353184,181502,BS11 0YB,User left blank,Hhold/Ind/Com,18 - HUMAN AND ANIMAL HEALTH CARE WASTE,Natal care - diagnosis - treatment or prevention of disease in humans,"wastes whose collection and disposal is not subject to special requirements in order to prevent infection(for example dressings, plaster casts, linen, disposable clothing, diapers)",18 01 04,Transfer,Clinical Waste Transfer,North West,North West (WPA Not codeable),North West,Transfer (D),D15,0.035,10 - Mixed ordinary wastes,Mixed and undifferentiated materials
South West,"Bath, Bristol and S Glo",Bristol City,"Bristol, City of",402801,Professional Hygiene Ltd,PROFESSIONAL HYGIENE LIMITED,S0824 : Clinical Waste Transfer Station,353184,181502,BS11 0YB,User left blank,Hazardous,18 - HUMAN AND ANIMAL HEALTH CARE WASTE,Natal care - diagnosis - treatment or prevention of disease in humans,wastes whose collection and disposal is subject to special requirements in order to prevent infection,18 01 03*,Transfer,Clinical Waste Transfer,Oxford,Oxfordshire,South East,Transfer (D),D15,0.055,05 - Healthcare and biological wastes,Infectious health care wastes
South West,"Bath, Bristol and S Glo",Bristol City,"Bristol, City of",402801,Professional Hygiene Ltd,PROFESSIONAL HYGIENE LIMITED,S0824 : Clinical Waste Transfer Station,353184,181502,BS11 0YB,User left blank,Hhold/Ind/Com,18 - HUMAN AND ANIMAL HEALTH CARE WASTE,Natal care - diagnosis - treatment or prevention of disease in humans,"wastes whose collection and disposal is not subject to special requirements in order to prevent infection(for example dressings, plaster casts, linen, disposable clothing, diapers)",18 01 04,Transfer,Clinical Waste Transfer,Oxford,Oxfordshire,South East,Transfer (D),D15,0.098,10 - Mixed ordinary wastes,Mixed and undifferentiated materials
South West,"Bath, Bristol and S Glo",Bristol City,"Bristol, City of",402801,Professional Hygiene Ltd,PROFESSIONAL HYGIENE LIMITED,S0824 : Clinical Waste Transfer Station,353184,181502,BS11 0YB,Liquid,Hhold/Ind/Com,18 - HUMAN AND ANIMAL HEALTH CARE WASTE,Natal care - diagnosis - treatment or prevention of disease in humans,sharps (except 18 01 03),18 01 01,Transfer,Clinical Waste Transfer,Oxfordshire,Oxfordshire,South East,Transfer (D),D15,0.002,05 - Healthcare and biological wastes,Infectious health care wastes
South West,"Bath, Bristol and S Glo",Bristol City,"Bristol, City of",402801,Professional Hygiene Ltd,PROFESSIONAL HYGIENE LIMITED,S0824 : Clinical Waste Transfer Station,353184,181502,BS11 0YB,User left blank,Hazardous,18 - HUMAN AND ANIMAL HEALTH CARE WASTE,Natal care - diagnosis - treatment or prevention of disease in humans,amalgam waste from dental care,18 01 10*,Transfer,Clinical Waste Transfer,Oxfordshire,Oxfordshire,South East,Transfer (D),D15,0.0005,01 - Chemical compound wastes,"Acid, alkalies or salts"
South West,"Bath, Bristol and S Glo",Bristol City,"Bristol, City of",402801,Professional Hygiene Ltd,PROFESSIONAL HYGIENE LIMITED,S0824 : Clinical Waste Transfer Station,353184,181502,BS11 0YB,User left blank,Hazardous,18 - HUMAN AND ANIMAL HEALTH CARE WASTE,Natal care - diagnosis - treatment or prevention of disease in humans,wastes whose collection and disposal is subject to special requirements in order to prevent infection,18 01 03*,Transfer,Clinical Waste Transfer,Oxfordshire,Oxfordshire,South East,Transfer (D),D15,0.461,05 - Healthcare and biological wastes,Infectious health care wastes
South West,"Bath, Bristol and S Glo",Bristol City,"Bristol, City of",402801,Professional Hygiene Ltd,PROFESSIONAL HYGIENE LIMITED,S0824 : Clinical Waste Transfer Station,353184,181502,BS11 0YB,User left blank,Hhold/Ind/Com,18 - HUMAN AND ANIMAL HEALTH CARE WASTE,Natal care - diagnosis - treatment or prevention of disease in humans,medicines other than those mentioned in 18 01 08,18 01 09,Transfer,Clinical Waste Transfer,Oxfordshire,Oxfordshire,South East,Transfer (D),D15,0.0015,02 - Chemical preparation wastes,Off-specification chemical wastes
South West,"Bath, Bristol and S Glo",Bristol City,"Bristol, City of",402801,Professional Hygiene Ltd,PROFESSIONAL HYGIENE LIMITED,S0824 : Clinical Waste Transfer Station,353184,181502,BS11 0YB,User left blank,Hhold/Ind/Com,18 - HUMAN AND ANIMAL HEALTH CARE WASTE,Natal care - diagnosis - treatment or prevention of disease in humans,"wastes whose collection and disposal is not subject to special requirements in order to prevent infection(for example dressings, plaster casts, linen, disposable clothing, diapers)",18 01 04,Transfer,Clinical Waste Transfer,Oxfordshire,Oxfordshire,South East,Transfer (D),D15,0.875,10 - Mixed ordinary wastes,Mixed and undifferentiated materials
South West,"Bath, Bristol and S Glo",Bristol City,"Bristol, City of",402801,Professional Hygiene Ltd,PROFESSIONAL HYGIENE LIMITED,S0824 : Clinical Waste Transfer Station,353184,181502,BS11 0YB,User left blank,Hazardous,18 - HUMAN AND ANIMAL HEALTH CARE WASTE,Natal care - diagnosis - treatment or prevention of disease in humans,amalgam waste from dental care,18 01 10*,Transfer,Clinical Waste Transfer,West Oxfordshire,Oxfordshire,South East,Transfer (D),D15,0.0145,01 - Chemical compound wastes,"Acid, alkalies or salts"
South West,"Bath, Bristol and S Glo",Bristol City,"Bristol, City of",402801,Professional Hygiene Ltd,PROFESSIONAL HYGIENE LIMITED,S0824 : Clinical Waste Transfer Station,353184,181502,BS11 0YB,User left blank,Hazardous,18 - HUMAN AND ANIMAL HEALTH CARE WASTE,Natal care - diagnosis - treatment or prevention of disease in humans,wastes whose collection and disposal is subject to special requirements in order to prevent infection,18 01 03*,Transfer,Clinical Waste Transfer,West Oxfordshire,Oxfordshire,South East,Transfer (D),D15,0.915,05 - Healthcare and biological wastes,Infectious health care wastes
South West,"Bath, Bristol and S Glo",Bristol City,"Bristol, City of",402801,Professional Hygiene Ltd,PROFESSIONAL HYGIENE LIMITED,S0824 : Clinical Waste Transfer Station,353184,181502,BS11 0YB,User left blank,Hhold/Ind/Com,18 - HUMAN AND ANIMAL HEALTH CARE WASTE,Natal care - diagnosis - treatment or prevention of disease in humans,medicines other than those mentioned in 18 01 08,18 01 09,Transfer,Clinical Waste Transfer,West Oxfordshire,Oxfordshire,South East,Transfer (D),D15,0.003,02 - Chemical preparation wastes,Off-specification chemical wastes
South West,"Bath, Bristol and S Glo",Bristol City,"Bristol, City of",402801,Professional Hygiene Ltd,PROFESSIONAL HYGIENE LIMITED,S0824 : Clinical Waste Transfer Station,353184,181502,BS11 0YB,User left blank,Hhold/Ind/Com,18 - HUMAN AND ANIMAL HEALTH CARE WASTE,Natal care - diagnosis - treatment or prevention of disease in humans,"wastes whose collection and disposal is not subject to special requirements in order to prevent infection(for example dressings, plaster casts, linen, disposable clothing, diapers)",18 01 04,Transfer,Clinical Waste Transfer,West Oxfordshire,Oxfordshire,South East,Transfer (D),D15,2.0825,10 - Mixed ordinary wastes,Mixed and undifferentiated materials
South West,"Bath, Bristol and S Glo",Bristol City,"Bristol, City of",402801,Professional Hygiene Ltd,PROFESSIONAL HYGIENE LIMITED,S0824 : Clinical Waste Transfer Station,353184,181502,BS11 0YB,Liquid,Hhold/Ind/Com,18 - HUMAN AND ANIMAL HEALTH CARE WASTE,Natal care - diagnosis - treatment or prevention of disease in humans,sharps (except 18 01 03),18 01 01,Transfer,Clinical Waste Transfer,Plymouth,Plymouth,South West,Transfer (D),D15,0.026,05 - Healthcare and biological wastes,Infectious health care wastes
South West,"Bath, Bristol and S Glo",Bristol City,"Bristol, City of",402801,Professional Hygiene Ltd,PROFESSIONAL HYGIENE LIMITED,S0824 : Clinical Waste Transfer Station,353184,181502,BS11 0YB,User left blank,Hazardous,18 - HUMAN AND ANIMAL HEALTH CARE WASTE,Natal care - diagnosis - treatment or prevention of disease in humans,amalgam waste from dental care,18 01 10*,Transfer,Clinical Waste Transfer,Plymouth,Plymouth,South West,Transfer (D),D15,0.0414,01 - Chemical compound wastes,"Acid, alkalies or salts"
South West,"Bath, Bristol and S Glo",Bristol City,"Bristol, City of",402801,Professional Hygiene Ltd,PROFESSIONAL HYGIENE LIMITED,S0824 : Clinical Waste Transfer Station,353184,181502,BS11 0YB,User left blank,Hazardous,18 - HUMAN AND ANIMAL HEALTH CARE WASTE,Natal care - diagnosis - treatment or prevention of disease in humans,cytotoxic and cytostatic medicines,18 01 08*,Transfer,Clinical Waste Transfer,Plymouth,Plymouth,South West,Transfer (D),D15,0.004,02 - Chemical preparation wastes,Off-specification chemical wastes
South West,"Bath, Bristol and S Glo",Bristol City,"Bristol, City of",402801,Professional Hygiene Ltd,PROFESSIONAL HYGIENE LIMITED,S0824 : Clinical Waste Transfer Station,353184,181502,BS11 0YB,User left blank,Hazardous,18 - HUMAN AND ANIMAL HEALTH CARE WASTE,Natal care - diagnosis - treatment or prevention of disease in humans,wastes whose collection and disposal is subject to special requirements in order to prevent infection,18 01 03*,Transfer,Clinical Waste Transfer,Plymouth,Plymouth,South West,Transfer (D),D15,18.306,05 - Healthcare and biological wastes,Infectious health care wastes
South West,"Bath, Bristol and S Glo",Bristol City,"Bristol, City of",402801,Professional Hygiene Ltd,PROFESSIONAL HYGIENE LIMITED,S0824 : Clinical Waste Transfer Station,353184,181502,BS11 0YB,User left blank,Hhold/Ind/Com,18 - HUMAN AND ANIMAL HEALTH CARE WASTE,Natal care - diagnosis - treatment or prevention of disease in humans,medicines other than those mentioned in 18 01 08,18 01 09,Transfer,Clinical Waste Transfer,Plymouth,Plymouth,South West,Transfer (D),D15,0.031,02 - Chemical preparation wastes,Off-specification chemical wastes
South West,"Bath, Bristol and S Glo",Bristol City,"Bristol, City of",402801,Professional Hygiene Ltd,PROFESSIONAL HYGIENE LIMITED,S0824 : Clinical Waste Transfer Station,353184,181502,BS11 0YB,User left blank,Hhold/Ind/Com,18 - HUMAN AND ANIMAL HEALTH CARE WASTE,Natal care - diagnosis - treatment or prevention of disease in humans,"wastes whose collection and disposal is not subject to special requirements in order to prevent infection(for example dressings, plaster casts, linen, disposable clothing, diapers)",18 01 04,Transfer,Clinical Waste Transfer,Plymouth,Plymouth,South West,Transfer (D),D15,1.3115,10 - Mixed ordinary wastes,Mixed and undifferentiated materials
South West,"Bath, Bristol and S Glo",Bristol City,"Bristol, City of",402801,Professional Hygiene Ltd,PROFESSIONAL HYGIENE LIMITED,S0824 : Clinical Waste Transfer Station,353184,181502,BS11 0YB,Liquid,Hhold/Ind/Com,18 - HUMAN AND ANIMAL HEALTH CARE WASTE,Natal care - diagnosis - treatment or prevention of disease in humans,sharps (except 18 01 03),18 01 01,Transfer,Clinical Waste Transfer,Poole,Poole,South West,Transfer (D),D15,0.076,05 - Healthcare and biological wastes,Infectious health care wastes
South West,"Bath, Bristol and S Glo",Bristol City,"Bristol, City of",402801,Professional Hygiene Ltd,PROFESSIONAL HYGIENE LIMITED,S0824 : Clinical Waste Transfer Station,353184,181502,BS11 0YB,User left blank,Hazardous,18 - HUMAN AND ANIMAL HEALTH CARE WASTE,Natal care - diagnosis - treatment or prevention of disease in humans,amalgam waste from dental care,18 01 10*,Transfer,Clinical Waste Transfer,Poole,Poole,South West,Transfer (D),D15,0.0015,01 - Chemical compound wastes,"Acid, alkalies or salts"
South West,"Bath, Bristol and S Glo",Bristol City,"Bristol, City of",402801,Professional Hygiene Ltd,PROFESSIONAL HYGIENE LIMITED,S0824 : Clinical Waste Transfer Station,353184,181502,BS11 0YB,User left blank,Hazardous,18 - HUMAN AND ANIMAL HEALTH CARE WASTE,Natal care - diagnosis - treatment or prevention of disease in humans,cytotoxic and cytostatic medicines,18 01 08*,Transfer,Clinical Waste Transfer,Poole,Poole,South West,Transfer (D),D15,0.0035,02 - Chemical preparation wastes,Off-specification chemical wastes
South West,"Bath, Bristol and S Glo",Bristol City,"Bristol, City of",402801,Professional Hygiene Ltd,PROFESSIONAL HYGIENE LIMITED,S0824 : Clinical Waste Transfer Station,353184,181502,BS11 0YB,User left blank,Hazardous,18 - HUMAN AND ANIMAL HEALTH CARE WASTE,Natal care - diagnosis - treatment or prevention of disease in humans,wastes whose collection and disposal is subject to special requirements in order to prevent infection,18 01 03*,Transfer,Clinical Waste Transfer,Poole,Poole,South West,Transfer (D),D15,1.469,05 - Healthcare and biological wastes,Infectious health care wastes
South West,"Bath, Bristol and S Glo",Bristol City,"Bristol, City of",402801,Professional Hygiene Ltd,PROFESSIONAL HYGIENE LIMITED,S0824 : Clinical Waste Transfer Station,353184,181502,BS11 0YB,User left blank,Hhold/Ind/Com,18 - HUMAN AND ANIMAL HEALTH CARE WASTE,Natal care - diagnosis - treatment or prevention of disease in humans,"wastes whose collection and disposal is not subject to special requirements in order to prevent infection(for example dressings, plaster casts, linen, disposable clothing, diapers)",18 01 04,Transfer,Clinical Waste Transfer,Poole,Poole,South West,Transfer (D),D15,1.955,10 - Mixed ordinary wastes,Mixed and undifferentiated materials
South West,"Bath, Bristol and S Glo",Bristol City,"Bristol, City of",402801,Professional Hygiene Ltd,PROFESSIONAL HYGIENE LIMITED,S0824 : Clinical Waste Transfer Station,353184,181502,BS11 0YB,Liquid,Hhold/Ind/Com,18 - HUMAN AND ANIMAL HEALTH CARE WASTE,Natal care - diagnosis - treatment or prevention of disease in humans,sharps (except 18 01 03),18 01 01,Transfer,Clinical Waste Transfer,Portsmouth,Portsmouth,South East,Transfer (D),D15,0.095,05 - Healthcare and biological wastes,Infectious health care wastes
South West,"Bath, Bristol and S Glo",Bristol City,"Bristol, City of",402801,Professional Hygiene Ltd,PROFESSIONAL HYGIENE LIMITED,S0824 : Clinical Waste Transfer Station,353184,181502,BS11 0YB,User left blank,Hazardous,18 - HUMAN AND ANIMAL HEALTH CARE WASTE,Natal care - diagnosis - treatment or prevention of disease in humans,wastes whose collection and disposal is subject to special requirements in order to prevent infection,18 01 03*,Transfer,Clinical Waste Transfer,Portsmouth,Portsmouth,South East,Transfer (D),D15,0.009,05 - Healthcare and biological wastes,Infectious health care wastes
South West,"Bath, Bristol and S Glo",Bristol City,"Bristol, City of",402801,Professional Hygiene Ltd,PROFESSIONAL HYGIENE LIMITED,S0824 : Clinical Waste Transfer Station,353184,181502,BS11 0YB,User left blank,Hhold/Ind/Com,18 - HUMAN AND ANIMAL HEALTH CARE WASTE,Natal care - diagnosis - treatment or prevention of disease in humans,"wastes whose collection and disposal is not subject to special requirements in order to prevent infection(for example dressings, plaster casts, linen, disposable clothing, diapers)",18 01 04,Transfer,Clinical Waste Transfer,Portsmouth,Portsmouth,South East,Transfer (D),D15,4.173,10 - Mixed ordinary wastes,Mixed and undifferentiated materials
South West,"Bath, Bristol and S Glo",Bristol City,"Bristol, City of",402801,Professional Hygiene Ltd,PROFESSIONAL HYGIENE LIMITED,S0824 : Clinical Waste Transfer Station,353184,181502,BS11 0YB,User left blank,Hhold/Ind/Com,18 - HUMAN AND ANIMAL HEALTH CARE WASTE,Natal care - diagnosis - treatment or prevention of disease in humans,"wastes whose collection and disposal is not subject to special requirements in order to prevent infection(for example dressings, plaster casts, linen, disposable clothing, diapers)",18 01 04,Transfer,Clinical Waste Transfer,Reading,Reading,South East,Transfer (D),D15,0.364,10 - Mixed ordinary wastes,Mixed and undifferentiated materials
South West,"Bath, Bristol and S Glo",Bristol City,"Bristol, City of",402801,Professional Hygiene Ltd,PROFESSIONAL HYGIENE LIMITED,S0824 : Clinical Waste Transfer Station,353184,181502,BS11 0YB,User left blank,Hazardous,18 - HUMAN AND ANIMAL HEALTH CARE WASTE,Natal care - diagnosis - treatment or prevention of disease in humans,wastes whose collection and disposal is subject to special requirements in order to prevent infection,18 01 03*,Transfer,Clinical Waste Transfer,Redbridge,Redbridge,London,Transfer (D),D15,0.2465,05 - Healthcare and biological wastes,Infectious health care wastes
South West,"Bath, Bristol and S Glo",Bristol City,"Bristol, City of",402801,Professional Hygiene Ltd,PROFESSIONAL HYGIENE LIMITED,S0824 : Clinical Waste Transfer Station,353184,181502,BS11 0YB,User left blank,Hhold/Ind/Com,18 - HUMAN AND ANIMAL HEALTH CARE WASTE,Natal care - diagnosis - treatment or prevention of disease in humans,"wastes whose collection and disposal is not subject to special requirements in order to prevent infection(for example dressings, plaster casts, linen, disposable clothing, diapers)",18 01 04,Transfer,Clinical Waste Transfer,Redbridge,Redbridge,London,Transfer (D),D15,0.045,10 - Mixed ordinary wastes,Mixed and undifferentiated materials
South West,"Bath, Bristol and S Glo",Bristol City,"Bristol, City of",402801,Professional Hygiene Ltd,PROFESSIONAL HYGIENE LIMITED,S0824 : Clinical Waste Transfer Station,353184,181502,BS11 0YB,Liquid,Hhold/Ind/Com,18 - HUMAN AND ANIMAL HEALTH CARE WASTE,Natal care - diagnosis - treatment or prevention of disease in humans,sharps (except 18 01 03),18 01 01,Transfer,Clinical Waste Transfer,Richmond upon Thames,Richmond Upon Thames,London,Transfer (D),D15,0.009,05 - Healthcare and biological wastes,Infectious health care wastes
South West,"Bath, Bristol and S Glo",Bristol City,"Bristol, City of",402801,Professional Hygiene Ltd,PROFESSIONAL HYGIENE LIMITED,S0824 : Clinical Waste Transfer Station,353184,181502,BS11 0YB,User left blank,Hazardous,18 - HUMAN AND ANIMAL HEALTH CARE WASTE,Natal care - diagnosis - treatment or prevention of disease in humans,amalgam waste from dental care,18 01 10*,Transfer,Clinical Waste Transfer,Richmond upon Thames,Richmond Upon Thames,London,Transfer (D),D15,0.007,01 - Chemical compound wastes,"Acid, alkalies or salts"
South West,"Bath, Bristol and S Glo",Bristol City,"Bristol, City of",402801,Professional Hygiene Ltd,PROFESSIONAL HYGIENE LIMITED,S0824 : Clinical Waste Transfer Station,353184,181502,BS11 0YB,User left blank,Hazardous,18 - HUMAN AND ANIMAL HEALTH CARE WASTE,Natal care - diagnosis - treatment or prevention of disease in humans,wastes whose collection and disposal is subject to special requirements in order to prevent infection,18 01 03*,Transfer,Clinical Waste Transfer,Richmond upon Thames,Richmond Upon Thames,London,Transfer (D),D15,0.9675,05 - Healthcare and biological wastes,Infectious health care wastes
South West,"Bath, Bristol and S Glo",Bristol City,"Bristol, City of",402801,Professional Hygiene Ltd,PROFESSIONAL HYGIENE LIMITED,S0824 : Clinical Waste Transfer Station,353184,181502,BS11 0YB,User left blank,Hhold/Ind/Com,18 - HUMAN AND ANIMAL HEALTH CARE WASTE,Natal care - diagnosis - treatment or prevention of disease in humans,medicines other than those mentioned in 18 01 08,18 01 09,Transfer,Clinical Waste Transfer,Richmond upon Thames,Richmond Upon Thames,London,Transfer (D),D15,0.006,02 - Chemical preparation wastes,Off-specification chemical wastes
South West,"Bath, Bristol and S Glo",Bristol City,"Bristol, City of",402801,Professional Hygiene Ltd,PROFESSIONAL HYGIENE LIMITED,S0824 : Clinical Waste Transfer Station,353184,181502,BS11 0YB,User left blank,Hhold/Ind/Com,18 - HUMAN AND ANIMAL HEALTH CARE WASTE,Natal care - diagnosis - treatment or prevention of disease in humans,"wastes whose collection and disposal is not subject to special requirements in order to prevent infection(for example dressings, plaster casts, linen, disposable clothing, diapers)",18 01 04,Transfer,Clinical Waste Transfer,Richmond upon Thames,Richmond Upon Thames,London,Transfer (D),D15,0.0215,10 - Mixed ordinary wastes,Mixed and undifferentiated materials
South West,"Bath, Bristol and S Glo",Bristol City,"Bristol, City of",402801,Professional Hygiene Ltd,PROFESSIONAL HYGIENE LIMITED,S0824 : Clinical Waste Transfer Station,353184,181502,BS11 0YB,User left blank,Hazardous,18 - HUMAN AND ANIMAL HEALTH CARE WASTE,Natal care - diagnosis - treatment or prevention of disease in humans,amalgam waste from dental care,18 01 10*,Transfer,Clinical Waste Transfer,Shropshire,Shropshire,West Midlands,Transfer (D),D15,0.0115,01 - Chemical compound wastes,"Acid, alkalies or salts"
South West,"Bath, Bristol and S Glo",Bristol City,"Bristol, City of",402801,Professional Hygiene Ltd,PROFESSIONAL HYGIENE LIMITED,S0824 : Clinical Waste Transfer Station,353184,181502,BS11 0YB,User left blank,Hazardous,18 - HUMAN AND ANIMAL HEALTH CARE WASTE,Natal care - diagnosis - treatment or prevention of disease in humans,wastes whose collection and disposal is subject to special requirements in order to prevent infection,18 01 03*,Transfer,Clinical Waste Transfer,Shropshire,Shropshire,West Midlands,Transfer (D),D15,2.3935,05 - Healthcare and biological wastes,Infectious health care wastes
South West,"Bath, Bristol and S Glo",Bristol City,"Bristol, City of",402801,Professional Hygiene Ltd,PROFESSIONAL HYGIENE LIMITED,S0824 : Clinical Waste Transfer Station,353184,181502,BS11 0YB,User left blank,Hhold/Ind/Com,18 - HUMAN AND ANIMAL HEALTH CARE WASTE,Natal care - diagnosis - treatment or prevention of disease in humans,"wastes whose collection and disposal is not subject to special requirements in order to prevent infection(for example dressings, plaster casts, linen, disposable clothing, diapers)",18 01 04,Transfer,Clinical Waste Transfer,Shropshire,Shropshire,West Midlands,Transfer (D),D15,0.319,10 - Mixed ordinary wastes,Mixed and undifferentiated materials
South West,"Bath, Bristol and S Glo",Bristol City,"Bristol, City of",402801,Professional Hygiene Ltd,PROFESSIONAL HYGIENE LIMITED,S0824 : Clinical Waste Transfer Station,353184,181502,BS11 0YB,Liquid,Hhold/Ind/Com,18 - HUMAN AND ANIMAL HEALTH CARE WASTE,Natal care - diagnosis - treatment or prevention of disease in humans,sharps (except 18 01 03),18 01 01,Transfer,Clinical Waste Transfer,Slough,Slough,South East,Transfer (D),D15,0.024,05 - Healthcare and biological wastes,Infectious health care wastes
South West,"Bath, Bristol and S Glo",Bristol City,"Bristol, City of",402801,Professional Hygiene Ltd,PROFESSIONAL HYGIENE LIMITED,S0824 : Clinical Waste Transfer Station,353184,181502,BS11 0YB,User left blank,Hazardous,18 - HUMAN AND ANIMAL HEALTH CARE WASTE,Natal care - diagnosis - treatment or prevention of disease in humans,wastes whose collection and disposal is subject to special requirements in order to prevent infection,18 01 03*,Transfer,Clinical Waste Transfer,Slough,Slough,South East,Transfer (D),D15,2.27,05 - Healthcare and biological wastes,Infectious health care wastes
South West,"Bath, Bristol and S Glo",Bristol City,"Bristol, City of",402801,Professional Hygiene Ltd,PROFESSIONAL HYGIENE LIMITED,S0824 : Clinical Waste Transfer Station,353184,181502,BS11 0YB,User left blank,Hhold/Ind/Com,18 - HUMAN AND ANIMAL HEALTH CARE WASTE,Natal care - diagnosis - treatment or prevention of disease in humans,"wastes whose collection and disposal is not subject to special requirements in order to prevent infection(for example dressings, plaster casts, linen, disposable clothing, diapers)",18 01 04,Transfer,Clinical Waste Transfer,Slough,Slough,South East,Transfer (D),D15,0.71,10 - Mixed ordinary wastes,Mixed and undifferentiated materials
South West,"Bath, Bristol and S Glo",Bristol City,"Bristol, City of",402801,Professional Hygiene Ltd,PROFESSIONAL HYGIENE LIMITED,S0824 : Clinical Waste Transfer Station,353184,181502,BS11 0YB,User left blank,Hazardous,18 - HUMAN AND ANIMAL HEALTH CARE WASTE,Natal care - diagnosis - treatment or prevention of disease in humans,amalgam waste from dental care,18 01 10*,Transfer,Clinical Waste Transfer,Solihull,Solihull,West Midlands,Transfer (D),D15,0.0064,01 - Chemical compound wastes,"Acid, alkalies or salts"
South West,"Bath, Bristol and S Glo",Bristol City,"Bristol, City of",402801,Professional Hygiene Ltd,PROFESSIONAL HYGIENE LIMITED,S0824 : Clinical Waste Transfer Station,353184,181502,BS11 0YB,User left blank,Hazardous,18 - HUMAN AND ANIMAL HEALTH CARE WASTE,Natal care - diagnosis - treatment or prevention of disease in humans,wastes whose collection and disposal is subject to special requirements in order to prevent infection,18 01 03*,Transfer,Clinical Waste Transfer,Solihull,Solihull,West Midlands,Transfer (D),D15,1.0145,05 - Healthcare and biological wastes,Infectious health care wastes
South West,"Bath, Bristol and S Glo",Bristol City,"Bristol, City of",402801,Professional Hygiene Ltd,PROFESSIONAL HYGIENE LIMITED,S0824 : Clinical Waste Transfer Station,353184,181502,BS11 0YB,User left blank,Hhold/Ind/Com,18 - HUMAN AND ANIMAL HEALTH CARE WASTE,Natal care - diagnosis - treatment or prevention of disease in humans,medicines other than those mentioned in 18 01 08,18 01 09,Transfer,Clinical Waste Transfer,Solihull,Solihull,West Midlands,Transfer (D),D15,0.0015,02 - Chemical preparation wastes,Off-specification chemical wastes
South West,"Bath, Bristol and S Glo",Bristol City,"Bristol, City of",402801,Professional Hygiene Ltd,PROFESSIONAL HYGIENE LIMITED,S0824 : Clinical Waste Transfer Station,353184,181502,BS11 0YB,User left blank,Hhold/Ind/Com,18 - HUMAN AND ANIMAL HEALTH CARE WASTE,Natal care - diagnosis - treatment or prevention of disease in humans,"wastes whose collection and disposal is not subject to special requirements in order to prevent infection(for example dressings, plaster casts, linen, disposable clothing, diapers)",18 01 04,Transfer,Clinical Waste Transfer,Solihull,Solihull,West Midlands,Transfer (D),D15,0.0105,10 - Mixed ordinary wastes,Mixed and undifferentiated materials
South West,"Bath, Bristol and S Glo",Bristol City,"Bristol, City of",402801,Professional Hygiene Ltd,PROFESSIONAL HYGIENE LIMITED,S0824 : Clinical Waste Transfer Station,353184,181502,BS11 0YB,Liquid,Hhold/Ind/Com,18 - HUMAN AND ANIMAL HEALTH CARE WASTE,Natal care - diagnosis - treatment or prevention of disease in humans,sharps (except 18 01 03),18 01 01,Transfer,Clinical Waste Transfer,Somerset,Somerset,South West,Transfer (D),D15,0.143,05 - Healthcare and biological wastes,Infectious health care wastes
South West,"Bath, Bristol and S Glo",Bristol City,"Bristol, City of",402801,Professional Hygiene Ltd,PROFESSIONAL HYGIENE LIMITED,S0824 : Clinical Waste Transfer Station,353184,181502,BS11 0YB,User left blank,Hazardous,18 - HUMAN AND ANIMAL HEALTH CARE WASTE,Natal care - diagnosis - treatment or prevention of disease in humans,amalgam waste from dental care,18 01 10*,Transfer,Clinical Waste Transfer,Somerset,Somerset,South West,Transfer (D),D15,0.0277,01 - Chemical compound wastes,"Acid, alkalies or salts"
South West,"Bath, Bristol and S Glo",Bristol City,"Bristol, City of",402801,Professional Hygiene Ltd,PROFESSIONAL HYGIENE LIMITED,S0824 : Clinical Waste Transfer Station,353184,181502,BS11 0YB,User left blank,Hazardous,18 - HUMAN AND ANIMAL HEALTH CARE WASTE,Natal care - diagnosis - treatment or prevention of disease in humans,cytotoxic and cytostatic medicines,18 01 08*,Transfer,Clinical Waste Transfer,Somerset,Somerset,South West,Transfer (D),D15,0.003,02 - Chemical preparation wastes,Off-specification chemical wastes
South West,"Bath, Bristol and S Glo",Bristol City,"Bristol, City of",402801,Professional Hygiene Ltd,PROFESSIONAL HYGIENE LIMITED,S0824 : Clinical Waste Transfer Station,353184,181502,BS11 0YB,User left blank,Hazardous,18 - HUMAN AND ANIMAL HEALTH CARE WASTE,Natal care - diagnosis - treatment or prevention of disease in humans,wastes whose collection and disposal is subject to special requirements in order to prevent infection,18 01 03*,Transfer,Clinical Waste Transfer,Somerset,Somerset,South West,Transfer (D),D15,13.306,05 - Healthcare and biological wastes,Infectious health care wastes
South West,"Bath, Bristol and S Glo",Bristol City,"Bristol, City of",402801,Professional Hygiene Ltd,PROFESSIONAL HYGIENE LIMITED,S0824 : Clinical Waste Transfer Station,353184,181502,BS11 0YB,User left blank,Hhold/Ind/Com,18 - HUMAN AND ANIMAL HEALTH CARE WASTE,Natal care - diagnosis - treatment or prevention of disease in humans,medicines other than those mentioned in 18 01 08,18 01 09,Transfer,Clinical Waste Transfer,Somerset,Somerset,South West,Transfer (D),D15,0.0405,02 - Chemical preparation wastes,Off-specification chemical wastes
South West,"Bath, Bristol and S Glo",Bristol City,"Bristol, City of",402801,Professional Hygiene Ltd,PROFESSIONAL HYGIENE LIMITED,S0824 : Clinical Waste Transfer Station,353184,181502,BS11 0YB,User left blank,Hhold/Ind/Com,18 - HUMAN AND ANIMAL HEALTH CARE WASTE,Natal care - diagnosis - treatment or prevention of disease in humans,"wastes whose collection and disposal is not subject to special requirements in order to prevent infection(for example dressings, plaster casts, linen, disposable clothing, diapers)",18 01 04,Transfer,Clinical Waste Transfer,Somerset,Somerset,South West,Transfer (D),D15,2.0245,10 - Mixed ordinary wastes,Mixed and undifferentiated materials
South West,"Bath, Bristol and S Glo",Bristol City,"Bristol, City of",402801,Professional Hygiene Ltd,PROFESSIONAL HYGIENE LIMITED,S0824 : Clinical Waste Transfer Station,353184,181502,BS11 0YB,Liquid,Hhold/Ind/Com,18 - HUMAN AND ANIMAL HEALTH CARE WASTE,Natal care - diagnosis - treatment or prevention of disease in humans,sharps (except 18 01 03),18 01 01,Transfer,Clinical Waste Transfer,Somerset,Somerset,South West,Transfer (D),D15,0.055,05 - Healthcare and biological wastes,Infectious health care wastes
South West,"Bath, Bristol and S Glo",Bristol City,"Bristol, City of",402801,Professional Hygiene Ltd,PROFESSIONAL HYGIENE LIMITED,S0824 : Clinical Waste Transfer Station,353184,181502,BS11 0YB,User left blank,Hazardous,18 - HUMAN AND ANIMAL HEALTH CARE WASTE,Natal care - diagnosis - treatment or prevention of disease in humans,wastes whose collection and disposal is subject to special requirements in order to prevent infection,18 01 03*,Transfer,Clinical Waste Transfer,Somerset,Somerset,South West,Transfer (D),D15,0.05,05 - Healthcare and biological wastes,Infectious health care wastes
South West,"Bath, Bristol and S Glo",Bristol City,"Bristol, City of",402801,Professional Hygiene Ltd,PROFESSIONAL HYGIENE LIMITED,S0824 : Clinical Waste Transfer Station,353184,181502,BS11 0YB,User left blank,Hhold/Ind/Com,18 - HUMAN AND ANIMAL HEALTH CARE WASTE,Natal care - diagnosis - treatment or prevention of disease in humans,"wastes whose collection and disposal is not subject to special requirements in order to prevent infection(for example dressings, plaster casts, linen, disposable clothing, diapers)",18 01 04,Transfer,Clinical Waste Transfer,Somerset,Somerset,South West,Transfer (D),D15,1.52,10 - Mixed ordinary wastes,Mixed and undifferentiated materials
South West,"Bath, Bristol and S Glo",Bristol City,"Bristol, City of",402801,Professional Hygiene Ltd,PROFESSIONAL HYGIENE LIMITED,S0824 : Clinical Waste Transfer Station,353184,181502,BS11 0YB,Liquid,Hhold/Ind/Com,18 - HUMAN AND ANIMAL HEALTH CARE WASTE,Natal care - diagnosis - treatment or prevention of disease in humans,sharps (except 18 01 03),18 01 01,Transfer,Clinical Waste Transfer,Somerset,Somerset,South West,Transfer (D),D15,0.041,05 - Healthcare and biological wastes,Infectious health care wastes
South West,"Bath, Bristol and S Glo",Bristol City,"Bristol, City of",402801,Professional Hygiene Ltd,PROFESSIONAL HYGIENE LIMITED,S0824 : Clinical Waste Transfer Station,353184,181502,BS11 0YB,User left blank,Hazardous,18 - HUMAN AND ANIMAL HEALTH CARE WASTE,Natal care - diagnosis - treatment or prevention of disease in humans,amalgam waste from dental care,18 01 10*,Transfer,Clinical Waste Transfer,Somerset,Somerset,South West,Transfer (D),D15,0.0032,01 - Chemical compound wastes,"Acid, alkalies or salts"
South West,"Bath, Bristol and S Glo",Bristol City,"Bristol, City of",402801,Professional Hygiene Ltd,PROFESSIONAL HYGIENE LIMITED,S0824 : Clinical Waste Transfer Station,353184,181502,BS11 0YB,User left blank,Hazardous,18 - HUMAN AND ANIMAL HEALTH CARE WASTE,Natal care - diagnosis - treatment or prevention of disease in humans,cytotoxic and cytostatic medicines,18 01 08*,Transfer,Clinical Waste Transfer,Somerset,Somerset,South West,Transfer (D),D15,0.003,02 - Chemical preparation wastes,Off-specification chemical wastes
South West,"Bath, Bristol and S Glo",Bristol City,"Bristol, City of",402801,Professional Hygiene Ltd,PROFESSIONAL HYGIENE LIMITED,S0824 : Clinical Waste Transfer Station,353184,181502,BS11 0YB,User left blank,Hazardous,18 - HUMAN AND ANIMAL HEALTH CARE WASTE,Natal care - diagnosis - treatment or prevention of disease in humans,wastes whose collection and disposal is subject to special requirements in order to prevent infection,18 01 03*,Transfer,Clinical Waste Transfer,Somerset,Somerset,South West,Transfer (D),D15,2.8925,05 - Healthcare and biological wastes,Infectious health care wastes
South West,"Bath, Bristol and S Glo",Bristol City,"Bristol, City of",402801,Professional Hygiene Ltd,PROFESSIONAL HYGIENE LIMITED,S0824 : Clinical Waste Transfer Station,353184,181502,BS11 0YB,User left blank,Hhold/Ind/Com,18 - HUMAN AND ANIMAL HEALTH CARE WASTE,Natal care - diagnosis - treatment or prevention of disease in humans,medicines other than those mentioned in 18 01 08,18 01 09,Transfer,Clinical Waste Transfer,Somerset,Somerset,South West,Transfer (D),D15,0.013,02 - Chemical preparation wastes,Off-specification chemical wastes
South West,"Bath, Bristol and S Glo",Bristol City,"Bristol, City of",402801,Professional Hygiene Ltd,PROFESSIONAL HYGIENE LIMITED,S0824 : Clinical Waste Transfer Station,353184,181502,BS11 0YB,User left blank,Hhold/Ind/Com,18 - HUMAN AND ANIMAL HEALTH CARE WASTE,Natal care - diagnosis - treatment or prevention of disease in humans,"wastes whose collection and disposal is not subject to special requirements in order to prevent infection(for example dressings, plaster casts, linen, disposable clothing, diapers)",18 01 04,Transfer,Clinical Waste Transfer,Somerset,Somerset,South West,Transfer (D),D15,1.4655,10 - Mixed ordinary wastes,Mixed and undifferentiated materials
South West,"Bath, Bristol and S Glo",Bristol City,"Bristol, City of",402801,Professional Hygiene Ltd,PROFESSIONAL HYGIENE LIMITED,S0824 : Clinical Waste Transfer Station,353184,181502,BS11 0YB,Liquid,Hhold/Ind/Com,18 - HUMAN AND ANIMAL HEALTH CARE WASTE,Natal care - diagnosis - treatment or prevention of disease in humans,sharps (except 18 01 03),18 01 01,Transfer,Clinical Waste Transfer,Somerset,Somerset,South West,Transfer (D),D15,0.028,05 - Healthcare and biological wastes,Infectious health care wastes
South West,"Bath, Bristol and S Glo",Bristol City,"Bristol, City of",402801,Professional Hygiene Ltd,PROFESSIONAL HYGIENE LIMITED,S0824 : Clinical Waste Transfer Station,353184,181502,BS11 0YB,User left blank,Hazardous,18 - HUMAN AND ANIMAL HEALTH CARE WASTE,Natal care - diagnosis - treatment or prevention of disease in humans,amalgam waste from dental care,18 01 10*,Transfer,Clinical Waste Transfer,Somerset,Somerset,South West,Transfer (D),D15,0.0015,01 - Chemical compound wastes,"Acid, alkalies or salts"
South West,"Bath, Bristol and S Glo",Bristol City,"Bristol, City of",402801,Professional Hygiene Ltd,PROFESSIONAL HYGIENE LIMITED,S0824 : Clinical Waste Transfer Station,353184,181502,BS11 0YB,User left blank,Hazardous,18 - HUMAN AND ANIMAL HEALTH CARE WASTE,Natal care - diagnosis - treatment or prevention of disease in humans,wastes whose collection and disposal is subject to special requirements in order to prevent infection,18 01 03*,Transfer,Clinical Waste Transfer,Somerset,Somerset,South West,Transfer (D),D15,3.7105,05 - Healthcare and biological wastes,Infectious health care wastes
South West,"Bath, Bristol and S Glo",Bristol City,"Bristol, City of",402801,Professional Hygiene Ltd,PROFESSIONAL HYGIENE LIMITED,S0824 : Clinical Waste Transfer Station,353184,181502,BS11 0YB,User left blank,Hhold/Ind/Com,18 - HUMAN AND ANIMAL HEALTH CARE WASTE,Natal care - diagnosis - treatment or prevention of disease in humans,medicines other than those mentioned in 18 01 08,18 01 09,Transfer,Clinical Waste Transfer,Somerset,Somerset,South West,Transfer (D),D15,0.0015,02 - Chemical preparation wastes,Off-specification chemical wastes
South West,"Bath, Bristol and S Glo",Bristol City,"Bristol, City of",402801,Professional Hygiene Ltd,PROFESSIONAL HYGIENE LIMITED,S0824 : Clinical Waste Transfer Station,353184,181502,BS11 0YB,User left blank,Hhold/Ind/Com,18 - HUMAN AND ANIMAL HEALTH CARE WASTE,Natal care - diagnosis - treatment or prevention of disease in humans,"wastes whose collection and disposal is not subject to special requirements in order to prevent infection(for example dressings, plaster casts, linen, disposable clothing, diapers)",18 01 04,Transfer,Clinical Waste Transfer,Somerset,Somerset,South West,Transfer (D),D15,1.512,10 - Mixed ordinary wastes,Mixed and undifferentiated materials
South West,"Bath, Bristol and S Glo",Bristol City,"Bristol, City of",402801,Professional Hygiene Ltd,PROFESSIONAL HYGIENE LIMITED,S0824 : Clinical Waste Transfer Station,353184,181502,BS11 0YB,Liquid,Hhold/Ind/Com,18 - HUMAN AND ANIMAL HEALTH CARE WASTE,Natal care - diagnosis - treatment or prevention of disease in humans,sharps (except 18 01 03),18 01 01,Transfer,Clinical Waste Transfer,Somerset,Somerset,South West,Transfer (D),D15,0.0355,05 - Healthcare and biological wastes,Infectious health care wastes
South West,"Bath, Bristol and S Glo",Bristol City,"Bristol, City of",402801,Professional Hygiene Ltd,PROFESSIONAL HYGIENE LIMITED,S0824 : Clinical Waste Transfer Station,353184,181502,BS11 0YB,User left blank,Hazardous,18 - HUMAN AND ANIMAL HEALTH CARE WASTE,Natal care - diagnosis - treatment or prevention of disease in humans,amalgam waste from dental care,18 01 10*,Transfer,Clinical Waste Transfer,Somerset,Somerset,South West,Transfer (D),D15,0.0086,01 - Chemical compound wastes,"Acid, alkalies or salts"
South West,"Bath, Bristol and S Glo",Bristol City,"Bristol, City of",402801,Professional Hygiene Ltd,PROFESSIONAL HYGIENE LIMITED,S0824 : Clinical Waste Transfer Station,353184,181502,BS11 0YB,User left blank,Hazardous,18 - HUMAN AND ANIMAL HEALTH CARE WASTE,Natal care - diagnosis - treatment or prevention of disease in humans,cytotoxic and cytostatic medicines,18 01 08*,Transfer,Clinical Waste Transfer,Somerset,Somerset,South West,Transfer (D),D15,0.001,02 - Chemical preparation wastes,Off-specification chemical wastes
South West,"Bath, Bristol and S Glo",Bristol City,"Bristol, City of",402801,Professional Hygiene Ltd,PROFESSIONAL HYGIENE LIMITED,S0824 : Clinical Waste Transfer Station,353184,181502,BS11 0YB,User left blank,Hazardous,18 - HUMAN AND ANIMAL HEALTH CARE WASTE,Natal care - diagnosis - treatment or prevention of disease in humans,wastes whose collection and disposal is subject to special requirements in order to prevent infection,18 01 03*,Transfer,Clinical Waste Transfer,Somerset,Somerset,South West,Transfer (D),D15,3.405,05 - Healthcare and biological wastes,Infectious health care wastes
South West,"Bath, Bristol and S Glo",Bristol City,"Bristol, City of",402801,Professional Hygiene Ltd,PROFESSIONAL HYGIENE LIMITED,S0824 : Clinical Waste Transfer Station,353184,181502,BS11 0YB,User left blank,Hhold/Ind/Com,18 - HUMAN AND ANIMAL HEALTH CARE WASTE,Natal care - diagnosis - treatment or prevention of disease in humans,medicines other than those mentioned in 18 01 08,18 01 09,Transfer,Clinical Waste Transfer,Somerset,Somerset,South West,Transfer (D),D15,0.0015,02 - Chemical preparation wastes,Off-specification chemical wastes
South West,"Bath, Bristol and S Glo",Bristol City,"Bristol, City of",402801,Professional Hygiene Ltd,PROFESSIONAL HYGIENE LIMITED,S0824 : Clinical Waste Transfer Station,353184,181502,BS11 0YB,User left blank,Hhold/Ind/Com,18 - HUMAN AND ANIMAL HEALTH CARE WASTE,Natal care - diagnosis - treatment or prevention of disease in humans,"wastes whose collection and disposal is not subject to special requirements in order to prevent infection(for example dressings, plaster casts, linen, disposable clothing, diapers)",18 01 04,Transfer,Clinical Waste Transfer,Somerset,Somerset,South West,Transfer (D),D15,4.7115,10 - Mixed ordinary wastes,Mixed and undifferentiated materials
South West,"Bath, Bristol and S Glo",Bristol City,"Bristol, City of",402801,Professional Hygiene Ltd,PROFESSIONAL HYGIENE LIMITED,S0824 : Clinical Waste Transfer Station,353184,181502,BS11 0YB,Liquid,Hhold/Ind/Com,18 - HUMAN AND ANIMAL HEALTH CARE WASTE,Natal care - diagnosis - treatment or prevention of disease in humans,sharps (except 18 01 03),18 01 01,Transfer,Clinical Waste Transfer,South Gloucestershire,South Gloucestershire,South West,Transfer (D),D15,0.042,05 - Healthcare and biological wastes,Infectious health care wastes
South West,"Bath, Bristol and S Glo",Bristol City,"Bristol, City of",402801,Professional Hygiene Ltd,PROFESSIONAL HYGIENE LIMITED,S0824 : Clinical Waste Transfer Station,353184,181502,BS11 0YB,User left blank,Hazardous,18 - HUMAN AND ANIMAL HEALTH CARE WASTE,Natal care - diagnosis - treatment or prevention of disease in humans,amalgam waste from dental care,18 01 10*,Transfer,Clinical Waste Transfer,South Gloucestershire,South Gloucestershire,South West,Transfer (D),D15,0.0595,01 - Chemical compound wastes,"Acid, alkalies or salts"
South West,"Bath, Bristol and S Glo",Bristol City,"Bristol, City of",402801,Professional Hygiene Ltd,PROFESSIONAL HYGIENE LIMITED,S0824 : Clinical Waste Transfer Station,353184,181502,BS11 0YB,User left blank,Hazardous,18 - HUMAN AND ANIMAL HEALTH CARE WASTE,Natal care - diagnosis - treatment or prevention of disease in humans,cytotoxic and cytostatic medicines,18 01 08*,Transfer,Clinical Waste Transfer,South Gloucestershire,South Gloucestershire,South West,Transfer (D),D15,0.0525,02 - Chemical preparation wastes,Off-specification chemical wastes
South West,"Bath, Bristol and S Glo",Bristol City,"Bristol, City of",402801,Professional Hygiene Ltd,PROFESSIONAL HYGIENE LIMITED,S0824 : Clinical Waste Transfer Station,353184,181502,BS11 0YB,User left blank,Hazardous,18 - HUMAN AND ANIMAL HEALTH CARE WASTE,Natal care - diagnosis - treatment or prevention of disease in humans,wastes whose collection and disposal is subject to special requirements in order to prevent infection,18 01 03*,Transfer,Clinical Waste Transfer,South Gloucestershire,South Gloucestershire,South West,Transfer (D),D15,31.154,05 - Healthcare and biological wastes,Infectious health care wastes
South West,"Bath, Bristol and S Glo",Bristol City,"Bristol, City of",402801,Professional Hygiene Ltd,PROFESSIONAL HYGIENE LIMITED,S0824 : Clinical Waste Transfer Station,353184,181502,BS11 0YB,User left blank,Hhold/Ind/Com,18 - HUMAN AND ANIMAL HEALTH CARE WASTE,Natal care - diagnosis - treatment or prevention of disease in humans,medicines other than those mentioned in 18 01 08,18 01 09,Transfer,Clinical Waste Transfer,South Gloucestershire,South Gloucestershire,South West,Transfer (D),D15,5.0392,02 - Chemical preparation wastes,Off-specification chemical wastes
South West,"Bath, Bristol and S Glo",Bristol City,"Bristol, City of",402801,Professional Hygiene Ltd,PROFESSIONAL HYGIENE LIMITED,S0824 : Clinical Waste Transfer Station,353184,181502,BS11 0YB,User left blank,Hhold/Ind/Com,18 - HUMAN AND ANIMAL HEALTH CARE WASTE,Natal care - diagnosis - treatment or prevention of disease in humans,"wastes whose collection and disposal is not subject to special requirements in order to prevent infection(for example dressings, plaster casts, linen, disposable clothing, diapers)",18 01 04,Transfer,Clinical Waste Transfer,South Gloucestershire,South Gloucestershire,South West,Transfer (D),D15,117.157,10 - Mixed ordinary wastes,Mixed and undifferentiated materials
South West,"Bath, Bristol and S Glo",Bristol City,"Bristol, City of",402801,Professional Hygiene Ltd,PROFESSIONAL HYGIENE LIMITED,S0824 : Clinical Waste Transfer Station,353184,181502,BS11 0YB,Liquid,Hhold/Ind/Com,18 - HUMAN AND ANIMAL HEALTH CARE WASTE,Natal care - diagnosis - treatment or prevention of disease in humans,sharps (except 18 01 03),18 01 01,Transfer,Clinical Waste Transfer,Southampton,Southampton City,South East,Transfer (D),D15,0.002,05 - Healthcare and biological wastes,Infectious health care wastes
South West,"Bath, Bristol and S Glo",Bristol City,"Bristol, City of",402801,Professional Hygiene Ltd,PROFESSIONAL HYGIENE LIMITED,S0824 : Clinical Waste Transfer Station,353184,181502,BS11 0YB,User left blank,Hhold/Ind/Com,18 - HUMAN AND ANIMAL HEALTH CARE WASTE,Natal care - diagnosis - treatment or prevention of disease in humans,"wastes whose collection and disposal is not subject to special requirements in order to prevent infection(for example dressings, plaster casts, linen, disposable clothing, diapers)",18 01 04,Transfer,Clinical Waste Transfer,Southampton,Southampton City,South East,Transfer (D),D15,10.271,10 - Mixed ordinary wastes,Mixed and undifferentiated materials
South West,"Bath, Bristol and S Glo",Bristol City,"Bristol, City of",402801,Professional Hygiene Ltd,PROFESSIONAL HYGIENE LIMITED,S0824 : Clinical Waste Transfer Station,353184,181502,BS11 0YB,User left blank,Hazardous,18 - HUMAN AND ANIMAL HEALTH CARE WASTE,Natal care - diagnosis - treatment or prevention of disease in humans,wastes whose collection and disposal is subject to special requirements in order to prevent infection,18 01 03*,Transfer,Clinical Waste Transfer,Southwark,Southwark,London,Transfer (D),D15,0.275,05 - Healthcare and biological wastes,Infectious health care wastes
South West,"Bath, Bristol and S Glo",Bristol City,"Bristol, City of",402801,Professional Hygiene Ltd,PROFESSIONAL HYGIENE LIMITED,S0824 : Clinical Waste Transfer Station,353184,181502,BS11 0YB,User left blank,Hhold/Ind/Com,18 - HUMAN AND ANIMAL HEALTH CARE WASTE,Natal care - diagnosis - treatment or prevention of disease in humans,medicines other than those mentioned in 18 01 08,18 01 09,Transfer,Clinical Waste Transfer,Southwark,Southwark,London,Transfer (D),D15,0.003,02 - Chemical preparation wastes,Off-specification chemical wastes
South West,"Bath, Bristol and S Glo",Bristol City,"Bristol, City of",402801,Professional Hygiene Ltd,PROFESSIONAL HYGIENE LIMITED,S0824 : Clinical Waste Transfer Station,353184,181502,BS11 0YB,User left blank,Hhold/Ind/Com,18 - HUMAN AND ANIMAL HEALTH CARE WASTE,Natal care - diagnosis - treatment or prevention of disease in humans,"wastes whose collection and disposal is not subject to special requirements in order to prevent infection(for example dressings, plaster casts, linen, disposable clothing, diapers)",18 01 04,Transfer,Clinical Waste Transfer,Southwark,Southwark,London,Transfer (D),D15,0.021,10 - Mixed ordinary wastes,Mixed and undifferentiated materials
South West,"Bath, Bristol and S Glo",Bristol City,"Bristol, City of",402801,Professional Hygiene Ltd,PROFESSIONAL HYGIENE LIMITED,S0824 : Clinical Waste Transfer Station,353184,181502,BS11 0YB,Liquid,Hhold/Ind/Com,18 - HUMAN AND ANIMAL HEALTH CARE WASTE,Natal care - diagnosis - treatment or prevention of disease in humans,sharps (except 18 01 03),18 01 01,Transfer,Clinical Waste Transfer,Staffordshire,Staffordshire,West Midlands,Transfer (D),D15,0.7145,05 - Healthcare and biological wastes,Infectious health care wastes
South West,"Bath, Bristol and S Glo",Bristol City,"Bristol, City of",402801,Professional Hygiene Ltd,PROFESSIONAL HYGIENE LIMITED,S0824 : Clinical Waste Transfer Station,353184,181502,BS11 0YB,User left blank,Hazardous,18 - HUMAN AND ANIMAL HEALTH CARE WASTE,Natal care - diagnosis - treatment or prevention of disease in humans,amalgam waste from dental care,18 01 10*,Transfer,Clinical Waste Transfer,Staffordshire,Staffordshire,West Midlands,Transfer (D),D15,0.0345,01 - Chemical compound wastes,"Acid, alkalies or salts"
South West,"Bath, Bristol and S Glo",Bristol City,"Bristol, City of",402801,Professional Hygiene Ltd,PROFESSIONAL HYGIENE LIMITED,S0824 : Clinical Waste Transfer Station,353184,181502,BS11 0YB,User left blank,Hazardous,18 - HUMAN AND ANIMAL HEALTH CARE WASTE,Natal care - diagnosis - treatment or prevention of disease in humans,cytotoxic and cytostatic medicines,18 01 08*,Transfer,Clinical Waste Transfer,Staffordshire,Staffordshire,West Midlands,Transfer (D),D15,0.0305,02 - Chemical preparation wastes,Off-specification chemical wastes
South West,"Bath, Bristol and S Glo",Bristol City,"Bristol, City of",402801,Professional Hygiene Ltd,PROFESSIONAL HYGIENE LIMITED,S0824 : Clinical Waste Transfer Station,353184,181502,BS11 0YB,User left blank,Hazardous,18 - HUMAN AND ANIMAL HEALTH CARE WASTE,Natal care - diagnosis - treatment or prevention of disease in humans,wastes whose collection and disposal is subject to special requirements in order to prevent infection,18 01 03*,Transfer,Clinical Waste Transfer,Staffordshire,Staffordshire,West Midlands,Transfer (D),D15,27.431,05 - Healthcare and biological wastes,Infectious health care wastes
South West,"Bath, Bristol and S Glo",Bristol City,"Bristol, City of",402801,Professional Hygiene Ltd,PROFESSIONAL HYGIENE LIMITED,S0824 : Clinical Waste Transfer Station,353184,181502,BS11 0YB,User left blank,Hhold/Ind/Com,18 - HUMAN AND ANIMAL HEALTH CARE WASTE,Natal care - diagnosis - treatment or prevention of disease in humans,medicines other than those mentioned in 18 01 08,18 01 09,Transfer,Clinical Waste Transfer,Staffordshire,Staffordshire,West Midlands,Transfer (D),D15,5.381,02 - Chemical preparation wastes,Off-specification chemical wastes
South West,"Bath, Bristol and S Glo",Bristol City,"Bristol, City of",402801,Professional Hygiene Ltd,PROFESSIONAL HYGIENE LIMITED,S0824 : Clinical Waste Transfer Station,353184,181502,BS11 0YB,User left blank,Hhold/Ind/Com,18 - HUMAN AND ANIMAL HEALTH CARE WASTE,Natal care - diagnosis - treatment or prevention of disease in humans,"wastes whose collection and disposal is not subject to special requirements in order to prevent infection(for example dressings, plaster casts, linen, disposable clothing, diapers)",18 01 04,Transfer,Clinical Waste Transfer,Staffordshire,Staffordshire,West Midlands,Transfer (D),D15,0.5035,10 - Mixed ordinary wastes,Mixed and undifferentiated materials
South West,"Bath, Bristol and S Glo",Bristol City,"Bristol, City of",402801,Professional Hygiene Ltd,PROFESSIONAL HYGIENE LIMITED,S0824 : Clinical Waste Transfer Station,353184,181502,BS11 0YB,Liquid,Hhold/Ind/Com,18 - HUMAN AND ANIMAL HEALTH CARE WASTE,Natal care - diagnosis - treatment or prevention of disease in humans,sharps (except 18 01 03),18 01 01,Transfer,Clinical Waste Transfer,Suffolk,Suffolk,East of England,Transfer (D),D15,0.051,05 - Healthcare and biological wastes,Infectious health care wastes
South West,"Bath, Bristol and S Glo",Bristol City,"Bristol, City of",402801,Professional Hygiene Ltd,PROFESSIONAL HYGIENE LIMITED,S0824 : Clinical Waste Transfer Station,353184,181502,BS11 0YB,User left blank,Hazardous,18 - HUMAN AND ANIMAL HEALTH CARE WASTE,Natal care - diagnosis - treatment or prevention of disease in humans,amalgam waste from dental care,18 01 10*,Transfer,Clinical Waste Transfer,Suffolk,Suffolk,East of England,Transfer (D),D15,0.0686,01 - Chemical compound wastes,"Acid, alkalies or salts"
South West,"Bath, Bristol and S Glo",Bristol City,"Bristol, City of",402801,Professional Hygiene Ltd,PROFESSIONAL HYGIENE LIMITED,S0824 : Clinical Waste Transfer Station,353184,181502,BS11 0YB,User left blank,Hazardous,18 - HUMAN AND ANIMAL HEALTH CARE WASTE,Natal care - diagnosis - treatment or prevention of disease in humans,cytotoxic and cytostatic medicines,18 01 08*,Transfer,Clinical Waste Transfer,Suffolk,Suffolk,East of England,Transfer (D),D15,0.002,02 - Chemical preparation wastes,Off-specification chemical wastes
South West,"Bath, Bristol and S Glo",Bristol City,"Bristol, City of",402801,Professional Hygiene Ltd,PROFESSIONAL HYGIENE LIMITED,S0824 : Clinical Waste Transfer Station,353184,181502,BS11 0YB,User left blank,Hazardous,18 - HUMAN AND ANIMAL HEALTH CARE WASTE,Natal care - diagnosis - treatment or prevention of disease in humans,wastes whose collection and disposal is subject to special requirements in order to prevent infection,18 01 03*,Transfer,Clinical Waste Transfer,Suffolk,Suffolk,East of England,Transfer (D),D15,4.7145,05 - Healthcare and biological wastes,Infectious health care wastes
South West,"Bath, Bristol and S Glo",Bristol City,"Bristol, City of",402801,Professional Hygiene Ltd,PROFESSIONAL HYGIENE LIMITED,S0824 : Clinical Waste Transfer Station,353184,181502,BS11 0YB,User left blank,Hhold/Ind/Com,18 - HUMAN AND ANIMAL HEALTH CARE WASTE,Natal care - diagnosis - treatment or prevention of disease in humans,medicines other than those mentioned in 18 01 08,18 01 09,Transfer,Clinical Waste Transfer,Suffolk,Suffolk,East of England,Transfer (D),D15,0.0015,02 - Chemical preparation wastes,Off-specification chemical wastes
South West,"Bath, Bristol and S Glo",Bristol City,"Bristol, City of",402801,Professional Hygiene Ltd,PROFESSIONAL HYGIENE LIMITED,S0824 : Clinical Waste Transfer Station,353184,181502,BS11 0YB,User left blank,Hhold/Ind/Com,18 - HUMAN AND ANIMAL HEALTH CARE WASTE,Natal care - diagnosis - treatment or prevention of disease in humans,"wastes whose collection and disposal is not subject to special requirements in order to prevent infection(for example dressings, plaster casts, linen, disposable clothing, diapers)",18 01 04,Transfer,Clinical Waste Transfer,Suffolk,Suffolk,East of England,Transfer (D),D15,1.145,10 - Mixed ordinary wastes,Mixed and undifferentiated materials
South West,"Bath, Bristol and S Glo",Bristol City,"Bristol, City of",402801,Professional Hygiene Ltd,PROFESSIONAL HYGIENE LIMITED,S0824 : Clinical Waste Transfer Station,353184,181502,BS11 0YB,Liquid,Hhold/Ind/Com,18 - HUMAN AND ANIMAL HEALTH CARE WASTE,Natal care - diagnosis - treatment or prevention of disease in humans,sharps (except 18 01 03),18 01 01,Transfer,Clinical Waste Transfer,Surrey,Surrey,South East,Transfer (D),D15,0.012,05 - Healthcare and biological wastes,Infectious health care wastes
South West,"Bath, Bristol and S Glo",Bristol City,"Bristol, City of",402801,Professional Hygiene Ltd,PROFESSIONAL HYGIENE LIMITED,S0824 : Clinical Waste Transfer Station,353184,181502,BS11 0YB,User left blank,Hazardous,18 - HUMAN AND ANIMAL HEALTH CARE WASTE,Natal care - diagnosis - treatment or prevention of disease in humans,amalgam waste from dental care,18 01 10*,Transfer,Clinical Waste Transfer,Surrey,Surrey,South East,Transfer (D),D15,0.0015,01 - Chemical compound wastes,"Acid, alkalies or salts"
South West,"Bath, Bristol and S Glo",Bristol City,"Bristol, City of",402801,Professional Hygiene Ltd,PROFESSIONAL HYGIENE LIMITED,S0824 : Clinical Waste Transfer Station,353184,181502,BS11 0YB,User left blank,Hazardous,18 - HUMAN AND ANIMAL HEALTH CARE WASTE,Natal care - diagnosis - treatment or prevention of disease in humans,cytotoxic and cytostatic medicines,18 01 08*,Transfer,Clinical Waste Transfer,Surrey,Surrey,South East,Transfer (D),D15,0.0015,02 - Chemical preparation wastes,Off-specification chemical wastes
South West,"Bath, Bristol and S Glo",Bristol City,"Bristol, City of",402801,Professional Hygiene Ltd,PROFESSIONAL HYGIENE LIMITED,S0824 : Clinical Waste Transfer Station,353184,181502,BS11 0YB,User left blank,Hazardous,18 - HUMAN AND ANIMAL HEALTH CARE WASTE,Natal care - diagnosis - treatment or prevention of disease in humans,wastes whose collection and disposal is subject to special requirements in order to prevent infection,18 01 03*,Transfer,Clinical Waste Transfer,Surrey,Surrey,South East,Transfer (D),D15,0.6675,05 - Healthcare and biological wastes,Infectious health care wastes
South West,"Bath, Bristol and S Glo",Bristol City,"Bristol, City of",402801,Professional Hygiene Ltd,PROFESSIONAL HYGIENE LIMITED,S0824 : Clinical Waste Transfer Station,353184,181502,BS11 0YB,User left blank,Hhold/Ind/Com,18 - HUMAN AND ANIMAL HEALTH CARE WASTE,Natal care - diagnosis - treatment or prevention of disease in humans,medicines other than those mentioned in 18 01 08,18 01 09,Transfer,Clinical Waste Transfer,Surrey,Surrey,South East,Transfer (D),D15,0.0015,02 - Chemical preparation wastes,Off-specification chemical wastes
South West,"Bath, Bristol and S Glo",Bristol City,"Bristol, City of",402801,Professional Hygiene Ltd,PROFESSIONAL HYGIENE LIMITED,S0824 : Clinical Waste Transfer Station,353184,181502,BS11 0YB,User left blank,Hhold/Ind/Com,18 - HUMAN AND ANIMAL HEALTH CARE WASTE,Natal care - diagnosis - treatment or prevention of disease in humans,"wastes whose collection and disposal is not subject to special requirements in order to prevent infection(for example dressings, plaster casts, linen, disposable clothing, diapers)",18 01 04,Transfer,Clinical Waste Transfer,Surrey,Surrey,South East,Transfer (D),D15,2.392,10 - Mixed ordinary wastes,Mixed and undifferentiated materials
South West,"Bath, Bristol and S Glo",Bristol City,"Bristol, City of",402801,Professional Hygiene Ltd,PROFESSIONAL HYGIENE LIMITED,S0824 : Clinical Waste Transfer Station,353184,181502,BS11 0YB,User left blank,Hazardous,18 - HUMAN AND ANIMAL HEALTH CARE WASTE,Natal care - diagnosis - treatment or prevention of disease in humans,wastes whose collection and disposal is subject to special requirements in order to prevent infection,18 01 03*,Transfer,Clinical Waste Transfer,Woking,Surrey,South East,Transfer (D),D15,0.261,05 - Healthcare and biological wastes,Infectious health care wastes
South West,"Bath, Bristol and S Glo",Bristol City,"Bristol, City of",402801,Professional Hygiene Ltd,PROFESSIONAL HYGIENE LIMITED,S0824 : Clinical Waste Transfer Station,353184,181502,BS11 0YB,Liquid,Hhold/Ind/Com,18 - HUMAN AND ANIMAL HEALTH CARE WASTE,Natal care - diagnosis - treatment or prevention of disease in humans,sharps (except 18 01 03),18 01 01,Transfer,Clinical Waste Transfer,Sutton,Sutton,London,Transfer (D),D15,0.004,05 - Healthcare and biological wastes,Infectious health care wastes
South West,"Bath, Bristol and S Glo",Bristol City,"Bristol, City of",402801,Professional Hygiene Ltd,PROFESSIONAL HYGIENE LIMITED,S0824 : Clinical Waste Transfer Station,353184,181502,BS11 0YB,User left blank,Hazardous,18 - HUMAN AND ANIMAL HEALTH CARE WASTE,Natal care - diagnosis - treatment or prevention of disease in humans,wastes whose collection and disposal is subject to special requirements in order to prevent infection,18 01 03*,Transfer,Clinical Waste Transfer,Sutton,Sutton,London,Transfer (D),D15,0.1965,05 - Healthcare and biological wastes,Infectious health care wastes
South West,"Bath, Bristol and S Glo",Bristol City,"Bristol, City of",402801,Professional Hygiene Ltd,PROFESSIONAL HYGIENE LIMITED,S0824 : Clinical Waste Transfer Station,353184,181502,BS11 0YB,User left blank,Hhold/Ind/Com,18 - HUMAN AND ANIMAL HEALTH CARE WASTE,Natal care - diagnosis - treatment or prevention of disease in humans,"wastes whose collection and disposal is not subject to special requirements in order to prevent infection(for example dressings, plaster casts, linen, disposable clothing, diapers)",18 01 04,Transfer,Clinical Waste Transfer,Sutton,Sutton,London,Transfer (D),D15,0.2005,10 - Mixed ordinary wastes,Mixed and undifferentiated materials
South West,"Bath, Bristol and S Glo",Bristol City,"Bristol, City of",402801,Professional Hygiene Ltd,PROFESSIONAL HYGIENE LIMITED,S0824 : Clinical Waste Transfer Station,353184,181502,BS11 0YB,Liquid,Hhold/Ind/Com,18 - HUMAN AND ANIMAL HEALTH CARE WASTE,Natal care - diagnosis - treatment or prevention of disease in humans,sharps (except 18 01 03),18 01 01,Transfer,Clinical Waste Transfer,Swindon,Swindon,South West,Transfer (D),D15,0.053,05 - Healthcare and biological wastes,Infectious health care wastes
South West,"Bath, Bristol and S Glo",Bristol City,"Bristol, City of",402801,Professional Hygiene Ltd,PROFESSIONAL HYGIENE LIMITED,S0824 : Clinical Waste Transfer Station,353184,181502,BS11 0YB,User left blank,Hazardous,18 - HUMAN AND ANIMAL HEALTH CARE WASTE,Natal care - diagnosis - treatment or prevention of disease in humans,amalgam waste from dental care,18 01 10*,Transfer,Clinical Waste Transfer,Swindon,Swindon,South West,Transfer (D),D15,0.0166,01 - Chemical compound wastes,"Acid, alkalies or salts"
South West,"Bath, Bristol and S Glo",Bristol City,"Bristol, City of",402801,Professional Hygiene Ltd,PROFESSIONAL HYGIENE LIMITED,S0824 : Clinical Waste Transfer Station,353184,181502,BS11 0YB,User left blank,Hazardous,18 - HUMAN AND ANIMAL HEALTH CARE WASTE,Natal care - diagnosis - treatment or prevention of disease in humans,cytotoxic and cytostatic medicines,18 01 08*,Transfer,Clinical Waste Transfer,Swindon,Swindon,South West,Transfer (D),D15,0.003,02 - Chemical preparation wastes,Off-specification chemical wastes
South West,"Bath, Bristol and S Glo",Bristol City,"Bristol, City of",402801,Professional Hygiene Ltd,PROFESSIONAL HYGIENE LIMITED,S0824 : Clinical Waste Transfer Station,353184,181502,BS11 0YB,User left blank,Hazardous,18 - HUMAN AND ANIMAL HEALTH CARE WASTE,Natal care - diagnosis - treatment or prevention of disease in humans,wastes whose collection and disposal is subject to special requirements in order to prevent infection,18 01 03*,Transfer,Clinical Waste Transfer,Swindon,Swindon,South West,Transfer (D),D15,7.667,05 - Healthcare and biological wastes,Infectious health care wastes
South West,"Bath, Bristol and S Glo",Bristol City,"Bristol, City of",402801,Professional Hygiene Ltd,PROFESSIONAL HYGIENE LIMITED,S0824 : Clinical Waste Transfer Station,353184,181502,BS11 0YB,User left blank,Hhold/Ind/Com,18 - HUMAN AND ANIMAL HEALTH CARE WASTE,Natal care - diagnosis - treatment or prevention of disease in humans,medicines other than those mentioned in 18 01 08,18 01 09,Transfer,Clinical Waste Transfer,Swindon,Swindon,South West,Transfer (D),D15,0.009,02 - Chemical preparation wastes,Off-specification chemical wastes
South West,"Bath, Bristol and S Glo",Bristol City,"Bristol, City of",402801,Professional Hygiene Ltd,PROFESSIONAL HYGIENE LIMITED,S0824 : Clinical Waste Transfer Station,353184,181502,BS11 0YB,User left blank,Hhold/Ind/Com,18 - HUMAN AND ANIMAL HEALTH CARE WASTE,Natal care - diagnosis - treatment or prevention of disease in humans,"wastes whose collection and disposal is not subject to special requirements in order to prevent infection(for example dressings, plaster casts, linen, disposable clothing, diapers)",18 01 04,Transfer,Clinical Waste Transfer,Swindon,Swindon,South West,Transfer (D),D15,18.9995,10 - Mixed ordinary wastes,Mixed and undifferentiated materials
South West,"Bath, Bristol and S Glo",Bristol City,"Bristol, City of",402801,Professional Hygiene Ltd,PROFESSIONAL HYGIENE LIMITED,S0824 : Clinical Waste Transfer Station,353184,181502,BS11 0YB,Liquid,Hhold/Ind/Com,18 - HUMAN AND ANIMAL HEALTH CARE WASTE,Natal care - diagnosis - treatment or prevention of disease in humans,sharps (except 18 01 03),18 01 01,Transfer,Clinical Waste Transfer,Torbay,Torbay,South West,Transfer (D),D15,0.038,05 - Healthcare and biological wastes,Infectious health care wastes
South West,"Bath, Bristol and S Glo",Bristol City,"Bristol, City of",402801,Professional Hygiene Ltd,PROFESSIONAL HYGIENE LIMITED,S0824 : Clinical Waste Transfer Station,353184,181502,BS11 0YB,User left blank,Hazardous,18 - HUMAN AND ANIMAL HEALTH CARE WASTE,Natal care - diagnosis - treatment or prevention of disease in humans,amalgam waste from dental care,18 01 10*,Transfer,Clinical Waste Transfer,Torbay,Torbay,South West,Transfer (D),D15,0.1418,01 - Chemical compound wastes,"Acid, alkalies or salts"
South West,"Bath, Bristol and S Glo",Bristol City,"Bristol, City of",402801,Professional Hygiene Ltd,PROFESSIONAL HYGIENE LIMITED,S0824 : Clinical Waste Transfer Station,353184,181502,BS11 0YB,User left blank,Hazardous,18 - HUMAN AND ANIMAL HEALTH CARE WASTE,Natal care - diagnosis - treatment or prevention of disease in humans,cytotoxic and cytostatic medicines,18 01 08*,Transfer,Clinical Waste Transfer,Torbay,Torbay,South West,Transfer (D),D15,0.003,02 - Chemical preparation wastes,Off-specification chemical wastes
South West,"Bath, Bristol and S Glo",Bristol City,"Bristol, City of",402801,Professional Hygiene Ltd,PROFESSIONAL HYGIENE LIMITED,S0824 : Clinical Waste Transfer Station,353184,181502,BS11 0YB,User left blank,Hazardous,18 - HUMAN AND ANIMAL HEALTH CARE WASTE,Natal care - diagnosis - treatment or prevention of disease in humans,wastes whose collection and disposal is subject to special requirements in order to prevent infection,18 01 03*,Transfer,Clinical Waste Transfer,Torbay,Torbay,South West,Transfer (D),D15,7.334,05 - Healthcare and biological wastes,Infectious health care wastes
South West,"Bath, Bristol and S Glo",Bristol City,"Bristol, City of",402801,Professional Hygiene Ltd,PROFESSIONAL HYGIENE LIMITED,S0824 : Clinical Waste Transfer Station,353184,181502,BS11 0YB,User left blank,Hhold/Ind/Com,18 - HUMAN AND ANIMAL HEALTH CARE WASTE,Natal care - diagnosis - treatment or prevention of disease in humans,medicines other than those mentioned in 18 01 08,18 01 09,Transfer,Clinical Waste Transfer,Torbay,Torbay,South West,Transfer (D),D15,0.03,02 - Chemical preparation wastes,Off-specification chemical wastes
South West,"Bath, Bristol and S Glo",Bristol City,"Bristol, City of",402801,Professional Hygiene Ltd,PROFESSIONAL HYGIENE LIMITED,S0824 : Clinical Waste Transfer Station,353184,181502,BS11 0YB,User left blank,Hhold/Ind/Com,18 - HUMAN AND ANIMAL HEALTH CARE WASTE,Natal care - diagnosis - treatment or prevention of disease in humans,"wastes whose collection and disposal is not subject to special requirements in order to prevent infection(for example dressings, plaster casts, linen, disposable clothing, diapers)",18 01 04,Transfer,Clinical Waste Transfer,Torbay,Torbay,South West,Transfer (D),D15,1.044,10 - Mixed ordinary wastes,Mixed and undifferentiated materials
South West,"Bath, Bristol and S Glo",Bristol City,"Bristol, City of",402801,Professional Hygiene Ltd,PROFESSIONAL HYGIENE LIMITED,S0824 : Clinical Waste Transfer Station,353184,181502,BS11 0YB,User left blank,Hazardous,18 - HUMAN AND ANIMAL HEALTH CARE WASTE,Natal care - diagnosis - treatment or prevention of disease in humans,amalgam waste from dental care,18 01 10*,Transfer,Clinical Waste Transfer,Blaenau Gwent,Wales,Wales,Transfer (D),D15,0.0033,01 - Chemical compound wastes,"Acid, alkalies or salts"
South West,"Bath, Bristol and S Glo",Bristol City,"Bristol, City of",402801,Professional Hygiene Ltd,PROFESSIONAL HYGIENE LIMITED,S0824 : Clinical Waste Transfer Station,353184,181502,BS11 0YB,User left blank,Hazardous,18 - HUMAN AND ANIMAL HEALTH CARE WASTE,Natal care - diagnosis - treatment or prevention of disease in humans,wastes whose collection and disposal is subject to special requirements in order to prevent infection,18 01 03*,Transfer,Clinical Waste Transfer,Blaenau Gwent,Wales,Wales,Transfer (D),D15,0.466,05 - Healthcare and biological wastes,Infectious health care wastes
South West,"Bath, Bristol and S Glo",Bristol City,"Bristol, City of",402801,Professional Hygiene Ltd,PROFESSIONAL HYGIENE LIMITED,S0824 : Clinical Waste Transfer Station,353184,181502,BS11 0YB,User left blank,Hhold/Ind/Com,18 - HUMAN AND ANIMAL HEALTH CARE WASTE,Natal care - diagnosis - treatment or prevention of disease in humans,"wastes whose collection and disposal is not subject to special requirements in order to prevent infection(for example dressings, plaster casts, linen, disposable clothing, diapers)",18 01 04,Transfer,Clinical Waste Transfer,Blaenau Gwent,Wales,Wales,Transfer (D),D15,0.01,10 - Mixed ordinary wastes,Mixed and undifferentiated materials
South West,"Bath, Bristol and S Glo",Bristol City,"Bristol, City of",402801,Professional Hygiene Ltd,PROFESSIONAL HYGIENE LIMITED,S0824 : Clinical Waste Transfer Station,353184,181502,BS11 0YB,Liquid,Hhold/Ind/Com,18 - HUMAN AND ANIMAL HEALTH CARE WASTE,Natal care - diagnosis - treatment or prevention of disease in humans,sharps (except 18 01 03),18 01 01,Transfer,Clinical Waste Transfer,Bridgend,Wales,Wales,Transfer (D),D15,0.0335,05 - Healthcare and biological wastes,Infectious health care wastes
South West,"Bath, Bristol and S Glo",Bristol City,"Bristol, City of",402801,Professional Hygiene Ltd,PROFESSIONAL HYGIENE LIMITED,S0824 : Clinical Waste Transfer Station,353184,181502,BS11 0YB,User left blank,Hazardous,18 - HUMAN AND ANIMAL HEALTH CARE WASTE,Natal care - diagnosis - treatment or prevention of disease in humans,wastes whose collection and disposal is subject to special requirements in order to prevent infection,18 01 03*,Transfer,Clinical Waste Transfer,Bridgend,Wales,Wales,Transfer (D),D15,0.46,05 - Healthcare and biological wastes,Infectious health care wastes
South West,"Bath, Bristol and S Glo",Bristol City,"Bristol, City of",402801,Professional Hygiene Ltd,PROFESSIONAL HYGIENE LIMITED,S0824 : Clinical Waste Transfer Station,353184,181502,BS11 0YB,User left blank,Hhold/Ind/Com,18 - HUMAN AND ANIMAL HEALTH CARE WASTE,Natal care - diagnosis - treatment or prevention of disease in humans,"wastes whose collection and disposal is not subject to special requirements in order to prevent infection(for example dressings, plaster casts, linen, disposable clothing, diapers)",18 01 04,Transfer,Clinical Waste Transfer,Bridgend,Wales,Wales,Transfer (D),D15,4.2745,10 - Mixed ordinary wastes,Mixed and undifferentiated materials
South West,"Bath, Bristol and S Glo",Bristol City,"Bristol, City of",402801,Professional Hygiene Ltd,PROFESSIONAL HYGIENE LIMITED,S0824 : Clinical Waste Transfer Station,353184,181502,BS11 0YB,Liquid,Hhold/Ind/Com,18 - HUMAN AND ANIMAL HEALTH CARE WASTE,Natal care - diagnosis - treatment or prevention of disease in humans,sharps (except 18 01 03),18 01 01,Transfer,Clinical Waste Transfer,Caerphilly,Wales,Wales,Transfer (D),D15,0.051,05 - Healthcare and biological wastes,Infectious health care wastes
South West,"Bath, Bristol and S Glo",Bristol City,"Bristol, City of",402801,Professional Hygiene Ltd,PROFESSIONAL HYGIENE LIMITED,S0824 : Clinical Waste Transfer Station,353184,181502,BS11 0YB,User left blank,Hazardous,18 - HUMAN AND ANIMAL HEALTH CARE WASTE,Natal care - diagnosis - treatment or prevention of disease in humans,amalgam waste from dental care,18 01 10*,Transfer,Clinical Waste Transfer,Caerphilly,Wales,Wales,Transfer (D),D15,0.0072,01 - Chemical compound wastes,"Acid, alkalies or salts"
South West,"Bath, Bristol and S Glo",Bristol City,"Bristol, City of",402801,Professional Hygiene Ltd,PROFESSIONAL HYGIENE LIMITED,S0824 : Clinical Waste Transfer Station,353184,181502,BS11 0YB,User left blank,Hazardous,18 - HUMAN AND ANIMAL HEALTH CARE WASTE,Natal care - diagnosis - treatment or prevention of disease in humans,wastes whose collection and disposal is subject to special requirements in order to prevent infection,18 01 03*,Transfer,Clinical Waste Transfer,Caerphilly,Wales,Wales,Transfer (D),D15,2.5095,05 - Healthcare and biological wastes,Infectious health care wastes
South West,"Bath, Bristol and S Glo",Bristol City,"Bristol, City of",402801,Professional Hygiene Ltd,PROFESSIONAL HYGIENE LIMITED,S0824 : Clinical Waste Transfer Station,353184,181502,BS11 0YB,User left blank,Hhold/Ind/Com,18 - HUMAN AND ANIMAL HEALTH CARE WASTE,Natal care - diagnosis - treatment or prevention of disease in humans,medicines other than those mentioned in 18 01 08,18 01 09,Transfer,Clinical Waste Transfer,Caerphilly,Wales,Wales,Transfer (D),D15,0.0015,02 - Chemical preparation wastes,Off-specification chemical wastes
South West,"Bath, Bristol and S Glo",Bristol City,"Bristol, City of",402801,Professional Hygiene Ltd,PROFESSIONAL HYGIENE LIMITED,S0824 : Clinical Waste Transfer Station,353184,181502,BS11 0YB,User left blank,Hhold/Ind/Com,18 - HUMAN AND ANIMAL HEALTH CARE WASTE,Natal care - diagnosis - treatment or prevention of disease in humans,"wastes whose collection and disposal is not subject to special requirements in order to prevent infection(for example dressings, plaster casts, linen, disposable clothing, diapers)",18 01 04,Transfer,Clinical Waste Transfer,Caerphilly,Wales,Wales,Transfer (D),D15,2.0395,10 - Mixed ordinary wastes,Mixed and undifferentiated materials
South West,"Bath, Bristol and S Glo",Bristol City,"Bristol, City of",402801,Professional Hygiene Ltd,PROFESSIONAL HYGIENE LIMITED,S0824 : Clinical Waste Transfer Station,353184,181502,BS11 0YB,Liquid,Hhold/Ind/Com,18 - HUMAN AND ANIMAL HEALTH CARE WASTE,Natal care - diagnosis - treatment or prevention of disease in humans,sharps (except 18 01 03),18 01 01,Transfer,Clinical Waste Transfer,Cardiff,Wales,Wales,Transfer (D),D15,0.112,05 - Healthcare and biological wastes,Infectious health care wastes
South West,"Bath, Bristol and S Glo",Bristol City,"Bristol, City of",402801,Professional Hygiene Ltd,PROFESSIONAL HYGIENE LIMITED,S0824 : Clinical Waste Transfer Station,353184,181502,BS11 0YB,User left blank,Hazardous,18 - HUMAN AND ANIMAL HEALTH CARE WASTE,Natal care - diagnosis - treatment or prevention of disease in humans,amalgam waste from dental care,18 01 10*,Transfer,Clinical Waste Transfer,Cardiff,Wales,Wales,Transfer (D),D15,0.0339,01 - Chemical compound wastes,"Acid, alkalies or salts"
South West,"Bath, Bristol and S Glo",Bristol City,"Bristol, City of",402801,Professional Hygiene Ltd,PROFESSIONAL HYGIENE LIMITED,S0824 : Clinical Waste Transfer Station,353184,181502,BS11 0YB,User left blank,Hazardous,18 - HUMAN AND ANIMAL HEALTH CARE WASTE,Natal care - diagnosis - treatment or prevention of disease in humans,cytotoxic and cytostatic medicines,18 01 08*,Transfer,Clinical Waste Transfer,Cardiff,Wales,Wales,Transfer (D),D15,0.001,02 - Chemical preparation wastes,Off-specification chemical wastes
South West,"Bath, Bristol and S Glo",Bristol City,"Bristol, City of",402801,Professional Hygiene Ltd,PROFESSIONAL HYGIENE LIMITED,S0824 : Clinical Waste Transfer Station,353184,181502,BS11 0YB,User left blank,Hazardous,18 - HUMAN AND ANIMAL HEALTH CARE WASTE,Natal care - diagnosis - treatment or prevention of disease in humans,wastes whose collection and disposal is subject to special requirements in order to prevent infection,18 01 03*,Transfer,Clinical Waste Transfer,Cardiff,Wales,Wales,Transfer (D),D15,1.7315,05 - Healthcare and biological wastes,Infectious health care wastes
South West,"Bath, Bristol and S Glo",Bristol City,"Bristol, City of",402801,Professional Hygiene Ltd,PROFESSIONAL HYGIENE LIMITED,S0824 : Clinical Waste Transfer Station,353184,181502,BS11 0YB,User left blank,Hhold/Ind/Com,18 - HUMAN AND ANIMAL HEALTH CARE WASTE,Natal care - diagnosis - treatment or prevention of disease in humans,"wastes whose collection and disposal is not subject to special requirements in order to prevent infection(for example dressings, plaster casts, linen, disposable clothing, diapers)",18 01 04,Transfer,Clinical Waste Transfer,Cardiff,Wales,Wales,Transfer (D),D15,4.9375,10 - Mixed ordinary wastes,Mixed and undifferentiated materials
South West,"Bath, Bristol and S Glo",Bristol City,"Bristol, City of",402801,Professional Hygiene Ltd,PROFESSIONAL HYGIENE LIMITED,S0824 : Clinical Waste Transfer Station,353184,181502,BS11 0YB,Liquid,Hhold/Ind/Com,18 - HUMAN AND ANIMAL HEALTH CARE WASTE,Natal care - diagnosis - treatment or prevention of disease in humans,sharps (except 18 01 03),18 01 01,Transfer,Clinical Waste Transfer,Carmarthenshire,Wales,Wales,Transfer (D),D15,0.013,05 - Healthcare and biological wastes,Infectious health care wastes
South West,"Bath, Bristol and S Glo",Bristol City,"Bristol, City of",402801,Professional Hygiene Ltd,PROFESSIONAL HYGIENE LIMITED,S0824 : Clinical Waste Transfer Station,353184,181502,BS11 0YB,User left blank,Hhold/Ind/Com,18 - HUMAN AND ANIMAL HEALTH CARE WASTE,Natal care - diagnosis - treatment or prevention of disease in humans,"wastes whose collection and disposal is not subject to special requirements in order to prevent infection(for example dressings, plaster casts, linen, disposable clothing, diapers)",18 01 04,Transfer,Clinical Waste Transfer,Carmarthenshire,Wales,Wales,Transfer (D),D15,0.232,10 - Mixed ordinary wastes,Mixed and undifferentiated materials
South West,"Bath, Bristol and S Glo",Bristol City,"Bristol, City of",402801,Professional Hygiene Ltd,PROFESSIONAL HYGIENE LIMITED,S0824 : Clinical Waste Transfer Station,353184,181502,BS11 0YB,Liquid,Hhold/Ind/Com,18 - HUMAN AND ANIMAL HEALTH CARE WASTE,Natal care - diagnosis - treatment or prevention of disease in humans,sharps (except 18 01 03),18 01 01,Transfer,Clinical Waste Transfer,Ceredigion,Wales,Wales,Transfer (D),D15,0.016,05 - Healthcare and biological wastes,Infectious health care wastes
South West,"Bath, Bristol and S Glo",Bristol City,"Bristol, City of",402801,Professional Hygiene Ltd,PROFESSIONAL HYGIENE LIMITED,S0824 : Clinical Waste Transfer Station,353184,181502,BS11 0YB,User left blank,Hhold/Ind/Com,18 - HUMAN AND ANIMAL HEALTH CARE WASTE,Natal care - diagnosis - treatment or prevention of disease in humans,"wastes whose collection and disposal is not subject to special requirements in order to prevent infection(for example dressings, plaster casts, linen, disposable clothing, diapers)",18 01 04,Transfer,Clinical Waste Transfer,Ceredigion,Wales,Wales,Transfer (D),D15,0.04,10 - Mixed ordinary wastes,Mixed and undifferentiated materials
South West,"Bath, Bristol and S Glo",Bristol City,"Bristol, City of",402801,Professional Hygiene Ltd,PROFESSIONAL HYGIENE LIMITED,S0824 : Clinical Waste Transfer Station,353184,181502,BS11 0YB,Liquid,Hhold/Ind/Com,18 - HUMAN AND ANIMAL HEALTH CARE WASTE,Natal care - diagnosis - treatment or prevention of disease in humans,sharps (except 18 01 03),18 01 01,Transfer,Clinical Waste Transfer,Monmouthshire,Wales,Wales,Transfer (D),D15,0.041,05 - Healthcare and biological wastes,Infectious health care wastes
South West,"Bath, Bristol and S Glo",Bristol City,"Bristol, City of",402801,Professional Hygiene Ltd,PROFESSIONAL HYGIENE LIMITED,S0824 : Clinical Waste Transfer Station,353184,181502,BS11 0YB,User left blank,Hazardous,18 - HUMAN AND ANIMAL HEALTH CARE WASTE,Natal care - diagnosis - treatment or prevention of disease in humans,amalgam waste from dental care,18 01 10*,Transfer,Clinical Waste Transfer,Monmouthshire,Wales,Wales,Transfer (D),D15,0.1827,01 - Chemical compound wastes,"Acid, alkalies or salts"
South West,"Bath, Bristol and S Glo",Bristol City,"Bristol, City of",402801,Professional Hygiene Ltd,PROFESSIONAL HYGIENE LIMITED,S0824 : Clinical Waste Transfer Station,353184,181502,BS11 0YB,User left blank,Hazardous,18 - HUMAN AND ANIMAL HEALTH CARE WASTE,Natal care - diagnosis - treatment or prevention of disease in humans,cytotoxic and cytostatic medicines,18 01 08*,Transfer,Clinical Waste Transfer,Monmouthshire,Wales,Wales,Transfer (D),D15,0.002,02 - Chemical preparation wastes,Off-specification chemical wastes
South West,"Bath, Bristol and S Glo",Bristol City,"Bristol, City of",402801,Professional Hygiene Ltd,PROFESSIONAL HYGIENE LIMITED,S0824 : Clinical Waste Transfer Station,353184,181502,BS11 0YB,User left blank,Hazardous,18 - HUMAN AND ANIMAL HEALTH CARE WASTE,Natal care - diagnosis - treatment or prevention of disease in humans,wastes whose collection and disposal is subject to special requirements in order to prevent infection,18 01 03*,Transfer,Clinical Waste Transfer,Monmouthshire,Wales,Wales,Transfer (D),D15,8.96,05 - Healthcare and biological wastes,Infectious health care wastes
South West,"Bath, Bristol and S Glo",Bristol City,"Bristol, City of",402801,Professional Hygiene Ltd,PROFESSIONAL HYGIENE LIMITED,S0824 : Clinical Waste Transfer Station,353184,181502,BS11 0YB,User left blank,Hhold/Ind/Com,18 - HUMAN AND ANIMAL HEALTH CARE WASTE,Natal care - diagnosis - treatment or prevention of disease in humans,medicines other than those mentioned in 18 01 08,18 01 09,Transfer,Clinical Waste Transfer,Monmouthshire,Wales,Wales,Transfer (D),D15,0.0225,02 - Chemical preparation wastes,Off-specification chemical wastes
South West,"Bath, Bristol and S Glo",Bristol City,"Bristol, City of",402801,Professional Hygiene Ltd,PROFESSIONAL HYGIENE LIMITED,S0824 : Clinical Waste Transfer Station,353184,181502,BS11 0YB,User left blank,Hhold/Ind/Com,18 - HUMAN AND ANIMAL HEALTH CARE WASTE,Natal care - diagnosis - treatment or prevention of disease in humans,"wastes whose collection and disposal is not subject to special requirements in order to prevent infection(for example dressings, plaster casts, linen, disposable clothing, diapers)",18 01 04,Transfer,Clinical Waste Transfer,Monmouthshire,Wales,Wales,Transfer (D),D15,26.88719,10 - Mixed ordinary wastes,Mixed and undifferentiated materials
South West,"Bath, Bristol and S Glo",Bristol City,"Bristol, City of",402801,Professional Hygiene Ltd,PROFESSIONAL HYGIENE LIMITED,S0824 : Clinical Waste Transfer Station,353184,181502,BS11 0YB,Liquid,Hhold/Ind/Com,18 - HUMAN AND ANIMAL HEALTH CARE WASTE,Natal care - diagnosis - treatment or prevention of disease in humans,sharps (except 18 01 03),18 01 01,Transfer,Clinical Waste Transfer,Newport,Wales,Wales,Transfer (D),D15,0.0265,05 - Healthcare and biological wastes,Infectious health care wastes
South West,"Bath, Bristol and S Glo",Bristol City,"Bristol, City of",402801,Professional Hygiene Ltd,PROFESSIONAL HYGIENE LIMITED,S0824 : Clinical Waste Transfer Station,353184,181502,BS11 0YB,User left blank,Hazardous,18 - HUMAN AND ANIMAL HEALTH CARE WASTE,Natal care - diagnosis - treatment or prevention of disease in humans,wastes whose collection and disposal is subject to special requirements in order to prevent infection,18 01 03*,Transfer,Clinical Waste Transfer,Newport,Wales,Wales,Transfer (D),D15,0.002,05 - Healthcare and biological wastes,Infectious health care wastes
South West,"Bath, Bristol and S Glo",Bristol City,"Bristol, City of",402801,Professional Hygiene Ltd,PROFESSIONAL HYGIENE LIMITED,S0824 : Clinical Waste Transfer Station,353184,181502,BS11 0YB,User left blank,Hhold/Ind/Com,18 - HUMAN AND ANIMAL HEALTH CARE WASTE,Natal care - diagnosis - treatment or prevention of disease in humans,"wastes whose collection and disposal is not subject to special requirements in order to prevent infection(for example dressings, plaster casts, linen, disposable clothing, diapers)",18 01 04,Transfer,Clinical Waste Transfer,Newport,Wales,Wales,Transfer (D),D15,0.342,10 - Mixed ordinary wastes,Mixed and undifferentiated materials
South West,"Bath, Bristol and S Glo",Bristol City,"Bristol, City of",402801,Professional Hygiene Ltd,PROFESSIONAL HYGIENE LIMITED,S0824 : Clinical Waste Transfer Station,353184,181502,BS11 0YB,User left blank,Hhold/Ind/Com,18 - HUMAN AND ANIMAL HEALTH CARE WASTE,Natal care - diagnosis - treatment or prevention of disease in humans,"wastes whose collection and disposal is not subject to special requirements in order to prevent infection(for example dressings, plaster casts, linen, disposable clothing, diapers)",18 01 04,Transfer,Clinical Waste Transfer,Powys,Wales,Wales,Transfer (D),D15,0.294,10 - Mixed ordinary wastes,Mixed and undifferentiated materials
South West,"Bath, Bristol and S Glo",Bristol City,"Bristol, City of",402801,Professional Hygiene Ltd,PROFESSIONAL HYGIENE LIMITED,S0824 : Clinical Waste Transfer Station,353184,181502,BS11 0YB,Liquid,Hhold/Ind/Com,18 - HUMAN AND ANIMAL HEALTH CARE WASTE,Natal care - diagnosis - treatment or prevention of disease in humans,sharps (except 18 01 03),18 01 01,Transfer,Clinical Waste Transfer,Rhondda Cynon Taf,Wales,Wales,Transfer (D),D15,0.039,05 - Healthcare and biological wastes,Infectious health care wastes
South West,"Bath, Bristol and S Glo",Bristol City,"Bristol, City of",402801,Professional Hygiene Ltd,PROFESSIONAL HYGIENE LIMITED,S0824 : Clinical Waste Transfer Station,353184,181502,BS11 0YB,User left blank,Hazardous,18 - HUMAN AND ANIMAL HEALTH CARE WASTE,Natal care - diagnosis - treatment or prevention of disease in humans,amalgam waste from dental care,18 01 10*,Transfer,Clinical Waste Transfer,Rhondda Cynon Taf,Wales,Wales,Transfer (D),D15,0.0875,01 - Chemical compound wastes,"Acid, alkalies or salts"
South West,"Bath, Bristol and S Glo",Bristol City,"Bristol, City of",402801,Professional Hygiene Ltd,PROFESSIONAL HYGIENE LIMITED,S0824 : Clinical Waste Transfer Station,353184,181502,BS11 0YB,User left blank,Hazardous,18 - HUMAN AND ANIMAL HEALTH CARE WASTE,Natal care - diagnosis - treatment or prevention of disease in humans,wastes whose collection and disposal is subject to special requirements in order to prevent infection,18 01 03*,Transfer,Clinical Waste Transfer,Rhondda Cynon Taf,Wales,Wales,Transfer (D),D15,3.437,05 - Healthcare and biological wastes,Infectious health care wastes
South West,"Bath, Bristol and S Glo",Bristol City,"Bristol, City of",402801,Professional Hygiene Ltd,PROFESSIONAL HYGIENE LIMITED,S0824 : Clinical Waste Transfer Station,353184,181502,BS11 0YB,User left blank,Hhold/Ind/Com,18 - HUMAN AND ANIMAL HEALTH CARE WASTE,Natal care - diagnosis - treatment or prevention of disease in humans,"wastes whose collection and disposal is not subject to special requirements in order to prevent infection(for example dressings, plaster casts, linen, disposable clothing, diapers)",18 01 04,Transfer,Clinical Waste Transfer,Rhondda Cynon Taf,Wales,Wales,Transfer (D),D15,0.887,10 - Mixed ordinary wastes,Mixed and undifferentiated materials
South West,"Bath, Bristol and S Glo",Bristol City,"Bristol, City of",402801,Professional Hygiene Ltd,PROFESSIONAL HYGIENE LIMITED,S0824 : Clinical Waste Transfer Station,353184,181502,BS11 0YB,Liquid,Hhold/Ind/Com,18 - HUMAN AND ANIMAL HEALTH CARE WASTE,Natal care - diagnosis - treatment or prevention of disease in humans,sharps (except 18 01 03),18 01 01,Transfer,Clinical Waste Transfer,Swansea,Wales,Wales,Transfer (D),D15,0.0335,05 - Healthcare and biological wastes,Infectious health care wastes
South West,"Bath, Bristol and S Glo",Bristol City,"Bristol, City of",402801,Professional Hygiene Ltd,PROFESSIONAL HYGIENE LIMITED,S0824 : Clinical Waste Transfer Station,353184,181502,BS11 0YB,User left blank,Hazardous,18 - HUMAN AND ANIMAL HEALTH CARE WASTE,Natal care - diagnosis - treatment or prevention of disease in humans,wastes whose collection and disposal is subject to special requirements in order to prevent infection,18 01 03*,Transfer,Clinical Waste Transfer,Swansea,Wales,Wales,Transfer (D),D15,0.825,05 - Healthcare and biological wastes,Infectious health care wastes
South West,"Bath, Bristol and S Glo",Bristol City,"Bristol, City of",402801,Professional Hygiene Ltd,PROFESSIONAL HYGIENE LIMITED,S0824 : Clinical Waste Transfer Station,353184,181502,BS11 0YB,User left blank,Hhold/Ind/Com,18 - HUMAN AND ANIMAL HEALTH CARE WASTE,Natal care - diagnosis - treatment or prevention of disease in humans,"wastes whose collection and disposal is not subject to special requirements in order to prevent infection(for example dressings, plaster casts, linen, disposable clothing, diapers)",18 01 04,Transfer,Clinical Waste Transfer,Swansea,Wales,Wales,Transfer (D),D15,1.528,10 - Mixed ordinary wastes,Mixed and undifferentiated materials
South West,"Bath, Bristol and S Glo",Bristol City,"Bristol, City of",402801,Professional Hygiene Ltd,PROFESSIONAL HYGIENE LIMITED,S0824 : Clinical Waste Transfer Station,353184,181502,BS11 0YB,Liquid,Hhold/Ind/Com,18 - HUMAN AND ANIMAL HEALTH CARE WASTE,Natal care - diagnosis - treatment or prevention of disease in humans,sharps (except 18 01 03),18 01 01,Transfer,Clinical Waste Transfer,Torfaen,Wales,Wales,Transfer (D),D15,0.0495,05 - Healthcare and biological wastes,Infectious health care wastes
South West,"Bath, Bristol and S Glo",Bristol City,"Bristol, City of",402801,Professional Hygiene Ltd,PROFESSIONAL HYGIENE LIMITED,S0824 : Clinical Waste Transfer Station,353184,181502,BS11 0YB,User left blank,Hazardous,18 - HUMAN AND ANIMAL HEALTH CARE WASTE,Natal care - diagnosis - treatment or prevention of disease in humans,amalgam waste from dental care,18 01 10*,Transfer,Clinical Waste Transfer,Torfaen,Wales,Wales,Transfer (D),D15,0.0473,01 - Chemical compound wastes,"Acid, alkalies or salts"
South West,"Bath, Bristol and S Glo",Bristol City,"Bristol, City of",402801,Professional Hygiene Ltd,PROFESSIONAL HYGIENE LIMITED,S0824 : Clinical Waste Transfer Station,353184,181502,BS11 0YB,User left blank,Hazardous,18 - HUMAN AND ANIMAL HEALTH CARE WASTE,Natal care - diagnosis - treatment or prevention of disease in humans,cytotoxic and cytostatic medicines,18 01 08*,Transfer,Clinical Waste Transfer,Torfaen,Wales,Wales,Transfer (D),D15,0.008,02 - Chemical preparation wastes,Off-specification chemical wastes
South West,"Bath, Bristol and S Glo",Bristol City,"Bristol, City of",402801,Professional Hygiene Ltd,PROFESSIONAL HYGIENE LIMITED,S0824 : Clinical Waste Transfer Station,353184,181502,BS11 0YB,User left blank,Hazardous,18 - HUMAN AND ANIMAL HEALTH CARE WASTE,Natal care - diagnosis - treatment or prevention of disease in humans,wastes whose collection and disposal is subject to special requirements in order to prevent infection,18 01 03*,Transfer,Clinical Waste Transfer,Torfaen,Wales,Wales,Transfer (D),D15,2.208,05 - Healthcare and biological wastes,Infectious health care wastes
South West,"Bath, Bristol and S Glo",Bristol City,"Bristol, City of",402801,Professional Hygiene Ltd,PROFESSIONAL HYGIENE LIMITED,S0824 : Clinical Waste Transfer Station,353184,181502,BS11 0YB,User left blank,Hhold/Ind/Com,18 - HUMAN AND ANIMAL HEALTH CARE WASTE,Natal care - diagnosis - treatment or prevention of disease in humans,"wastes whose collection and disposal is not subject to special requirements in order to prevent infection(for example dressings, plaster casts, linen, disposable clothing, diapers)",18 01 04,Transfer,Clinical Waste Transfer,Torfaen,Wales,Wales,Transfer (D),D15,1.5,10 - Mixed ordinary wastes,Mixed and undifferentiated materials
South West,"Bath, Bristol and S Glo",Bristol City,"Bristol, City of",402801,Professional Hygiene Ltd,PROFESSIONAL HYGIENE LIMITED,S0824 : Clinical Waste Transfer Station,353184,181502,BS11 0YB,User left blank,Hhold/Ind/Com,18 - HUMAN AND ANIMAL HEALTH CARE WASTE,Natal care - diagnosis - treatment or prevention of disease in humans,"wastes whose collection and disposal is not subject to special requirements in order to prevent infection(for example dressings, plaster casts, linen, disposable clothing, diapers)",18 01 04,Transfer,Clinical Waste Transfer,Vale of Glamorgan,Wales,Wales,Transfer (D),D15,4.585,10 - Mixed ordinary wastes,Mixed and undifferentiated materials
South West,"Bath, Bristol and S Glo",Bristol City,"Bristol, City of",402801,Professional Hygiene Ltd,PROFESSIONAL HYGIENE LIMITED,S0824 : Clinical Waste Transfer Station,353184,181502,BS11 0YB,Liquid,Hhold/Ind/Com,18 - HUMAN AND ANIMAL HEALTH CARE WASTE,Natal care - diagnosis - treatment or prevention of disease in humans,sharps (except 18 01 03),18 01 01,Transfer,Clinical Waste Transfer,Wales,Wales,Wales,Transfer (D),D15,0.012,05 - Healthcare and biological wastes,Infectious health care wastes
South West,"Bath, Bristol and S Glo",Bristol City,"Bristol, City of",402801,Professional Hygiene Ltd,PROFESSIONAL HYGIENE LIMITED,S0824 : Clinical Waste Transfer Station,353184,181502,BS11 0YB,User left blank,Hhold/Ind/Com,18 - HUMAN AND ANIMAL HEALTH CARE WASTE,Natal care - diagnosis - treatment or prevention of disease in humans,"wastes whose collection and disposal is not subject to special requirements in order to prevent infection(for example dressings, plaster casts, linen, disposable clothing, diapers)",18 01 04,Transfer,Clinical Waste Transfer,Wales,Wales,Wales,Transfer (D),D15,0.115,10 - Mixed ordinary wastes,Mixed and undifferentiated materials
South West,"Bath, Bristol and S Glo",Bristol City,"Bristol, City of",402801,Professional Hygiene Ltd,PROFESSIONAL HYGIENE LIMITED,S0824 : Clinical Waste Transfer Station,353184,181502,BS11 0YB,User left blank,Hhold/Ind/Com,18 - HUMAN AND ANIMAL HEALTH CARE WASTE,Natal care - diagnosis - treatment or prevention of disease in humans,"wastes whose collection and disposal is not subject to special requirements in order to prevent infection(for example dressings, plaster casts, linen, disposable clothing, diapers)",18 01 04,Transfer,Clinical Waste Transfer,Waltham Forest,Waltham Forest,London,Transfer (D),D15,0.32,10 - Mixed ordinary wastes,Mixed and undifferentiated materials
South West,"Bath, Bristol and S Glo",Bristol City,"Bristol, City of",402801,Professional Hygiene Ltd,PROFESSIONAL HYGIENE LIMITED,S0824 : Clinical Waste Transfer Station,353184,181502,BS11 0YB,Liquid,Hhold/Ind/Com,18 - HUMAN AND ANIMAL HEALTH CARE WASTE,Natal care - diagnosis - treatment or prevention of disease in humans,sharps (except 18 01 03),18 01 01,Transfer,Clinical Waste Transfer,Wandsworth,Wandsworth,London,Transfer (D),D15,0.107,05 - Healthcare and biological wastes,Infectious health care wastes
South West,"Bath, Bristol and S Glo",Bristol City,"Bristol, City of",402801,Professional Hygiene Ltd,PROFESSIONAL HYGIENE LIMITED,S0824 : Clinical Waste Transfer Station,353184,181502,BS11 0YB,User left blank,Hazardous,18 - HUMAN AND ANIMAL HEALTH CARE WASTE,Natal care - diagnosis - treatment or prevention of disease in humans,amalgam waste from dental care,18 01 10*,Transfer,Clinical Waste Transfer,Wandsworth,Wandsworth,London,Transfer (D),D15,0.0002,01 - Chemical compound wastes,"Acid, alkalies or salts"
South West,"Bath, Bristol and S Glo",Bristol City,"Bristol, City of",402801,Professional Hygiene Ltd,PROFESSIONAL HYGIENE LIMITED,S0824 : Clinical Waste Transfer Station,353184,181502,BS11 0YB,User left blank,Hazardous,18 - HUMAN AND ANIMAL HEALTH CARE WASTE,Natal care - diagnosis - treatment or prevention of disease in humans,cytotoxic and cytostatic medicines,18 01 08*,Transfer,Clinical Waste Transfer,Wandsworth,Wandsworth,London,Transfer (D),D15,0.002,02 - Chemical preparation wastes,Off-specification chemical wastes
South West,"Bath, Bristol and S Glo",Bristol City,"Bristol, City of",402801,Professional Hygiene Ltd,PROFESSIONAL HYGIENE LIMITED,S0824 : Clinical Waste Transfer Station,353184,181502,BS11 0YB,User left blank,Hazardous,18 - HUMAN AND ANIMAL HEALTH CARE WASTE,Natal care - diagnosis - treatment or prevention of disease in humans,wastes whose collection and disposal is subject to special requirements in order to prevent infection,18 01 03*,Transfer,Clinical Waste Transfer,Wandsworth,Wandsworth,London,Transfer (D),D15,1.213,05 - Healthcare and biological wastes,Infectious health care wastes
South West,"Bath, Bristol and S Glo",Bristol City,"Bristol, City of",402801,Professional Hygiene Ltd,PROFESSIONAL HYGIENE LIMITED,S0824 : Clinical Waste Transfer Station,353184,181502,BS11 0YB,User left blank,Hhold/Ind/Com,18 - HUMAN AND ANIMAL HEALTH CARE WASTE,Natal care - diagnosis - treatment or prevention of disease in humans,"wastes whose collection and disposal is not subject to special requirements in order to prevent infection(for example dressings, plaster casts, linen, disposable clothing, diapers)",18 01 04,Transfer,Clinical Waste Transfer,Wandsworth,Wandsworth,London,Transfer (D),D15,0.4925,10 - Mixed ordinary wastes,Mixed and undifferentiated materials
South West,"Bath, Bristol and S Glo",Bristol City,"Bristol, City of",402801,Professional Hygiene Ltd,PROFESSIONAL HYGIENE LIMITED,S0824 : Clinical Waste Transfer Station,353184,181502,BS11 0YB,User left blank,Hazardous,18 - HUMAN AND ANIMAL HEALTH CARE WASTE,Natal care - diagnosis - treatment or prevention of disease in humans,amalgam waste from dental care,18 01 10*,Transfer,Clinical Waste Transfer,Nuneaton and Bedworth,Warwickshire,West Midlands,Transfer (D),D15,0.002,01 - Chemical compound wastes,"Acid, alkalies or salts"
South West,"Bath, Bristol and S Glo",Bristol City,"Bristol, City of",402801,Professional Hygiene Ltd,PROFESSIONAL HYGIENE LIMITED,S0824 : Clinical Waste Transfer Station,353184,181502,BS11 0YB,User left blank,Hazardous,18 - HUMAN AND ANIMAL HEALTH CARE WASTE,Natal care - diagnosis - treatment or prevention of disease in humans,wastes whose collection and disposal is subject to special requirements in order to prevent infection,18 01 03*,Transfer,Clinical Waste Transfer,Nuneaton and Bedworth,Warwickshire,West Midlands,Transfer (D),D15,4.0935,05 - Healthcare and biological wastes,Infectious health care wastes
South West,"Bath, Bristol and S Glo",Bristol City,"Bristol, City of",402801,Professional Hygiene Ltd,PROFESSIONAL HYGIENE LIMITED,S0824 : Clinical Waste Transfer Station,353184,181502,BS11 0YB,User left blank,Hhold/Ind/Com,18 - HUMAN AND ANIMAL HEALTH CARE WASTE,Natal care - diagnosis - treatment or prevention of disease in humans,"wastes whose collection and disposal is not subject to special requirements in order to prevent infection(for example dressings, plaster casts, linen, disposable clothing, diapers)",18 01 04,Transfer,Clinical Waste Transfer,Nuneaton and Bedworth,Warwickshire,West Midlands,Transfer (D),D15,0.017,10 - Mixed ordinary wastes,Mixed and undifferentiated materials
South West,"Bath, Bristol and S Glo",Bristol City,"Bristol, City of",402801,Professional Hygiene Ltd,PROFESSIONAL HYGIENE LIMITED,S0824 : Clinical Waste Transfer Station,353184,181502,BS11 0YB,User left blank,Hazardous,18 - HUMAN AND ANIMAL HEALTH CARE WASTE,Natal care - diagnosis - treatment or prevention of disease in humans,amalgam waste from dental care,18 01 10*,Transfer,Clinical Waste Transfer,Rugby,Warwickshire,West Midlands,Transfer (D),D15,0.0005,01 - Chemical compound wastes,"Acid, alkalies or salts"
South West,"Bath, Bristol and S Glo",Bristol City,"Bristol, City of",402801,Professional Hygiene Ltd,PROFESSIONAL HYGIENE LIMITED,S0824 : Clinical Waste Transfer Station,353184,181502,BS11 0YB,User left blank,Hazardous,18 - HUMAN AND ANIMAL HEALTH CARE WASTE,Natal care - diagnosis - treatment or prevention of disease in humans,wastes whose collection and disposal is subject to special requirements in order to prevent infection,18 01 03*,Transfer,Clinical Waste Transfer,Rugby,Warwickshire,West Midlands,Transfer (D),D15,0.656,05 - Healthcare and biological wastes,Infectious health care wastes
South West,"Bath, Bristol and S Glo",Bristol City,"Bristol, City of",402801,Professional Hygiene Ltd,PROFESSIONAL HYGIENE LIMITED,S0824 : Clinical Waste Transfer Station,353184,181502,BS11 0YB,User left blank,Hhold/Ind/Com,18 - HUMAN AND ANIMAL HEALTH CARE WASTE,Natal care - diagnosis - treatment or prevention of disease in humans,"wastes whose collection and disposal is not subject to special requirements in order to prevent infection(for example dressings, plaster casts, linen, disposable clothing, diapers)",18 01 04,Transfer,Clinical Waste Transfer,Rugby,Warwickshire,West Midlands,Transfer (D),D15,0.0845,10 - Mixed ordinary wastes,Mixed and undifferentiated materials
South West,"Bath, Bristol and S Glo",Bristol City,"Bristol, City of",402801,Professional Hygiene Ltd,PROFESSIONAL HYGIENE LIMITED,S0824 : Clinical Waste Transfer Station,353184,181502,BS11 0YB,User left blank,Hazardous,18 - HUMAN AND ANIMAL HEALTH CARE WASTE,Natal care - diagnosis - treatment or prevention of disease in humans,amalgam waste from dental care,18 01 10*,Transfer,Clinical Waste Transfer,Warwick,Warwickshire,West Midlands,Transfer (D),D15,0.0066,01 - Chemical compound wastes,"Acid, alkalies or salts"
South West,"Bath, Bristol and S Glo",Bristol City,"Bristol, City of",402801,Professional Hygiene Ltd,PROFESSIONAL HYGIENE LIMITED,S0824 : Clinical Waste Transfer Station,353184,181502,BS11 0YB,User left blank,Hhold/Ind/Com,18 - HUMAN AND ANIMAL HEALTH CARE WASTE,Natal care - diagnosis - treatment or prevention of disease in humans,"wastes whose collection and disposal is not subject to special requirements in order to prevent infection(for example dressings, plaster casts, linen, disposable clothing, diapers)",18 01 04,Transfer,Clinical Waste Transfer,Warwick,Warwickshire,West Midlands,Transfer (D),D15,0.042,10 - Mixed ordinary wastes,Mixed and undifferentiated materials
South West,"Bath, Bristol and S Glo",Bristol City,"Bristol, City of",402801,Professional Hygiene Ltd,PROFESSIONAL HYGIENE LIMITED,S0824 : Clinical Waste Transfer Station,353184,181502,BS11 0YB,User left blank,Hazardous,18 - HUMAN AND ANIMAL HEALTH CARE WASTE,Natal care - diagnosis - treatment or prevention of disease in humans,amalgam waste from dental care,18 01 10*,Transfer,Clinical Waste Transfer,Warwickshire,Warwickshire,West Midlands,Transfer (D),D15,0.0221,01 - Chemical compound wastes,"Acid, alkalies or salts"
South West,"Bath, Bristol and S Glo",Bristol City,"Bristol, City of",402801,Professional Hygiene Ltd,PROFESSIONAL HYGIENE LIMITED,S0824 : Clinical Waste Transfer Station,353184,181502,BS11 0YB,User left blank,Hazardous,18 - HUMAN AND ANIMAL HEALTH CARE WASTE,Natal care - diagnosis - treatment or prevention of disease in humans,wastes whose collection and disposal is subject to special requirements in order to prevent infection,18 01 03*,Transfer,Clinical Waste Transfer,Warwickshire,Warwickshire,West Midlands,Transfer (D),D15,4.976,05 - Healthcare and biological wastes,Infectious health care wastes
South West,"Bath, Bristol and S Glo",Bristol City,"Bristol, City of",402801,Professional Hygiene Ltd,PROFESSIONAL HYGIENE LIMITED,S0824 : Clinical Waste Transfer Station,353184,181502,BS11 0YB,User left blank,Hhold/Ind/Com,18 - HUMAN AND ANIMAL HEALTH CARE WASTE,Natal care - diagnosis - treatment or prevention of disease in humans,"wastes whose collection and disposal is not subject to special requirements in order to prevent infection(for example dressings, plaster casts, linen, disposable clothing, diapers)",18 01 04,Transfer,Clinical Waste Transfer,Warwickshire,Warwickshire,West Midlands,Transfer (D),D15,0.017,10 - Mixed ordinary wastes,Mixed and undifferentiated materials
South West,"Bath, Bristol and S Glo",Bristol City,"Bristol, City of",402801,Professional Hygiene Ltd,PROFESSIONAL HYGIENE LIMITED,S0824 : Clinical Waste Transfer Station,353184,181502,BS11 0YB,User left blank,Hazardous,18 - HUMAN AND ANIMAL HEALTH CARE WASTE,Natal care - diagnosis - treatment or prevention of disease in humans,cytotoxic and cytostatic medicines,18 01 08*,Transfer,Clinical Waste Transfer,West Berkshire,West Berkshire,South East,Transfer (D),D15,0.0045,02 - Chemical preparation wastes,Off-specification chemical wastes
South West,"Bath, Bristol and S Glo",Bristol City,"Bristol, City of",402801,Professional Hygiene Ltd,PROFESSIONAL HYGIENE LIMITED,S0824 : Clinical Waste Transfer Station,353184,181502,BS11 0YB,User left blank,Hazardous,18 - HUMAN AND ANIMAL HEALTH CARE WASTE,Natal care - diagnosis - treatment or prevention of disease in humans,wastes whose collection and disposal is subject to special requirements in order to prevent infection,18 01 03*,Transfer,Clinical Waste Transfer,West Berkshire,West Berkshire,South East,Transfer (D),D15,0.01,05 - Healthcare and biological wastes,Infectious health care wastes
South West,"Bath, Bristol and S Glo",Bristol City,"Bristol, City of",402801,Professional Hygiene Ltd,PROFESSIONAL HYGIENE LIMITED,S0824 : Clinical Waste Transfer Station,353184,181502,BS11 0YB,User left blank,Hhold/Ind/Com,18 - HUMAN AND ANIMAL HEALTH CARE WASTE,Natal care - diagnosis - treatment or prevention of disease in humans,"wastes whose collection and disposal is not subject to special requirements in order to prevent infection(for example dressings, plaster casts, linen, disposable clothing, diapers)",18 01 04,Transfer,Clinical Waste Transfer,West Berkshire,West Berkshire,South East,Transfer (D),D15,0.085,10 - Mixed ordinary wastes,Mixed and undifferentiated materials
South West,"Bath, Bristol and S Glo",Bristol City,"Bristol, City of",402801,Professional Hygiene Ltd,PROFESSIONAL HYGIENE LIMITED,S0824 : Clinical Waste Transfer Station,353184,181502,BS11 0YB,Liquid,Hhold/Ind/Com,18 - HUMAN AND ANIMAL HEALTH CARE WASTE,Natal care - diagnosis - treatment or prevention of disease in humans,sharps (except 18 01 03),18 01 01,Transfer,Clinical Waste Transfer,West Midlands,West Midlands (WPA Not codeable),West Midlands,Transfer (D),D15,0.023,05 - Healthcare and biological wastes,Infectious health care wastes
South West,"Bath, Bristol and S Glo",Bristol City,"Bristol, City of",402801,Professional Hygiene Ltd,PROFESSIONAL HYGIENE LIMITED,S0824 : Clinical Waste Transfer Station,353184,181502,BS11 0YB,User left blank,Hhold/Ind/Com,18 - HUMAN AND ANIMAL HEALTH CARE WASTE,Natal care - diagnosis - treatment or prevention of disease in humans,"wastes whose collection and disposal is not subject to special requirements in order to prevent infection(for example dressings, plaster casts, linen, disposable clothing, diapers)",18 01 04,Transfer,Clinical Waste Transfer,West Midlands,West Midlands (WPA Not codeable),West Midlands,Transfer (D),D15,0.335,10 - Mixed ordinary wastes,Mixed and undifferentiated materials
South West,"Bath, Bristol and S Glo",Bristol City,"Bristol, City of",402801,Professional Hygiene Ltd,PROFESSIONAL HYGIENE LIMITED,S0824 : Clinical Waste Transfer Station,353184,181502,BS11 0YB,User left blank,Hhold/Ind/Com,18 - HUMAN AND ANIMAL HEALTH CARE WASTE,Natal care - diagnosis - treatment or prevention of disease in humans,"wastes whose collection and disposal is not subject to special requirements in order to prevent infection(for example dressings, plaster casts, linen, disposable clothing, diapers)",18 01 04,Transfer,Clinical Waste Transfer,Arun,West Sussex,South East,Transfer (D),D15,0.952,10 - Mixed ordinary wastes,Mixed and undifferentiated materials
South West,"Bath, Bristol and S Glo",Bristol City,"Bristol, City of",402801,Professional Hygiene Ltd,PROFESSIONAL HYGIENE LIMITED,S0824 : Clinical Waste Transfer Station,353184,181502,BS11 0YB,User left blank,Hhold/Ind/Com,18 - HUMAN AND ANIMAL HEALTH CARE WASTE,Natal care - diagnosis - treatment or prevention of disease in humans,"wastes whose collection and disposal is not subject to special requirements in order to prevent infection(for example dressings, plaster casts, linen, disposable clothing, diapers)",18 01 04,Transfer,Clinical Waste Transfer,Chichester,West Sussex,South East,Transfer (D),D15,0.063,10 - Mixed ordinary wastes,Mixed and undifferentiated materials
South West,"Bath, Bristol and S Glo",Bristol City,"Bristol, City of",402801,Professional Hygiene Ltd,PROFESSIONAL HYGIENE LIMITED,S0824 : Clinical Waste Transfer Station,353184,181502,BS11 0YB,User left blank,Hhold/Ind/Com,18 - HUMAN AND ANIMAL HEALTH CARE WASTE,Natal care - diagnosis - treatment or prevention of disease in humans,"wastes whose collection and disposal is not subject to special requirements in order to prevent infection(for example dressings, plaster casts, linen, disposable clothing, diapers)",18 01 04,Transfer,Clinical Waste Transfer,Horsham,West Sussex,South East,Transfer (D),D15,3.45,10 - Mixed ordinary wastes,Mixed and undifferentiated materials
South West,"Bath, Bristol and S Glo",Bristol City,"Bristol, City of",402801,Professional Hygiene Ltd,PROFESSIONAL HYGIENE LIMITED,S0824 : Clinical Waste Transfer Station,353184,181502,BS11 0YB,Liquid,Hhold/Ind/Com,18 - HUMAN AND ANIMAL HEALTH CARE WASTE,Natal care - diagnosis - treatment or prevention of disease in humans,sharps (except 18 01 03),18 01 01,Transfer,Clinical Waste Transfer,West Sussex,West Sussex,South East,Transfer (D),D15,0.006,05 - Healthcare and biological wastes,Infectious health care wastes
South West,"Bath, Bristol and S Glo",Bristol City,"Bristol, City of",402801,Professional Hygiene Ltd,PROFESSIONAL HYGIENE LIMITED,S0824 : Clinical Waste Transfer Station,353184,181502,BS11 0YB,User left blank,Hazardous,18 - HUMAN AND ANIMAL HEALTH CARE WASTE,Natal care - diagnosis - treatment or prevention of disease in humans,cytotoxic and cytostatic medicines,18 01 08*,Transfer,Clinical Waste Transfer,West Sussex,West Sussex,South East,Transfer (D),D15,0.001,02 - Chemical preparation wastes,Off-specification chemical wastes
South West,"Bath, Bristol and S Glo",Bristol City,"Bristol, City of",402801,Professional Hygiene Ltd,PROFESSIONAL HYGIENE LIMITED,S0824 : Clinical Waste Transfer Station,353184,181502,BS11 0YB,User left blank,Hazardous,18 - HUMAN AND ANIMAL HEALTH CARE WASTE,Natal care - diagnosis - treatment or prevention of disease in humans,wastes whose collection and disposal is subject to special requirements in order to prevent infection,18 01 03*,Transfer,Clinical Waste Transfer,West Sussex,West Sussex,South East,Transfer (D),D15,1.7425,05 - Healthcare and biological wastes,Infectious health care wastes
South West,"Bath, Bristol and S Glo",Bristol City,"Bristol, City of",402801,Professional Hygiene Ltd,PROFESSIONAL HYGIENE LIMITED,S0824 : Clinical Waste Transfer Station,353184,181502,BS11 0YB,User left blank,Hhold/Ind/Com,18 - HUMAN AND ANIMAL HEALTH CARE WASTE,Natal care - diagnosis - treatment or prevention of disease in humans,"wastes whose collection and disposal is not subject to special requirements in order to prevent infection(for example dressings, plaster casts, linen, disposable clothing, diapers)",18 01 04,Transfer,Clinical Waste Transfer,West Sussex,West Sussex,South East,Transfer (D),D15,0.7695,10 - Mixed ordinary wastes,Mixed and undifferentiated materials
South West,"Bath, Bristol and S Glo",Bristol City,"Bristol, City of",402801,Professional Hygiene Ltd,PROFESSIONAL HYGIENE LIMITED,S0824 : Clinical Waste Transfer Station,353184,181502,BS11 0YB,User left blank,Hhold/Ind/Com,18 - HUMAN AND ANIMAL HEALTH CARE WASTE,Natal care - diagnosis - treatment or prevention of disease in humans,"wastes whose collection and disposal is not subject to special requirements in order to prevent infection(for example dressings, plaster casts, linen, disposable clothing, diapers)",18 01 04,Transfer,Clinical Waste Transfer,Worthing,West Sussex,South East,Transfer (D),D15,0.364,10 - Mixed ordinary wastes,Mixed and undifferentiated materials
South West,"Bath, Bristol and S Glo",Bristol City,"Bristol, City of",402801,Professional Hygiene Ltd,PROFESSIONAL HYGIENE LIMITED,S0824 : Clinical Waste Transfer Station,353184,181502,BS11 0YB,Liquid,Hhold/Ind/Com,18 - HUMAN AND ANIMAL HEALTH CARE WASTE,Natal care - diagnosis - treatment or prevention of disease in humans,sharps (except 18 01 03),18 01 01,Transfer,Clinical Waste Transfer,Westminster,Westminster City,London,Transfer (D),D15,0.008,05 - Healthcare and biological wastes,Infectious health care wastes
South West,"Bath, Bristol and S Glo",Bristol City,"Bristol, City of",402801,Professional Hygiene Ltd,PROFESSIONAL HYGIENE LIMITED,S0824 : Clinical Waste Transfer Station,353184,181502,BS11 0YB,User left blank,Hazardous,18 - HUMAN AND ANIMAL HEALTH CARE WASTE,Natal care - diagnosis - treatment or prevention of disease in humans,amalgam waste from dental care,18 01 10*,Transfer,Clinical Waste Transfer,Westminster,Westminster City,London,Transfer (D),D15,0.0033,01 - Chemical compound wastes,"Acid, alkalies or salts"
South West,"Bath, Bristol and S Glo",Bristol City,"Bristol, City of",402801,Professional Hygiene Ltd,PROFESSIONAL HYGIENE LIMITED,S0824 : Clinical Waste Transfer Station,353184,181502,BS11 0YB,User left blank,Hazardous,18 - HUMAN AND ANIMAL HEALTH CARE WASTE,Natal care - diagnosis - treatment or prevention of disease in humans,cytotoxic and cytostatic medicines,18 01 08*,Transfer,Clinical Waste Transfer,Westminster,Westminster City,London,Transfer (D),D15,0.08,02 - Chemical preparation wastes,Off-specification chemical wastes
South West,"Bath, Bristol and S Glo",Bristol City,"Bristol, City of",402801,Professional Hygiene Ltd,PROFESSIONAL HYGIENE LIMITED,S0824 : Clinical Waste Transfer Station,353184,181502,BS11 0YB,User left blank,Hazardous,18 - HUMAN AND ANIMAL HEALTH CARE WASTE,Natal care - diagnosis - treatment or prevention of disease in humans,wastes whose collection and disposal is subject to special requirements in order to prevent infection,18 01 03*,Transfer,Clinical Waste Transfer,Westminster,Westminster City,London,Transfer (D),D15,10.7675,05 - Healthcare and biological wastes,Infectious health care wastes
South West,"Bath, Bristol and S Glo",Bristol City,"Bristol, City of",402801,Professional Hygiene Ltd,PROFESSIONAL HYGIENE LIMITED,S0824 : Clinical Waste Transfer Station,353184,181502,BS11 0YB,User left blank,Hhold/Ind/Com,18 - HUMAN AND ANIMAL HEALTH CARE WASTE,Natal care - diagnosis - treatment or prevention of disease in humans,medicines other than those mentioned in 18 01 08,18 01 09,Transfer,Clinical Waste Transfer,Westminster,Westminster City,London,Transfer (D),D15,0.009,02 - Chemical preparation wastes,Off-specification chemical wastes
South West,"Bath, Bristol and S Glo",Bristol City,"Bristol, City of",402801,Professional Hygiene Ltd,PROFESSIONAL HYGIENE LIMITED,S0824 : Clinical Waste Transfer Station,353184,181502,BS11 0YB,User left blank,Hhold/Ind/Com,18 - HUMAN AND ANIMAL HEALTH CARE WASTE,Natal care - diagnosis - treatment or prevention of disease in humans,"wastes whose collection and disposal is not subject to special requirements in order to prevent infection(for example dressings, plaster casts, linen, disposable clothing, diapers)",18 01 04,Transfer,Clinical Waste Transfer,Westminster,Westminster City,London,Transfer (D),D15,0.166,10 - Mixed ordinary wastes,Mixed and undifferentiated materials
South West,"Bath, Bristol and S Glo",Bristol City,"Bristol, City of",402801,Professional Hygiene Ltd,PROFESSIONAL HYGIENE LIMITED,S0824 : Clinical Waste Transfer Station,353184,181502,BS11 0YB,Liquid,Hhold/Ind/Com,18 - HUMAN AND ANIMAL HEALTH CARE WASTE,Natal care - diagnosis - treatment or prevention of disease in humans,sharps (except 18 01 03),18 01 01,Transfer,Clinical Waste Transfer,Wiltshire,Wiltshire,South West,Transfer (D),D15,0.0985,05 - Healthcare and biological wastes,Infectious health care wastes
South West,"Bath, Bristol and S Glo",Bristol City,"Bristol, City of",402801,Professional Hygiene Ltd,PROFESSIONAL HYGIENE LIMITED,S0824 : Clinical Waste Transfer Station,353184,181502,BS11 0YB,User left blank,Hazardous,18 - HUMAN AND ANIMAL HEALTH CARE WASTE,Natal care - diagnosis - treatment or prevention of disease in humans,amalgam waste from dental care,18 01 10*,Transfer,Clinical Waste Transfer,Wiltshire,Wiltshire,South West,Transfer (D),D15,0.058,01 - Chemical compound wastes,"Acid, alkalies or salts"
South West,"Bath, Bristol and S Glo",Bristol City,"Bristol, City of",402801,Professional Hygiene Ltd,PROFESSIONAL HYGIENE LIMITED,S0824 : Clinical Waste Transfer Station,353184,181502,BS11 0YB,User left blank,Hazardous,18 - HUMAN AND ANIMAL HEALTH CARE WASTE,Natal care - diagnosis - treatment or prevention of disease in humans,cytotoxic and cytostatic medicines,18 01 08*,Transfer,Clinical Waste Transfer,Wiltshire,Wiltshire,South West,Transfer (D),D15,0.003,02 - Chemical preparation wastes,Off-specification chemical wastes
South West,"Bath, Bristol and S Glo",Bristol City,"Bristol, City of",402801,Professional Hygiene Ltd,PROFESSIONAL HYGIENE LIMITED,S0824 : Clinical Waste Transfer Station,353184,181502,BS11 0YB,User left blank,Hazardous,18 - HUMAN AND ANIMAL HEALTH CARE WASTE,Natal care - diagnosis - treatment or prevention of disease in humans,wastes whose collection and disposal is subject to special requirements in order to prevent infection,18 01 03*,Transfer,Clinical Waste Transfer,Wiltshire,Wiltshire,South West,Transfer (D),D15,17.586,05 - Healthcare and biological wastes,Infectious health care wastes
South West,"Bath, Bristol and S Glo",Bristol City,"Bristol, City of",402801,Professional Hygiene Ltd,PROFESSIONAL HYGIENE LIMITED,S0824 : Clinical Waste Transfer Station,353184,181502,BS11 0YB,User left blank,Hhold/Ind/Com,18 - HUMAN AND ANIMAL HEALTH CARE WASTE,Natal care - diagnosis - treatment or prevention of disease in humans,medicines other than those mentioned in 18 01 08,18 01 09,Transfer,Clinical Waste Transfer,Wiltshire,Wiltshire,South West,Transfer (D),D15,0.0315,02 - Chemical preparation wastes,Off-specification chemical wastes
South West,"Bath, Bristol and S Glo",Bristol City,"Bristol, City of",402801,Professional Hygiene Ltd,PROFESSIONAL HYGIENE LIMITED,S0824 : Clinical Waste Transfer Station,353184,181502,BS11 0YB,User left blank,Hhold/Ind/Com,18 - HUMAN AND ANIMAL HEALTH CARE WASTE,Natal care - diagnosis - treatment or prevention of disease in humans,"wastes whose collection and disposal is not subject to special requirements in order to prevent infection(for example dressings, plaster casts, linen, disposable clothing, diapers)",18 01 04,Transfer,Clinical Waste Transfer,Wiltshire,Wiltshire,South West,Transfer (D),D15,12.377,10 - Mixed ordinary wastes,Mixed and undifferentiated materials
South West,"Bath, Bristol and S Glo",Bristol City,"Bristol, City of",402801,Professional Hygiene Ltd,PROFESSIONAL HYGIENE LIMITED,S0824 : Clinical Waste Transfer Station,353184,181502,BS11 0YB,User left blank,Hazardous,18 - HUMAN AND ANIMAL HEALTH CARE WASTE,Natal care - diagnosis - treatment or prevention of disease in humans,amalgam waste from dental care,18 01 10*,Transfer,Clinical Waste Transfer,Windsor and Maidenhead,Windsor and Maidenhead,South East,Transfer (D),D15,0.0027,01 - Chemical compound wastes,"Acid, alkalies or salts"
South West,"Bath, Bristol and S Glo",Bristol City,"Bristol, City of",402801,Professional Hygiene Ltd,PROFESSIONAL HYGIENE LIMITED,S0824 : Clinical Waste Transfer Station,353184,181502,BS11 0YB,User left blank,Hazardous,18 - HUMAN AND ANIMAL HEALTH CARE WASTE,Natal care - diagnosis - treatment or prevention of disease in humans,cytotoxic and cytostatic medicines,18 01 08*,Transfer,Clinical Waste Transfer,Windsor and Maidenhead,Windsor and Maidenhead,South East,Transfer (D),D15,0.002,02 - Chemical preparation wastes,Off-specification chemical wastes
South West,"Bath, Bristol and S Glo",Bristol City,"Bristol, City of",402801,Professional Hygiene Ltd,PROFESSIONAL HYGIENE LIMITED,S0824 : Clinical Waste Transfer Station,353184,181502,BS11 0YB,User left blank,Hazardous,18 - HUMAN AND ANIMAL HEALTH CARE WASTE,Natal care - diagnosis - treatment or prevention of disease in humans,wastes whose collection and disposal is subject to special requirements in order to prevent infection,18 01 03*,Transfer,Clinical Waste Transfer,Windsor and Maidenhead,Windsor and Maidenhead,South East,Transfer (D),D15,2.4215,05 - Healthcare and biological wastes,Infectious health care wastes
South West,"Bath, Bristol and S Glo",Bristol City,"Bristol, City of",402801,Professional Hygiene Ltd,PROFESSIONAL HYGIENE LIMITED,S0824 : Clinical Waste Transfer Station,353184,181502,BS11 0YB,User left blank,Hhold/Ind/Com,18 - HUMAN AND ANIMAL HEALTH CARE WASTE,Natal care - diagnosis - treatment or prevention of disease in humans,medicines other than those mentioned in 18 01 08,18 01 09,Transfer,Clinical Waste Transfer,Windsor and Maidenhead,Windsor and Maidenhead,South East,Transfer (D),D15,0.0015,02 - Chemical preparation wastes,Off-specification chemical wastes
South West,"Bath, Bristol and S Glo",Bristol City,"Bristol, City of",402801,Professional Hygiene Ltd,PROFESSIONAL HYGIENE LIMITED,S0824 : Clinical Waste Transfer Station,353184,181502,BS11 0YB,User left blank,Hhold/Ind/Com,18 - HUMAN AND ANIMAL HEALTH CARE WASTE,Natal care - diagnosis - treatment or prevention of disease in humans,"wastes whose collection and disposal is not subject to special requirements in order to prevent infection(for example dressings, plaster casts, linen, disposable clothing, diapers)",18 01 04,Transfer,Clinical Waste Transfer,Windsor and Maidenhead,Windsor and Maidenhead,South East,Transfer (D),D15,0.669,10 - Mixed ordinary wastes,Mixed and undifferentiated materials
South West,"Bath, Bristol and S Glo",Bristol City,"Bristol, City of",402801,Professional Hygiene Ltd,PROFESSIONAL HYGIENE LIMITED,S0824 : Clinical Waste Transfer Station,353184,181502,BS11 0YB,User left blank,Hazardous,18 - HUMAN AND ANIMAL HEALTH CARE WASTE,Natal care - diagnosis - treatment or prevention of disease in humans,wastes whose collection and disposal is subject to special requirements in order to prevent infection,18 01 03*,Transfer,Clinical Waste Transfer,Wokingham,Wokingham,South East,Transfer (D),D15,0.0025,05 - Healthcare and biological wastes,Infectious health care wastes
South West,"Bath, Bristol and S Glo",Bristol City,"Bristol, City of",402801,Professional Hygiene Ltd,PROFESSIONAL HYGIENE LIMITED,S0824 : Clinical Waste Transfer Station,353184,181502,BS11 0YB,User left blank,Hhold/Ind/Com,18 - HUMAN AND ANIMAL HEALTH CARE WASTE,Natal care - diagnosis - treatment or prevention of disease in humans,"wastes whose collection and disposal is not subject to special requirements in order to prevent infection(for example dressings, plaster casts, linen, disposable clothing, diapers)",18 01 04,Transfer,Clinical Waste Transfer,Wokingham,Wokingham,South East,Transfer (D),D15,0.085,10 - Mixed ordinary wastes,Mixed and undifferentiated materials
South West,"Bath, Bristol and S Glo",Bristol City,"Bristol, City of",402801,Professional Hygiene Ltd,PROFESSIONAL HYGIENE LIMITED,S0824 : Clinical Waste Transfer Station,353184,181502,BS11 0YB,User left blank,Hazardous,18 - HUMAN AND ANIMAL HEALTH CARE WASTE,Natal care - diagnosis - treatment or prevention of disease in humans,amalgam waste from dental care,18 01 10*,Transfer,Clinical Waste Transfer,Malvern Hills,Worcestershire,West Midlands,Transfer (D),D15,0.0785,01 - Chemical compound wastes,"Acid, alkalies or salts"
South West,"Bath, Bristol and S Glo",Bristol City,"Bristol, City of",402801,Professional Hygiene Ltd,PROFESSIONAL HYGIENE LIMITED,S0824 : Clinical Waste Transfer Station,353184,181502,BS11 0YB,User left blank,Hazardous,18 - HUMAN AND ANIMAL HEALTH CARE WASTE,Natal care - diagnosis - treatment or prevention of disease in humans,wastes whose collection and disposal is subject to special requirements in order to prevent infection,18 01 03*,Transfer,Clinical Waste Transfer,Malvern Hills,Worcestershire,West Midlands,Transfer (D),D15,2.2865,05 - Healthcare and biological wastes,Infectious health care wastes
South West,"Bath, Bristol and S Glo",Bristol City,"Bristol, City of",402801,Professional Hygiene Ltd,PROFESSIONAL HYGIENE LIMITED,S0824 : Clinical Waste Transfer Station,353184,181502,BS11 0YB,User left blank,Hhold/Ind/Com,18 - HUMAN AND ANIMAL HEALTH CARE WASTE,Natal care - diagnosis - treatment or prevention of disease in humans,medicines other than those mentioned in 18 01 08,18 01 09,Transfer,Clinical Waste Transfer,Malvern Hills,Worcestershire,West Midlands,Transfer (D),D15,0.003,02 - Chemical preparation wastes,Off-specification chemical wastes
South West,"Bath, Bristol and S Glo",Bristol City,"Bristol, City of",402801,Professional Hygiene Ltd,PROFESSIONAL HYGIENE LIMITED,S0824 : Clinical Waste Transfer Station,353184,181502,BS11 0YB,User left blank,Hhold/Ind/Com,18 - HUMAN AND ANIMAL HEALTH CARE WASTE,Natal care - diagnosis - treatment or prevention of disease in humans,"wastes whose collection and disposal is not subject to special requirements in order to prevent infection(for example dressings, plaster casts, linen, disposable clothing, diapers)",18 01 04,Transfer,Clinical Waste Transfer,Malvern Hills,Worcestershire,West Midlands,Transfer (D),D15,0.301,10 - Mixed ordinary wastes,Mixed and undifferentiated materials
South West,"Bath, Bristol and S Glo",Bristol City,"Bristol, City of",402801,Professional Hygiene Ltd,PROFESSIONAL HYGIENE LIMITED,S0824 : Clinical Waste Transfer Station,353184,181502,BS11 0YB,User left blank,Hazardous,18 - HUMAN AND ANIMAL HEALTH CARE WASTE,Natal care - diagnosis - treatment or prevention of disease in humans,wastes whose collection and disposal is subject to special requirements in order to prevent infection,18 01 03*,Transfer,Clinical Waste Transfer,Worcestershire,Worcestershire,West Midlands,Transfer (D),D15,3.1435,05 - Healthcare and biological wastes,Infectious health care wastes
South West,"Bath, Bristol and S Glo",Bristol City,"Bristol, City of",402801,Professional Hygiene Ltd,PROFESSIONAL HYGIENE LIMITED,S0824 : Clinical Waste Transfer Station,353184,181502,BS11 0YB,User left blank,Hhold/Ind/Com,18 - HUMAN AND ANIMAL HEALTH CARE WASTE,Natal care - diagnosis - treatment or prevention of disease in humans,"wastes whose collection and disposal is not subject to special requirements in order to prevent infection(for example dressings, plaster casts, linen, disposable clothing, diapers)",18 01 04,Transfer,Clinical Waste Transfer,Worcestershire,Worcestershire,West Midlands,Transfer (D),D15,0.243,10 - Mixed ordinary wastes,Mixed and undifferentiated materials
South West,"Bath, Bristol and S Glo",Bristol City,"Bristol, City of",402801,Professional Hygiene Ltd,PROFESSIONAL HYGIENE LIMITED,S0824 : Clinical Waste Transfer Station,353184,181502,BS11 0YB,Liquid,Hhold/Ind/Com,18 - HUMAN AND ANIMAL HEALTH CARE WASTE,Natal care - diagnosis - treatment or prevention of disease in humans,sharps (except 18 01 03),18 01 01,Transfer,Clinical Waste Transfer,Wychavon,Worcestershire,West Midlands,Transfer (D),D15,0.038,05 - Healthcare and biological wastes,Infectious health care wastes
South West,"Bath, Bristol and S Glo",Bristol City,"Bristol, City of",402801,Professional Hygiene Ltd,PROFESSIONAL HYGIENE LIMITED,S0824 : Clinical Waste Transfer Station,353184,181502,BS11 0YB,User left blank,Hazardous,18 - HUMAN AND ANIMAL HEALTH CARE WASTE,Natal care - diagnosis - treatment or prevention of disease in humans,amalgam waste from dental care,18 01 10*,Transfer,Clinical Waste Transfer,Wychavon,Worcestershire,West Midlands,Transfer (D),D15,0.0075,01 - Chemical compound wastes,"Acid, alkalies or salts"
South West,"Bath, Bristol and S Glo",Bristol City,"Bristol, City of",402801,Professional Hygiene Ltd,PROFESSIONAL HYGIENE LIMITED,S0824 : Clinical Waste Transfer Station,353184,181502,BS11 0YB,User left blank,Hazardous,18 - HUMAN AND ANIMAL HEALTH CARE WASTE,Natal care - diagnosis - treatment or prevention of disease in humans,cytotoxic and cytostatic medicines,18 01 08*,Transfer,Clinical Waste Transfer,Wychavon,Worcestershire,West Midlands,Transfer (D),D15,0.1075,02 - Chemical preparation wastes,Off-specification chemical wastes
South West,"Bath, Bristol and S Glo",Bristol City,"Bristol, City of",402801,Professional Hygiene Ltd,PROFESSIONAL HYGIENE LIMITED,S0824 : Clinical Waste Transfer Station,353184,181502,BS11 0YB,User left blank,Hazardous,18 - HUMAN AND ANIMAL HEALTH CARE WASTE,Natal care - diagnosis - treatment or prevention of disease in humans,wastes whose collection and disposal is subject to special requirements in order to prevent infection,18 01 03*,Transfer,Clinical Waste Transfer,Wychavon,Worcestershire,West Midlands,Transfer (D),D15,10.2895,05 - Healthcare and biological wastes,Infectious health care wastes
South West,"Bath, Bristol and S Glo",Bristol City,"Bristol, City of",402801,Professional Hygiene Ltd,PROFESSIONAL HYGIENE LIMITED,S0824 : Clinical Waste Transfer Station,353184,181502,BS11 0YB,User left blank,Hhold/Ind/Com,18 - HUMAN AND ANIMAL HEALTH CARE WASTE,Natal care - diagnosis - treatment or prevention of disease in humans,medicines other than those mentioned in 18 01 08,18 01 09,Transfer,Clinical Waste Transfer,Wychavon,Worcestershire,West Midlands,Transfer (D),D15,0.0442,02 - Chemical preparation wastes,Off-specification chemical wastes
South West,"Bath, Bristol and S Glo",Bristol City,"Bristol, City of",402801,Professional Hygiene Ltd,PROFESSIONAL HYGIENE LIMITED,S0824 : Clinical Waste Transfer Station,353184,181502,BS11 0YB,User left blank,Hhold/Ind/Com,18 - HUMAN AND ANIMAL HEALTH CARE WASTE,Natal care - diagnosis - treatment or prevention of disease in humans,"wastes whose collection and disposal is not subject to special requirements in order to prevent infection(for example dressings, plaster casts, linen, disposable clothing, diapers)",18 01 04,Transfer,Clinical Waste Transfer,Wychavon,Worcestershire,West Midlands,Transfer (D),D15,15.8725,10 - Mixed ordinary wastes,Mixed and undifferentiated materials
South West,Wiltshire,Wiltshire,Wiltshire,CP3331SC,Westbury WTS EPR/CP3331SC,WASTE MATTERS LTD.,TR3 : Haz Waste Transfer,385600,151600,BA13 4EN,Solid,Hhold/Ind/Com,18 - HUMAN AND ANIMAL HEALTH CARE WASTE,Natal care - diagnosis - treatment or prevention of disease in humans,medicines other than those mentioned in 18 01 08,18 01 09,Transfer,Haz Waste Transfer,Buckinghamshire,Buckinghamshire,South East,Transfer (D),D15,1.5,02 - Chemical preparation wastes,Off-specification chemical wastes
South West,Devon,Devon,Exeter,21739,Exeter City Council M R F,EXETER CITY COUNCIL,A15 : Material Recycling Treatment Facility,292119,91210,EX2 8NR,Solid,Hazardous,18 - HUMAN AND ANIMAL HEALTH CARE WASTE,Natal care - diagnosis - treatment or prevention of disease in humans,wastes whose collection and disposal is subject to special requirements in order to prevent infection,18 01 03*,Treatment,Material Recycling Facility,Devon,Devon,South West,Incineration,D10,5.36,05 - Healthcare and biological wastes,Infectious health care wastes
South West,Dorset,"Bournemouth, Christchurch and Poole","Bournemouth, Christchurch and Poole",23718,Canford Recycling Centre,COMMERCIAL RECYCLING (SOUTHERN) LIMITED,A15 : Material Recycling Treatment Facility,403600,96900,BH21 3BW,Solid,Hhold/Ind/Com,18 - HUMAN AND ANIMAL HEALTH CARE WASTE,Natal care - diagnosis - treatment or prevention of disease in humans,"wastes whose collection and disposal is not subject to special requirements in order to prevent infection(for example dressings, plaster casts, linen, disposable clothing, diapers)",18 01 04,Treatment,Material Recycling Facility,"Bournemouth, Christchurch and Poole","Bournemouth, Christchurch and Poole",South West,Recovery,R05.03,0.18,10 - Mixed ordinary wastes,Mixed and undifferentiated materials
South West,Dorset,"Bournemouth, Christchurch and Poole","Bournemouth, Christchurch and Poole",23718,Canford Recycling Centre,COMMERCIAL RECYCLING (SOUTHERN) LIMITED,A15 : Material Recycling Treatment Facility,403600,96900,BH21 3BW,Solid,Hazardous,18 - HUMAN AND ANIMAL HEALTH CARE WASTE,Natal care - diagnosis - treatment or prevention of disease in humans,wastes whose collection and disposal is subject to special requirements in order to prevent infection,18 01 03*,Treatment,Material Recycling Facility,Dorset,Dorset,South West,Recovery,R05.01,51.2,05 - Healthcare and biological wastes,Infectious health care wastes
South West,Dorset,"Bournemouth, Christchurch and Poole","Bournemouth, Christchurch and Poole",23718,Canford Recycling Centre,COMMERCIAL RECYCLING (SOUTHERN) LIMITED,A15 : Material Recycling Treatment Facility,403600,96900,BH21 3BW,Solid,Hhold/Ind/Com,18 - HUMAN AND ANIMAL HEALTH CARE WASTE,Natal care - diagnosis - treatment or prevention of disease in humans,"wastes whose collection and disposal is not subject to special requirements in order to prevent infection(for example dressings, plaster casts, linen, disposable clothing, diapers)",18 01 04,Treatment,Material Recycling Facility,Dorset,Dorset,South West,Recovery,R05.03,4201.76,10 - Mixed ordinary wastes,Mixed and undifferentiated materials
South West,Dorset,"Bournemouth, Christchurch and Poole","Bournemouth, Christchurch and Poole",23718,Canford Recycling Centre,COMMERCIAL RECYCLING (SOUTHERN) LIMITED,A15 : Material Recycling Treatment Facility,403600,96900,BH21 3BW,Solid,Hhold/Ind/Com,18 - HUMAN AND ANIMAL HEALTH CARE WASTE,Natal care - diagnosis - treatment or prevention of disease in humans,"wastes whose collection and disposal is not subject to special requirements in order to prevent infection(for example dressings, plaster casts, linen, disposable clothing, diapers)",18 01 04,Treatment,Material Recycling Facility,Hampshire,Hampshire,South East,Recovery,R05.03,53.78,10 - Mixed ordinary wastes,Mixed and undifferentiated materials
South West,Dorset,"Bournemouth, Christchurch and Poole","Bournemouth, Christchurch and Poole",23718,Canford Recycling Centre,COMMERCIAL RECYCLING (SOUTHERN) LIMITED,A15 : Material Recycling Treatment Facility,403600,96900,BH21 3BW,Solid,Hazardous,18 - HUMAN AND ANIMAL HEALTH CARE WASTE,Natal care - diagnosis - treatment or prevention of disease in humans,wastes whose collection and disposal is subject to special requirements in order to prevent infection,18 01 03*,Treatment,Material Recycling Facility,Somerset,Somerset,South West,Recovery,R05.01,0.14,05 - Healthcare and biological wastes,Infectious health care wastes
South West,Wiltshire,Wiltshire,Wiltshire,406191,Sand's Farm Facility,HILLS WASTE SOLUTIONS LIMITED,A15 : Material Recycling Treatment Facility,401332,171692,SN11 8TJ,Solid,Hazardous,18 - HUMAN AND ANIMAL HEALTH CARE WASTE,Natal care - diagnosis - treatment or prevention of disease in humans,wastes whose collection and disposal is subject to special requirements in order to prevent infection,18 01 03*,Treatment,Material Recycling Facility,Wiltshire,Wiltshire,South West,Transfer (D),D15,14.307,05 - Healthcare and biological wastes,Infectious health care wastes
South West,Wiltshire,Wiltshire,Wiltshire,100874,Churchfields Depot,WILTSHIRE COUNCIL,A16 : Physical Treatment Facility,413154,129777,SP2 7NP,Solid,Hazardous,18 - HUMAN AND ANIMAL HEALTH CARE WASTE,Natal care - diagnosis - treatment or prevention of disease in humans,cytotoxic and cytostatic medicines,18 01 08*,Treatment,Physical Treatment,Wiltshire,Wiltshire,South West,Incineration,D10,0.91,02 - Chemical preparation wastes,Off-specification chemical wastes
South West,Wiltshire,Wiltshire,Wiltshire,100874,Churchfields Depot,WILTSHIRE COUNCIL,A16 : Physical Treatment Facility,413154,129777,SP2 7NP,Solid,Hazardous,18 - HUMAN AND ANIMAL HEALTH CARE WASTE,Natal care - diagnosis - treatment or prevention of disease in humans,wastes whose collection and disposal is subject to special requirements in order to prevent infection,18 01 03*,Treatment,Physical Treatment,Wiltshire,Wiltshire,South West,Incineration,D10.04,11.07,05 - Healthcare and biological wastes,Infectious health care wastes
South West,Wiltshire,Wiltshire,Wiltshire,100874,Churchfields Depot,WILTSHIRE COUNCIL,A16 : Physical Treatment Facility,413154,129777,SP2 7NP,Solid,Hhold/Ind/Com,18 - HUMAN AND ANIMAL HEALTH CARE WASTE,Natal care - diagnosis - treatment or prevention of disease in humans,sharps (except 18 01 03),18 01 01,Treatment,Physical Treatment,Wiltshire,Wiltshire,South West,Incineration,D10.04,4.47,05 - Healthcare and biological wastes,Infectious health care wastes
South West,"Bath, Bristol and S Glo",Bristol City,"Bristol, City of",404320,Clinipower Avonmouth L L P,CLINIPOWER AVONMOUTH LLP,S0825 : Clinical Waste Transfer Station + treatment,353230,179910,BS11 0YS,Solid,Hazardous,18 - HUMAN AND ANIMAL HEALTH CARE WASTE,Natal care - diagnosis - treatment or prevention of disease in humans,wastes whose collection and disposal is subject to special requirements in order to prevent infection,18 01 03*,Treatment,Clinical Waste Transfer / Treatment,Bath and North East Somerset,Bath and North East Somerset,South West,Incineration,R01,5.27,05 - Healthcare and biological wastes,Infectious health care wastes
South West,"Bath, Bristol and S Glo",Bristol City,"Bristol, City of",404320,Clinipower Avonmouth L L P,CLINIPOWER AVONMOUTH LLP,S0825 : Clinical Waste Transfer Station + treatment,353230,179910,BS11 0YS,Solid,Hhold/Ind/Com,18 - HUMAN AND ANIMAL HEALTH CARE WASTE,Natal care - diagnosis - treatment or prevention of disease in humans,"wastes whose collection and disposal is not subject to special requirements in order to prevent infection(for example dressings, plaster casts, linen, disposable clothing, diapers)",18 01 04,Treatment,Clinical Waste Transfer / Treatment,Bath and North East Somerset,Bath and North East Somerset,South West,Transfer (D),D15,17.39,10 - Mixed ordinary wastes,Mixed and undifferentiated materials
South West,"Bath, Bristol and S Glo",Bristol City,"Bristol, City of",404320,Clinipower Avonmouth L L P,CLINIPOWER AVONMOUTH LLP,S0825 : Clinical Waste Transfer Station + treatment,353230,179910,BS11 0YS,Solid,Hazardous,18 - HUMAN AND ANIMAL HEALTH CARE WASTE,Natal care - diagnosis - treatment or prevention of disease in humans,wastes whose collection and disposal is subject to special requirements in order to prevent infection,18 01 03*,Treatment,Clinical Waste Transfer / Treatment,"Bristol, City of",Bristol City,South West,Incineration,R01,5,05 - Healthcare and biological wastes,Infectious health care wastes
South West,"Bath, Bristol and S Glo",Bristol City,"Bristol, City of",404320,Clinipower Avonmouth L L P,CLINIPOWER AVONMOUTH LLP,S0825 : Clinical Waste Transfer Station + treatment,353230,179910,BS11 0YS,Solid,Hhold/Ind/Com,18 - HUMAN AND ANIMAL HEALTH CARE WASTE,Natal care - diagnosis - treatment or prevention of disease in humans,"wastes whose collection and disposal is not subject to special requirements in order to prevent infection(for example dressings, plaster casts, linen, disposable clothing, diapers)",18 01 04,Treatment,Clinical Waste Transfer / Treatment,"Bristol, City of",Bristol City,South West,Transfer (D),D15,9.73,10 - Mixed ordinary wastes,Mixed and undifferentiated materials
South West,"Bath, Bristol and S Glo",Bristol City,"Bristol, City of",404320,Clinipower Avonmouth L L P,CLINIPOWER AVONMOUTH LLP,S0825 : Clinical Waste Transfer Station + treatment,353230,179910,BS11 0YS,Solid,Hazardous,18 - HUMAN AND ANIMAL HEALTH CARE WASTE,Natal care - diagnosis - treatment or prevention of disease in humans,wastes whose collection and disposal is subject to special requirements in order to prevent infection,18 01 03*,Treatment,Clinical Waste Transfer / Treatment,Exeter,Devon,South West,Incineration,R01,0.79,05 - Healthcare and biological wastes,Infectious health care wastes
South West,"Bath, Bristol and S Glo",Bristol City,"Bristol, City of",404320,Clinipower Avonmouth L L P,CLINIPOWER AVONMOUTH LLP,S0825 : Clinical Waste Transfer Station + treatment,353230,179910,BS11 0YS,Solid,Hazardous,18 - HUMAN AND ANIMAL HEALTH CARE WASTE,Natal care - diagnosis - treatment or prevention of disease in humans,wastes whose collection and disposal is subject to special requirements in order to prevent infection,18 01 03*,Treatment,Clinical Waste Transfer / Treatment,"Herefordshire, The County of",Herefordshire,West Midlands,Incineration,R01,0.18,05 - Healthcare and biological wastes,Infectious health care wastes
South West,"Bath, Bristol and S Glo",Bristol City,"Bristol, City of",404320,Clinipower Avonmouth L L P,CLINIPOWER AVONMOUTH LLP,S0825 : Clinical Waste Transfer Station + treatment,353230,179910,BS11 0YS,Solid,Hazardous,18 - HUMAN AND ANIMAL HEALTH CARE WASTE,Natal care - diagnosis - treatment or prevention of disease in humans,wastes whose collection and disposal is subject to special requirements in order to prevent infection,18 01 03*,Treatment,Clinical Waste Transfer / Treatment,Oxford,Oxfordshire,South East,Incineration,R01,3.02,05 - Healthcare and biological wastes,Infectious health care wastes
South West,"Bath, Bristol and S Glo",Bristol City,"Bristol, City of",404320,Clinipower Avonmouth L L P,CLINIPOWER AVONMOUTH LLP,S0825 : Clinical Waste Transfer Station + treatment,353230,179910,BS11 0YS,Solid,Hazardous,18 - HUMAN AND ANIMAL HEALTH CARE WASTE,Natal care - diagnosis - treatment or prevention of disease in humans,wastes whose collection and disposal is subject to special requirements in order to prevent infection,18 01 03*,Treatment,Clinical Waste Transfer / Treatment,Plymouth,Plymouth,South West,Incineration,R01,126.47,05 - Healthcare and biological wastes,Infectious health care wastes
South West,"Bath, Bristol and S Glo",Bristol City,"Bristol, City of",404320,Clinipower Avonmouth L L P,CLINIPOWER AVONMOUTH LLP,S0825 : Clinical Waste Transfer Station + treatment,353230,179910,BS11 0YS,Solid,Hazardous,18 - HUMAN AND ANIMAL HEALTH CARE WASTE,Natal care - diagnosis - treatment or prevention of disease in humans,wastes whose collection and disposal is subject to special requirements in order to prevent infection,18 01 03*,Treatment,Clinical Waste Transfer / Treatment,Glasgow City,Scotland,Scotland,Incineration,R01,1.14,05 - Healthcare and biological wastes,Infectious health care wastes
South West,"Bath, Bristol and S Glo",Bristol City,"Bristol, City of",404320,Clinipower Avonmouth L L P,CLINIPOWER AVONMOUTH LLP,S0825 : Clinical Waste Transfer Station + treatment,353230,179910,BS11 0YS,Solid,Hazardous,18 - HUMAN AND ANIMAL HEALTH CARE WASTE,Natal care - diagnosis - treatment or prevention of disease in humans,wastes whose collection and disposal is subject to special requirements in order to prevent infection,18 01 03*,Treatment,Clinical Waste Transfer / Treatment,North Lanarkshire,Scotland,Scotland,Incineration,R01,5.61,05 - Healthcare and biological wastes,Infectious health care wastes
South West,"Bath, Bristol and S Glo",Bristol City,"Bristol, City of",404320,Clinipower Avonmouth L L P,CLINIPOWER AVONMOUTH LLP,S0825 : Clinical Waste Transfer Station + treatment,353230,179910,BS11 0YS,Solid,Hazardous,18 - HUMAN AND ANIMAL HEALTH CARE WASTE,Natal care - diagnosis - treatment or prevention of disease in humans,wastes whose collection and disposal is subject to special requirements in order to prevent infection,18 01 03*,Treatment,Clinical Waste Transfer / Treatment,Somerset,Somerset,South West,Incineration,R01,9.03,05 - Healthcare and biological wastes,Infectious health care wastes
South West,"Bath, Bristol and S Glo",Bristol City,"Bristol, City of",404320,Clinipower Avonmouth L L P,CLINIPOWER AVONMOUTH LLP,S0825 : Clinical Waste Transfer Station + treatment,353230,179910,BS11 0YS,Solid,Hhold/Ind/Com,18 - HUMAN AND ANIMAL HEALTH CARE WASTE,Natal care - diagnosis - treatment or prevention of disease in humans,"wastes whose collection and disposal is not subject to special requirements in order to prevent infection(for example dressings, plaster casts, linen, disposable clothing, diapers)",18 01 04,Treatment,Clinical Waste Transfer / Treatment,Somerset,Somerset,South West,Transfer (D),D15,20.63,10 - Mixed ordinary wastes,Mixed and undifferentiated materials
South West,"Bath, Bristol and S Glo",Bristol City,"Bristol, City of",404320,Clinipower Avonmouth L L P,CLINIPOWER AVONMOUTH LLP,S0825 : Clinical Waste Transfer Station + treatment,353230,179910,BS11 0YS,Solid,Hazardous,18 - HUMAN AND ANIMAL HEALTH CARE WASTE,Natal care - diagnosis - treatment or prevention of disease in humans,wastes whose collection and disposal is subject to special requirements in order to prevent infection,18 01 03*,Treatment,Clinical Waste Transfer / Treatment,South Gloucestershire,South Gloucestershire,South West,Incineration,R01,5.91,05 - Healthcare and biological wastes,Infectious health care wastes
South West,"Bath, Bristol and S Glo",Bristol City,"Bristol, City of",404320,Clinipower Avonmouth L L P,CLINIPOWER AVONMOUTH LLP,S0825 : Clinical Waste Transfer Station + treatment,353230,179910,BS11 0YS,Solid,Hazardous,18 - HUMAN AND ANIMAL HEALTH CARE WASTE,Natal care - diagnosis - treatment or prevention of disease in humans,wastes whose collection and disposal is subject to special requirements in order to prevent infection,18 01 03*,Treatment,Clinical Waste Transfer / Treatment,Swindon,Swindon,South West,Incineration,R01,0.01,05 - Healthcare and biological wastes,Infectious health care wastes
South West,"Bath, Bristol and S Glo",Bristol City,"Bristol, City of",404320,Clinipower Avonmouth L L P,CLINIPOWER AVONMOUTH LLP,S0825 : Clinical Waste Transfer Station + treatment,353230,179910,BS11 0YS,Solid,Hhold/Ind/Com,18 - HUMAN AND ANIMAL HEALTH CARE WASTE,Natal care - diagnosis - treatment or prevention of disease in humans,"wastes whose collection and disposal is not subject to special requirements in order to prevent infection(for example dressings, plaster casts, linen, disposable clothing, diapers)",18 01 04,Treatment,Clinical Waste Transfer / Treatment,Swindon,Swindon,South West,Transfer (D),D15,19.22,10 - Mixed ordinary wastes,Mixed and undifferentiated materials
South West,"Bath, Bristol and S Glo",Bristol City,"Bristol, City of",404320,Clinipower Avonmouth L L P,CLINIPOWER AVONMOUTH LLP,S0825 : Clinical Waste Transfer Station + treatment,353230,179910,BS11 0YS,Solid,Hazardous,18 - HUMAN AND ANIMAL HEALTH CARE WASTE,Natal care - diagnosis - treatment or prevention of disease in humans,wastes whose collection and disposal is subject to special requirements in order to prevent infection,18 01 03*,Treatment,Clinical Waste Transfer / Treatment,Cardiff,Wales,Wales,Incineration,R01,2.53,05 - Healthcare and biological wastes,Infectious health care wastes
South West,"Bath, Bristol and S Glo",Bristol City,"Bristol, City of",404320,Clinipower Avonmouth L L P,CLINIPOWER AVONMOUTH LLP,S0825 : Clinical Waste Transfer Station + treatment,353230,179910,BS11 0YS,Solid,Hazardous,18 - HUMAN AND ANIMAL HEALTH CARE WASTE,Natal care - diagnosis - treatment or prevention of disease in humans,wastes whose collection and disposal is subject to special requirements in order to prevent infection,18 01 03*,Treatment,Clinical Waste Transfer / Treatment,Newport,Wales,Wales,Incineration,R01,0.96,05 - Healthcare and biological wastes,Infectious health care wastes
South West,"Bath, Bristol and S Glo",Bristol City,"Bristol, City of",404320,Clinipower Avonmouth L L P,CLINIPOWER AVONMOUTH LLP,S0825 : Clinical Waste Transfer Station + treatment,353230,179910,BS11 0YS,Solid,Hazardous,18 - HUMAN AND ANIMAL HEALTH CARE WASTE,Natal care - diagnosis - treatment or prevention of disease in humans,wastes whose collection and disposal is subject to special requirements in order to prevent infection,18 01 03*,Treatment,Clinical Waste Transfer / Treatment,Swansea,Wales,Wales,Incineration,R01,66.03,05 - Healthcare and biological wastes,Infectious health care wastes
South West,"Bath, Bristol and S Glo",Bristol City,"Bristol, City of",404320,Clinipower Avonmouth L L P,CLINIPOWER AVONMOUTH LLP,S0825 : Clinical Waste Transfer Station + treatment,353230,179910,BS11 0YS,Solid,Hhold/Ind/Com,18 - HUMAN AND ANIMAL HEALTH CARE WASTE,Natal care - diagnosis - treatment or prevention of disease in humans,"wastes whose collection and disposal is not subject to special requirements in order to prevent infection(for example dressings, plaster casts, linen, disposable clothing, diapers)",18 01 04,Treatment,Clinical Waste Transfer / Treatment,Swansea,Wales,Wales,Transfer (D),D15,3.81,10 - Mixed ordinary wastes,Mixed and undifferentiated materials
South West,"Bath, Bristol and S Glo",Bristol City,"Bristol, City of",404320,Clinipower Avonmouth L L P,CLINIPOWER AVONMOUTH LLP,S0825 : Clinical Waste Transfer Station + treatment,353230,179910,BS11 0YS,Solid,Hazardous,18 - HUMAN AND ANIMAL HEALTH CARE WASTE,Natal care - diagnosis - treatment or prevention of disease in humans,wastes whose collection and disposal is subject to special requirements in order to prevent infection,18 01 03*,Treatment,Clinical Waste Transfer / Treatment,Walsall,Walsall,West Midlands,Incineration,R01,0.48,05 - Healthcare and biological wastes,Infectious health care wastes
South West,"Bath, Bristol and S Glo",Bristol City,"Bristol, City of",404320,Clinipower Avonmouth L L P,CLINIPOWER AVONMOUTH LLP,S0825 : Clinical Waste Transfer Station + treatment,353230,179910,BS11 0YS,Solid,Hhold/Ind/Com,18 - HUMAN AND ANIMAL HEALTH CARE WASTE,Natal care - diagnosis - treatment or prevention of disease in humans,"wastes whose collection and disposal is not subject to special requirements in order to prevent infection(for example dressings, plaster casts, linen, disposable clothing, diapers)",18 01 04,Treatment,Clinical Waste Transfer / Treatment,Walsall,Walsall,West Midlands,Transfer (D),D15,0.41,10 - Mixed ordinary wastes,Mixed and undifferentiated materials
South West,Wiltshire,Swindon,Swindon,LP3330ZS,Waterside Park - EPR/KP3191EK,PUBLIC POWER SOLUTIONS LIMITED,T05 : Physico-chemical treatment installation,412990,186240,SN2 2QW,Solid,Hhold/Ind/Com,18 - HUMAN AND ANIMAL HEALTH CARE WASTE,Natal care - diagnosis - treatment or prevention of disease in humans,"wastes whose collection and disposal is not subject to special requirements in order to prevent infection(for example dressings, plaster casts, linen, disposable clothing, diapers)",18 01 04,Treatment,Physical-Chemical Treatment,Swindon,Swindon,South West,Incineration,D10,7.3,10 - Mixed ordinary wastes,Mixed and undifferentiated materials
South West,Somerset,Somerset,Somerset,YP3433TW,Frome Clinical Waste Treatment Plant and Transfer Station,SRCL LIMITED,T05 : Physico-chemical treatment installation,379830,149710,BA11 2FE,Solid,Hazardous,18 - HUMAN AND ANIMAL HEALTH CARE WASTE,Natal care - diagnosis - treatment or prevention of disease in humans,wastes whose collection and disposal is subject to special requirements in order to prevent infection,18 01 03*,Treatment,Physical-Chemical Treatment,"Bournemouth, Christchurch and Poole","Bournemouth, Christchurch and Poole",South West,Recovery,R13,0.046,05 - Healthcare and biological wastes,Infectious health care wastes
South West,Somerset,Somerset,Somerset,YP3433TW,Frome Clinical Waste Treatment Plant and Transfer Station,SRCL LIMITED,T05 : Physico-chemical treatment installation,379830,149710,BA11 2FE,Solid,Hazardous,18 - HUMAN AND ANIMAL HEALTH CARE WASTE,Natal care - diagnosis - treatment or prevention of disease in humans,wastes whose collection and disposal is subject to special requirements in order to prevent infection,18 01 03*,Treatment,Physical-Chemical Treatment,"Bournemouth, Christchurch and Poole","Bournemouth, Christchurch and Poole",South West,Transfer (D),D15,0.061,05 - Healthcare and biological wastes,Infectious health care wastes
South West,Somerset,Somerset,Somerset,YP3433TW,Frome Clinical Waste Treatment Plant and Transfer Station,SRCL LIMITED,T05 : Physico-chemical treatment installation,379830,149710,BA11 2FE,Solid,Hhold/Ind/Com,18 - HUMAN AND ANIMAL HEALTH CARE WASTE,Natal care - diagnosis - treatment or prevention of disease in humans,"wastes whose collection and disposal is not subject to special requirements in order to prevent infection(for example dressings, plaster casts, linen, disposable clothing, diapers)",18 01 04,Treatment,Physical-Chemical Treatment,"Bournemouth, Christchurch and Poole","Bournemouth, Christchurch and Poole",South West,Transfer (D),D15,0.124,10 - Mixed ordinary wastes,Mixed and undifferentiated materials
South West,Somerset,Somerset,Somerset,YP3433TW,Frome Clinical Waste Treatment Plant and Transfer Station,SRCL LIMITED,T05 : Physico-chemical treatment installation,379830,149710,BA11 2FE,Solid,Hazardous,18 - HUMAN AND ANIMAL HEALTH CARE WASTE,Natal care - diagnosis - treatment or prevention of disease in humans,wastes whose collection and disposal is subject to special requirements in order to prevent infection,18 01 03*,Treatment,Physical-Chemical Treatment,"Bristol, City of",Bristol City,South West,Recovery,R13,0.293,05 - Healthcare and biological wastes,Infectious health care wastes
South West,Somerset,Somerset,Somerset,YP3433TW,Frome Clinical Waste Treatment Plant and Transfer Station,SRCL LIMITED,T05 : Physico-chemical treatment installation,379830,149710,BA11 2FE,Solid,Hazardous,18 - HUMAN AND ANIMAL HEALTH CARE WASTE,Natal care - diagnosis - treatment or prevention of disease in humans,wastes whose collection and disposal is subject to special requirements in order to prevent infection,18 01 03*,Treatment,Physical-Chemical Treatment,"Bristol, City of",Bristol City,South West,Transfer (D),D15,0.43,05 - Healthcare and biological wastes,Infectious health care wastes
South West,Somerset,Somerset,Somerset,YP3433TW,Frome Clinical Waste Treatment Plant and Transfer Station,SRCL LIMITED,T05 : Physico-chemical treatment installation,379830,149710,BA11 2FE,Solid,Hhold/Ind/Com,18 - HUMAN AND ANIMAL HEALTH CARE WASTE,Natal care - diagnosis - treatment or prevention of disease in humans,medicines other than those mentioned in 18 01 08,18 01 09,Treatment,Physical-Chemical Treatment,"Bristol, City of",Bristol City,South West,Transfer (D),D15,0.263,02 - Chemical preparation wastes,Off-specification chemical wastes
South West,Somerset,Somerset,Somerset,YP3433TW,Frome Clinical Waste Treatment Plant and Transfer Station,SRCL LIMITED,T05 : Physico-chemical treatment installation,379830,149710,BA11 2FE,Solid,Hhold/Ind/Com,18 - HUMAN AND ANIMAL HEALTH CARE WASTE,Natal care - diagnosis - treatment or prevention of disease in humans,"wastes whose collection and disposal is not subject to special requirements in order to prevent infection(for example dressings, plaster casts, linen, disposable clothing, diapers)",18 01 04,Treatment,Physical-Chemical Treatment,"Bristol, City of",Bristol City,South West,Transfer (D),D15,0.051,10 - Mixed ordinary wastes,Mixed and undifferentiated materials
South West,Somerset,Somerset,Somerset,YP3433TW,Frome Clinical Waste Treatment Plant and Transfer Station,SRCL LIMITED,T05 : Physico-chemical treatment installation,379830,149710,BA11 2FE,Solid,Hazardous,18 - HUMAN AND ANIMAL HEALTH CARE WASTE,Natal care - diagnosis - treatment or prevention of disease in humans,wastes whose collection and disposal is subject to special requirements in order to prevent infection,18 01 03*,Treatment,Physical-Chemical Treatment,East Devon,Devon,South West,Recovery,R13,0.157,05 - Healthcare and biological wastes,Infectious health care wastes
South West,Somerset,Somerset,Somerset,YP3433TW,Frome Clinical Waste Treatment Plant and Transfer Station,SRCL LIMITED,T05 : Physico-chemical treatment installation,379830,149710,BA11 2FE,Solid,Hazardous,18 - HUMAN AND ANIMAL HEALTH CARE WASTE,Natal care - diagnosis - treatment or prevention of disease in humans,wastes whose collection and disposal is subject to special requirements in order to prevent infection,18 01 03*,Treatment,Physical-Chemical Treatment,East Devon,Devon,South West,Transfer (D),D15,0.056,05 - Healthcare and biological wastes,Infectious health care wastes
South West,Somerset,Somerset,Somerset,YP3433TW,Frome Clinical Waste Treatment Plant and Transfer Station,SRCL LIMITED,T05 : Physico-chemical treatment installation,379830,149710,BA11 2FE,Solid,Hhold/Ind/Com,18 - HUMAN AND ANIMAL HEALTH CARE WASTE,Natal care - diagnosis - treatment or prevention of disease in humans,"wastes whose collection and disposal is not subject to special requirements in order to prevent infection(for example dressings, plaster casts, linen, disposable clothing, diapers)",18 01 04,Treatment,Physical-Chemical Treatment,East Devon,Devon,South West,Transfer (D),D15,0.183,10 - Mixed ordinary wastes,Mixed and undifferentiated materials
South West,Somerset,Somerset,Somerset,YP3433TW,Frome Clinical Waste Treatment Plant and Transfer Station,SRCL LIMITED,T05 : Physico-chemical treatment installation,379830,149710,BA11 2FE,Solid,Hazardous,18 - HUMAN AND ANIMAL HEALTH CARE WASTE,Natal care - diagnosis - treatment or prevention of disease in humans,wastes whose collection and disposal is subject to special requirements in order to prevent infection,18 01 03*,Treatment,Physical-Chemical Treatment,North Devon,Devon,South West,Transfer (D),D15,1.756,05 - Healthcare and biological wastes,Infectious health care wastes
South West,Somerset,Somerset,Somerset,YP3433TW,Frome Clinical Waste Treatment Plant and Transfer Station,SRCL LIMITED,T05 : Physico-chemical treatment installation,379830,149710,BA11 2FE,Solid,Hhold/Ind/Com,18 - HUMAN AND ANIMAL HEALTH CARE WASTE,Natal care - diagnosis - treatment or prevention of disease in humans,medicines other than those mentioned in 18 01 08,18 01 09,Treatment,Physical-Chemical Treatment,North Devon,Devon,South West,Transfer (D),D15,0.215,02 - Chemical preparation wastes,Off-specification chemical wastes
South West,Somerset,Somerset,Somerset,YP3433TW,Frome Clinical Waste Treatment Plant and Transfer Station,SRCL LIMITED,T05 : Physico-chemical treatment installation,379830,149710,BA11 2FE,Solid,Hazardous,18 - HUMAN AND ANIMAL HEALTH CARE WASTE,Natal care - diagnosis - treatment or prevention of disease in humans,wastes whose collection and disposal is subject to special requirements in order to prevent infection,18 01 03*,Treatment,Physical-Chemical Treatment,Teignbridge,Devon,South West,Recovery,R13,0.04,05 - Healthcare and biological wastes,Infectious health care wastes
South West,Somerset,Somerset,Somerset,YP3433TW,Frome Clinical Waste Treatment Plant and Transfer Station,SRCL LIMITED,T05 : Physico-chemical treatment installation,379830,149710,BA11 2FE,Solid,Hhold/Ind/Com,18 - HUMAN AND ANIMAL HEALTH CARE WASTE,Natal care - diagnosis - treatment or prevention of disease in humans,"wastes whose collection and disposal is not subject to special requirements in order to prevent infection(for example dressings, plaster casts, linen, disposable clothing, diapers)",18 01 04,Treatment,Physical-Chemical Treatment,Teignbridge,Devon,South West,Transfer (D),D15,0.102,10 - Mixed ordinary wastes,Mixed and undifferentiated materials
South West,Somerset,Somerset,Somerset,YP3433TW,Frome Clinical Waste Treatment Plant and Transfer Station,SRCL LIMITED,T05 : Physico-chemical treatment installation,379830,149710,BA11 2FE,Solid,Hazardous,18 - HUMAN AND ANIMAL HEALTH CARE WASTE,Natal care - diagnosis - treatment or prevention of disease in humans,wastes whose collection and disposal is subject to special requirements in order to prevent infection,18 01 03*,Treatment,Physical-Chemical Treatment,West Devon,Devon,South West,Recovery,R13,0.027,05 - Healthcare and biological wastes,Infectious health care wastes
South West,Somerset,Somerset,Somerset,YP3433TW,Frome Clinical Waste Treatment Plant and Transfer Station,SRCL LIMITED,T05 : Physico-chemical treatment installation,379830,149710,BA11 2FE,Solid,Hazardous,18 - HUMAN AND ANIMAL HEALTH CARE WASTE,Natal care - diagnosis - treatment or prevention of disease in humans,wastes whose collection and disposal is subject to special requirements in order to prevent infection,18 01 03*,Treatment,Physical-Chemical Treatment,Dorset,Dorset,South West,Recovery,R13,0.075,05 - Healthcare and biological wastes,Infectious health care wastes
South West,Somerset,Somerset,Somerset,YP3433TW,Frome Clinical Waste Treatment Plant and Transfer Station,SRCL LIMITED,T05 : Physico-chemical treatment installation,379830,149710,BA11 2FE,Solid,Hazardous,18 - HUMAN AND ANIMAL HEALTH CARE WASTE,Natal care - diagnosis - treatment or prevention of disease in humans,wastes whose collection and disposal is subject to special requirements in order to prevent infection,18 01 03*,Treatment,Physical-Chemical Treatment,Dorset,Dorset,South West,Transfer (D),D15,0.016,05 - Healthcare and biological wastes,Infectious health care wastes
South West,Somerset,Somerset,Somerset,YP3433TW,Frome Clinical Waste Treatment Plant and Transfer Station,SRCL LIMITED,T05 : Physico-chemical treatment installation,379830,149710,BA11 2FE,Solid,Hhold/Ind/Com,18 - HUMAN AND ANIMAL HEALTH CARE WASTE,Natal care - diagnosis - treatment or prevention of disease in humans,"wastes whose collection and disposal is not subject to special requirements in order to prevent infection(for example dressings, plaster casts, linen, disposable clothing, diapers)",18 01 04,Treatment,Physical-Chemical Treatment,Dorset,Dorset,South West,Transfer (D),D15,0.165,10 - Mixed ordinary wastes,Mixed and undifferentiated materials
South West,Somerset,Somerset,Somerset,YP3433TW,Frome Clinical Waste Treatment Plant and Transfer Station,SRCL LIMITED,T05 : Physico-chemical treatment installation,379830,149710,BA11 2FE,Solid,Hhold/Ind/Com,18 - HUMAN AND ANIMAL HEALTH CARE WASTE,Natal care - diagnosis - treatment or prevention of disease in humans,"wastes whose collection and disposal is not subject to special requirements in order to prevent infection(for example dressings, plaster casts, linen, disposable clothing, diapers)",18 01 04,Treatment,Physical-Chemical Treatment,Dorset,Dorset,South West,Transfer (D),D15,0.087,10 - Mixed ordinary wastes,Mixed and undifferentiated materials
South West,Somerset,Somerset,Somerset,YP3433TW,Frome Clinical Waste Treatment Plant and Transfer Station,SRCL LIMITED,T05 : Physico-chemical treatment installation,379830,149710,BA11 2FE,Solid,Hazardous,18 - HUMAN AND ANIMAL HEALTH CARE WASTE,Natal care - diagnosis - treatment or prevention of disease in humans,wastes whose collection and disposal is subject to special requirements in order to prevent infection,18 01 03*,Treatment,Physical-Chemical Treatment,Basingstoke and Deane,Hampshire,South East,Transfer (D),D15,0.386,05 - Healthcare and biological wastes,Infectious health care wastes
South West,Somerset,Somerset,Somerset,YP3433TW,Frome Clinical Waste Treatment Plant and Transfer Station,SRCL LIMITED,T05 : Physico-chemical treatment installation,379830,149710,BA11 2FE,Solid,Hhold/Ind/Com,18 - HUMAN AND ANIMAL HEALTH CARE WASTE,Natal care - diagnosis - treatment or prevention of disease in humans,medicines other than those mentioned in 18 01 08,18 01 09,Treatment,Physical-Chemical Treatment,Basingstoke and Deane,Hampshire,South East,Transfer (D),D15,0.101,02 - Chemical preparation wastes,Off-specification chemical wastes
South West,Somerset,Somerset,Somerset,YP3433TW,Frome Clinical Waste Treatment Plant and Transfer Station,SRCL LIMITED,T05 : Physico-chemical treatment installation,379830,149710,BA11 2FE,Solid,Hazardous,18 - HUMAN AND ANIMAL HEALTH CARE WASTE,Natal care - diagnosis - treatment or prevention of disease in humans,wastes whose collection and disposal is subject to special requirements in order to prevent infection,18 01 03*,Treatment,Physical-Chemical Treatment,Eastleigh,Hampshire,South East,Recovery,R13,0.685,05 - Healthcare and biological wastes,Infectious health care wastes
South West,Somerset,Somerset,Somerset,YP3433TW,Frome Clinical Waste Treatment Plant and Transfer Station,SRCL LIMITED,T05 : Physico-chemical treatment installation,379830,149710,BA11 2FE,Solid,Hazardous,18 - HUMAN AND ANIMAL HEALTH CARE WASTE,Natal care - diagnosis - treatment or prevention of disease in humans,wastes whose collection and disposal is subject to special requirements in order to prevent infection,18 01 03*,Treatment,Physical-Chemical Treatment,Eastleigh,Hampshire,South East,Transfer (D),D15,0.184,05 - Healthcare and biological wastes,Infectious health care wastes
South West,Somerset,Somerset,Somerset,YP3433TW,Frome Clinical Waste Treatment Plant and Transfer Station,SRCL LIMITED,T05 : Physico-chemical treatment installation,379830,149710,BA11 2FE,Solid,Hhold/Ind/Com,18 - HUMAN AND ANIMAL HEALTH CARE WASTE,Natal care - diagnosis - treatment or prevention of disease in humans,"wastes whose collection and disposal is not subject to special requirements in order to prevent infection(for example dressings, plaster casts, linen, disposable clothing, diapers)",18 01 04,Treatment,Physical-Chemical Treatment,Eastleigh,Hampshire,South East,Transfer (D),D15,0.602,10 - Mixed ordinary wastes,Mixed and undifferentiated materials
South West,Somerset,Somerset,Somerset,YP3433TW,Frome Clinical Waste Treatment Plant and Transfer Station,SRCL LIMITED,T05 : Physico-chemical treatment installation,379830,149710,BA11 2FE,Solid,Hazardous,18 - HUMAN AND ANIMAL HEALTH CARE WASTE,Natal care - diagnosis - treatment or prevention of disease in humans,wastes whose collection and disposal is subject to special requirements in order to prevent infection,18 01 03*,Treatment,Physical-Chemical Treatment,New Forest,Hampshire,South East,Recovery,R13,0.162,05 - Healthcare and biological wastes,Infectious health care wastes
South West,Somerset,Somerset,Somerset,YP3433TW,Frome Clinical Waste Treatment Plant and Transfer Station,SRCL LIMITED,T05 : Physico-chemical treatment installation,379830,149710,BA11 2FE,Solid,Hazardous,18 - HUMAN AND ANIMAL HEALTH CARE WASTE,Natal care - diagnosis - treatment or prevention of disease in humans,wastes whose collection and disposal is subject to special requirements in order to prevent infection,18 01 03*,Treatment,Physical-Chemical Treatment,New Forest,Hampshire,South East,Transfer (D),D15,0.096,05 - Healthcare and biological wastes,Infectious health care wastes
South West,Somerset,Somerset,Somerset,YP3433TW,Frome Clinical Waste Treatment Plant and Transfer Station,SRCL LIMITED,T05 : Physico-chemical treatment installation,379830,149710,BA11 2FE,Solid,Hhold/Ind/Com,18 - HUMAN AND ANIMAL HEALTH CARE WASTE,Natal care - diagnosis - treatment or prevention of disease in humans,"wastes whose collection and disposal is not subject to special requirements in order to prevent infection(for example dressings, plaster casts, linen, disposable clothing, diapers)",18 01 04,Treatment,Physical-Chemical Treatment,New Forest,Hampshire,South East,Transfer (D),D15,0.149,10 - Mixed ordinary wastes,Mixed and undifferentiated materials
South West,Somerset,Somerset,Somerset,YP3433TW,Frome Clinical Waste Treatment Plant and Transfer Station,SRCL LIMITED,T05 : Physico-chemical treatment installation,379830,149710,BA11 2FE,Solid,Hazardous,18 - HUMAN AND ANIMAL HEALTH CARE WASTE,Natal care - diagnosis - treatment or prevention of disease in humans,wastes whose collection and disposal is subject to special requirements in order to prevent infection,18 01 03*,Treatment,Physical-Chemical Treatment,Test Valley,Hampshire,South East,Recovery,R13,0.063,05 - Healthcare and biological wastes,Infectious health care wastes
South West,Somerset,Somerset,Somerset,YP3433TW,Frome Clinical Waste Treatment Plant and Transfer Station,SRCL LIMITED,T05 : Physico-chemical treatment installation,379830,149710,BA11 2FE,Solid,Hazardous,18 - HUMAN AND ANIMAL HEALTH CARE WASTE,Natal care - diagnosis - treatment or prevention of disease in humans,cytotoxic and cytostatic medicines,18 01 08*,Treatment,Physical-Chemical Treatment,Test Valley,Hampshire,South East,Transfer (D),D15,0.058,02 - Chemical preparation wastes,Off-specification chemical wastes
South West,Somerset,Somerset,Somerset,YP3433TW,Frome Clinical Waste Treatment Plant and Transfer Station,SRCL LIMITED,T05 : Physico-chemical treatment installation,379830,149710,BA11 2FE,Solid,Hazardous,18 - HUMAN AND ANIMAL HEALTH CARE WASTE,Natal care - diagnosis - treatment or prevention of disease in humans,wastes whose collection and disposal is subject to special requirements in order to prevent infection,18 01 03*,Treatment,Physical-Chemical Treatment,Test Valley,Hampshire,South East,Transfer (D),D15,9.771,05 - Healthcare and biological wastes,Infectious health care wastes
South West,Somerset,Somerset,Somerset,YP3433TW,Frome Clinical Waste Treatment Plant and Transfer Station,SRCL LIMITED,T05 : Physico-chemical treatment installation,379830,149710,BA11 2FE,Solid,Hhold/Ind/Com,18 - HUMAN AND ANIMAL HEALTH CARE WASTE,Natal care - diagnosis - treatment or prevention of disease in humans,"wastes whose collection and disposal is not subject to special requirements in order to prevent infection(for example dressings, plaster casts, linen, disposable clothing, diapers)",18 01 04,Treatment,Physical-Chemical Treatment,Test Valley,Hampshire,South East,Transfer (D),D15,1.675,10 - Mixed ordinary wastes,Mixed and undifferentiated materials
South West,Somerset,Somerset,Somerset,YP3433TW,Frome Clinical Waste Treatment Plant and Transfer Station,SRCL LIMITED,T05 : Physico-chemical treatment installation,379830,149710,BA11 2FE,Solid,Hazardous,18 - HUMAN AND ANIMAL HEALTH CARE WASTE,Natal care - diagnosis - treatment or prevention of disease in humans,wastes whose collection and disposal is subject to special requirements in order to prevent infection,18 01 03*,Treatment,Physical-Chemical Treatment,Winchester,Hampshire,South East,Recovery,R13,2.126,05 - Healthcare and biological wastes,Infectious health care wastes
South West,Somerset,Somerset,Somerset,YP3433TW,Frome Clinical Waste Treatment Plant and Transfer Station,SRCL LIMITED,T05 : Physico-chemical treatment installation,379830,149710,BA11 2FE,Solid,Hazardous,18 - HUMAN AND ANIMAL HEALTH CARE WASTE,Natal care - diagnosis - treatment or prevention of disease in humans,cytotoxic and cytostatic medicines,18 01 08*,Treatment,Physical-Chemical Treatment,Winchester,Hampshire,South East,Transfer (D),D15,0.116,02 - Chemical preparation wastes,Off-specification chemical wastes
South West,Somerset,Somerset,Somerset,YP3433TW,Frome Clinical Waste Treatment Plant and Transfer Station,SRCL LIMITED,T05 : Physico-chemical treatment installation,379830,149710,BA11 2FE,Solid,Hazardous,18 - HUMAN AND ANIMAL HEALTH CARE WASTE,Natal care - diagnosis - treatment or prevention of disease in humans,wastes whose collection and disposal is subject to special requirements in order to prevent infection,18 01 03*,Treatment,Physical-Chemical Treatment,Winchester,Hampshire,South East,Transfer (D),D15,1.497,05 - Healthcare and biological wastes,Infectious health care wastes
South West,Somerset,Somerset,Somerset,YP3433TW,Frome Clinical Waste Treatment Plant and Transfer Station,SRCL LIMITED,T05 : Physico-chemical treatment installation,379830,149710,BA11 2FE,Solid,Hhold/Ind/Com,18 - HUMAN AND ANIMAL HEALTH CARE WASTE,Natal care - diagnosis - treatment or prevention of disease in humans,medicines other than those mentioned in 18 01 08,18 01 09,Treatment,Physical-Chemical Treatment,Winchester,Hampshire,South East,Transfer (D),D15,0.157,02 - Chemical preparation wastes,Off-specification chemical wastes
South West,Somerset,Somerset,Somerset,YP3433TW,Frome Clinical Waste Treatment Plant and Transfer Station,SRCL LIMITED,T05 : Physico-chemical treatment installation,379830,149710,BA11 2FE,Solid,Hhold/Ind/Com,18 - HUMAN AND ANIMAL HEALTH CARE WASTE,Natal care - diagnosis - treatment or prevention of disease in humans,"wastes whose collection and disposal is not subject to special requirements in order to prevent infection(for example dressings, plaster casts, linen, disposable clothing, diapers)",18 01 04,Treatment,Physical-Chemical Treatment,Winchester,Hampshire,South East,Transfer (D),D15,0.103,10 - Mixed ordinary wastes,Mixed and undifferentiated materials
South West,Somerset,Somerset,Somerset,YP3433TW,Frome Clinical Waste Treatment Plant and Transfer Station,SRCL LIMITED,T05 : Physico-chemical treatment installation,379830,149710,BA11 2FE,Solid,Hazardous,18 - HUMAN AND ANIMAL HEALTH CARE WASTE,Natal care - diagnosis - treatment or prevention of disease in humans,wastes whose collection and disposal is subject to special requirements in order to prevent infection,18 01 03*,Treatment,Physical-Chemical Treatment,Isle of Wight,Isle of Wight,South East,Transfer (D),D15,1.567,05 - Healthcare and biological wastes,Infectious health care wastes
South West,Somerset,Somerset,Somerset,YP3433TW,Frome Clinical Waste Treatment Plant and Transfer Station,SRCL LIMITED,T05 : Physico-chemical treatment installation,379830,149710,BA11 2FE,Solid,Hhold/Ind/Com,18 - HUMAN AND ANIMAL HEALTH CARE WASTE,Natal care - diagnosis - treatment or prevention of disease in humans,medicines other than those mentioned in 18 01 08,18 01 09,Treatment,Physical-Chemical Treatment,Isle of Wight,Isle of Wight,South East,Transfer (D),D15,0.359,02 - Chemical preparation wastes,Off-specification chemical wastes
South West,Somerset,Somerset,Somerset,YP3433TW,Frome Clinical Waste Treatment Plant and Transfer Station,SRCL LIMITED,T05 : Physico-chemical treatment installation,379830,149710,BA11 2FE,Solid,Hazardous,18 - HUMAN AND ANIMAL HEALTH CARE WASTE,Natal care - diagnosis - treatment or prevention of disease in humans,wastes whose collection and disposal is subject to special requirements in order to prevent infection,18 01 03*,Treatment,Physical-Chemical Treatment,North Somerset,North Somerset,South West,Transfer (D),D15,0.244,05 - Healthcare and biological wastes,Infectious health care wastes
South West,Somerset,Somerset,Somerset,YP3433TW,Frome Clinical Waste Treatment Plant and Transfer Station,SRCL LIMITED,T05 : Physico-chemical treatment installation,379830,149710,BA11 2FE,Solid,Hhold/Ind/Com,18 - HUMAN AND ANIMAL HEALTH CARE WASTE,Natal care - diagnosis - treatment or prevention of disease in humans,medicines other than those mentioned in 18 01 08,18 01 09,Treatment,Physical-Chemical Treatment,North Somerset,North Somerset,South West,Transfer (D),D15,0.097,02 - Chemical preparation wastes,Off-specification chemical wastes
South West,Somerset,Somerset,Somerset,YP3433TW,Frome Clinical Waste Treatment Plant and Transfer Station,SRCL LIMITED,T05 : Physico-chemical treatment installation,379830,149710,BA11 2FE,Solid,Hazardous,18 - HUMAN AND ANIMAL HEALTH CARE WASTE,Natal care - diagnosis - treatment or prevention of disease in humans,wastes whose collection and disposal is subject to special requirements in order to prevent infection,18 01 03*,Treatment,Physical-Chemical Treatment,Poole,Poole,South West,Recovery,R13,3.675,05 - Healthcare and biological wastes,Infectious health care wastes
South West,Somerset,Somerset,Somerset,YP3433TW,Frome Clinical Waste Treatment Plant and Transfer Station,SRCL LIMITED,T05 : Physico-chemical treatment installation,379830,149710,BA11 2FE,Solid,Hazardous,18 - HUMAN AND ANIMAL HEALTH CARE WASTE,Natal care - diagnosis - treatment or prevention of disease in humans,cytotoxic and cytostatic medicines,18 01 08*,Treatment,Physical-Chemical Treatment,Poole,Poole,South West,Transfer (D),D15,0.139,02 - Chemical preparation wastes,Off-specification chemical wastes
South West,Somerset,Somerset,Somerset,YP3433TW,Frome Clinical Waste Treatment Plant and Transfer Station,SRCL LIMITED,T05 : Physico-chemical treatment installation,379830,149710,BA11 2FE,Solid,Hazardous,18 - HUMAN AND ANIMAL HEALTH CARE WASTE,Natal care - diagnosis - treatment or prevention of disease in humans,wastes whose collection and disposal is subject to special requirements in order to prevent infection,18 01 03*,Treatment,Physical-Chemical Treatment,Poole,Poole,South West,Transfer (D),D15,1.067,05 - Healthcare and biological wastes,Infectious health care wastes
South West,Somerset,Somerset,Somerset,YP3433TW,Frome Clinical Waste Treatment Plant and Transfer Station,SRCL LIMITED,T05 : Physico-chemical treatment installation,379830,149710,BA11 2FE,Solid,Hhold/Ind/Com,18 - HUMAN AND ANIMAL HEALTH CARE WASTE,Natal care - diagnosis - treatment or prevention of disease in humans,medicines other than those mentioned in 18 01 08,18 01 09,Treatment,Physical-Chemical Treatment,Poole,Poole,South West,Transfer (D),D15,0.235,02 - Chemical preparation wastes,Off-specification chemical wastes
South West,Somerset,Somerset,Somerset,YP3433TW,Frome Clinical Waste Treatment Plant and Transfer Station,SRCL LIMITED,T05 : Physico-chemical treatment installation,379830,149710,BA11 2FE,Solid,Hhold/Ind/Com,18 - HUMAN AND ANIMAL HEALTH CARE WASTE,Natal care - diagnosis - treatment or prevention of disease in humans,"wastes whose collection and disposal is not subject to special requirements in order to prevent infection(for example dressings, plaster casts, linen, disposable clothing, diapers)",18 01 04,Treatment,Physical-Chemical Treatment,Poole,Poole,South West,Transfer (D),D15,0.692,10 - Mixed ordinary wastes,Mixed and undifferentiated materials
South West,Somerset,Somerset,Somerset,YP3433TW,Frome Clinical Waste Treatment Plant and Transfer Station,SRCL LIMITED,T05 : Physico-chemical treatment installation,379830,149710,BA11 2FE,Solid,Hazardous,18 - HUMAN AND ANIMAL HEALTH CARE WASTE,Natal care - diagnosis - treatment or prevention of disease in humans,wastes whose collection and disposal is subject to special requirements in order to prevent infection,18 01 03*,Treatment,Physical-Chemical Treatment,Somerset,Somerset,South West,Recovery,R13,0.261,05 - Healthcare and biological wastes,Infectious health care wastes
South West,Somerset,Somerset,Somerset,YP3433TW,Frome Clinical Waste Treatment Plant and Transfer Station,SRCL LIMITED,T05 : Physico-chemical treatment installation,379830,149710,BA11 2FE,Solid,Hazardous,18 - HUMAN AND ANIMAL HEALTH CARE WASTE,Natal care - diagnosis - treatment or prevention of disease in humans,wastes whose collection and disposal is subject to special requirements in order to prevent infection,18 01 03*,Treatment,Physical-Chemical Treatment,Somerset,Somerset,South West,Recovery,R13,0.22,05 - Healthcare and biological wastes,Infectious health care wastes
South West,Somerset,Somerset,Somerset,YP3433TW,Frome Clinical Waste Treatment Plant and Transfer Station,SRCL LIMITED,T05 : Physico-chemical treatment installation,379830,149710,BA11 2FE,Solid,Hazardous,18 - HUMAN AND ANIMAL HEALTH CARE WASTE,Natal care - diagnosis - treatment or prevention of disease in humans,wastes whose collection and disposal is subject to special requirements in order to prevent infection,18 01 03*,Treatment,Physical-Chemical Treatment,South East,South East (WPA Not codeable),South East,Transfer (D),D15,126.593,05 - Healthcare and biological wastes,Infectious health care wastes
South West,Somerset,Somerset,Somerset,YP3433TW,Frome Clinical Waste Treatment Plant and Transfer Station,SRCL LIMITED,T05 : Physico-chemical treatment installation,379830,149710,BA11 2FE,Solid,Hazardous,18 - HUMAN AND ANIMAL HEALTH CARE WASTE,Natal care - diagnosis - treatment or prevention of disease in humans,wastes whose collection and disposal is subject to special requirements in order to prevent infection,18 01 03*,Treatment,Physical-Chemical Treatment,South West,South West (WPA Not codeable),South West,Recovery,R13,13.973,05 - Healthcare and biological wastes,Infectious health care wastes
South West,Somerset,Somerset,Somerset,YP3433TW,Frome Clinical Waste Treatment Plant and Transfer Station,SRCL LIMITED,T05 : Physico-chemical treatment installation,379830,149710,BA11 2FE,Solid,Hazardous,18 - HUMAN AND ANIMAL HEALTH CARE WASTE,Natal care - diagnosis - treatment or prevention of disease in humans,cytotoxic and cytostatic medicines,18 01 08*,Treatment,Physical-Chemical Treatment,South West,South West (WPA Not codeable),South West,Transfer (D),D15,0.046,02 - Chemical preparation wastes,Off-specification chemical wastes
South West,Somerset,Somerset,Somerset,YP3433TW,Frome Clinical Waste Treatment Plant and Transfer Station,SRCL LIMITED,T05 : Physico-chemical treatment installation,379830,149710,BA11 2FE,Solid,Hazardous,18 - HUMAN AND ANIMAL HEALTH CARE WASTE,Natal care - diagnosis - treatment or prevention of disease in humans,wastes whose collection and disposal is subject to special requirements in order to prevent infection,18 01 03*,Treatment,Physical-Chemical Treatment,South West,South West (WPA Not codeable),South West,Transfer (D),D15,13.865,05 - Healthcare and biological wastes,Infectious health care wastes
South West,Somerset,Somerset,Somerset,YP3433TW,Frome Clinical Waste Treatment Plant and Transfer Station,SRCL LIMITED,T05 : Physico-chemical treatment installation,379830,149710,BA11 2FE,Solid,Hhold/Ind/Com,18 - HUMAN AND ANIMAL HEALTH CARE WASTE,Natal care - diagnosis - treatment or prevention of disease in humans,medicines other than those mentioned in 18 01 08,18 01 09,Treatment,Physical-Chemical Treatment,South West,South West (WPA Not codeable),South West,Transfer (D),D15,1.8,02 - Chemical preparation wastes,Off-specification chemical wastes
South West,Somerset,Somerset,Somerset,YP3433TW,Frome Clinical Waste Treatment Plant and Transfer Station,SRCL LIMITED,T05 : Physico-chemical treatment installation,379830,149710,BA11 2FE,Solid,Hhold/Ind/Com,18 - HUMAN AND ANIMAL HEALTH CARE WASTE,Natal care - diagnosis - treatment or prevention of disease in humans,"wastes whose collection and disposal is not subject to special requirements in order to prevent infection(for example dressings, plaster casts, linen, disposable clothing, diapers)",18 01 04,Treatment,Physical-Chemical Treatment,South West,South West (WPA Not codeable),South West,Transfer (D),D15,2.905,10 - Mixed ordinary wastes,Mixed and undifferentiated materials
South West,Somerset,Somerset,Somerset,YP3433TW,Frome Clinical Waste Treatment Plant and Transfer Station,SRCL LIMITED,T05 : Physico-chemical treatment installation,379830,149710,BA11 2FE,Solid,Hazardous,18 - HUMAN AND ANIMAL HEALTH CARE WASTE,Natal care - diagnosis - treatment or prevention of disease in humans,wastes whose collection and disposal is subject to special requirements in order to prevent infection,18 01 03*,Treatment,Physical-Chemical Treatment,Southampton,Southampton City,South East,Recovery,R13,0.288,05 - Healthcare and biological wastes,Infectious health care wastes
South West,Somerset,Somerset,Somerset,YP3433TW,Frome Clinical Waste Treatment Plant and Transfer Station,SRCL LIMITED,T05 : Physico-chemical treatment installation,379830,149710,BA11 2FE,Solid,Hazardous,18 - HUMAN AND ANIMAL HEALTH CARE WASTE,Natal care - diagnosis - treatment or prevention of disease in humans,wastes whose collection and disposal is subject to special requirements in order to prevent infection,18 01 03*,Treatment,Physical-Chemical Treatment,Southampton,Southampton City,South East,Transfer (D),D15,4.691,05 - Healthcare and biological wastes,Infectious health care wastes
South West,Somerset,Somerset,Somerset,YP3433TW,Frome Clinical Waste Treatment Plant and Transfer Station,SRCL LIMITED,T05 : Physico-chemical treatment installation,379830,149710,BA11 2FE,Solid,Hhold/Ind/Com,18 - HUMAN AND ANIMAL HEALTH CARE WASTE,Natal care - diagnosis - treatment or prevention of disease in humans,medicines other than those mentioned in 18 01 08,18 01 09,Treatment,Physical-Chemical Treatment,Southampton,Southampton City,South East,Transfer (D),D15,0.804,02 - Chemical preparation wastes,Off-specification chemical wastes
South West,Somerset,Somerset,Somerset,YP3433TW,Frome Clinical Waste Treatment Plant and Transfer Station,SRCL LIMITED,T05 : Physico-chemical treatment installation,379830,149710,BA11 2FE,Solid,Hhold/Ind/Com,18 - HUMAN AND ANIMAL HEALTH CARE WASTE,Natal care - diagnosis - treatment or prevention of disease in humans,"wastes whose collection and disposal is not subject to special requirements in order to prevent infection(for example dressings, plaster casts, linen, disposable clothing, diapers)",18 01 04,Treatment,Physical-Chemical Treatment,Southampton,Southampton City,South East,Transfer (D),D15,0.205,10 - Mixed ordinary wastes,Mixed and undifferentiated materials
South West,Somerset,Somerset,Somerset,YP3433TW,Frome Clinical Waste Treatment Plant and Transfer Station,SRCL LIMITED,T05 : Physico-chemical treatment installation,379830,149710,BA11 2FE,Solid,Hazardous,18 - HUMAN AND ANIMAL HEALTH CARE WASTE,Natal care - diagnosis - treatment or prevention of disease in humans,wastes whose collection and disposal is subject to special requirements in order to prevent infection,18 01 03*,Treatment,Physical-Chemical Treatment,Cardiff,Wales,Wales,Transfer (D),D15,0.1,05 - Healthcare and biological wastes,Infectious health care wastes
South West,Somerset,Somerset,Somerset,YP3433TW,Frome Clinical Waste Treatment Plant and Transfer Station,SRCL LIMITED,T05 : Physico-chemical treatment installation,379830,149710,BA11 2FE,Solid,Hazardous,18 - HUMAN AND ANIMAL HEALTH CARE WASTE,Natal care - diagnosis - treatment or prevention of disease in humans,wastes whose collection and disposal is subject to special requirements in order to prevent infection,18 01 03*,Treatment,Physical-Chemical Treatment,Neath Port Talbot,Wales,Wales,Transfer (D),D15,0.067,05 - Healthcare and biological wastes,Infectious health care wastes
South West,Somerset,Somerset,Somerset,YP3433TW,Frome Clinical Waste Treatment Plant and Transfer Station,SRCL LIMITED,T05 : Physico-chemical treatment installation,379830,149710,BA11 2FE,Solid,Hazardous,18 - HUMAN AND ANIMAL HEALTH CARE WASTE,Natal care - diagnosis - treatment or prevention of disease in humans,wastes whose collection and disposal is subject to special requirements in order to prevent infection,18 01 03*,Treatment,Physical-Chemical Treatment,Rhondda Cynon Taf,Wales,Wales,Transfer (D),D15,0.057,05 - Healthcare and biological wastes,Infectious health care wastes
South West,Somerset,Somerset,Somerset,YP3433TW,Frome Clinical Waste Treatment Plant and Transfer Station,SRCL LIMITED,T05 : Physico-chemical treatment installation,379830,149710,BA11 2FE,Solid,Hazardous,18 - HUMAN AND ANIMAL HEALTH CARE WASTE,Natal care - diagnosis - treatment or prevention of disease in humans,wastes whose collection and disposal is subject to special requirements in order to prevent infection,18 01 03*,Treatment,Physical-Chemical Treatment,Wales,Wales,Wales,Transfer (D),D15,0.065,05 - Healthcare and biological wastes,Infectious health care wastes
South West,Somerset,Somerset,Somerset,YP3433TW,Frome Clinical Waste Treatment Plant and Transfer Station,SRCL LIMITED,T05 : Physico-chemical treatment installation,379830,149710,BA11 2FE,Solid,Hazardous,18 - HUMAN AND ANIMAL HEALTH CARE WASTE,Natal care - diagnosis - treatment or prevention of disease in humans,wastes whose collection and disposal is subject to special requirements in order to prevent infection,18 01 03*,Treatment,Physical-Chemical Treatment,Mid Sussex,West Sussex,South East,Transfer (D),D15,0.395,05 - Healthcare and biological wastes,Infectious health care wastes
South West,Somerset,Somerset,Somerset,YP3433TW,Frome Clinical Waste Treatment Plant and Transfer Station,SRCL LIMITED,T05 : Physico-chemical treatment installation,379830,149710,BA11 2FE,Solid,Hazardous,18 - HUMAN AND ANIMAL HEALTH CARE WASTE,Natal care - diagnosis - treatment or prevention of disease in humans,wastes whose collection and disposal is subject to special requirements in order to prevent infection,18 01 03*,Treatment,Physical-Chemical Treatment,Worthing,West Sussex,South East,Transfer (D),D15,1.435,05 - Healthcare and biological wastes,Infectious health care wastes
South West,Somerset,Somerset,Somerset,YP3433TW,Frome Clinical Waste Treatment Plant and Transfer Station,SRCL LIMITED,T05 : Physico-chemical treatment installation,379830,149710,BA11 2FE,Solid,Hhold/Ind/Com,18 - HUMAN AND ANIMAL HEALTH CARE WASTE,Natal care - diagnosis - treatment or prevention of disease in humans,medicines other than those mentioned in 18 01 08,18 01 09,Treatment,Physical-Chemical Treatment,Worthing,West Sussex,South East,Transfer (D),D15,0.27,02 - Chemical preparation wastes,Off-specification chemical wastes
South West,Somerset,Somerset,Somerset,YP3433TW,Frome Clinical Waste Treatment Plant and Transfer Station,SRCL LIMITED,T05 : Physico-chemical treatment installation,379830,149710,BA11 2FE,Solid,Hazardous,18 - HUMAN AND ANIMAL HEALTH CARE WASTE,Natal care - diagnosis - treatment or prevention of disease in humans,wastes whose collection and disposal is subject to special requirements in order to prevent infection,18 01 03*,Treatment,Physical-Chemical Treatment,Wiltshire,Wiltshire,South West,Recovery,R13,0.041,05 - Healthcare and biological wastes,Infectious health care wastes
South West,Somerset,Somerset,Somerset,YP3433TW,Frome Clinical Waste Treatment Plant and Transfer Station,SRCL LIMITED,T05 : Physico-chemical treatment installation,379830,149710,BA11 2FE,Solid,Hhold/Ind/Com,18 - HUMAN AND ANIMAL HEALTH CARE WASTE,Natal care - diagnosis - treatment or prevention of disease in humans,"wastes whose collection and disposal is not subject to special requirements in order to prevent infection(for example dressings, plaster casts, linen, disposable clothing, diapers)",18 01 04,Treatment,Physical-Chemical Treatment,Wiltshire,Wiltshire,South West,Transfer (D),D15,0.283,10 - Mixed ordinary wastes,Mixed and undifferentiated materials
South West,Devon,Devon,East Devon,YP3835DZ,South West Waste Recovery Facility,FUTURE INDUSTRIAL SERVICES LIMITED,T05 : Physico-chemical treatment installation,315000,99800,EX14 1SQ,Solid,Hazardous,18 - HUMAN AND ANIMAL HEALTH CARE WASTE,Natal care - diagnosis - treatment or prevention of disease in humans,cytotoxic and cytostatic medicines,18 01 08*,Treatment,Physical-Chemical Treatment,"Bristol, City of",Bristol City,South West,Transfer (D),D15,0.08,02 - Chemical preparation wastes,Off-specification chemical wastes
South West,Devon,Devon,East Devon,YP3835DZ,South West Waste Recovery Facility,FUTURE INDUSTRIAL SERVICES LIMITED,T05 : Physico-chemical treatment installation,315000,99800,EX14 1SQ,Solid,Hhold/Ind/Com,18 - HUMAN AND ANIMAL HEALTH CARE WASTE,Natal care - diagnosis - treatment or prevention of disease in humans,sharps (except 18 01 03),18 01 01,Treatment,Physical-Chemical Treatment,Cornwall,Cornwall,South West,Transfer (D),D15,0.01,05 - Healthcare and biological wastes,Infectious health care wastes
South West,Devon,Devon,East Devon,YP3835DZ,South West Waste Recovery Facility,FUTURE INDUSTRIAL SERVICES LIMITED,T05 : Physico-chemical treatment installation,315000,99800,EX14 1SQ,User left blank,Hazardous,18 - HUMAN AND ANIMAL HEALTH CARE WASTE,Natal care - diagnosis - treatment or prevention of disease in humans,chemicals consisting of or containing dangerous substances,18 01 06*,Treatment,Physical-Chemical Treatment,Devon,Devon,South West,Recovery,R13,0.03,02 - Chemical preparation wastes,Off-specification chemical wastes
South West,Devon,Devon,East Devon,YP3835DZ,South West Waste Recovery Facility,FUTURE INDUSTRIAL SERVICES LIMITED,T05 : Physico-chemical treatment installation,315000,99800,EX14 1SQ,Solid,Hazardous,18 - HUMAN AND ANIMAL HEALTH CARE WASTE,Natal care - diagnosis - treatment or prevention of disease in humans,chemicals consisting of or containing dangerous substances,18 01 06*,Treatment,Physical-Chemical Treatment,Devon,Devon,South West,Transfer (D),D15,0.01,02 - Chemical preparation wastes,Off-specification chemical wastes
South West,Devon,Devon,East Devon,YP3835DZ,South West Waste Recovery Facility,FUTURE INDUSTRIAL SERVICES LIMITED,T05 : Physico-chemical treatment installation,315000,99800,EX14 1SQ,Solid,Hazardous,18 - HUMAN AND ANIMAL HEALTH CARE WASTE,Natal care - diagnosis - treatment or prevention of disease in humans,wastes whose collection and disposal is subject to special requirements in order to prevent infection,18 01 03*,Treatment,Physical-Chemical Treatment,Devon,Devon,South West,Transfer (D),D15,0.27,05 - Healthcare and biological wastes,Infectious health care wastes
South West,Devon,Devon,East Devon,YP3835DZ,South West Waste Recovery Facility,FUTURE INDUSTRIAL SERVICES LIMITED,T05 : Physico-chemical treatment installation,315000,99800,EX14 1SQ,Solid,Hhold/Ind/Com,18 - HUMAN AND ANIMAL HEALTH CARE WASTE,Natal care - diagnosis - treatment or prevention of disease in humans,"wastes whose collection and disposal is not subject to special requirements in order to prevent infection(for example dressings, plaster casts, linen, disposable clothing, diapers)",18 01 04,Treatment,Physical-Chemical Treatment,Devon,Devon,South West,Transfer (D),D15,0.03,10 - Mixed ordinary wastes,Mixed and undifferentiated materials
South West,Devon,Devon,East Devon,YP3835DZ,South West Waste Recovery Facility,FUTURE INDUSTRIAL SERVICES LIMITED,T05 : Physico-chemical treatment installation,315000,99800,EX14 1SQ,Solid,Hhold/Ind/Com,18 - HUMAN AND ANIMAL HEALTH CARE WASTE,Natal care - diagnosis - treatment or prevention of disease in humans,"wastes whose collection and disposal is not subject to special requirements in order to prevent infection(for example dressings, plaster casts, linen, disposable clothing, diapers)",18 01 04,Treatment,Physical-Chemical Treatment,East Devon,Devon,South West,Transfer (D),D15,0.01,10 - Mixed ordinary wastes,Mixed and undifferentiated materials
South West,Devon,Devon,East Devon,YP3835DZ,South West Waste Recovery Facility,FUTURE INDUSTRIAL SERVICES LIMITED,T05 : Physico-chemical treatment installation,315000,99800,EX14 1SQ,Solid,Hhold/Ind/Com,18 - HUMAN AND ANIMAL HEALTH CARE WASTE,Natal care - diagnosis - treatment or prevention of disease in humans,medicines other than those mentioned in 18 01 08,18 01 09,Treatment,Physical-Chemical Treatment,Teignbridge,Devon,South West,Transfer (D),D15,0.01,02 - Chemical preparation wastes,Off-specification chemical wastes
South West,Devon,Devon,East Devon,YP3835DZ,South West Waste Recovery Facility,FUTURE INDUSTRIAL SERVICES LIMITED,T05 : Physico-chemical treatment installation,315000,99800,EX14 1SQ,Solid,Hhold/Ind/Com,18 - HUMAN AND ANIMAL HEALTH CARE WASTE,Natal care - diagnosis - treatment or prevention of disease in humans,sharps (except 18 01 03),18 01 01,Treatment,Physical-Chemical Treatment,Dorset,Dorset,South West,Transfer (D),D15,0.02,05 - Healthcare and biological wastes,Infectious health care wastes
South West,Devon,Devon,East Devon,YP3835DZ,South West Waste Recovery Facility,FUTURE INDUSTRIAL SERVICES LIMITED,T05 : Physico-chemical treatment installation,315000,99800,EX14 1SQ,Solid,Hhold/Ind/Com,18 - HUMAN AND ANIMAL HEALTH CARE WASTE,Natal care - diagnosis - treatment or prevention of disease in humans,"wastes whose collection and disposal is not subject to special requirements in order to prevent infection(for example dressings, plaster casts, linen, disposable clothing, diapers)",18 01 04,Treatment,Physical-Chemical Treatment,Somerset,Somerset,South West,Transfer (D),D15,0.07,10 - Mixed ordinary wastes,Mixed and undifferentiated materials
South West,Devon,Devon,East Devon,YP3835DZ,South West Waste Recovery Facility,FUTURE INDUSTRIAL SERVICES LIMITED,T05 : Physico-chemical treatment installation,315000,99800,EX14 1SQ,Solid,Hhold/Ind/Com,18 - HUMAN AND ANIMAL HEALTH CARE WASTE,Natal care - diagnosis - treatment or prevention of disease in humans,sharps (except 18 01 03),18 01 01,Treatment,Physical-Chemical Treatment,Wales,Wales,Wales,Transfer (D),D15,0.05,05 - Healthcare and biological wastes,Infectious health care wastes
South West,"Bath, Bristol and S Glo",Bristol City,"Bristol, City of",RP3735XP,Augean Waste Treatment Plant  EA/EPR/RP3735XP/V002,AUGEAN TREATMENT LIMITED,T06 : Chemical Treatment installation,352490,180620,BS11 0YA,Solid,Hazardous,18 - HUMAN AND ANIMAL HEALTH CARE WASTE,Natal care - diagnosis - treatment or prevention of disease in humans,cytotoxic and cytostatic medicines,18 01 08*,Treatment,Chemical Treatment,Devon,Devon,South West,Transfer (D),D15,0.05,02 - Chemical preparation wastes,Off-specification chemical wastes
South West,"Bath, Bristol and S Glo",Bristol City,"Bristol, City of",RP3735XP,Augean Waste Treatment Plant  EA/EPR/RP3735XP/V002,AUGEAN TREATMENT LIMITED,T06 : Chemical Treatment installation,352490,180620,BS11 0YA,Liquid,Hazardous,18 - HUMAN AND ANIMAL HEALTH CARE WASTE,Natal care - diagnosis - treatment or prevention of disease in humans,chemicals consisting of or containing dangerous substances,18 01 06*,Treatment,Chemical Treatment,Middlesbrough,Middlesbrough,North East,Recovery,R13,0.4,02 - Chemical preparation wastes,Off-specification chemical wastes
South West,"Bath, Bristol and S Glo",Bristol City,"Bristol, City of",RP3735XP,Augean Waste Treatment Plant  EA/EPR/RP3735XP/V002,AUGEAN TREATMENT LIMITED,T06 : Chemical Treatment installation,352490,180620,BS11 0YA,Powder,Hhold/Ind/Com,18 - HUMAN AND ANIMAL HEALTH CARE WASTE,Natal care - diagnosis - treatment or prevention of disease in humans,chemicals other than those mentioned in 18 01 06,18 01 07,Treatment,Chemical Treatment,Middlesbrough,Middlesbrough,North East,Transfer (D),D15,0.25,02 - Chemical preparation wastes,Off-specification chemical wastes
South West,"Bath, Bristol and S Glo",Bristol City,"Bristol, City of",RP3735XP,Augean Waste Treatment Plant  EA/EPR/RP3735XP/V002,AUGEAN TREATMENT LIMITED,T06 : Chemical Treatment installation,352490,180620,BS11 0YA,Liquid,Hazardous,18 - HUMAN AND ANIMAL HEALTH CARE WASTE,Natal care - diagnosis - treatment or prevention of disease in humans,chemicals consisting of or containing dangerous substances,18 01 06*,Treatment,Chemical Treatment,Scotland,Scotland (WPA Not codeable),Scotland,Transfer (D),D15,0.2,02 - Chemical preparation wastes,Off-specification chemical wastes
South West,"Bath, Bristol and S Glo",Bristol City,"Bristol, City of",RP3735XP,Augean Waste Treatment Plant  EA/EPR/RP3735XP/V002,AUGEAN TREATMENT LIMITED,T06 : Chemical Treatment installation,352490,180620,BS11 0YA,Liquid,Hazardous,18 - HUMAN AND ANIMAL HEALTH CARE WASTE,Natal care - diagnosis - treatment or prevention of disease in humans,cytotoxic and cytostatic medicines,18 01 08*,Treatment,Chemical Treatment,Southampton,Southampton City,South East,Transfer (D),D15,0.01,02 - Chemical preparation wastes,Off-specification chemical wastes
South West,"Bath, Bristol and S Glo",Bristol City,"Bristol, City of",RP3735XP,Augean Waste Treatment Plant  EA/EPR/RP3735XP/V002,AUGEAN TREATMENT LIMITED,T06 : Chemical Treatment installation,352490,180620,BS11 0YA,Liquid,Hazardous,18 - HUMAN AND ANIMAL HEALTH CARE WASTE,Natal care - diagnosis - treatment or prevention of disease in humans,chemicals consisting of or containing dangerous substances,18 01 06*,Treatment,Chemical Treatment,Ceredigion,Wales,Wales,Recovery,R13,2,02 - Chemical preparation wastes,Off-specification chemical wastes
South West,"Bath, Bristol and S Glo",Bristol City,"Bristol, City of",RP3735XP,Augean Waste Treatment Plant  EA/EPR/RP3735XP/V002,AUGEAN TREATMENT LIMITED,T06 : Chemical Treatment installation,352490,180620,BS11 0YA,Liquid,Hazardous,18 - HUMAN AND ANIMAL HEALTH CARE WASTE,Natal care - diagnosis - treatment or prevention of disease in humans,cytotoxic and cytostatic medicines,18 01 08*,Treatment,Chemical Treatment,Ceredigion,Wales,Wales,Recovery,R13,0.04,02 - Chemical preparation wastes,Off-specification chemical wastes
South West,"Bath, Bristol and S Glo",Bristol City,"Bristol, City of",RP3735XP,Augean Waste Treatment Plant  EA/EPR/RP3735XP/V002,AUGEAN TREATMENT LIMITED,T06 : Chemical Treatment installation,352490,180620,BS11 0YA,Liquid,Hazardous,18 - HUMAN AND ANIMAL HEALTH CARE WASTE,Natal care - diagnosis - treatment or prevention of disease in humans,chemicals consisting of or containing dangerous substances,18 01 06*,Treatment,Chemical Treatment,Ceredigion,Wales,Wales,Transfer (D),D15,0.03,02 - Chemical preparation wastes,Off-specification chemical wastes
South West,"Bath, Bristol and S Glo",Bristol City,"Bristol, City of",RP3735XP,Augean Waste Treatment Plant  EA/EPR/RP3735XP/V002,AUGEAN TREATMENT LIMITED,T06 : Chemical Treatment installation,352490,180620,BS11 0YA,Liquid,Hazardous,18 - HUMAN AND ANIMAL HEALTH CARE WASTE,Natal care - diagnosis - treatment or prevention of disease in humans,chemicals consisting of or containing dangerous substances,18 01 06*,Treatment,Chemical Treatment,Ceredigion,Wales,Wales,Treatment,D09,1.98,02 - Chemical preparation wastes,Off-specification chemical wastes
South West,"Bath, Bristol and S Glo",Bristol City,"Bristol, City of",RP3735XP,Augean Waste Treatment Plant  EA/EPR/RP3735XP/V002,AUGEAN TREATMENT LIMITED,T06 : Chemical Treatment installation,352490,180620,BS11 0YA,Liquid,Hhold/Ind/Com,18 - HUMAN AND ANIMAL HEALTH CARE WASTE,Natal care - diagnosis - treatment or prevention of disease in humans,chemicals other than those mentioned in 18 01 06,18 01 07,Treatment,Chemical Treatment,Wales,Wales,Wales,Recovery,R13,0.06,02 - Chemical preparation wastes,Off-specification chemical wastes
South West,"Bath, Bristol and S Glo",Bristol City,"Bristol, City of",RP3735XP,Augean Waste Treatment Plant  EA/EPR/RP3735XP/V002,AUGEAN TREATMENT LIMITED,T06 : Chemical Treatment installation,352490,180620,BS11 0YA,Liquid,Hazardous,18 - HUMAN AND ANIMAL HEALTH CARE WASTE,Natal care - diagnosis - treatment or prevention of disease in humans,chemicals consisting of or containing dangerous substances,18 01 06*,Treatment,Chemical Treatment,Wales,Wales,Wales,Transfer (D),D15,0.02,02 - Chemical preparation wastes,Off-specification chemical wastes
South West,"Bath, Bristol and S Glo",Bristol City,"Bristol, City of",RP3735XP,Augean Waste Treatment Plant  EA/EPR/RP3735XP/V002,AUGEAN TREATMENT LIMITED,T06 : Chemical Treatment installation,352490,180620,BS11 0YA,Liquid,Hazardous,18 - HUMAN AND ANIMAL HEALTH CARE WASTE,Natal care - diagnosis - treatment or prevention of disease in humans,cytotoxic and cytostatic medicines,18 01 08*,Treatment,Chemical Treatment,Wales,Wales,Wales,Transfer (D),D15,0.02,02 - Chemical preparation wastes,Off-specification chemical wastes
South West,"Bath, Bristol and S Glo",Bristol City,"Bristol, City of",RP3735XP,Augean Waste Treatment Plant  EA/EPR/RP3735XP/V002,AUGEAN TREATMENT LIMITED,T06 : Chemical Treatment installation,352490,180620,BS11 0YA,Solid,Hazardous,18 - HUMAN AND ANIMAL HEALTH CARE WASTE,Natal care - diagnosis - treatment or prevention of disease in humans,chemicals consisting of or containing dangerous substances,18 01 06*,Treatment,Chemical Treatment,Wales,Wales,Wales,Transfer (D),D15,0.02,02 - Chemical preparation wastes,Off-specification chemical wastes
South West,"Bath, Bristol and S Glo",Bristol City,"Bristol, City of",RP3735XP,Augean Waste Treatment Plant  EA/EPR/RP3735XP/V002,AUGEAN TREATMENT LIMITED,T06 : Chemical Treatment installation,352490,180620,BS11 0YA,Solid,Hazardous,18 - HUMAN AND ANIMAL HEALTH CARE WASTE,Natal care - diagnosis - treatment or prevention of disease in humans,cytotoxic and cytostatic medicines,18 01 08*,Treatment,Chemical Treatment,Wales,Wales,Wales,Transfer (D),D15,0.01,02 - Chemical preparation wastes,Off-specification chemical wastes
South West,"Bath, Bristol and S Glo",Bristol City,"Bristol, City of",RP3735XP,Augean Waste Treatment Plant  EA/EPR/RP3735XP/V002,AUGEAN TREATMENT LIMITED,T06 : Chemical Treatment installation,352490,180620,BS11 0YA,Solid,Hhold/Ind/Com,18 - HUMAN AND ANIMAL HEALTH CARE WASTE,Natal care - diagnosis - treatment or prevention of disease in humans,chemicals other than those mentioned in 18 01 06,18 01 07,Treatment,Chemical Treatment,Wales,Wales,Wales,Transfer (D),D15,0.04,02 - Chemical preparation wastes,Off-specification chemical wastes
South West,"Bath, Bristol and S Glo",Bristol City,"Bristol, City of",RP3735XP,Augean Waste Treatment Plant  EA/EPR/RP3735XP/V002,AUGEAN TREATMENT LIMITED,T06 : Chemical Treatment installation,352490,180620,BS11 0YA,User left blank,Hazardous,18 - HUMAN AND ANIMAL HEALTH CARE WASTE,Natal care - diagnosis - treatment or prevention of disease in humans,chemicals consisting of or containing dangerous substances,18 01 06*,Treatment,Chemical Treatment,Wales,Wales,Wales,Transfer (D),D15,0.03,02 - Chemical preparation wastes,Off-specification chemical wastes
South West,"Bath, Bristol and S Glo",Bristol City,"Bristol, City of",RP3735XP,Augean Waste Treatment Plant  EA/EPR/RP3735XP/V002,AUGEAN TREATMENT LIMITED,T06 : Chemical Treatment installation,352490,180620,BS11 0YA,User left blank,Hazardous,18 - HUMAN AND ANIMAL HEALTH CARE WASTE,Natal care - diagnosis - treatment or prevention of disease in humans,cytotoxic and cytostatic medicines,18 01 08*,Treatment,Chemical Treatment,Wales,Wales,Wales,Transfer (D),D15,0.04,02 - Chemical preparation wastes,Off-specification chemical wastes
South West,Wiltshire,Swindon,Swindon,CP3138QD,Swindon Clinical Waste Transfer and Treatment Facility - EPR/CP3138QD,TRADEBE HEALTHCARE NATIONAL LIMITED,T07 : Clinical Waste Treatment installation,416080,186320,SN2 8EA,Solid,Hhold/Ind/Com,18 - HUMAN AND ANIMAL HEALTH CARE WASTE,Natal care - diagnosis - treatment or prevention of disease in humans,medicines other than those mentioned in 18 01 08,18 01 09,Treatment,Clinical Waste Transfer / Treatment,Barnet,Barnet,London,Recovery,R13,0.1068,02 - Chemical preparation wastes,Off-specification chemical wastes
South West,Wiltshire,Swindon,Swindon,CP3138QD,Swindon Clinical Waste Transfer and Treatment Facility - EPR/CP3138QD,TRADEBE HEALTHCARE NATIONAL LIMITED,T07 : Clinical Waste Treatment installation,416080,186320,SN2 8EA,Solid,Hazardous,18 - HUMAN AND ANIMAL HEALTH CARE WASTE,Natal care - diagnosis - treatment or prevention of disease in humans,wastes whose collection and disposal is subject to special requirements in order to prevent infection,18 01 03*,Treatment,Clinical Waste Transfer / Treatment,Barnet,Barnet,London,Transfer (D),D15,2.9982,05 - Healthcare and biological wastes,Infectious health care wastes
South West,Wiltshire,Swindon,Swindon,CP3138QD,Swindon Clinical Waste Transfer and Treatment Facility - EPR/CP3138QD,TRADEBE HEALTHCARE NATIONAL LIMITED,T07 : Clinical Waste Treatment installation,416080,186320,SN2 8EA,Solid,Hhold/Ind/Com,18 - HUMAN AND ANIMAL HEALTH CARE WASTE,Natal care - diagnosis - treatment or prevention of disease in humans,"wastes whose collection and disposal is not subject to special requirements in order to prevent infection(for example dressings, plaster casts, linen, disposable clothing, diapers)",18 01 04,Treatment,Clinical Waste Transfer / Treatment,Barnet,Barnet,London,Transfer (D),D15,0.7456,10 - Mixed ordinary wastes,Mixed and undifferentiated materials
South West,Wiltshire,Swindon,Swindon,CP3138QD,Swindon Clinical Waste Transfer and Treatment Facility - EPR/CP3138QD,TRADEBE HEALTHCARE NATIONAL LIMITED,T07 : Clinical Waste Treatment installation,416080,186320,SN2 8EA,Solid,Hazardous,18 - HUMAN AND ANIMAL HEALTH CARE WASTE,Natal care - diagnosis - treatment or prevention of disease in humans,wastes whose collection and disposal is subject to special requirements in order to prevent infection,18 01 03*,Treatment,Clinical Waste Transfer / Treatment,Barnet,Barnet,London,Treatment,D09,13.0598,05 - Healthcare and biological wastes,Infectious health care wastes
South West,Wiltshire,Swindon,Swindon,CP3138QD,Swindon Clinical Waste Transfer and Treatment Facility - EPR/CP3138QD,TRADEBE HEALTHCARE NATIONAL LIMITED,T07 : Clinical Waste Treatment installation,416080,186320,SN2 8EA,Solid,Hazardous,18 - HUMAN AND ANIMAL HEALTH CARE WASTE,Natal care - diagnosis - treatment or prevention of disease in humans,wastes whose collection and disposal is subject to special requirements in order to prevent infection,18 01 03*,Treatment,Clinical Waste Transfer / Treatment,Bath and North East Somerset,Bath and North East Somerset,South West,Incineration,D10,0.335,05 - Healthcare and biological wastes,Infectious health care wastes
South West,Wiltshire,Swindon,Swindon,CP3138QD,Swindon Clinical Waste Transfer and Treatment Facility - EPR/CP3138QD,TRADEBE HEALTHCARE NATIONAL LIMITED,T07 : Clinical Waste Treatment installation,416080,186320,SN2 8EA,Solid,Hhold/Ind/Com,18 - HUMAN AND ANIMAL HEALTH CARE WASTE,Natal care - diagnosis - treatment or prevention of disease in humans,medicines other than those mentioned in 18 01 08,18 01 09,Treatment,Clinical Waste Transfer / Treatment,Bath and North East Somerset,Bath and North East Somerset,South West,Recovery,R13,5.7156,02 - Chemical preparation wastes,Off-specification chemical wastes
South West,Wiltshire,Swindon,Swindon,CP3138QD,Swindon Clinical Waste Transfer and Treatment Facility - EPR/CP3138QD,TRADEBE HEALTHCARE NATIONAL LIMITED,T07 : Clinical Waste Treatment installation,416080,186320,SN2 8EA,Solid,Hazardous,18 - HUMAN AND ANIMAL HEALTH CARE WASTE,Natal care - diagnosis - treatment or prevention of disease in humans,chemicals consisting of or containing dangerous substances,18 01 06*,Treatment,Clinical Waste Transfer / Treatment,Bath and North East Somerset,Bath and North East Somerset,South West,Transfer (D),D15,5.623,02 - Chemical preparation wastes,Off-specification chemical wastes
South West,Wiltshire,Swindon,Swindon,CP3138QD,Swindon Clinical Waste Transfer and Treatment Facility - EPR/CP3138QD,TRADEBE HEALTHCARE NATIONAL LIMITED,T07 : Clinical Waste Treatment installation,416080,186320,SN2 8EA,Solid,Hazardous,18 - HUMAN AND ANIMAL HEALTH CARE WASTE,Natal care - diagnosis - treatment or prevention of disease in humans,cytotoxic and cytostatic medicines,18 01 08*,Treatment,Clinical Waste Transfer / Treatment,Bath and North East Somerset,Bath and North East Somerset,South West,Transfer (D),D15,14.4264,02 - Chemical preparation wastes,Off-specification chemical wastes
South West,Wiltshire,Swindon,Swindon,CP3138QD,Swindon Clinical Waste Transfer and Treatment Facility - EPR/CP3138QD,TRADEBE HEALTHCARE NATIONAL LIMITED,T07 : Clinical Waste Treatment installation,416080,186320,SN2 8EA,Solid,Hazardous,18 - HUMAN AND ANIMAL HEALTH CARE WASTE,Natal care - diagnosis - treatment or prevention of disease in humans,wastes whose collection and disposal is subject to special requirements in order to prevent infection,18 01 03*,Treatment,Clinical Waste Transfer / Treatment,Bath and North East Somerset,Bath and North East Somerset,South West,Transfer (D),D15,255.5801,05 - Healthcare and biological wastes,Infectious health care wastes
South West,Wiltshire,Swindon,Swindon,CP3138QD,Swindon Clinical Waste Transfer and Treatment Facility - EPR/CP3138QD,TRADEBE HEALTHCARE NATIONAL LIMITED,T07 : Clinical Waste Treatment installation,416080,186320,SN2 8EA,Solid,Hhold/Ind/Com,18 - HUMAN AND ANIMAL HEALTH CARE WASTE,Natal care - diagnosis - treatment or prevention of disease in humans,medicines other than those mentioned in 18 01 08,18 01 09,Treatment,Clinical Waste Transfer / Treatment,Bath and North East Somerset,Bath and North East Somerset,South West,Transfer (D),D15,1.4554,02 - Chemical preparation wastes,Off-specification chemical wastes
South West,Wiltshire,Swindon,Swindon,CP3138QD,Swindon Clinical Waste Transfer and Treatment Facility - EPR/CP3138QD,TRADEBE HEALTHCARE NATIONAL LIMITED,T07 : Clinical Waste Treatment installation,416080,186320,SN2 8EA,Solid,Hhold/Ind/Com,18 - HUMAN AND ANIMAL HEALTH CARE WASTE,Natal care - diagnosis - treatment or prevention of disease in humans,sharps (except 18 01 03),18 01 01,Treatment,Clinical Waste Transfer / Treatment,Bath and North East Somerset,Bath and North East Somerset,South West,Transfer (D),D15,0.111,05 - Healthcare and biological wastes,Infectious health care wastes
South West,Wiltshire,Swindon,Swindon,CP3138QD,Swindon Clinical Waste Transfer and Treatment Facility - EPR/CP3138QD,TRADEBE HEALTHCARE NATIONAL LIMITED,T07 : Clinical Waste Treatment installation,416080,186320,SN2 8EA,Solid,Hhold/Ind/Com,18 - HUMAN AND ANIMAL HEALTH CARE WASTE,Natal care - diagnosis - treatment or prevention of disease in humans,"wastes whose collection and disposal is not subject to special requirements in order to prevent infection(for example dressings, plaster casts, linen, disposable clothing, diapers)",18 01 04,Treatment,Clinical Waste Transfer / Treatment,Bath and North East Somerset,Bath and North East Somerset,South West,Transfer (D),D15,11.3586,10 - Mixed ordinary wastes,Mixed and undifferentiated materials
South West,Wiltshire,Swindon,Swindon,CP3138QD,Swindon Clinical Waste Transfer and Treatment Facility - EPR/CP3138QD,TRADEBE HEALTHCARE NATIONAL LIMITED,T07 : Clinical Waste Treatment installation,416080,186320,SN2 8EA,Solid,Hazardous,18 - HUMAN AND ANIMAL HEALTH CARE WASTE,Natal care - diagnosis - treatment or prevention of disease in humans,wastes whose collection and disposal is subject to special requirements in order to prevent infection,18 01 03*,Treatment,Clinical Waste Transfer / Treatment,Bath and North East Somerset,Bath and North East Somerset,South West,Treatment,D09,39.4466,05 - Healthcare and biological wastes,Infectious health care wastes
South West,Wiltshire,Swindon,Swindon,CP3138QD,Swindon Clinical Waste Transfer and Treatment Facility - EPR/CP3138QD,TRADEBE HEALTHCARE NATIONAL LIMITED,T07 : Clinical Waste Treatment installation,416080,186320,SN2 8EA,Solid,Hazardous,18 - HUMAN AND ANIMAL HEALTH CARE WASTE,Natal care - diagnosis - treatment or prevention of disease in humans,cytotoxic and cytostatic medicines,18 01 08*,Treatment,Clinical Waste Transfer / Treatment,Bedford,Bedford,East of England,Incineration,D10,0.4612,02 - Chemical preparation wastes,Off-specification chemical wastes
South West,Wiltshire,Swindon,Swindon,CP3138QD,Swindon Clinical Waste Transfer and Treatment Facility - EPR/CP3138QD,TRADEBE HEALTHCARE NATIONAL LIMITED,T07 : Clinical Waste Treatment installation,416080,186320,SN2 8EA,Solid,Hazardous,18 - HUMAN AND ANIMAL HEALTH CARE WASTE,Natal care - diagnosis - treatment or prevention of disease in humans,wastes whose collection and disposal is subject to special requirements in order to prevent infection,18 01 03*,Treatment,Clinical Waste Transfer / Treatment,Bedford,Bedford,East of England,Incineration,D10,29.0798,05 - Healthcare and biological wastes,Infectious health care wastes
South West,Wiltshire,Swindon,Swindon,CP3138QD,Swindon Clinical Waste Transfer and Treatment Facility - EPR/CP3138QD,TRADEBE HEALTHCARE NATIONAL LIMITED,T07 : Clinical Waste Treatment installation,416080,186320,SN2 8EA,Solid,Hhold/Ind/Com,18 - HUMAN AND ANIMAL HEALTH CARE WASTE,Natal care - diagnosis - treatment or prevention of disease in humans,"wastes whose collection and disposal is not subject to special requirements in order to prevent infection(for example dressings, plaster casts, linen, disposable clothing, diapers)",18 01 04,Treatment,Clinical Waste Transfer / Treatment,Bedford,Bedford,East of England,Incineration,D10,12.3516,10 - Mixed ordinary wastes,Mixed and undifferentiated materials
South West,Wiltshire,Swindon,Swindon,CP3138QD,Swindon Clinical Waste Transfer and Treatment Facility - EPR/CP3138QD,TRADEBE HEALTHCARE NATIONAL LIMITED,T07 : Clinical Waste Treatment installation,416080,186320,SN2 8EA,Solid,Hazardous,18 - HUMAN AND ANIMAL HEALTH CARE WASTE,Natal care - diagnosis - treatment or prevention of disease in humans,cytotoxic and cytostatic medicines,18 01 08*,Treatment,Clinical Waste Transfer / Treatment,Bedford,Bedford,East of England,Transfer (D),D15,0.2646,02 - Chemical preparation wastes,Off-specification chemical wastes
South West,Wiltshire,Swindon,Swindon,CP3138QD,Swindon Clinical Waste Transfer and Treatment Facility - EPR/CP3138QD,TRADEBE HEALTHCARE NATIONAL LIMITED,T07 : Clinical Waste Treatment installation,416080,186320,SN2 8EA,Solid,Hazardous,18 - HUMAN AND ANIMAL HEALTH CARE WASTE,Natal care - diagnosis - treatment or prevention of disease in humans,wastes whose collection and disposal is subject to special requirements in order to prevent infection,18 01 03*,Treatment,Clinical Waste Transfer / Treatment,Bedford,Bedford,East of England,Transfer (D),D15,8.4278,05 - Healthcare and biological wastes,Infectious health care wastes
South West,Wiltshire,Swindon,Swindon,CP3138QD,Swindon Clinical Waste Transfer and Treatment Facility - EPR/CP3138QD,TRADEBE HEALTHCARE NATIONAL LIMITED,T07 : Clinical Waste Treatment installation,416080,186320,SN2 8EA,Solid,Hhold/Ind/Com,18 - HUMAN AND ANIMAL HEALTH CARE WASTE,Natal care - diagnosis - treatment or prevention of disease in humans,medicines other than those mentioned in 18 01 08,18 01 09,Treatment,Clinical Waste Transfer / Treatment,Bedford,Bedford,East of England,Transfer (D),D15,0.308,02 - Chemical preparation wastes,Off-specification chemical wastes
South West,Wiltshire,Swindon,Swindon,CP3138QD,Swindon Clinical Waste Transfer and Treatment Facility - EPR/CP3138QD,TRADEBE HEALTHCARE NATIONAL LIMITED,T07 : Clinical Waste Treatment installation,416080,186320,SN2 8EA,Solid,Hhold/Ind/Com,18 - HUMAN AND ANIMAL HEALTH CARE WASTE,Natal care - diagnosis - treatment or prevention of disease in humans,"wastes whose collection and disposal is not subject to special requirements in order to prevent infection(for example dressings, plaster casts, linen, disposable clothing, diapers)",18 01 04,Treatment,Clinical Waste Transfer / Treatment,Bedford,Bedford,East of England,Transfer (D),D15,15.9584,10 - Mixed ordinary wastes,Mixed and undifferentiated materials
South West,Wiltshire,Swindon,Swindon,CP3138QD,Swindon Clinical Waste Transfer and Treatment Facility - EPR/CP3138QD,TRADEBE HEALTHCARE NATIONAL LIMITED,T07 : Clinical Waste Treatment installation,416080,186320,SN2 8EA,Solid,Hazardous,18 - HUMAN AND ANIMAL HEALTH CARE WASTE,Natal care - diagnosis - treatment or prevention of disease in humans,wastes whose collection and disposal is subject to special requirements in order to prevent infection,18 01 03*,Treatment,Clinical Waste Transfer / Treatment,Bedford,Bedford,East of England,Treatment,D09,19.2936,05 - Healthcare and biological wastes,Infectious health care wastes
South West,Wiltshire,Swindon,Swindon,CP3138QD,Swindon Clinical Waste Transfer and Treatment Facility - EPR/CP3138QD,TRADEBE HEALTHCARE NATIONAL LIMITED,T07 : Clinical Waste Treatment installation,416080,186320,SN2 8EA,Liquid,Hhold/Ind/Com,18 - HUMAN AND ANIMAL HEALTH CARE WASTE,Natal care - diagnosis - treatment or prevention of disease in humans,medicines other than those mentioned in 18 01 08,18 01 09,Treatment,Clinical Waste Transfer / Treatment,Birmingham,Birmingham City,West Midlands,Incineration,D10,0.2492,02 - Chemical preparation wastes,Off-specification chemical wastes
South West,Wiltshire,Swindon,Swindon,CP3138QD,Swindon Clinical Waste Transfer and Treatment Facility - EPR/CP3138QD,TRADEBE HEALTHCARE NATIONAL LIMITED,T07 : Clinical Waste Treatment installation,416080,186320,SN2 8EA,Solid,Hazardous,18 - HUMAN AND ANIMAL HEALTH CARE WASTE,Natal care - diagnosis - treatment or prevention of disease in humans,wastes whose collection and disposal is subject to special requirements in order to prevent infection,18 01 03*,Treatment,Clinical Waste Transfer / Treatment,Birmingham,Birmingham City,West Midlands,Incineration,D10,8.659,05 - Healthcare and biological wastes,Infectious health care wastes
South West,Wiltshire,Swindon,Swindon,CP3138QD,Swindon Clinical Waste Transfer and Treatment Facility - EPR/CP3138QD,TRADEBE HEALTHCARE NATIONAL LIMITED,T07 : Clinical Waste Treatment installation,416080,186320,SN2 8EA,Solid,Hhold/Ind/Com,18 - HUMAN AND ANIMAL HEALTH CARE WASTE,Natal care - diagnosis - treatment or prevention of disease in humans,"wastes whose collection and disposal is not subject to special requirements in order to prevent infection(for example dressings, plaster casts, linen, disposable clothing, diapers)",18 01 04,Treatment,Clinical Waste Transfer / Treatment,Birmingham,Birmingham City,West Midlands,Incineration,D10,0.7172,10 - Mixed ordinary wastes,Mixed and undifferentiated materials
South West,Wiltshire,Swindon,Swindon,CP3138QD,Swindon Clinical Waste Transfer and Treatment Facility - EPR/CP3138QD,TRADEBE HEALTHCARE NATIONAL LIMITED,T07 : Clinical Waste Treatment installation,416080,186320,SN2 8EA,Liquid,Hhold/Ind/Com,18 - HUMAN AND ANIMAL HEALTH CARE WASTE,Natal care - diagnosis - treatment or prevention of disease in humans,medicines other than those mentioned in 18 01 08,18 01 09,Treatment,Clinical Waste Transfer / Treatment,Birmingham,Birmingham City,West Midlands,Transfer (D),D15,0.045,02 - Chemical preparation wastes,Off-specification chemical wastes
South West,Wiltshire,Swindon,Swindon,CP3138QD,Swindon Clinical Waste Transfer and Treatment Facility - EPR/CP3138QD,TRADEBE HEALTHCARE NATIONAL LIMITED,T07 : Clinical Waste Treatment installation,416080,186320,SN2 8EA,Solid,Hazardous,18 - HUMAN AND ANIMAL HEALTH CARE WASTE,Natal care - diagnosis - treatment or prevention of disease in humans,wastes whose collection and disposal is subject to special requirements in order to prevent infection,18 01 03*,Treatment,Clinical Waste Transfer / Treatment,Birmingham,Birmingham City,West Midlands,Transfer (D),D15,0.539804,05 - Healthcare and biological wastes,Infectious health care wastes
South West,Wiltshire,Swindon,Swindon,CP3138QD,Swindon Clinical Waste Transfer and Treatment Facility - EPR/CP3138QD,TRADEBE HEALTHCARE NATIONAL LIMITED,T07 : Clinical Waste Treatment installation,416080,186320,SN2 8EA,Solid,Hhold/Ind/Com,18 - HUMAN AND ANIMAL HEALTH CARE WASTE,Natal care - diagnosis - treatment or prevention of disease in humans,"wastes whose collection and disposal is not subject to special requirements in order to prevent infection(for example dressings, plaster casts, linen, disposable clothing, diapers)",18 01 04,Treatment,Clinical Waste Transfer / Treatment,Birmingham,Birmingham City,West Midlands,Transfer (D),D15,0.015,10 - Mixed ordinary wastes,Mixed and undifferentiated materials
South West,Wiltshire,Swindon,Swindon,CP3138QD,Swindon Clinical Waste Transfer and Treatment Facility - EPR/CP3138QD,TRADEBE HEALTHCARE NATIONAL LIMITED,T07 : Clinical Waste Treatment installation,416080,186320,SN2 8EA,Solid,Hhold/Ind/Com,18 - HUMAN AND ANIMAL HEALTH CARE WASTE,Natal care - diagnosis - treatment or prevention of disease in humans,medicines other than those mentioned in 18 01 08,18 01 09,Treatment,Clinical Waste Transfer / Treatment,"Bristol, City of",Bristol City,South West,Recovery,R13,36.114634,02 - Chemical preparation wastes,Off-specification chemical wastes
South West,Wiltshire,Swindon,Swindon,CP3138QD,Swindon Clinical Waste Transfer and Treatment Facility - EPR/CP3138QD,TRADEBE HEALTHCARE NATIONAL LIMITED,T07 : Clinical Waste Treatment installation,416080,186320,SN2 8EA,Solid,Hazardous,18 - HUMAN AND ANIMAL HEALTH CARE WASTE,Natal care - diagnosis - treatment or prevention of disease in humans,cytotoxic and cytostatic medicines,18 01 08*,Treatment,Clinical Waste Transfer / Treatment,"Bristol, City of",Bristol City,South West,Transfer (D),D15,4.246871,02 - Chemical preparation wastes,Off-specification chemical wastes
South West,Wiltshire,Swindon,Swindon,CP3138QD,Swindon Clinical Waste Transfer and Treatment Facility - EPR/CP3138QD,TRADEBE HEALTHCARE NATIONAL LIMITED,T07 : Clinical Waste Treatment installation,416080,186320,SN2 8EA,Solid,Hazardous,18 - HUMAN AND ANIMAL HEALTH CARE WASTE,Natal care - diagnosis - treatment or prevention of disease in humans,wastes whose collection and disposal is subject to special requirements in order to prevent infection,18 01 03*,Treatment,Clinical Waste Transfer / Treatment,"Bristol, City of",Bristol City,South West,Transfer (D),D15,184.868595,05 - Healthcare and biological wastes,Infectious health care wastes
South West,Wiltshire,Swindon,Swindon,CP3138QD,Swindon Clinical Waste Transfer and Treatment Facility - EPR/CP3138QD,TRADEBE HEALTHCARE NATIONAL LIMITED,T07 : Clinical Waste Treatment installation,416080,186320,SN2 8EA,Solid,Hhold/Ind/Com,18 - HUMAN AND ANIMAL HEALTH CARE WASTE,Natal care - diagnosis - treatment or prevention of disease in humans,medicines other than those mentioned in 18 01 08,18 01 09,Treatment,Clinical Waste Transfer / Treatment,"Bristol, City of",Bristol City,South West,Transfer (D),D15,5.916,02 - Chemical preparation wastes,Off-specification chemical wastes
South West,Wiltshire,Swindon,Swindon,CP3138QD,Swindon Clinical Waste Transfer and Treatment Facility - EPR/CP3138QD,TRADEBE HEALTHCARE NATIONAL LIMITED,T07 : Clinical Waste Treatment installation,416080,186320,SN2 8EA,Solid,Hhold/Ind/Com,18 - HUMAN AND ANIMAL HEALTH CARE WASTE,Natal care - diagnosis - treatment or prevention of disease in humans,"wastes whose collection and disposal is not subject to special requirements in order to prevent infection(for example dressings, plaster casts, linen, disposable clothing, diapers)",18 01 04,Treatment,Clinical Waste Transfer / Treatment,"Bristol, City of",Bristol City,South West,Transfer (D),D15,202.464367,10 - Mixed ordinary wastes,Mixed and undifferentiated materials
South West,Wiltshire,Swindon,Swindon,CP3138QD,Swindon Clinical Waste Transfer and Treatment Facility - EPR/CP3138QD,TRADEBE HEALTHCARE NATIONAL LIMITED,T07 : Clinical Waste Treatment installation,416080,186320,SN2 8EA,Solid,Hazardous,18 - HUMAN AND ANIMAL HEALTH CARE WASTE,Natal care - diagnosis - treatment or prevention of disease in humans,wastes whose collection and disposal is subject to special requirements in order to prevent infection,18 01 03*,Treatment,Clinical Waste Transfer / Treatment,"Bristol, City of",Bristol City,South West,Treatment,D09,411.954782,05 - Healthcare and biological wastes,Infectious health care wastes
South West,Wiltshire,Swindon,Swindon,CP3138QD,Swindon Clinical Waste Transfer and Treatment Facility - EPR/CP3138QD,TRADEBE HEALTHCARE NATIONAL LIMITED,T07 : Clinical Waste Treatment installation,416080,186320,SN2 8EA,Solid,Hhold/Ind/Com,18 - HUMAN AND ANIMAL HEALTH CARE WASTE,Natal care - diagnosis - treatment or prevention of disease in humans,medicines other than those mentioned in 18 01 08,18 01 09,Treatment,Clinical Waste Transfer / Treatment,Buckinghamshire,Buckinghamshire,South East,Recovery,R13,0.164984,02 - Chemical preparation wastes,Off-specification chemical wastes
South West,Wiltshire,Swindon,Swindon,CP3138QD,Swindon Clinical Waste Transfer and Treatment Facility - EPR/CP3138QD,TRADEBE HEALTHCARE NATIONAL LIMITED,T07 : Clinical Waste Treatment installation,416080,186320,SN2 8EA,Solid,Hazardous,18 - HUMAN AND ANIMAL HEALTH CARE WASTE,Natal care - diagnosis - treatment or prevention of disease in humans,cytotoxic and cytostatic medicines,18 01 08*,Treatment,Clinical Waste Transfer / Treatment,Buckinghamshire,Buckinghamshire,South East,Transfer (D),D15,0.111914,02 - Chemical preparation wastes,Off-specification chemical wastes
South West,Wiltshire,Swindon,Swindon,CP3138QD,Swindon Clinical Waste Transfer and Treatment Facility - EPR/CP3138QD,TRADEBE HEALTHCARE NATIONAL LIMITED,T07 : Clinical Waste Treatment installation,416080,186320,SN2 8EA,Solid,Hazardous,18 - HUMAN AND ANIMAL HEALTH CARE WASTE,Natal care - diagnosis - treatment or prevention of disease in humans,wastes whose collection and disposal is subject to special requirements in order to prevent infection,18 01 03*,Treatment,Clinical Waste Transfer / Treatment,Buckinghamshire,Buckinghamshire,South East,Transfer (D),D15,0.456423,05 - Healthcare and biological wastes,Infectious health care wastes
South West,Wiltshire,Swindon,Swindon,CP3138QD,Swindon Clinical Waste Transfer and Treatment Facility - EPR/CP3138QD,TRADEBE HEALTHCARE NATIONAL LIMITED,T07 : Clinical Waste Treatment installation,416080,186320,SN2 8EA,Solid,Hhold/Ind/Com,18 - HUMAN AND ANIMAL HEALTH CARE WASTE,Natal care - diagnosis - treatment or prevention of disease in humans,medicines other than those mentioned in 18 01 08,18 01 09,Treatment,Clinical Waste Transfer / Treatment,Buckinghamshire,Buckinghamshire,South East,Transfer (D),D15,0.08,02 - Chemical preparation wastes,Off-specification chemical wastes
South West,Wiltshire,Swindon,Swindon,CP3138QD,Swindon Clinical Waste Transfer and Treatment Facility - EPR/CP3138QD,TRADEBE HEALTHCARE NATIONAL LIMITED,T07 : Clinical Waste Treatment installation,416080,186320,SN2 8EA,Solid,Hhold/Ind/Com,18 - HUMAN AND ANIMAL HEALTH CARE WASTE,Natal care - diagnosis - treatment or prevention of disease in humans,"wastes whose collection and disposal is not subject to special requirements in order to prevent infection(for example dressings, plaster casts, linen, disposable clothing, diapers)",18 01 04,Treatment,Clinical Waste Transfer / Treatment,Buckinghamshire,Buckinghamshire,South East,Transfer (D),D15,0.94019,10 - Mixed ordinary wastes,Mixed and undifferentiated materials
South West,Wiltshire,Swindon,Swindon,CP3138QD,Swindon Clinical Waste Transfer and Treatment Facility - EPR/CP3138QD,TRADEBE HEALTHCARE NATIONAL LIMITED,T07 : Clinical Waste Treatment installation,416080,186320,SN2 8EA,Solid,Hazardous,18 - HUMAN AND ANIMAL HEALTH CARE WASTE,Natal care - diagnosis - treatment or prevention of disease in humans,wastes whose collection and disposal is subject to special requirements in order to prevent infection,18 01 03*,Treatment,Clinical Waste Transfer / Treatment,Buckinghamshire,Buckinghamshire,South East,Treatment,D09,2.476761,05 - Healthcare and biological wastes,Infectious health care wastes
South West,Wiltshire,Swindon,Swindon,CP3138QD,Swindon Clinical Waste Transfer and Treatment Facility - EPR/CP3138QD,TRADEBE HEALTHCARE NATIONAL LIMITED,T07 : Clinical Waste Treatment installation,416080,186320,SN2 8EA,Solid,Hhold/Ind/Com,18 - HUMAN AND ANIMAL HEALTH CARE WASTE,Natal care - diagnosis - treatment or prevention of disease in humans,medicines other than those mentioned in 18 01 08,18 01 09,Treatment,Clinical Waste Transfer / Treatment,Buckinghamshire,Buckinghamshire,South East,Recovery,R13,0.108,02 - Chemical preparation wastes,Off-specification chemical wastes
South West,Wiltshire,Swindon,Swindon,CP3138QD,Swindon Clinical Waste Transfer and Treatment Facility - EPR/CP3138QD,TRADEBE HEALTHCARE NATIONAL LIMITED,T07 : Clinical Waste Treatment installation,416080,186320,SN2 8EA,Solid,Hazardous,18 - HUMAN AND ANIMAL HEALTH CARE WASTE,Natal care - diagnosis - treatment or prevention of disease in humans,cytotoxic and cytostatic medicines,18 01 08*,Treatment,Clinical Waste Transfer / Treatment,Buckinghamshire,Buckinghamshire,South East,Transfer (D),D15,0.012,02 - Chemical preparation wastes,Off-specification chemical wastes
South West,Wiltshire,Swindon,Swindon,CP3138QD,Swindon Clinical Waste Transfer and Treatment Facility - EPR/CP3138QD,TRADEBE HEALTHCARE NATIONAL LIMITED,T07 : Clinical Waste Treatment installation,416080,186320,SN2 8EA,Solid,Hazardous,18 - HUMAN AND ANIMAL HEALTH CARE WASTE,Natal care - diagnosis - treatment or prevention of disease in humans,wastes whose collection and disposal is subject to special requirements in order to prevent infection,18 01 03*,Treatment,Clinical Waste Transfer / Treatment,Buckinghamshire,Buckinghamshire,South East,Transfer (D),D15,2.156,05 - Healthcare and biological wastes,Infectious health care wastes
South West,Wiltshire,Swindon,Swindon,CP3138QD,Swindon Clinical Waste Transfer and Treatment Facility - EPR/CP3138QD,TRADEBE HEALTHCARE NATIONAL LIMITED,T07 : Clinical Waste Treatment installation,416080,186320,SN2 8EA,Solid,Hhold/Ind/Com,18 - HUMAN AND ANIMAL HEALTH CARE WASTE,Natal care - diagnosis - treatment or prevention of disease in humans,"wastes whose collection and disposal is not subject to special requirements in order to prevent infection(for example dressings, plaster casts, linen, disposable clothing, diapers)",18 01 04,Treatment,Clinical Waste Transfer / Treatment,Buckinghamshire,Buckinghamshire,South East,Transfer (D),D15,0.157,10 - Mixed ordinary wastes,Mixed and undifferentiated materials
South West,Wiltshire,Swindon,Swindon,CP3138QD,Swindon Clinical Waste Transfer and Treatment Facility - EPR/CP3138QD,TRADEBE HEALTHCARE NATIONAL LIMITED,T07 : Clinical Waste Treatment installation,416080,186320,SN2 8EA,Solid,Hhold/Ind/Com,18 - HUMAN AND ANIMAL HEALTH CARE WASTE,Natal care - diagnosis - treatment or prevention of disease in humans,medicines other than those mentioned in 18 01 08,18 01 09,Treatment,Clinical Waste Transfer / Treatment,Buckinghamshire,Buckinghamshire,South East,Recovery,R13,0.0032,02 - Chemical preparation wastes,Off-specification chemical wastes
South West,Wiltshire,Swindon,Swindon,CP3138QD,Swindon Clinical Waste Transfer and Treatment Facility - EPR/CP3138QD,TRADEBE HEALTHCARE NATIONAL LIMITED,T07 : Clinical Waste Treatment installation,416080,186320,SN2 8EA,Solid,Hazardous,18 - HUMAN AND ANIMAL HEALTH CARE WASTE,Natal care - diagnosis - treatment or prevention of disease in humans,wastes whose collection and disposal is subject to special requirements in order to prevent infection,18 01 03*,Treatment,Clinical Waste Transfer / Treatment,Buckinghamshire,Buckinghamshire,South East,Transfer (D),D15,0.027853,05 - Healthcare and biological wastes,Infectious health care wastes
South West,Wiltshire,Swindon,Swindon,CP3138QD,Swindon Clinical Waste Transfer and Treatment Facility - EPR/CP3138QD,TRADEBE HEALTHCARE NATIONAL LIMITED,T07 : Clinical Waste Treatment installation,416080,186320,SN2 8EA,Solid,Hhold/Ind/Com,18 - HUMAN AND ANIMAL HEALTH CARE WASTE,Natal care - diagnosis - treatment or prevention of disease in humans,medicines other than those mentioned in 18 01 08,18 01 09,Treatment,Clinical Waste Transfer / Treatment,Buckinghamshire,Buckinghamshire,South East,Recovery,R13,0.012753,02 - Chemical preparation wastes,Off-specification chemical wastes
South West,Wiltshire,Swindon,Swindon,CP3138QD,Swindon Clinical Waste Transfer and Treatment Facility - EPR/CP3138QD,TRADEBE HEALTHCARE NATIONAL LIMITED,T07 : Clinical Waste Treatment installation,416080,186320,SN2 8EA,Solid,Hazardous,18 - HUMAN AND ANIMAL HEALTH CARE WASTE,Natal care - diagnosis - treatment or prevention of disease in humans,cytotoxic and cytostatic medicines,18 01 08*,Treatment,Clinical Waste Transfer / Treatment,Buckinghamshire,Buckinghamshire,South East,Transfer (D),D15,0.00225,02 - Chemical preparation wastes,Off-specification chemical wastes
South West,Wiltshire,Swindon,Swindon,CP3138QD,Swindon Clinical Waste Transfer and Treatment Facility - EPR/CP3138QD,TRADEBE HEALTHCARE NATIONAL LIMITED,T07 : Clinical Waste Treatment installation,416080,186320,SN2 8EA,Solid,Hazardous,18 - HUMAN AND ANIMAL HEALTH CARE WASTE,Natal care - diagnosis - treatment or prevention of disease in humans,wastes whose collection and disposal is subject to special requirements in order to prevent infection,18 01 03*,Treatment,Clinical Waste Transfer / Treatment,Buckinghamshire,Buckinghamshire,South East,Transfer (D),D15,3.545992,05 - Healthcare and biological wastes,Infectious health care wastes
South West,Wiltshire,Swindon,Swindon,CP3138QD,Swindon Clinical Waste Transfer and Treatment Facility - EPR/CP3138QD,TRADEBE HEALTHCARE NATIONAL LIMITED,T07 : Clinical Waste Treatment installation,416080,186320,SN2 8EA,Solid,Hhold/Ind/Com,18 - HUMAN AND ANIMAL HEALTH CARE WASTE,Natal care - diagnosis - treatment or prevention of disease in humans,medicines other than those mentioned in 18 01 08,18 01 09,Treatment,Clinical Waste Transfer / Treatment,Buckinghamshire,Buckinghamshire,South East,Transfer (D),D15,0.01,02 - Chemical preparation wastes,Off-specification chemical wastes
South West,Wiltshire,Swindon,Swindon,CP3138QD,Swindon Clinical Waste Transfer and Treatment Facility - EPR/CP3138QD,TRADEBE HEALTHCARE NATIONAL LIMITED,T07 : Clinical Waste Treatment installation,416080,186320,SN2 8EA,Solid,Hhold/Ind/Com,18 - HUMAN AND ANIMAL HEALTH CARE WASTE,Natal care - diagnosis - treatment or prevention of disease in humans,"wastes whose collection and disposal is not subject to special requirements in order to prevent infection(for example dressings, plaster casts, linen, disposable clothing, diapers)",18 01 04,Treatment,Clinical Waste Transfer / Treatment,Buckinghamshire,Buckinghamshire,South East,Transfer (D),D15,6.7252,10 - Mixed ordinary wastes,Mixed and undifferentiated materials
South West,Wiltshire,Swindon,Swindon,CP3138QD,Swindon Clinical Waste Transfer and Treatment Facility - EPR/CP3138QD,TRADEBE HEALTHCARE NATIONAL LIMITED,T07 : Clinical Waste Treatment installation,416080,186320,SN2 8EA,Solid,Hazardous,18 - HUMAN AND ANIMAL HEALTH CARE WASTE,Natal care - diagnosis - treatment or prevention of disease in humans,wastes whose collection and disposal is subject to special requirements in order to prevent infection,18 01 03*,Treatment,Clinical Waste Transfer / Treatment,Buckinghamshire,Buckinghamshire,South East,Treatment,D09,2.605986,05 - Healthcare and biological wastes,Infectious health care wastes
South West,Wiltshire,Swindon,Swindon,CP3138QD,Swindon Clinical Waste Transfer and Treatment Facility - EPR/CP3138QD,TRADEBE HEALTHCARE NATIONAL LIMITED,T07 : Clinical Waste Treatment installation,416080,186320,SN2 8EA,Solid,Hhold/Ind/Com,18 - HUMAN AND ANIMAL HEALTH CARE WASTE,Natal care - diagnosis - treatment or prevention of disease in humans,medicines other than those mentioned in 18 01 08,18 01 09,Treatment,Clinical Waste Transfer / Treatment,South Cambridgeshire,Cambridgeshire,East of England,Recovery,R13,88.2359,02 - Chemical preparation wastes,Off-specification chemical wastes
South West,Wiltshire,Swindon,Swindon,CP3138QD,Swindon Clinical Waste Transfer and Treatment Facility - EPR/CP3138QD,TRADEBE HEALTHCARE NATIONAL LIMITED,T07 : Clinical Waste Treatment installation,416080,186320,SN2 8EA,Solid,Hazardous,18 - HUMAN AND ANIMAL HEALTH CARE WASTE,Natal care - diagnosis - treatment or prevention of disease in humans,cytotoxic and cytostatic medicines,18 01 08*,Treatment,Clinical Waste Transfer / Treatment,South Cambridgeshire,Cambridgeshire,East of England,Transfer (D),D15,31.0537,02 - Chemical preparation wastes,Off-specification chemical wastes
South West,Wiltshire,Swindon,Swindon,CP3138QD,Swindon Clinical Waste Transfer and Treatment Facility - EPR/CP3138QD,TRADEBE HEALTHCARE NATIONAL LIMITED,T07 : Clinical Waste Treatment installation,416080,186320,SN2 8EA,Solid,Hazardous,18 - HUMAN AND ANIMAL HEALTH CARE WASTE,Natal care - diagnosis - treatment or prevention of disease in humans,wastes whose collection and disposal is subject to special requirements in order to prevent infection,18 01 03*,Treatment,Clinical Waste Transfer / Treatment,South Cambridgeshire,Cambridgeshire,East of England,Transfer (D),D15,6.1496,05 - Healthcare and biological wastes,Infectious health care wastes
South West,Wiltshire,Swindon,Swindon,CP3138QD,Swindon Clinical Waste Transfer and Treatment Facility - EPR/CP3138QD,TRADEBE HEALTHCARE NATIONAL LIMITED,T07 : Clinical Waste Treatment installation,416080,186320,SN2 8EA,Solid,Hhold/Ind/Com,18 - HUMAN AND ANIMAL HEALTH CARE WASTE,Natal care - diagnosis - treatment or prevention of disease in humans,medicines other than those mentioned in 18 01 08,18 01 09,Treatment,Clinical Waste Transfer / Treatment,Camden,Camden,London,Recovery,R13,0.8718,02 - Chemical preparation wastes,Off-specification chemical wastes
South West,Wiltshire,Swindon,Swindon,CP3138QD,Swindon Clinical Waste Transfer and Treatment Facility - EPR/CP3138QD,TRADEBE HEALTHCARE NATIONAL LIMITED,T07 : Clinical Waste Treatment installation,416080,186320,SN2 8EA,Solid,Hazardous,18 - HUMAN AND ANIMAL HEALTH CARE WASTE,Natal care - diagnosis - treatment or prevention of disease in humans,cytotoxic and cytostatic medicines,18 01 08*,Treatment,Clinical Waste Transfer / Treatment,Camden,Camden,London,Transfer (D),D15,0.3148,02 - Chemical preparation wastes,Off-specification chemical wastes
South West,Wiltshire,Swindon,Swindon,CP3138QD,Swindon Clinical Waste Transfer and Treatment Facility - EPR/CP3138QD,TRADEBE HEALTHCARE NATIONAL LIMITED,T07 : Clinical Waste Treatment installation,416080,186320,SN2 8EA,Solid,Hazardous,18 - HUMAN AND ANIMAL HEALTH CARE WASTE,Natal care - diagnosis - treatment or prevention of disease in humans,wastes whose collection and disposal is subject to special requirements in order to prevent infection,18 01 03*,Treatment,Clinical Waste Transfer / Treatment,Camden,Camden,London,Transfer (D),D15,3.421,05 - Healthcare and biological wastes,Infectious health care wastes
South West,Wiltshire,Swindon,Swindon,CP3138QD,Swindon Clinical Waste Transfer and Treatment Facility - EPR/CP3138QD,TRADEBE HEALTHCARE NATIONAL LIMITED,T07 : Clinical Waste Treatment installation,416080,186320,SN2 8EA,Solid,Hhold/Ind/Com,18 - HUMAN AND ANIMAL HEALTH CARE WASTE,Natal care - diagnosis - treatment or prevention of disease in humans,"wastes whose collection and disposal is not subject to special requirements in order to prevent infection(for example dressings, plaster casts, linen, disposable clothing, diapers)",18 01 04,Treatment,Clinical Waste Transfer / Treatment,Camden,Camden,London,Transfer (D),D15,0.2052,10 - Mixed ordinary wastes,Mixed and undifferentiated materials
South West,Wiltshire,Swindon,Swindon,CP3138QD,Swindon Clinical Waste Transfer and Treatment Facility - EPR/CP3138QD,TRADEBE HEALTHCARE NATIONAL LIMITED,T07 : Clinical Waste Treatment installation,416080,186320,SN2 8EA,Solid,Hazardous,18 - HUMAN AND ANIMAL HEALTH CARE WASTE,Natal care - diagnosis - treatment or prevention of disease in humans,wastes whose collection and disposal is subject to special requirements in order to prevent infection,18 01 03*,Treatment,Clinical Waste Transfer / Treatment,Camden,Camden,London,Treatment,D09,22.8136,05 - Healthcare and biological wastes,Infectious health care wastes
South West,Wiltshire,Swindon,Swindon,CP3138QD,Swindon Clinical Waste Transfer and Treatment Facility - EPR/CP3138QD,TRADEBE HEALTHCARE NATIONAL LIMITED,T07 : Clinical Waste Treatment installation,416080,186320,SN2 8EA,Solid,Hazardous,18 - HUMAN AND ANIMAL HEALTH CARE WASTE,Natal care - diagnosis - treatment or prevention of disease in humans,cytotoxic and cytostatic medicines,18 01 08*,Treatment,Clinical Waste Transfer / Treatment,Central Bedfordshire,Central Bedfordshire,East of England,Incineration,D10,0.005,02 - Chemical preparation wastes,Off-specification chemical wastes
South West,Wiltshire,Swindon,Swindon,CP3138QD,Swindon Clinical Waste Transfer and Treatment Facility - EPR/CP3138QD,TRADEBE HEALTHCARE NATIONAL LIMITED,T07 : Clinical Waste Treatment installation,416080,186320,SN2 8EA,Solid,Hazardous,18 - HUMAN AND ANIMAL HEALTH CARE WASTE,Natal care - diagnosis - treatment or prevention of disease in humans,wastes whose collection and disposal is subject to special requirements in order to prevent infection,18 01 03*,Treatment,Clinical Waste Transfer / Treatment,Central Bedfordshire,Central Bedfordshire,East of England,Incineration,D10,0.054,05 - Healthcare and biological wastes,Infectious health care wastes
South West,Wiltshire,Swindon,Swindon,CP3138QD,Swindon Clinical Waste Transfer and Treatment Facility - EPR/CP3138QD,TRADEBE HEALTHCARE NATIONAL LIMITED,T07 : Clinical Waste Treatment installation,416080,186320,SN2 8EA,Solid,Hhold/Ind/Com,18 - HUMAN AND ANIMAL HEALTH CARE WASTE,Natal care - diagnosis - treatment or prevention of disease in humans,sharps (except 18 01 03),18 01 01,Treatment,Clinical Waste Transfer / Treatment,Central Bedfordshire,Central Bedfordshire,East of England,Incineration,D10,0.14,05 - Healthcare and biological wastes,Infectious health care wastes
South West,Wiltshire,Swindon,Swindon,CP3138QD,Swindon Clinical Waste Transfer and Treatment Facility - EPR/CP3138QD,TRADEBE HEALTHCARE NATIONAL LIMITED,T07 : Clinical Waste Treatment installation,416080,186320,SN2 8EA,Solid,Hazardous,18 - HUMAN AND ANIMAL HEALTH CARE WASTE,Natal care - diagnosis - treatment or prevention of disease in humans,wastes whose collection and disposal is subject to special requirements in order to prevent infection,18 01 03*,Treatment,Clinical Waste Transfer / Treatment,Central Bedfordshire,Central Bedfordshire,East of England,Transfer (D),D15,0.031,05 - Healthcare and biological wastes,Infectious health care wastes
South West,Wiltshire,Swindon,Swindon,CP3138QD,Swindon Clinical Waste Transfer and Treatment Facility - EPR/CP3138QD,TRADEBE HEALTHCARE NATIONAL LIMITED,T07 : Clinical Waste Treatment installation,416080,186320,SN2 8EA,Solid,Hazardous,18 - HUMAN AND ANIMAL HEALTH CARE WASTE,Natal care - diagnosis - treatment or prevention of disease in humans,cytotoxic and cytostatic medicines,18 01 08*,Treatment,Clinical Waste Transfer / Treatment,Coventry,Coventry,West Midlands,Incineration,D10,0.4496,02 - Chemical preparation wastes,Off-specification chemical wastes
South West,Wiltshire,Swindon,Swindon,CP3138QD,Swindon Clinical Waste Transfer and Treatment Facility - EPR/CP3138QD,TRADEBE HEALTHCARE NATIONAL LIMITED,T07 : Clinical Waste Treatment installation,416080,186320,SN2 8EA,Solid,Hazardous,18 - HUMAN AND ANIMAL HEALTH CARE WASTE,Natal care - diagnosis - treatment or prevention of disease in humans,wastes whose collection and disposal is subject to special requirements in order to prevent infection,18 01 03*,Treatment,Clinical Waste Transfer / Treatment,Coventry,Coventry,West Midlands,Incineration,D10,86.5112,05 - Healthcare and biological wastes,Infectious health care wastes
South West,Wiltshire,Swindon,Swindon,CP3138QD,Swindon Clinical Waste Transfer and Treatment Facility - EPR/CP3138QD,TRADEBE HEALTHCARE NATIONAL LIMITED,T07 : Clinical Waste Treatment installation,416080,186320,SN2 8EA,Solid,Hhold/Ind/Com,18 - HUMAN AND ANIMAL HEALTH CARE WASTE,Natal care - diagnosis - treatment or prevention of disease in humans,medicines other than those mentioned in 18 01 08,18 01 09,Treatment,Clinical Waste Transfer / Treatment,Coventry,Coventry,West Midlands,Incineration,D10,0.4768,02 - Chemical preparation wastes,Off-specification chemical wastes
South West,Wiltshire,Swindon,Swindon,CP3138QD,Swindon Clinical Waste Transfer and Treatment Facility - EPR/CP3138QD,TRADEBE HEALTHCARE NATIONAL LIMITED,T07 : Clinical Waste Treatment installation,416080,186320,SN2 8EA,Solid,Hhold/Ind/Com,18 - HUMAN AND ANIMAL HEALTH CARE WASTE,Natal care - diagnosis - treatment or prevention of disease in humans,"wastes whose collection and disposal is not subject to special requirements in order to prevent infection(for example dressings, plaster casts, linen, disposable clothing, diapers)",18 01 04,Treatment,Clinical Waste Transfer / Treatment,Coventry,Coventry,West Midlands,Incineration,D10,12.1664,10 - Mixed ordinary wastes,Mixed and undifferentiated materials
South West,Wiltshire,Swindon,Swindon,CP3138QD,Swindon Clinical Waste Transfer and Treatment Facility - EPR/CP3138QD,TRADEBE HEALTHCARE NATIONAL LIMITED,T07 : Clinical Waste Treatment installation,416080,186320,SN2 8EA,Solid,Hazardous,18 - HUMAN AND ANIMAL HEALTH CARE WASTE,Natal care - diagnosis - treatment or prevention of disease in humans,cytotoxic and cytostatic medicines,18 01 08*,Treatment,Clinical Waste Transfer / Treatment,Coventry,Coventry,West Midlands,Transfer (D),D15,0.153,02 - Chemical preparation wastes,Off-specification chemical wastes
South West,Wiltshire,Swindon,Swindon,CP3138QD,Swindon Clinical Waste Transfer and Treatment Facility - EPR/CP3138QD,TRADEBE HEALTHCARE NATIONAL LIMITED,T07 : Clinical Waste Treatment installation,416080,186320,SN2 8EA,Solid,Hazardous,18 - HUMAN AND ANIMAL HEALTH CARE WASTE,Natal care - diagnosis - treatment or prevention of disease in humans,wastes whose collection and disposal is subject to special requirements in order to prevent infection,18 01 03*,Treatment,Clinical Waste Transfer / Treatment,Coventry,Coventry,West Midlands,Transfer (D),D15,9.3118,05 - Healthcare and biological wastes,Infectious health care wastes
South West,Wiltshire,Swindon,Swindon,CP3138QD,Swindon Clinical Waste Transfer and Treatment Facility - EPR/CP3138QD,TRADEBE HEALTHCARE NATIONAL LIMITED,T07 : Clinical Waste Treatment installation,416080,186320,SN2 8EA,Solid,Hhold/Ind/Com,18 - HUMAN AND ANIMAL HEALTH CARE WASTE,Natal care - diagnosis - treatment or prevention of disease in humans,medicines other than those mentioned in 18 01 08,18 01 09,Treatment,Clinical Waste Transfer / Treatment,Coventry,Coventry,West Midlands,Transfer (D),D15,0.3706,02 - Chemical preparation wastes,Off-specification chemical wastes
South West,Wiltshire,Swindon,Swindon,CP3138QD,Swindon Clinical Waste Transfer and Treatment Facility - EPR/CP3138QD,TRADEBE HEALTHCARE NATIONAL LIMITED,T07 : Clinical Waste Treatment installation,416080,186320,SN2 8EA,Solid,Hhold/Ind/Com,18 - HUMAN AND ANIMAL HEALTH CARE WASTE,Natal care - diagnosis - treatment or prevention of disease in humans,"wastes whose collection and disposal is not subject to special requirements in order to prevent infection(for example dressings, plaster casts, linen, disposable clothing, diapers)",18 01 04,Treatment,Clinical Waste Transfer / Treatment,Coventry,Coventry,West Midlands,Transfer (D),D15,2.8832,10 - Mixed ordinary wastes,Mixed and undifferentiated materials
South West,Wiltshire,Swindon,Swindon,CP3138QD,Swindon Clinical Waste Transfer and Treatment Facility - EPR/CP3138QD,TRADEBE HEALTHCARE NATIONAL LIMITED,T07 : Clinical Waste Treatment installation,416080,186320,SN2 8EA,Solid,Hazardous,18 - HUMAN AND ANIMAL HEALTH CARE WASTE,Natal care - diagnosis - treatment or prevention of disease in humans,wastes whose collection and disposal is subject to special requirements in order to prevent infection,18 01 03*,Treatment,Clinical Waste Transfer / Treatment,Chesterfield,Derbyshire,East Midlands,Incineration,D10,0.925,05 - Healthcare and biological wastes,Infectious health care wastes
South West,Wiltshire,Swindon,Swindon,CP3138QD,Swindon Clinical Waste Transfer and Treatment Facility - EPR/CP3138QD,TRADEBE HEALTHCARE NATIONAL LIMITED,T07 : Clinical Waste Treatment installation,416080,186320,SN2 8EA,Solid,Hazardous,18 - HUMAN AND ANIMAL HEALTH CARE WASTE,Natal care - diagnosis - treatment or prevention of disease in humans,wastes whose collection and disposal is subject to special requirements in order to prevent infection,18 01 03*,Treatment,Clinical Waste Transfer / Treatment,North East Derbyshire,Derbyshire,East Midlands,Incineration,D10,0.375,05 - Healthcare and biological wastes,Infectious health care wastes
South West,Wiltshire,Swindon,Swindon,CP3138QD,Swindon Clinical Waste Transfer and Treatment Facility - EPR/CP3138QD,TRADEBE HEALTHCARE NATIONAL LIMITED,T07 : Clinical Waste Treatment installation,416080,186320,SN2 8EA,Solid,Hazardous,18 - HUMAN AND ANIMAL HEALTH CARE WASTE,Natal care - diagnosis - treatment or prevention of disease in humans,wastes whose collection and disposal is subject to special requirements in order to prevent infection,18 01 03*,Treatment,Clinical Waste Transfer / Treatment,North East Derbyshire,Derbyshire,East Midlands,Transfer (D),D15,0.046,05 - Healthcare and biological wastes,Infectious health care wastes
South West,Wiltshire,Swindon,Swindon,CP3138QD,Swindon Clinical Waste Transfer and Treatment Facility - EPR/CP3138QD,TRADEBE HEALTHCARE NATIONAL LIMITED,T07 : Clinical Waste Treatment installation,416080,186320,SN2 8EA,Solid,Hhold/Ind/Com,18 - HUMAN AND ANIMAL HEALTH CARE WASTE,Natal care - diagnosis - treatment or prevention of disease in humans,"wastes whose collection and disposal is not subject to special requirements in order to prevent infection(for example dressings, plaster casts, linen, disposable clothing, diapers)",18 01 04,Treatment,Clinical Waste Transfer / Treatment,North East Derbyshire,Derbyshire,East Midlands,Transfer (D),D15,0.075,10 - Mixed ordinary wastes,Mixed and undifferentiated materials
South West,Wiltshire,Swindon,Swindon,CP3138QD,Swindon Clinical Waste Transfer and Treatment Facility - EPR/CP3138QD,TRADEBE HEALTHCARE NATIONAL LIMITED,T07 : Clinical Waste Treatment installation,416080,186320,SN2 8EA,Solid,Hazardous,18 - HUMAN AND ANIMAL HEALTH CARE WASTE,Natal care - diagnosis - treatment or prevention of disease in humans,wastes whose collection and disposal is subject to special requirements in order to prevent infection,18 01 03*,Treatment,Clinical Waste Transfer / Treatment,Doncaster,Doncaster,Yorks & Humber,Incineration,D10,0.078599,05 - Healthcare and biological wastes,Infectious health care wastes
South West,Wiltshire,Swindon,Swindon,CP3138QD,Swindon Clinical Waste Transfer and Treatment Facility - EPR/CP3138QD,TRADEBE HEALTHCARE NATIONAL LIMITED,T07 : Clinical Waste Treatment installation,416080,186320,SN2 8EA,Solid,Hhold/Ind/Com,18 - HUMAN AND ANIMAL HEALTH CARE WASTE,Natal care - diagnosis - treatment or prevention of disease in humans,"wastes whose collection and disposal is not subject to special requirements in order to prevent infection(for example dressings, plaster casts, linen, disposable clothing, diapers)",18 01 04,Treatment,Clinical Waste Transfer / Treatment,Doncaster,Doncaster,Yorks & Humber,Incineration,D10,0.081,10 - Mixed ordinary wastes,Mixed and undifferentiated materials
South West,Wiltshire,Swindon,Swindon,CP3138QD,Swindon Clinical Waste Transfer and Treatment Facility - EPR/CP3138QD,TRADEBE HEALTHCARE NATIONAL LIMITED,T07 : Clinical Waste Treatment installation,416080,186320,SN2 8EA,Solid,Hazardous,18 - HUMAN AND ANIMAL HEALTH CARE WASTE,Natal care - diagnosis - treatment or prevention of disease in humans,wastes whose collection and disposal is subject to special requirements in order to prevent infection,18 01 03*,Treatment,Clinical Waste Transfer / Treatment,Dudley,Dudley,West Midlands,Incineration,D10,1.064,05 - Healthcare and biological wastes,Infectious health care wastes
South West,Wiltshire,Swindon,Swindon,CP3138QD,Swindon Clinical Waste Transfer and Treatment Facility - EPR/CP3138QD,TRADEBE HEALTHCARE NATIONAL LIMITED,T07 : Clinical Waste Treatment installation,416080,186320,SN2 8EA,Solid,Hazardous,18 - HUMAN AND ANIMAL HEALTH CARE WASTE,Natal care - diagnosis - treatment or prevention of disease in humans,wastes whose collection and disposal is subject to special requirements in order to prevent infection,18 01 03*,Treatment,Clinical Waste Transfer / Treatment,Enfield,Enfield,London,Transfer (D),D15,0.015238,05 - Healthcare and biological wastes,Infectious health care wastes
South West,Wiltshire,Swindon,Swindon,CP3138QD,Swindon Clinical Waste Transfer and Treatment Facility - EPR/CP3138QD,TRADEBE HEALTHCARE NATIONAL LIMITED,T07 : Clinical Waste Treatment installation,416080,186320,SN2 8EA,Solid,Hazardous,18 - HUMAN AND ANIMAL HEALTH CARE WASTE,Natal care - diagnosis - treatment or prevention of disease in humans,wastes whose collection and disposal is subject to special requirements in order to prevent infection,18 01 03*,Treatment,Clinical Waste Transfer / Treatment,Enfield,Enfield,London,Treatment,D09,0.065954,05 - Healthcare and biological wastes,Infectious health care wastes
South West,Wiltshire,Swindon,Swindon,CP3138QD,Swindon Clinical Waste Transfer and Treatment Facility - EPR/CP3138QD,TRADEBE HEALTHCARE NATIONAL LIMITED,T07 : Clinical Waste Treatment installation,416080,186320,SN2 8EA,Solid,Hhold/Ind/Com,18 - HUMAN AND ANIMAL HEALTH CARE WASTE,Natal care - diagnosis - treatment or prevention of disease in humans,medicines other than those mentioned in 18 01 08,18 01 09,Treatment,Clinical Waste Transfer / Treatment,Cheltenham,Gloucestershire,South West,Recovery,R13,8.211754,02 - Chemical preparation wastes,Off-specification chemical wastes
South West,Wiltshire,Swindon,Swindon,CP3138QD,Swindon Clinical Waste Transfer and Treatment Facility - EPR/CP3138QD,TRADEBE HEALTHCARE NATIONAL LIMITED,T07 : Clinical Waste Treatment installation,416080,186320,SN2 8EA,Solid,Hazardous,18 - HUMAN AND ANIMAL HEALTH CARE WASTE,Natal care - diagnosis - treatment or prevention of disease in humans,cytotoxic and cytostatic medicines,18 01 08*,Treatment,Clinical Waste Transfer / Treatment,Cheltenham,Gloucestershire,South West,Transfer (D),D15,0.502206,02 - Chemical preparation wastes,Off-specification chemical wastes
South West,Wiltshire,Swindon,Swindon,CP3138QD,Swindon Clinical Waste Transfer and Treatment Facility - EPR/CP3138QD,TRADEBE HEALTHCARE NATIONAL LIMITED,T07 : Clinical Waste Treatment installation,416080,186320,SN2 8EA,Solid,Hazardous,18 - HUMAN AND ANIMAL HEALTH CARE WASTE,Natal care - diagnosis - treatment or prevention of disease in humans,wastes whose collection and disposal is subject to special requirements in order to prevent infection,18 01 03*,Treatment,Clinical Waste Transfer / Treatment,Cheltenham,Gloucestershire,South West,Transfer (D),D15,9.42304,05 - Healthcare and biological wastes,Infectious health care wastes
South West,Wiltshire,Swindon,Swindon,CP3138QD,Swindon Clinical Waste Transfer and Treatment Facility - EPR/CP3138QD,TRADEBE HEALTHCARE NATIONAL LIMITED,T07 : Clinical Waste Treatment installation,416080,186320,SN2 8EA,Solid,Hhold/Ind/Com,18 - HUMAN AND ANIMAL HEALTH CARE WASTE,Natal care - diagnosis - treatment or prevention of disease in humans,medicines other than those mentioned in 18 01 08,18 01 09,Treatment,Clinical Waste Transfer / Treatment,Cheltenham,Gloucestershire,South West,Transfer (D),D15,1.655,02 - Chemical preparation wastes,Off-specification chemical wastes
South West,Wiltshire,Swindon,Swindon,CP3138QD,Swindon Clinical Waste Transfer and Treatment Facility - EPR/CP3138QD,TRADEBE HEALTHCARE NATIONAL LIMITED,T07 : Clinical Waste Treatment installation,416080,186320,SN2 8EA,Solid,Hhold/Ind/Com,18 - HUMAN AND ANIMAL HEALTH CARE WASTE,Natal care - diagnosis - treatment or prevention of disease in humans,sharps (except 18 01 03),18 01 01,Treatment,Clinical Waste Transfer / Treatment,Cheltenham,Gloucestershire,South West,Transfer (D),D15,0.070197,05 - Healthcare and biological wastes,Infectious health care wastes
South West,Wiltshire,Swindon,Swindon,CP3138QD,Swindon Clinical Waste Transfer and Treatment Facility - EPR/CP3138QD,TRADEBE HEALTHCARE NATIONAL LIMITED,T07 : Clinical Waste Treatment installation,416080,186320,SN2 8EA,Solid,Hhold/Ind/Com,18 - HUMAN AND ANIMAL HEALTH CARE WASTE,Natal care - diagnosis - treatment or prevention of disease in humans,"wastes whose collection and disposal is not subject to special requirements in order to prevent infection(for example dressings, plaster casts, linen, disposable clothing, diapers)",18 01 04,Treatment,Clinical Waste Transfer / Treatment,Cheltenham,Gloucestershire,South West,Transfer (D),D15,10.043822,10 - Mixed ordinary wastes,Mixed and undifferentiated materials
South West,Wiltshire,Swindon,Swindon,CP3138QD,Swindon Clinical Waste Transfer and Treatment Facility - EPR/CP3138QD,TRADEBE HEALTHCARE NATIONAL LIMITED,T07 : Clinical Waste Treatment installation,416080,186320,SN2 8EA,Solid,Hazardous,18 - HUMAN AND ANIMAL HEALTH CARE WASTE,Natal care - diagnosis - treatment or prevention of disease in humans,wastes whose collection and disposal is subject to special requirements in order to prevent infection,18 01 03*,Treatment,Clinical Waste Transfer / Treatment,Cheltenham,Gloucestershire,South West,Treatment,D09,18.970259,05 - Healthcare and biological wastes,Infectious health care wastes
South West,Wiltshire,Swindon,Swindon,CP3138QD,Swindon Clinical Waste Transfer and Treatment Facility - EPR/CP3138QD,TRADEBE HEALTHCARE NATIONAL LIMITED,T07 : Clinical Waste Treatment installation,416080,186320,SN2 8EA,Solid,Hhold/Ind/Com,18 - HUMAN AND ANIMAL HEALTH CARE WASTE,Natal care - diagnosis - treatment or prevention of disease in humans,medicines other than those mentioned in 18 01 08,18 01 09,Treatment,Clinical Waste Transfer / Treatment,Cotswold,Gloucestershire,South West,Recovery,R13,4.379526,02 - Chemical preparation wastes,Off-specification chemical wastes
South West,Wiltshire,Swindon,Swindon,CP3138QD,Swindon Clinical Waste Transfer and Treatment Facility - EPR/CP3138QD,TRADEBE HEALTHCARE NATIONAL LIMITED,T07 : Clinical Waste Treatment installation,416080,186320,SN2 8EA,Solid,Hazardous,18 - HUMAN AND ANIMAL HEALTH CARE WASTE,Natal care - diagnosis - treatment or prevention of disease in humans,cytotoxic and cytostatic medicines,18 01 08*,Treatment,Clinical Waste Transfer / Treatment,Cotswold,Gloucestershire,South West,Transfer (D),D15,0.440156,02 - Chemical preparation wastes,Off-specification chemical wastes
South West,Wiltshire,Swindon,Swindon,CP3138QD,Swindon Clinical Waste Transfer and Treatment Facility - EPR/CP3138QD,TRADEBE HEALTHCARE NATIONAL LIMITED,T07 : Clinical Waste Treatment installation,416080,186320,SN2 8EA,Solid,Hazardous,18 - HUMAN AND ANIMAL HEALTH CARE WASTE,Natal care - diagnosis - treatment or prevention of disease in humans,wastes whose collection and disposal is subject to special requirements in order to prevent infection,18 01 03*,Treatment,Clinical Waste Transfer / Treatment,Cotswold,Gloucestershire,South West,Transfer (D),D15,17.454101,05 - Healthcare and biological wastes,Infectious health care wastes
South West,Wiltshire,Swindon,Swindon,CP3138QD,Swindon Clinical Waste Transfer and Treatment Facility - EPR/CP3138QD,TRADEBE HEALTHCARE NATIONAL LIMITED,T07 : Clinical Waste Treatment installation,416080,186320,SN2 8EA,Solid,Hhold/Ind/Com,18 - HUMAN AND ANIMAL HEALTH CARE WASTE,Natal care - diagnosis - treatment or prevention of disease in humans,medicines other than those mentioned in 18 01 08,18 01 09,Treatment,Clinical Waste Transfer / Treatment,Cotswold,Gloucestershire,South West,Transfer (D),D15,0.7476,02 - Chemical preparation wastes,Off-specification chemical wastes
South West,Wiltshire,Swindon,Swindon,CP3138QD,Swindon Clinical Waste Transfer and Treatment Facility - EPR/CP3138QD,TRADEBE HEALTHCARE NATIONAL LIMITED,T07 : Clinical Waste Treatment installation,416080,186320,SN2 8EA,Solid,Hhold/Ind/Com,18 - HUMAN AND ANIMAL HEALTH CARE WASTE,Natal care - diagnosis - treatment or prevention of disease in humans,"wastes whose collection and disposal is not subject to special requirements in order to prevent infection(for example dressings, plaster casts, linen, disposable clothing, diapers)",18 01 04,Treatment,Clinical Waste Transfer / Treatment,Cotswold,Gloucestershire,South West,Transfer (D),D15,24.946538,10 - Mixed ordinary wastes,Mixed and undifferentiated materials
South West,Wiltshire,Swindon,Swindon,CP3138QD,Swindon Clinical Waste Transfer and Treatment Facility - EPR/CP3138QD,TRADEBE HEALTHCARE NATIONAL LIMITED,T07 : Clinical Waste Treatment installation,416080,186320,SN2 8EA,Solid,Hazardous,18 - HUMAN AND ANIMAL HEALTH CARE WASTE,Natal care - diagnosis - treatment or prevention of disease in humans,wastes whose collection and disposal is subject to special requirements in order to prevent infection,18 01 03*,Treatment,Clinical Waste Transfer / Treatment,Cotswold,Gloucestershire,South West,Treatment,D09,14.760476,05 - Healthcare and biological wastes,Infectious health care wastes
South West,Wiltshire,Swindon,Swindon,CP3138QD,Swindon Clinical Waste Transfer and Treatment Facility - EPR/CP3138QD,TRADEBE HEALTHCARE NATIONAL LIMITED,T07 : Clinical Waste Treatment installation,416080,186320,SN2 8EA,Solid,Hhold/Ind/Com,18 - HUMAN AND ANIMAL HEALTH CARE WASTE,Natal care - diagnosis - treatment or prevention of disease in humans,medicines other than those mentioned in 18 01 08,18 01 09,Treatment,Clinical Waste Transfer / Treatment,Forest of Dean,Gloucestershire,South West,Recovery,R13,3.336722,02 - Chemical preparation wastes,Off-specification chemical wastes
South West,Wiltshire,Swindon,Swindon,CP3138QD,Swindon Clinical Waste Transfer and Treatment Facility - EPR/CP3138QD,TRADEBE HEALTHCARE NATIONAL LIMITED,T07 : Clinical Waste Treatment installation,416080,186320,SN2 8EA,Solid,Hazardous,18 - HUMAN AND ANIMAL HEALTH CARE WASTE,Natal care - diagnosis - treatment or prevention of disease in humans,cytotoxic and cytostatic medicines,18 01 08*,Treatment,Clinical Waste Transfer / Treatment,Forest of Dean,Gloucestershire,South West,Transfer (D),D15,0.30335,02 - Chemical preparation wastes,Off-specification chemical wastes
South West,Wiltshire,Swindon,Swindon,CP3138QD,Swindon Clinical Waste Transfer and Treatment Facility - EPR/CP3138QD,TRADEBE HEALTHCARE NATIONAL LIMITED,T07 : Clinical Waste Treatment installation,416080,186320,SN2 8EA,Solid,Hazardous,18 - HUMAN AND ANIMAL HEALTH CARE WASTE,Natal care - diagnosis - treatment or prevention of disease in humans,wastes whose collection and disposal is subject to special requirements in order to prevent infection,18 01 03*,Treatment,Clinical Waste Transfer / Treatment,Forest of Dean,Gloucestershire,South West,Transfer (D),D15,8.686448,05 - Healthcare and biological wastes,Infectious health care wastes
South West,Wiltshire,Swindon,Swindon,CP3138QD,Swindon Clinical Waste Transfer and Treatment Facility - EPR/CP3138QD,TRADEBE HEALTHCARE NATIONAL LIMITED,T07 : Clinical Waste Treatment installation,416080,186320,SN2 8EA,Solid,Hhold/Ind/Com,18 - HUMAN AND ANIMAL HEALTH CARE WASTE,Natal care - diagnosis - treatment or prevention of disease in humans,medicines other than those mentioned in 18 01 08,18 01 09,Treatment,Clinical Waste Transfer / Treatment,Forest of Dean,Gloucestershire,South West,Transfer (D),D15,0.745,02 - Chemical preparation wastes,Off-specification chemical wastes
South West,Wiltshire,Swindon,Swindon,CP3138QD,Swindon Clinical Waste Transfer and Treatment Facility - EPR/CP3138QD,TRADEBE HEALTHCARE NATIONAL LIMITED,T07 : Clinical Waste Treatment installation,416080,186320,SN2 8EA,Solid,Hhold/Ind/Com,18 - HUMAN AND ANIMAL HEALTH CARE WASTE,Natal care - diagnosis - treatment or prevention of disease in humans,"wastes whose collection and disposal is not subject to special requirements in order to prevent infection(for example dressings, plaster casts, linen, disposable clothing, diapers)",18 01 04,Treatment,Clinical Waste Transfer / Treatment,Forest of Dean,Gloucestershire,South West,Transfer (D),D15,12.154876,10 - Mixed ordinary wastes,Mixed and undifferentiated materials
South West,Wiltshire,Swindon,Swindon,CP3138QD,Swindon Clinical Waste Transfer and Treatment Facility - EPR/CP3138QD,TRADEBE HEALTHCARE NATIONAL LIMITED,T07 : Clinical Waste Treatment installation,416080,186320,SN2 8EA,Solid,Hazardous,18 - HUMAN AND ANIMAL HEALTH CARE WASTE,Natal care - diagnosis - treatment or prevention of disease in humans,wastes whose collection and disposal is subject to special requirements in order to prevent infection,18 01 03*,Treatment,Clinical Waste Transfer / Treatment,Forest of Dean,Gloucestershire,South West,Treatment,D09,12.372108,05 - Healthcare and biological wastes,Infectious health care wastes
South West,Wiltshire,Swindon,Swindon,CP3138QD,Swindon Clinical Waste Transfer and Treatment Facility - EPR/CP3138QD,TRADEBE HEALTHCARE NATIONAL LIMITED,T07 : Clinical Waste Treatment installation,416080,186320,SN2 8EA,Solid,Hhold/Ind/Com,18 - HUMAN AND ANIMAL HEALTH CARE WASTE,Natal care - diagnosis - treatment or prevention of disease in humans,medicines other than those mentioned in 18 01 08,18 01 09,Treatment,Clinical Waste Transfer / Treatment,Gloucester,Gloucestershire,South West,Recovery,R13,7.575795,02 - Chemical preparation wastes,Off-specification chemical wastes
South West,Wiltshire,Swindon,Swindon,CP3138QD,Swindon Clinical Waste Transfer and Treatment Facility - EPR/CP3138QD,TRADEBE HEALTHCARE NATIONAL LIMITED,T07 : Clinical Waste Treatment installation,416080,186320,SN2 8EA,Solid,Hazardous,18 - HUMAN AND ANIMAL HEALTH CARE WASTE,Natal care - diagnosis - treatment or prevention of disease in humans,cytotoxic and cytostatic medicines,18 01 08*,Treatment,Clinical Waste Transfer / Treatment,Gloucester,Gloucestershire,South West,Transfer (D),D15,0.70498,02 - Chemical preparation wastes,Off-specification chemical wastes
South West,Wiltshire,Swindon,Swindon,CP3138QD,Swindon Clinical Waste Transfer and Treatment Facility - EPR/CP3138QD,TRADEBE HEALTHCARE NATIONAL LIMITED,T07 : Clinical Waste Treatment installation,416080,186320,SN2 8EA,Solid,Hazardous,18 - HUMAN AND ANIMAL HEALTH CARE WASTE,Natal care - diagnosis - treatment or prevention of disease in humans,wastes whose collection and disposal is subject to special requirements in order to prevent infection,18 01 03*,Treatment,Clinical Waste Transfer / Treatment,Gloucester,Gloucestershire,South West,Transfer (D),D15,9.578643,05 - Healthcare and biological wastes,Infectious health care wastes
South West,Wiltshire,Swindon,Swindon,CP3138QD,Swindon Clinical Waste Transfer and Treatment Facility - EPR/CP3138QD,TRADEBE HEALTHCARE NATIONAL LIMITED,T07 : Clinical Waste Treatment installation,416080,186320,SN2 8EA,Solid,Hhold/Ind/Com,18 - HUMAN AND ANIMAL HEALTH CARE WASTE,Natal care - diagnosis - treatment or prevention of disease in humans,medicines other than those mentioned in 18 01 08,18 01 09,Treatment,Clinical Waste Transfer / Treatment,Gloucester,Gloucestershire,South West,Transfer (D),D15,1.66,02 - Chemical preparation wastes,Off-specification chemical wastes
South West,Wiltshire,Swindon,Swindon,CP3138QD,Swindon Clinical Waste Transfer and Treatment Facility - EPR/CP3138QD,TRADEBE HEALTHCARE NATIONAL LIMITED,T07 : Clinical Waste Treatment installation,416080,186320,SN2 8EA,Solid,Hhold/Ind/Com,18 - HUMAN AND ANIMAL HEALTH CARE WASTE,Natal care - diagnosis - treatment or prevention of disease in humans,"wastes whose collection and disposal is not subject to special requirements in order to prevent infection(for example dressings, plaster casts, linen, disposable clothing, diapers)",18 01 04,Treatment,Clinical Waste Transfer / Treatment,Gloucester,Gloucestershire,South West,Transfer (D),D15,8.22798,10 - Mixed ordinary wastes,Mixed and undifferentiated materials
South West,Wiltshire,Swindon,Swindon,CP3138QD,Swindon Clinical Waste Transfer and Treatment Facility - EPR/CP3138QD,TRADEBE HEALTHCARE NATIONAL LIMITED,T07 : Clinical Waste Treatment installation,416080,186320,SN2 8EA,Solid,Hazardous,18 - HUMAN AND ANIMAL HEALTH CARE WASTE,Natal care - diagnosis - treatment or prevention of disease in humans,wastes whose collection and disposal is subject to special requirements in order to prevent infection,18 01 03*,Treatment,Clinical Waste Transfer / Treatment,Gloucester,Gloucestershire,South West,Treatment,D09,19.24942,05 - Healthcare and biological wastes,Infectious health care wastes
South West,Wiltshire,Swindon,Swindon,CP3138QD,Swindon Clinical Waste Transfer and Treatment Facility - EPR/CP3138QD,TRADEBE HEALTHCARE NATIONAL LIMITED,T07 : Clinical Waste Treatment installation,416080,186320,SN2 8EA,Solid,Hazardous,18 - HUMAN AND ANIMAL HEALTH CARE WASTE,Natal care - diagnosis - treatment or prevention of disease in humans,cytotoxic and cytostatic medicines,18 01 08*,Treatment,Clinical Waste Transfer / Treatment,Gloucestershire,Gloucestershire,South West,Transfer (D),D15,0.002462,02 - Chemical preparation wastes,Off-specification chemical wastes
South West,Wiltshire,Swindon,Swindon,CP3138QD,Swindon Clinical Waste Transfer and Treatment Facility - EPR/CP3138QD,TRADEBE HEALTHCARE NATIONAL LIMITED,T07 : Clinical Waste Treatment installation,416080,186320,SN2 8EA,Solid,Hazardous,18 - HUMAN AND ANIMAL HEALTH CARE WASTE,Natal care - diagnosis - treatment or prevention of disease in humans,wastes whose collection and disposal is subject to special requirements in order to prevent infection,18 01 03*,Treatment,Clinical Waste Transfer / Treatment,Gloucestershire,Gloucestershire,South West,Transfer (D),D15,0.659455,05 - Healthcare and biological wastes,Infectious health care wastes
South West,Wiltshire,Swindon,Swindon,CP3138QD,Swindon Clinical Waste Transfer and Treatment Facility - EPR/CP3138QD,TRADEBE HEALTHCARE NATIONAL LIMITED,T07 : Clinical Waste Treatment installation,416080,186320,SN2 8EA,Solid,Hhold/Ind/Com,18 - HUMAN AND ANIMAL HEALTH CARE WASTE,Natal care - diagnosis - treatment or prevention of disease in humans,"wastes whose collection and disposal is not subject to special requirements in order to prevent infection(for example dressings, plaster casts, linen, disposable clothing, diapers)",18 01 04,Treatment,Clinical Waste Transfer / Treatment,Gloucestershire,Gloucestershire,South West,Transfer (D),D15,0.655383,10 - Mixed ordinary wastes,Mixed and undifferentiated materials
South West,Wiltshire,Swindon,Swindon,CP3138QD,Swindon Clinical Waste Transfer and Treatment Facility - EPR/CP3138QD,TRADEBE HEALTHCARE NATIONAL LIMITED,T07 : Clinical Waste Treatment installation,416080,186320,SN2 8EA,Solid,Hazardous,18 - HUMAN AND ANIMAL HEALTH CARE WASTE,Natal care - diagnosis - treatment or prevention of disease in humans,wastes whose collection and disposal is subject to special requirements in order to prevent infection,18 01 03*,Treatment,Clinical Waste Transfer / Treatment,Gloucestershire,Gloucestershire,South West,Treatment,D09,0.308643,05 - Healthcare and biological wastes,Infectious health care wastes
South West,Wiltshire,Swindon,Swindon,CP3138QD,Swindon Clinical Waste Transfer and Treatment Facility - EPR/CP3138QD,TRADEBE HEALTHCARE NATIONAL LIMITED,T07 : Clinical Waste Treatment installation,416080,186320,SN2 8EA,Solid,Hhold/Ind/Com,18 - HUMAN AND ANIMAL HEALTH CARE WASTE,Natal care - diagnosis - treatment or prevention of disease in humans,medicines other than those mentioned in 18 01 08,18 01 09,Treatment,Clinical Waste Transfer / Treatment,Stroud,Gloucestershire,South West,Recovery,R13,4.962232,02 - Chemical preparation wastes,Off-specification chemical wastes
South West,Wiltshire,Swindon,Swindon,CP3138QD,Swindon Clinical Waste Transfer and Treatment Facility - EPR/CP3138QD,TRADEBE HEALTHCARE NATIONAL LIMITED,T07 : Clinical Waste Treatment installation,416080,186320,SN2 8EA,Solid,Hazardous,18 - HUMAN AND ANIMAL HEALTH CARE WASTE,Natal care - diagnosis - treatment or prevention of disease in humans,cytotoxic and cytostatic medicines,18 01 08*,Treatment,Clinical Waste Transfer / Treatment,Stroud,Gloucestershire,South West,Transfer (D),D15,0.327238,02 - Chemical preparation wastes,Off-specification chemical wastes
South West,Wiltshire,Swindon,Swindon,CP3138QD,Swindon Clinical Waste Transfer and Treatment Facility - EPR/CP3138QD,TRADEBE HEALTHCARE NATIONAL LIMITED,T07 : Clinical Waste Treatment installation,416080,186320,SN2 8EA,Solid,Hazardous,18 - HUMAN AND ANIMAL HEALTH CARE WASTE,Natal care - diagnosis - treatment or prevention of disease in humans,wastes whose collection and disposal is subject to special requirements in order to prevent infection,18 01 03*,Treatment,Clinical Waste Transfer / Treatment,Stroud,Gloucestershire,South West,Transfer (D),D15,12.014968,05 - Healthcare and biological wastes,Infectious health care wastes
South West,Wiltshire,Swindon,Swindon,CP3138QD,Swindon Clinical Waste Transfer and Treatment Facility - EPR/CP3138QD,TRADEBE HEALTHCARE NATIONAL LIMITED,T07 : Clinical Waste Treatment installation,416080,186320,SN2 8EA,Solid,Hhold/Ind/Com,18 - HUMAN AND ANIMAL HEALTH CARE WASTE,Natal care - diagnosis - treatment or prevention of disease in humans,medicines other than those mentioned in 18 01 08,18 01 09,Treatment,Clinical Waste Transfer / Treatment,Stroud,Gloucestershire,South West,Transfer (D),D15,0.8,02 - Chemical preparation wastes,Off-specification chemical wastes
South West,Wiltshire,Swindon,Swindon,CP3138QD,Swindon Clinical Waste Transfer and Treatment Facility - EPR/CP3138QD,TRADEBE HEALTHCARE NATIONAL LIMITED,T07 : Clinical Waste Treatment installation,416080,186320,SN2 8EA,Solid,Hhold/Ind/Com,18 - HUMAN AND ANIMAL HEALTH CARE WASTE,Natal care - diagnosis - treatment or prevention of disease in humans,"wastes whose collection and disposal is not subject to special requirements in order to prevent infection(for example dressings, plaster casts, linen, disposable clothing, diapers)",18 01 04,Treatment,Clinical Waste Transfer / Treatment,Stroud,Gloucestershire,South West,Transfer (D),D15,22.217865,10 - Mixed ordinary wastes,Mixed and undifferentiated materials
South West,Wiltshire,Swindon,Swindon,CP3138QD,Swindon Clinical Waste Transfer and Treatment Facility - EPR/CP3138QD,TRADEBE HEALTHCARE NATIONAL LIMITED,T07 : Clinical Waste Treatment installation,416080,186320,SN2 8EA,Solid,Hazardous,18 - HUMAN AND ANIMAL HEALTH CARE WASTE,Natal care - diagnosis - treatment or prevention of disease in humans,wastes whose collection and disposal is subject to special requirements in order to prevent infection,18 01 03*,Treatment,Clinical Waste Transfer / Treatment,Stroud,Gloucestershire,South West,Treatment,D09,20.301435,05 - Healthcare and biological wastes,Infectious health care wastes
South West,Wiltshire,Swindon,Swindon,CP3138QD,Swindon Clinical Waste Transfer and Treatment Facility - EPR/CP3138QD,TRADEBE HEALTHCARE NATIONAL LIMITED,T07 : Clinical Waste Treatment installation,416080,186320,SN2 8EA,Solid,Hhold/Ind/Com,18 - HUMAN AND ANIMAL HEALTH CARE WASTE,Natal care - diagnosis - treatment or prevention of disease in humans,medicines other than those mentioned in 18 01 08,18 01 09,Treatment,Clinical Waste Transfer / Treatment,Tewkesbury,Gloucestershire,South West,Recovery,R13,2.625969,02 - Chemical preparation wastes,Off-specification chemical wastes
South West,Wiltshire,Swindon,Swindon,CP3138QD,Swindon Clinical Waste Transfer and Treatment Facility - EPR/CP3138QD,TRADEBE HEALTHCARE NATIONAL LIMITED,T07 : Clinical Waste Treatment installation,416080,186320,SN2 8EA,Solid,Hazardous,18 - HUMAN AND ANIMAL HEALTH CARE WASTE,Natal care - diagnosis - treatment or prevention of disease in humans,cytotoxic and cytostatic medicines,18 01 08*,Treatment,Clinical Waste Transfer / Treatment,Tewkesbury,Gloucestershire,South West,Transfer (D),D15,0.066041,02 - Chemical preparation wastes,Off-specification chemical wastes
South West,Wiltshire,Swindon,Swindon,CP3138QD,Swindon Clinical Waste Transfer and Treatment Facility - EPR/CP3138QD,TRADEBE HEALTHCARE NATIONAL LIMITED,T07 : Clinical Waste Treatment installation,416080,186320,SN2 8EA,Solid,Hazardous,18 - HUMAN AND ANIMAL HEALTH CARE WASTE,Natal care - diagnosis - treatment or prevention of disease in humans,wastes whose collection and disposal is subject to special requirements in order to prevent infection,18 01 03*,Treatment,Clinical Waste Transfer / Treatment,Tewkesbury,Gloucestershire,South West,Transfer (D),D15,7.861824,05 - Healthcare and biological wastes,Infectious health care wastes
South West,Wiltshire,Swindon,Swindon,CP3138QD,Swindon Clinical Waste Transfer and Treatment Facility - EPR/CP3138QD,TRADEBE HEALTHCARE NATIONAL LIMITED,T07 : Clinical Waste Treatment installation,416080,186320,SN2 8EA,Solid,Hhold/Ind/Com,18 - HUMAN AND ANIMAL HEALTH CARE WASTE,Natal care - diagnosis - treatment or prevention of disease in humans,medicines other than those mentioned in 18 01 08,18 01 09,Treatment,Clinical Waste Transfer / Treatment,Tewkesbury,Gloucestershire,South West,Transfer (D),D15,0.58,02 - Chemical preparation wastes,Off-specification chemical wastes
South West,Wiltshire,Swindon,Swindon,CP3138QD,Swindon Clinical Waste Transfer and Treatment Facility - EPR/CP3138QD,TRADEBE HEALTHCARE NATIONAL LIMITED,T07 : Clinical Waste Treatment installation,416080,186320,SN2 8EA,Solid,Hhold/Ind/Com,18 - HUMAN AND ANIMAL HEALTH CARE WASTE,Natal care - diagnosis - treatment or prevention of disease in humans,"wastes whose collection and disposal is not subject to special requirements in order to prevent infection(for example dressings, plaster casts, linen, disposable clothing, diapers)",18 01 04,Treatment,Clinical Waste Transfer / Treatment,Tewkesbury,Gloucestershire,South West,Transfer (D),D15,6.433131,10 - Mixed ordinary wastes,Mixed and undifferentiated materials
South West,Wiltshire,Swindon,Swindon,CP3138QD,Swindon Clinical Waste Transfer and Treatment Facility - EPR/CP3138QD,TRADEBE HEALTHCARE NATIONAL LIMITED,T07 : Clinical Waste Treatment installation,416080,186320,SN2 8EA,Solid,Hazardous,18 - HUMAN AND ANIMAL HEALTH CARE WASTE,Natal care - diagnosis - treatment or prevention of disease in humans,wastes whose collection and disposal is subject to special requirements in order to prevent infection,18 01 03*,Treatment,Clinical Waste Transfer / Treatment,Tewkesbury,Gloucestershire,South West,Treatment,D09,9.344274,05 - Healthcare and biological wastes,Infectious health care wastes
South West,Wiltshire,Swindon,Swindon,CP3138QD,Swindon Clinical Waste Transfer and Treatment Facility - EPR/CP3138QD,TRADEBE HEALTHCARE NATIONAL LIMITED,T07 : Clinical Waste Treatment installation,416080,186320,SN2 8EA,Solid,Hhold/Ind/Com,18 - HUMAN AND ANIMAL HEALTH CARE WASTE,Natal care - diagnosis - treatment or prevention of disease in humans,medicines other than those mentioned in 18 01 08,18 01 09,Treatment,Clinical Waste Transfer / Treatment,Basingstoke and Deane,Hampshire,South East,Recovery,R13,0.242854,02 - Chemical preparation wastes,Off-specification chemical wastes
South West,Wiltshire,Swindon,Swindon,CP3138QD,Swindon Clinical Waste Transfer and Treatment Facility - EPR/CP3138QD,TRADEBE HEALTHCARE NATIONAL LIMITED,T07 : Clinical Waste Treatment installation,416080,186320,SN2 8EA,Solid,Hazardous,18 - HUMAN AND ANIMAL HEALTH CARE WASTE,Natal care - diagnosis - treatment or prevention of disease in humans,wastes whose collection and disposal is subject to special requirements in order to prevent infection,18 01 03*,Treatment,Clinical Waste Transfer / Treatment,Basingstoke and Deane,Hampshire,South East,Transfer (D),D15,0.007,05 - Healthcare and biological wastes,Infectious health care wastes
South West,Wiltshire,Swindon,Swindon,CP3138QD,Swindon Clinical Waste Transfer and Treatment Facility - EPR/CP3138QD,TRADEBE HEALTHCARE NATIONAL LIMITED,T07 : Clinical Waste Treatment installation,416080,186320,SN2 8EA,Solid,Hazardous,18 - HUMAN AND ANIMAL HEALTH CARE WASTE,Natal care - diagnosis - treatment or prevention of disease in humans,wastes whose collection and disposal is subject to special requirements in order to prevent infection,18 01 03*,Treatment,Clinical Waste Transfer / Treatment,Basingstoke and Deane,Hampshire,South East,Treatment,D09,0.016107,05 - Healthcare and biological wastes,Infectious health care wastes
South West,Wiltshire,Swindon,Swindon,CP3138QD,Swindon Clinical Waste Transfer and Treatment Facility - EPR/CP3138QD,TRADEBE HEALTHCARE NATIONAL LIMITED,T07 : Clinical Waste Treatment installation,416080,186320,SN2 8EA,Solid,Hhold/Ind/Com,18 - HUMAN AND ANIMAL HEALTH CARE WASTE,Natal care - diagnosis - treatment or prevention of disease in humans,medicines other than those mentioned in 18 01 08,18 01 09,Treatment,Clinical Waste Transfer / Treatment,East Hampshire,Hampshire,South East,Recovery,R13,0.273873,02 - Chemical preparation wastes,Off-specification chemical wastes
South West,Wiltshire,Swindon,Swindon,CP3138QD,Swindon Clinical Waste Transfer and Treatment Facility - EPR/CP3138QD,TRADEBE HEALTHCARE NATIONAL LIMITED,T07 : Clinical Waste Treatment installation,416080,186320,SN2 8EA,Solid,Hazardous,18 - HUMAN AND ANIMAL HEALTH CARE WASTE,Natal care - diagnosis - treatment or prevention of disease in humans,wastes whose collection and disposal is subject to special requirements in order to prevent infection,18 01 03*,Treatment,Clinical Waste Transfer / Treatment,East Hampshire,Hampshire,South East,Transfer (D),D15,0.0037,05 - Healthcare and biological wastes,Infectious health care wastes
South West,Wiltshire,Swindon,Swindon,CP3138QD,Swindon Clinical Waste Transfer and Treatment Facility - EPR/CP3138QD,TRADEBE HEALTHCARE NATIONAL LIMITED,T07 : Clinical Waste Treatment installation,416080,186320,SN2 8EA,Solid,Hazardous,18 - HUMAN AND ANIMAL HEALTH CARE WASTE,Natal care - diagnosis - treatment or prevention of disease in humans,wastes whose collection and disposal is subject to special requirements in order to prevent infection,18 01 03*,Treatment,Clinical Waste Transfer / Treatment,East Hampshire,Hampshire,South East,Treatment,D09,0.0192,05 - Healthcare and biological wastes,Infectious health care wastes
South West,Wiltshire,Swindon,Swindon,CP3138QD,Swindon Clinical Waste Transfer and Treatment Facility - EPR/CP3138QD,TRADEBE HEALTHCARE NATIONAL LIMITED,T07 : Clinical Waste Treatment installation,416080,186320,SN2 8EA,Solid,Hhold/Ind/Com,18 - HUMAN AND ANIMAL HEALTH CARE WASTE,Natal care - diagnosis - treatment or prevention of disease in humans,medicines other than those mentioned in 18 01 08,18 01 09,Treatment,Clinical Waste Transfer / Treatment,Eastleigh,Hampshire,South East,Recovery,R13,0.058326,02 - Chemical preparation wastes,Off-specification chemical wastes
South West,Wiltshire,Swindon,Swindon,CP3138QD,Swindon Clinical Waste Transfer and Treatment Facility - EPR/CP3138QD,TRADEBE HEALTHCARE NATIONAL LIMITED,T07 : Clinical Waste Treatment installation,416080,186320,SN2 8EA,Solid,Hazardous,18 - HUMAN AND ANIMAL HEALTH CARE WASTE,Natal care - diagnosis - treatment or prevention of disease in humans,wastes whose collection and disposal is subject to special requirements in order to prevent infection,18 01 03*,Treatment,Clinical Waste Transfer / Treatment,Eastleigh,Hampshire,South East,Transfer (D),D15,0.02771,05 - Healthcare and biological wastes,Infectious health care wastes
South West,Wiltshire,Swindon,Swindon,CP3138QD,Swindon Clinical Waste Transfer and Treatment Facility - EPR/CP3138QD,TRADEBE HEALTHCARE NATIONAL LIMITED,T07 : Clinical Waste Treatment installation,416080,186320,SN2 8EA,Solid,Hazardous,18 - HUMAN AND ANIMAL HEALTH CARE WASTE,Natal care - diagnosis - treatment or prevention of disease in humans,wastes whose collection and disposal is subject to special requirements in order to prevent infection,18 01 03*,Treatment,Clinical Waste Transfer / Treatment,Eastleigh,Hampshire,South East,Treatment,D09,0.022115,05 - Healthcare and biological wastes,Infectious health care wastes
South West,Wiltshire,Swindon,Swindon,CP3138QD,Swindon Clinical Waste Transfer and Treatment Facility - EPR/CP3138QD,TRADEBE HEALTHCARE NATIONAL LIMITED,T07 : Clinical Waste Treatment installation,416080,186320,SN2 8EA,Solid,Hhold/Ind/Com,18 - HUMAN AND ANIMAL HEALTH CARE WASTE,Natal care - diagnosis - treatment or prevention of disease in humans,medicines other than those mentioned in 18 01 08,18 01 09,Treatment,Clinical Waste Transfer / Treatment,Fareham,Hampshire,South East,Recovery,R13,18.659881,02 - Chemical preparation wastes,Off-specification chemical wastes
South West,Wiltshire,Swindon,Swindon,CP3138QD,Swindon Clinical Waste Transfer and Treatment Facility - EPR/CP3138QD,TRADEBE HEALTHCARE NATIONAL LIMITED,T07 : Clinical Waste Treatment installation,416080,186320,SN2 8EA,Solid,Hazardous,18 - HUMAN AND ANIMAL HEALTH CARE WASTE,Natal care - diagnosis - treatment or prevention of disease in humans,cytotoxic and cytostatic medicines,18 01 08*,Treatment,Clinical Waste Transfer / Treatment,Fareham,Hampshire,South East,Transfer (D),D15,1.2444,02 - Chemical preparation wastes,Off-specification chemical wastes
South West,Wiltshire,Swindon,Swindon,CP3138QD,Swindon Clinical Waste Transfer and Treatment Facility - EPR/CP3138QD,TRADEBE HEALTHCARE NATIONAL LIMITED,T07 : Clinical Waste Treatment installation,416080,186320,SN2 8EA,Solid,Hazardous,18 - HUMAN AND ANIMAL HEALTH CARE WASTE,Natal care - diagnosis - treatment or prevention of disease in humans,wastes whose collection and disposal is subject to special requirements in order to prevent infection,18 01 03*,Treatment,Clinical Waste Transfer / Treatment,Fareham,Hampshire,South East,Transfer (D),D15,130.91335,05 - Healthcare and biological wastes,Infectious health care wastes
South West,Wiltshire,Swindon,Swindon,CP3138QD,Swindon Clinical Waste Transfer and Treatment Facility - EPR/CP3138QD,TRADEBE HEALTHCARE NATIONAL LIMITED,T07 : Clinical Waste Treatment installation,416080,186320,SN2 8EA,Solid,Hhold/Ind/Com,18 - HUMAN AND ANIMAL HEALTH CARE WASTE,Natal care - diagnosis - treatment or prevention of disease in humans,Body parts and organs including blood bags and blood preserves (except 18 01 03),18 01 02,Treatment,Clinical Waste Transfer / Treatment,Fareham,Hampshire,South East,Transfer (D),D15,0.1454,05 - Healthcare and biological wastes,Infectious health care wastes
South West,Wiltshire,Swindon,Swindon,CP3138QD,Swindon Clinical Waste Transfer and Treatment Facility - EPR/CP3138QD,TRADEBE HEALTHCARE NATIONAL LIMITED,T07 : Clinical Waste Treatment installation,416080,186320,SN2 8EA,Solid,Hhold/Ind/Com,18 - HUMAN AND ANIMAL HEALTH CARE WASTE,Natal care - diagnosis - treatment or prevention of disease in humans,medicines other than those mentioned in 18 01 08,18 01 09,Treatment,Clinical Waste Transfer / Treatment,Fareham,Hampshire,South East,Transfer (D),D15,4.3424,02 - Chemical preparation wastes,Off-specification chemical wastes
South West,Wiltshire,Swindon,Swindon,CP3138QD,Swindon Clinical Waste Transfer and Treatment Facility - EPR/CP3138QD,TRADEBE HEALTHCARE NATIONAL LIMITED,T07 : Clinical Waste Treatment installation,416080,186320,SN2 8EA,Solid,Hhold/Ind/Com,18 - HUMAN AND ANIMAL HEALTH CARE WASTE,Natal care - diagnosis - treatment or prevention of disease in humans,sharps (except 18 01 03),18 01 01,Treatment,Clinical Waste Transfer / Treatment,Fareham,Hampshire,South East,Transfer (D),D15,0.1356,05 - Healthcare and biological wastes,Infectious health care wastes
South West,Wiltshire,Swindon,Swindon,CP3138QD,Swindon Clinical Waste Transfer and Treatment Facility - EPR/CP3138QD,TRADEBE HEALTHCARE NATIONAL LIMITED,T07 : Clinical Waste Treatment installation,416080,186320,SN2 8EA,Solid,Hazardous,18 - HUMAN AND ANIMAL HEALTH CARE WASTE,Natal care - diagnosis - treatment or prevention of disease in humans,wastes whose collection and disposal is subject to special requirements in order to prevent infection,18 01 03*,Treatment,Clinical Waste Transfer / Treatment,Fareham,Hampshire,South East,Treatment,D09,206.048573,05 - Healthcare and biological wastes,Infectious health care wastes
South West,Wiltshire,Swindon,Swindon,CP3138QD,Swindon Clinical Waste Transfer and Treatment Facility - EPR/CP3138QD,TRADEBE HEALTHCARE NATIONAL LIMITED,T07 : Clinical Waste Treatment installation,416080,186320,SN2 8EA,Solid,Hhold/Ind/Com,18 - HUMAN AND ANIMAL HEALTH CARE WASTE,Natal care - diagnosis - treatment or prevention of disease in humans,medicines other than those mentioned in 18 01 08,18 01 09,Treatment,Clinical Waste Transfer / Treatment,Gosport,Hampshire,South East,Recovery,R13,0.199757,02 - Chemical preparation wastes,Off-specification chemical wastes
South West,Wiltshire,Swindon,Swindon,CP3138QD,Swindon Clinical Waste Transfer and Treatment Facility - EPR/CP3138QD,TRADEBE HEALTHCARE NATIONAL LIMITED,T07 : Clinical Waste Treatment installation,416080,186320,SN2 8EA,Solid,Hazardous,18 - HUMAN AND ANIMAL HEALTH CARE WASTE,Natal care - diagnosis - treatment or prevention of disease in humans,wastes whose collection and disposal is subject to special requirements in order to prevent infection,18 01 03*,Treatment,Clinical Waste Transfer / Treatment,Gosport,Hampshire,South East,Transfer (D),D15,0.062559,05 - Healthcare and biological wastes,Infectious health care wastes
South West,Wiltshire,Swindon,Swindon,CP3138QD,Swindon Clinical Waste Transfer and Treatment Facility - EPR/CP3138QD,TRADEBE HEALTHCARE NATIONAL LIMITED,T07 : Clinical Waste Treatment installation,416080,186320,SN2 8EA,Solid,Hhold/Ind/Com,18 - HUMAN AND ANIMAL HEALTH CARE WASTE,Natal care - diagnosis - treatment or prevention of disease in humans,medicines other than those mentioned in 18 01 08,18 01 09,Treatment,Clinical Waste Transfer / Treatment,Hart,Hampshire,South East,Recovery,R13,0.01472,02 - Chemical preparation wastes,Off-specification chemical wastes
South West,Wiltshire,Swindon,Swindon,CP3138QD,Swindon Clinical Waste Transfer and Treatment Facility - EPR/CP3138QD,TRADEBE HEALTHCARE NATIONAL LIMITED,T07 : Clinical Waste Treatment installation,416080,186320,SN2 8EA,Solid,Hhold/Ind/Com,18 - HUMAN AND ANIMAL HEALTH CARE WASTE,Natal care - diagnosis - treatment or prevention of disease in humans,medicines other than those mentioned in 18 01 08,18 01 09,Treatment,Clinical Waste Transfer / Treatment,Havant,Hampshire,South East,Recovery,R13,0.173518,02 - Chemical preparation wastes,Off-specification chemical wastes
South West,Wiltshire,Swindon,Swindon,CP3138QD,Swindon Clinical Waste Transfer and Treatment Facility - EPR/CP3138QD,TRADEBE HEALTHCARE NATIONAL LIMITED,T07 : Clinical Waste Treatment installation,416080,186320,SN2 8EA,Solid,Hhold/Ind/Com,18 - HUMAN AND ANIMAL HEALTH CARE WASTE,Natal care - diagnosis - treatment or prevention of disease in humans,medicines other than those mentioned in 18 01 08,18 01 09,Treatment,Clinical Waste Transfer / Treatment,New Forest,Hampshire,South East,Recovery,R13,0.166436,02 - Chemical preparation wastes,Off-specification chemical wastes
South West,Wiltshire,Swindon,Swindon,CP3138QD,Swindon Clinical Waste Transfer and Treatment Facility - EPR/CP3138QD,TRADEBE HEALTHCARE NATIONAL LIMITED,T07 : Clinical Waste Treatment installation,416080,186320,SN2 8EA,Solid,Hazardous,18 - HUMAN AND ANIMAL HEALTH CARE WASTE,Natal care - diagnosis - treatment or prevention of disease in humans,wastes whose collection and disposal is subject to special requirements in order to prevent infection,18 01 03*,Treatment,Clinical Waste Transfer / Treatment,New Forest,Hampshire,South East,Transfer (D),D15,0.04928,05 - Healthcare and biological wastes,Infectious health care wastes
South West,Wiltshire,Swindon,Swindon,CP3138QD,Swindon Clinical Waste Transfer and Treatment Facility - EPR/CP3138QD,TRADEBE HEALTHCARE NATIONAL LIMITED,T07 : Clinical Waste Treatment installation,416080,186320,SN2 8EA,Solid,Hazardous,18 - HUMAN AND ANIMAL HEALTH CARE WASTE,Natal care - diagnosis - treatment or prevention of disease in humans,wastes whose collection and disposal is subject to special requirements in order to prevent infection,18 01 03*,Treatment,Clinical Waste Transfer / Treatment,New Forest,Hampshire,South East,Treatment,D09,0.002182,05 - Healthcare and biological wastes,Infectious health care wastes
South West,Wiltshire,Swindon,Swindon,CP3138QD,Swindon Clinical Waste Transfer and Treatment Facility - EPR/CP3138QD,TRADEBE HEALTHCARE NATIONAL LIMITED,T07 : Clinical Waste Treatment installation,416080,186320,SN2 8EA,Solid,Hhold/Ind/Com,18 - HUMAN AND ANIMAL HEALTH CARE WASTE,Natal care - diagnosis - treatment or prevention of disease in humans,medicines other than those mentioned in 18 01 08,18 01 09,Treatment,Clinical Waste Transfer / Treatment,Test Valley,Hampshire,South East,Recovery,R13,0.007,02 - Chemical preparation wastes,Off-specification chemical wastes
South West,Wiltshire,Swindon,Swindon,CP3138QD,Swindon Clinical Waste Transfer and Treatment Facility - EPR/CP3138QD,TRADEBE HEALTHCARE NATIONAL LIMITED,T07 : Clinical Waste Treatment installation,416080,186320,SN2 8EA,Solid,Hazardous,18 - HUMAN AND ANIMAL HEALTH CARE WASTE,Natal care - diagnosis - treatment or prevention of disease in humans,chemicals consisting of or containing dangerous substances,18 01 06*,Treatment,Clinical Waste Transfer / Treatment,Test Valley,Hampshire,South East,Transfer (D),D15,0.053,02 - Chemical preparation wastes,Off-specification chemical wastes
South West,Wiltshire,Swindon,Swindon,CP3138QD,Swindon Clinical Waste Transfer and Treatment Facility - EPR/CP3138QD,TRADEBE HEALTHCARE NATIONAL LIMITED,T07 : Clinical Waste Treatment installation,416080,186320,SN2 8EA,Solid,Hazardous,18 - HUMAN AND ANIMAL HEALTH CARE WASTE,Natal care - diagnosis - treatment or prevention of disease in humans,wastes whose collection and disposal is subject to special requirements in order to prevent infection,18 01 03*,Treatment,Clinical Waste Transfer / Treatment,Test Valley,Hampshire,South East,Transfer (D),D15,0.15651,05 - Healthcare and biological wastes,Infectious health care wastes
South West,Wiltshire,Swindon,Swindon,CP3138QD,Swindon Clinical Waste Transfer and Treatment Facility - EPR/CP3138QD,TRADEBE HEALTHCARE NATIONAL LIMITED,T07 : Clinical Waste Treatment installation,416080,186320,SN2 8EA,Solid,Hhold/Ind/Com,18 - HUMAN AND ANIMAL HEALTH CARE WASTE,Natal care - diagnosis - treatment or prevention of disease in humans,"wastes whose collection and disposal is not subject to special requirements in order to prevent infection(for example dressings, plaster casts, linen, disposable clothing, diapers)",18 01 04,Treatment,Clinical Waste Transfer / Treatment,Test Valley,Hampshire,South East,Transfer (D),D15,0.2672,10 - Mixed ordinary wastes,Mixed and undifferentiated materials
South West,Wiltshire,Swindon,Swindon,CP3138QD,Swindon Clinical Waste Transfer and Treatment Facility - EPR/CP3138QD,TRADEBE HEALTHCARE NATIONAL LIMITED,T07 : Clinical Waste Treatment installation,416080,186320,SN2 8EA,Solid,Hazardous,18 - HUMAN AND ANIMAL HEALTH CARE WASTE,Natal care - diagnosis - treatment or prevention of disease in humans,wastes whose collection and disposal is subject to special requirements in order to prevent infection,18 01 03*,Treatment,Clinical Waste Transfer / Treatment,Test Valley,Hampshire,South East,Treatment,D09,1.682779,05 - Healthcare and biological wastes,Infectious health care wastes
South West,Wiltshire,Swindon,Swindon,CP3138QD,Swindon Clinical Waste Transfer and Treatment Facility - EPR/CP3138QD,TRADEBE HEALTHCARE NATIONAL LIMITED,T07 : Clinical Waste Treatment installation,416080,186320,SN2 8EA,Solid,Hhold/Ind/Com,18 - HUMAN AND ANIMAL HEALTH CARE WASTE,Natal care - diagnosis - treatment or prevention of disease in humans,medicines other than those mentioned in 18 01 08,18 01 09,Treatment,Clinical Waste Transfer / Treatment,Winchester,Hampshire,South East,Recovery,R13,0.029068,02 - Chemical preparation wastes,Off-specification chemical wastes
South West,Wiltshire,Swindon,Swindon,CP3138QD,Swindon Clinical Waste Transfer and Treatment Facility - EPR/CP3138QD,TRADEBE HEALTHCARE NATIONAL LIMITED,T07 : Clinical Waste Treatment installation,416080,186320,SN2 8EA,Solid,Hazardous,18 - HUMAN AND ANIMAL HEALTH CARE WASTE,Natal care - diagnosis - treatment or prevention of disease in humans,wastes whose collection and disposal is subject to special requirements in order to prevent infection,18 01 03*,Treatment,Clinical Waste Transfer / Treatment,Winchester,Hampshire,South East,Transfer (D),D15,0.0133,05 - Healthcare and biological wastes,Infectious health care wastes
South West,Wiltshire,Swindon,Swindon,CP3138QD,Swindon Clinical Waste Transfer and Treatment Facility - EPR/CP3138QD,TRADEBE HEALTHCARE NATIONAL LIMITED,T07 : Clinical Waste Treatment installation,416080,186320,SN2 8EA,Solid,Hazardous,18 - HUMAN AND ANIMAL HEALTH CARE WASTE,Natal care - diagnosis - treatment or prevention of disease in humans,wastes whose collection and disposal is subject to special requirements in order to prevent infection,18 01 03*,Treatment,Clinical Waste Transfer / Treatment,Winchester,Hampshire,South East,Treatment,D09,0.034493,05 - Healthcare and biological wastes,Infectious health care wastes
South West,Wiltshire,Swindon,Swindon,CP3138QD,Swindon Clinical Waste Transfer and Treatment Facility - EPR/CP3138QD,TRADEBE HEALTHCARE NATIONAL LIMITED,T07 : Clinical Waste Treatment installation,416080,186320,SN2 8EA,Solid,Hazardous,18 - HUMAN AND ANIMAL HEALTH CARE WASTE,Natal care - diagnosis - treatment or prevention of disease in humans,wastes whose collection and disposal is subject to special requirements in order to prevent infection,18 01 03*,Treatment,Clinical Waste Transfer / Treatment,"Herefordshire, The County of",Herefordshire,West Midlands,Incineration,D10,0.1572,05 - Healthcare and biological wastes,Infectious health care wastes
South West,Wiltshire,Swindon,Swindon,CP3138QD,Swindon Clinical Waste Transfer and Treatment Facility - EPR/CP3138QD,TRADEBE HEALTHCARE NATIONAL LIMITED,T07 : Clinical Waste Treatment installation,416080,186320,SN2 8EA,Solid,Hhold/Ind/Com,18 - HUMAN AND ANIMAL HEALTH CARE WASTE,Natal care - diagnosis - treatment or prevention of disease in humans,medicines other than those mentioned in 18 01 08,18 01 09,Treatment,Clinical Waste Transfer / Treatment,"Herefordshire, The County of",Herefordshire,West Midlands,Recovery,R13,0.234202,02 - Chemical preparation wastes,Off-specification chemical wastes
South West,Wiltshire,Swindon,Swindon,CP3138QD,Swindon Clinical Waste Transfer and Treatment Facility - EPR/CP3138QD,TRADEBE HEALTHCARE NATIONAL LIMITED,T07 : Clinical Waste Treatment installation,416080,186320,SN2 8EA,Solid,Hazardous,18 - HUMAN AND ANIMAL HEALTH CARE WASTE,Natal care - diagnosis - treatment or prevention of disease in humans,cytotoxic and cytostatic medicines,18 01 08*,Treatment,Clinical Waste Transfer / Treatment,"Herefordshire, The County of",Herefordshire,West Midlands,Transfer (D),D15,0.069345,02 - Chemical preparation wastes,Off-specification chemical wastes
South West,Wiltshire,Swindon,Swindon,CP3138QD,Swindon Clinical Waste Transfer and Treatment Facility - EPR/CP3138QD,TRADEBE HEALTHCARE NATIONAL LIMITED,T07 : Clinical Waste Treatment installation,416080,186320,SN2 8EA,Solid,Hazardous,18 - HUMAN AND ANIMAL HEALTH CARE WASTE,Natal care - diagnosis - treatment or prevention of disease in humans,wastes whose collection and disposal is subject to special requirements in order to prevent infection,18 01 03*,Treatment,Clinical Waste Transfer / Treatment,"Herefordshire, The County of",Herefordshire,West Midlands,Transfer (D),D15,8.92784,05 - Healthcare and biological wastes,Infectious health care wastes
South West,Wiltshire,Swindon,Swindon,CP3138QD,Swindon Clinical Waste Transfer and Treatment Facility - EPR/CP3138QD,TRADEBE HEALTHCARE NATIONAL LIMITED,T07 : Clinical Waste Treatment installation,416080,186320,SN2 8EA,Solid,Hhold/Ind/Com,18 - HUMAN AND ANIMAL HEALTH CARE WASTE,Natal care - diagnosis - treatment or prevention of disease in humans,medicines other than those mentioned in 18 01 08,18 01 09,Treatment,Clinical Waste Transfer / Treatment,"Herefordshire, The County of",Herefordshire,West Midlands,Transfer (D),D15,0.235,02 - Chemical preparation wastes,Off-specification chemical wastes
South West,Wiltshire,Swindon,Swindon,CP3138QD,Swindon Clinical Waste Transfer and Treatment Facility - EPR/CP3138QD,TRADEBE HEALTHCARE NATIONAL LIMITED,T07 : Clinical Waste Treatment installation,416080,186320,SN2 8EA,Solid,Hhold/Ind/Com,18 - HUMAN AND ANIMAL HEALTH CARE WASTE,Natal care - diagnosis - treatment or prevention of disease in humans,"wastes whose collection and disposal is not subject to special requirements in order to prevent infection(for example dressings, plaster casts, linen, disposable clothing, diapers)",18 01 04,Treatment,Clinical Waste Transfer / Treatment,"Herefordshire, The County of",Herefordshire,West Midlands,Transfer (D),D15,9.808267,10 - Mixed ordinary wastes,Mixed and undifferentiated materials
South West,Wiltshire,Swindon,Swindon,CP3138QD,Swindon Clinical Waste Transfer and Treatment Facility - EPR/CP3138QD,TRADEBE HEALTHCARE NATIONAL LIMITED,T07 : Clinical Waste Treatment installation,416080,186320,SN2 8EA,Solid,Hazardous,18 - HUMAN AND ANIMAL HEALTH CARE WASTE,Natal care - diagnosis - treatment or prevention of disease in humans,wastes whose collection and disposal is subject to special requirements in order to prevent infection,18 01 03*,Treatment,Clinical Waste Transfer / Treatment,"Herefordshire, The County of",Herefordshire,West Midlands,Treatment,D09,6.71501,05 - Healthcare and biological wastes,Infectious health care wastes
South West,Wiltshire,Swindon,Swindon,CP3138QD,Swindon Clinical Waste Transfer and Treatment Facility - EPR/CP3138QD,TRADEBE HEALTHCARE NATIONAL LIMITED,T07 : Clinical Waste Treatment installation,416080,186320,SN2 8EA,Solid,Hazardous,18 - HUMAN AND ANIMAL HEALTH CARE WASTE,Natal care - diagnosis - treatment or prevention of disease in humans,cytotoxic and cytostatic medicines,18 01 08*,Treatment,Clinical Waste Transfer / Treatment,Broxbourne,Hertfordshire,East of England,Transfer (D),D15,0.0152,02 - Chemical preparation wastes,Off-specification chemical wastes
South West,Wiltshire,Swindon,Swindon,CP3138QD,Swindon Clinical Waste Transfer and Treatment Facility - EPR/CP3138QD,TRADEBE HEALTHCARE NATIONAL LIMITED,T07 : Clinical Waste Treatment installation,416080,186320,SN2 8EA,Solid,Hazardous,18 - HUMAN AND ANIMAL HEALTH CARE WASTE,Natal care - diagnosis - treatment or prevention of disease in humans,wastes whose collection and disposal is subject to special requirements in order to prevent infection,18 01 03*,Treatment,Clinical Waste Transfer / Treatment,Broxbourne,Hertfordshire,East of England,Transfer (D),D15,0.097699,05 - Healthcare and biological wastes,Infectious health care wastes
South West,Wiltshire,Swindon,Swindon,CP3138QD,Swindon Clinical Waste Transfer and Treatment Facility - EPR/CP3138QD,TRADEBE HEALTHCARE NATIONAL LIMITED,T07 : Clinical Waste Treatment installation,416080,186320,SN2 8EA,Solid,Hazardous,18 - HUMAN AND ANIMAL HEALTH CARE WASTE,Natal care - diagnosis - treatment or prevention of disease in humans,wastes whose collection and disposal is subject to special requirements in order to prevent infection,18 01 03*,Treatment,Clinical Waste Transfer / Treatment,Broxbourne,Hertfordshire,East of England,Treatment,D09,0.350751,05 - Healthcare and biological wastes,Infectious health care wastes
South West,Wiltshire,Swindon,Swindon,CP3138QD,Swindon Clinical Waste Transfer and Treatment Facility - EPR/CP3138QD,TRADEBE HEALTHCARE NATIONAL LIMITED,T07 : Clinical Waste Treatment installation,416080,186320,SN2 8EA,Solid,Hazardous,18 - HUMAN AND ANIMAL HEALTH CARE WASTE,Natal care - diagnosis - treatment or prevention of disease in humans,wastes whose collection and disposal is subject to special requirements in order to prevent infection,18 01 03*,Treatment,Clinical Waste Transfer / Treatment,Hertfordshire,Hertfordshire,East of England,Transfer (D),D15,0.4546,05 - Healthcare and biological wastes,Infectious health care wastes
South West,Wiltshire,Swindon,Swindon,CP3138QD,Swindon Clinical Waste Transfer and Treatment Facility - EPR/CP3138QD,TRADEBE HEALTHCARE NATIONAL LIMITED,T07 : Clinical Waste Treatment installation,416080,186320,SN2 8EA,Solid,Hhold/Ind/Com,18 - HUMAN AND ANIMAL HEALTH CARE WASTE,Natal care - diagnosis - treatment or prevention of disease in humans,"wastes whose collection and disposal is not subject to special requirements in order to prevent infection(for example dressings, plaster casts, linen, disposable clothing, diapers)",18 01 04,Treatment,Clinical Waste Transfer / Treatment,Hertfordshire,Hertfordshire,East of England,Transfer (D),D15,2.8816,10 - Mixed ordinary wastes,Mixed and undifferentiated materials
South West,Wiltshire,Swindon,Swindon,CP3138QD,Swindon Clinical Waste Transfer and Treatment Facility - EPR/CP3138QD,TRADEBE HEALTHCARE NATIONAL LIMITED,T07 : Clinical Waste Treatment installation,416080,186320,SN2 8EA,Solid,Hazardous,18 - HUMAN AND ANIMAL HEALTH CARE WASTE,Natal care - diagnosis - treatment or prevention of disease in humans,wastes whose collection and disposal is subject to special requirements in order to prevent infection,18 01 03*,Treatment,Clinical Waste Transfer / Treatment,Hertfordshire,Hertfordshire,East of England,Treatment,D09,2.8248,05 - Healthcare and biological wastes,Infectious health care wastes
South West,Wiltshire,Swindon,Swindon,CP3138QD,Swindon Clinical Waste Transfer and Treatment Facility - EPR/CP3138QD,TRADEBE HEALTHCARE NATIONAL LIMITED,T07 : Clinical Waste Treatment installation,416080,186320,SN2 8EA,Solid,Hazardous,18 - HUMAN AND ANIMAL HEALTH CARE WASTE,Natal care - diagnosis - treatment or prevention of disease in humans,wastes whose collection and disposal is subject to special requirements in order to prevent infection,18 01 03*,Treatment,Clinical Waste Transfer / Treatment,Hertsmere,Hertfordshire,East of England,Transfer (D),D15,0.003162,05 - Healthcare and biological wastes,Infectious health care wastes
South West,Wiltshire,Swindon,Swindon,CP3138QD,Swindon Clinical Waste Transfer and Treatment Facility - EPR/CP3138QD,TRADEBE HEALTHCARE NATIONAL LIMITED,T07 : Clinical Waste Treatment installation,416080,186320,SN2 8EA,Solid,Hazardous,18 - HUMAN AND ANIMAL HEALTH CARE WASTE,Natal care - diagnosis - treatment or prevention of disease in humans,wastes whose collection and disposal is subject to special requirements in order to prevent infection,18 01 03*,Treatment,Clinical Waste Transfer / Treatment,Hertsmere,Hertfordshire,East of England,Treatment,D09,0.000921,05 - Healthcare and biological wastes,Infectious health care wastes
South West,Wiltshire,Swindon,Swindon,CP3138QD,Swindon Clinical Waste Transfer and Treatment Facility - EPR/CP3138QD,TRADEBE HEALTHCARE NATIONAL LIMITED,T07 : Clinical Waste Treatment installation,416080,186320,SN2 8EA,Solid,Hazardous,18 - HUMAN AND ANIMAL HEALTH CARE WASTE,Natal care - diagnosis - treatment or prevention of disease in humans,wastes whose collection and disposal is subject to special requirements in order to prevent infection,18 01 03*,Treatment,Clinical Waste Transfer / Treatment,North Hertfordshire,Hertfordshire,East of England,Incineration,D10,0.039,05 - Healthcare and biological wastes,Infectious health care wastes
South West,Wiltshire,Swindon,Swindon,CP3138QD,Swindon Clinical Waste Transfer and Treatment Facility - EPR/CP3138QD,TRADEBE HEALTHCARE NATIONAL LIMITED,T07 : Clinical Waste Treatment installation,416080,186320,SN2 8EA,Solid,Hhold/Ind/Com,18 - HUMAN AND ANIMAL HEALTH CARE WASTE,Natal care - diagnosis - treatment or prevention of disease in humans,medicines other than those mentioned in 18 01 08,18 01 09,Treatment,Clinical Waste Transfer / Treatment,Watford,Hertfordshire,East of England,Recovery,R13,1.0346,02 - Chemical preparation wastes,Off-specification chemical wastes
South West,Wiltshire,Swindon,Swindon,CP3138QD,Swindon Clinical Waste Transfer and Treatment Facility - EPR/CP3138QD,TRADEBE HEALTHCARE NATIONAL LIMITED,T07 : Clinical Waste Treatment installation,416080,186320,SN2 8EA,Solid,Hazardous,18 - HUMAN AND ANIMAL HEALTH CARE WASTE,Natal care - diagnosis - treatment or prevention of disease in humans,chemicals consisting of or containing dangerous substances,18 01 06*,Treatment,Clinical Waste Transfer / Treatment,Watford,Hertfordshire,East of England,Transfer (D),D15,1.768,02 - Chemical preparation wastes,Off-specification chemical wastes
South West,Wiltshire,Swindon,Swindon,CP3138QD,Swindon Clinical Waste Transfer and Treatment Facility - EPR/CP3138QD,TRADEBE HEALTHCARE NATIONAL LIMITED,T07 : Clinical Waste Treatment installation,416080,186320,SN2 8EA,Solid,Hazardous,18 - HUMAN AND ANIMAL HEALTH CARE WASTE,Natal care - diagnosis - treatment or prevention of disease in humans,cytotoxic and cytostatic medicines,18 01 08*,Treatment,Clinical Waste Transfer / Treatment,Watford,Hertfordshire,East of England,Transfer (D),D15,1.6024,02 - Chemical preparation wastes,Off-specification chemical wastes
South West,Wiltshire,Swindon,Swindon,CP3138QD,Swindon Clinical Waste Transfer and Treatment Facility - EPR/CP3138QD,TRADEBE HEALTHCARE NATIONAL LIMITED,T07 : Clinical Waste Treatment installation,416080,186320,SN2 8EA,Solid,Hazardous,18 - HUMAN AND ANIMAL HEALTH CARE WASTE,Natal care - diagnosis - treatment or prevention of disease in humans,wastes whose collection and disposal is subject to special requirements in order to prevent infection,18 01 03*,Treatment,Clinical Waste Transfer / Treatment,Watford,Hertfordshire,East of England,Transfer (D),D15,81.7905,05 - Healthcare and biological wastes,Infectious health care wastes
South West,Wiltshire,Swindon,Swindon,CP3138QD,Swindon Clinical Waste Transfer and Treatment Facility - EPR/CP3138QD,TRADEBE HEALTHCARE NATIONAL LIMITED,T07 : Clinical Waste Treatment installation,416080,186320,SN2 8EA,Solid,Hhold/Ind/Com,18 - HUMAN AND ANIMAL HEALTH CARE WASTE,Natal care - diagnosis - treatment or prevention of disease in humans,Body parts and organs including blood bags and blood preserves (except 18 01 03),18 01 02,Treatment,Clinical Waste Transfer / Treatment,Watford,Hertfordshire,East of England,Transfer (D),D15,0.429,05 - Healthcare and biological wastes,Infectious health care wastes
South West,Wiltshire,Swindon,Swindon,CP3138QD,Swindon Clinical Waste Transfer and Treatment Facility - EPR/CP3138QD,TRADEBE HEALTHCARE NATIONAL LIMITED,T07 : Clinical Waste Treatment installation,416080,186320,SN2 8EA,Solid,Hhold/Ind/Com,18 - HUMAN AND ANIMAL HEALTH CARE WASTE,Natal care - diagnosis - treatment or prevention of disease in humans,medicines other than those mentioned in 18 01 08,18 01 09,Treatment,Clinical Waste Transfer / Treatment,Watford,Hertfordshire,East of England,Transfer (D),D15,0.1684,02 - Chemical preparation wastes,Off-specification chemical wastes
South West,Wiltshire,Swindon,Swindon,CP3138QD,Swindon Clinical Waste Transfer and Treatment Facility - EPR/CP3138QD,TRADEBE HEALTHCARE NATIONAL LIMITED,T07 : Clinical Waste Treatment installation,416080,186320,SN2 8EA,Solid,Hhold/Ind/Com,18 - HUMAN AND ANIMAL HEALTH CARE WASTE,Natal care - diagnosis - treatment or prevention of disease in humans,"wastes whose collection and disposal is not subject to special requirements in order to prevent infection(for example dressings, plaster casts, linen, disposable clothing, diapers)",18 01 04,Treatment,Clinical Waste Transfer / Treatment,Watford,Hertfordshire,East of England,Transfer (D),D15,119.7548,10 - Mixed ordinary wastes,Mixed and undifferentiated materials
South West,Wiltshire,Swindon,Swindon,CP3138QD,Swindon Clinical Waste Transfer and Treatment Facility - EPR/CP3138QD,TRADEBE HEALTHCARE NATIONAL LIMITED,T07 : Clinical Waste Treatment installation,416080,186320,SN2 8EA,Solid,Hazardous,18 - HUMAN AND ANIMAL HEALTH CARE WASTE,Natal care - diagnosis - treatment or prevention of disease in humans,wastes whose collection and disposal is subject to special requirements in order to prevent infection,18 01 03*,Treatment,Clinical Waste Transfer / Treatment,Watford,Hertfordshire,East of England,Treatment,D09,33.4325,05 - Healthcare and biological wastes,Infectious health care wastes
South West,Wiltshire,Swindon,Swindon,CP3138QD,Swindon Clinical Waste Transfer and Treatment Facility - EPR/CP3138QD,TRADEBE HEALTHCARE NATIONAL LIMITED,T07 : Clinical Waste Treatment installation,416080,186320,SN2 8EA,Solid,Hazardous,18 - HUMAN AND ANIMAL HEALTH CARE WASTE,Natal care - diagnosis - treatment or prevention of disease in humans,wastes whose collection and disposal is subject to special requirements in order to prevent infection,18 01 03*,Treatment,Clinical Waste Transfer / Treatment,Ashford,Kent,South East,Incineration,D10,0.7562,05 - Healthcare and biological wastes,Infectious health care wastes
South West,Wiltshire,Swindon,Swindon,CP3138QD,Swindon Clinical Waste Transfer and Treatment Facility - EPR/CP3138QD,TRADEBE HEALTHCARE NATIONAL LIMITED,T07 : Clinical Waste Treatment installation,416080,186320,SN2 8EA,Solid,Hhold/Ind/Com,18 - HUMAN AND ANIMAL HEALTH CARE WASTE,Natal care - diagnosis - treatment or prevention of disease in humans,medicines other than those mentioned in 18 01 08,18 01 09,Treatment,Clinical Waste Transfer / Treatment,Ashford,Kent,South East,Incineration,D10,0.0422,02 - Chemical preparation wastes,Off-specification chemical wastes
South West,Wiltshire,Swindon,Swindon,CP3138QD,Swindon Clinical Waste Transfer and Treatment Facility - EPR/CP3138QD,TRADEBE HEALTHCARE NATIONAL LIMITED,T07 : Clinical Waste Treatment installation,416080,186320,SN2 8EA,Solid,Hhold/Ind/Com,18 - HUMAN AND ANIMAL HEALTH CARE WASTE,Natal care - diagnosis - treatment or prevention of disease in humans,medicines other than those mentioned in 18 01 08,18 01 09,Treatment,Clinical Waste Transfer / Treatment,Ashford,Kent,South East,Recovery,R13,0.165303,02 - Chemical preparation wastes,Off-specification chemical wastes
South West,Wiltshire,Swindon,Swindon,CP3138QD,Swindon Clinical Waste Transfer and Treatment Facility - EPR/CP3138QD,TRADEBE HEALTHCARE NATIONAL LIMITED,T07 : Clinical Waste Treatment installation,416080,186320,SN2 8EA,Solid,Hazardous,18 - HUMAN AND ANIMAL HEALTH CARE WASTE,Natal care - diagnosis - treatment or prevention of disease in humans,wastes whose collection and disposal is subject to special requirements in order to prevent infection,18 01 03*,Treatment,Clinical Waste Transfer / Treatment,Ashford,Kent,South East,Transfer (D),D15,0.039584,05 - Healthcare and biological wastes,Infectious health care wastes
South West,Wiltshire,Swindon,Swindon,CP3138QD,Swindon Clinical Waste Transfer and Treatment Facility - EPR/CP3138QD,TRADEBE HEALTHCARE NATIONAL LIMITED,T07 : Clinical Waste Treatment installation,416080,186320,SN2 8EA,Solid,Hhold/Ind/Com,18 - HUMAN AND ANIMAL HEALTH CARE WASTE,Natal care - diagnosis - treatment or prevention of disease in humans,medicines other than those mentioned in 18 01 08,18 01 09,Treatment,Clinical Waste Transfer / Treatment,Ashford,Kent,South East,Transfer (D),D15,0.272,02 - Chemical preparation wastes,Off-specification chemical wastes
South West,Wiltshire,Swindon,Swindon,CP3138QD,Swindon Clinical Waste Transfer and Treatment Facility - EPR/CP3138QD,TRADEBE HEALTHCARE NATIONAL LIMITED,T07 : Clinical Waste Treatment installation,416080,186320,SN2 8EA,Solid,Hhold/Ind/Com,18 - HUMAN AND ANIMAL HEALTH CARE WASTE,Natal care - diagnosis - treatment or prevention of disease in humans,"wastes whose collection and disposal is not subject to special requirements in order to prevent infection(for example dressings, plaster casts, linen, disposable clothing, diapers)",18 01 04,Treatment,Clinical Waste Transfer / Treatment,Ashford,Kent,South East,Transfer (D),D15,1.448374,10 - Mixed ordinary wastes,Mixed and undifferentiated materials
South West,Wiltshire,Swindon,Swindon,CP3138QD,Swindon Clinical Waste Transfer and Treatment Facility - EPR/CP3138QD,TRADEBE HEALTHCARE NATIONAL LIMITED,T07 : Clinical Waste Treatment installation,416080,186320,SN2 8EA,Solid,Hazardous,18 - HUMAN AND ANIMAL HEALTH CARE WASTE,Natal care - diagnosis - treatment or prevention of disease in humans,wastes whose collection and disposal is subject to special requirements in order to prevent infection,18 01 03*,Treatment,Clinical Waste Transfer / Treatment,Ashford,Kent,South East,Treatment,D09,1.613461,05 - Healthcare and biological wastes,Infectious health care wastes
South West,Wiltshire,Swindon,Swindon,CP3138QD,Swindon Clinical Waste Transfer and Treatment Facility - EPR/CP3138QD,TRADEBE HEALTHCARE NATIONAL LIMITED,T07 : Clinical Waste Treatment installation,416080,186320,SN2 8EA,Solid,Hazardous,18 - HUMAN AND ANIMAL HEALTH CARE WASTE,Natal care - diagnosis - treatment or prevention of disease in humans,wastes whose collection and disposal is subject to special requirements in order to prevent infection,18 01 03*,Treatment,Clinical Waste Transfer / Treatment,Leeds,Leeds,Yorks & Humber,Transfer (D),D15,12.261,05 - Healthcare and biological wastes,Infectious health care wastes
South West,Wiltshire,Swindon,Swindon,CP3138QD,Swindon Clinical Waste Transfer and Treatment Facility - EPR/CP3138QD,TRADEBE HEALTHCARE NATIONAL LIMITED,T07 : Clinical Waste Treatment installation,416080,186320,SN2 8EA,Solid,Hhold/Ind/Com,18 - HUMAN AND ANIMAL HEALTH CARE WASTE,Natal care - diagnosis - treatment or prevention of disease in humans,"wastes whose collection and disposal is not subject to special requirements in order to prevent infection(for example dressings, plaster casts, linen, disposable clothing, diapers)",18 01 04,Treatment,Clinical Waste Transfer / Treatment,Leeds,Leeds,Yorks & Humber,Transfer (D),D15,1.2876,10 - Mixed ordinary wastes,Mixed and undifferentiated materials
South West,Wiltshire,Swindon,Swindon,CP3138QD,Swindon Clinical Waste Transfer and Treatment Facility - EPR/CP3138QD,TRADEBE HEALTHCARE NATIONAL LIMITED,T07 : Clinical Waste Treatment installation,416080,186320,SN2 8EA,Solid,Hazardous,18 - HUMAN AND ANIMAL HEALTH CARE WASTE,Natal care - diagnosis - treatment or prevention of disease in humans,wastes whose collection and disposal is subject to special requirements in order to prevent infection,18 01 03*,Treatment,Clinical Waste Transfer / Treatment,Leeds,Leeds,Yorks & Humber,Treatment,D09,0.1744,05 - Healthcare and biological wastes,Infectious health care wastes
South West,Wiltshire,Swindon,Swindon,CP3138QD,Swindon Clinical Waste Transfer and Treatment Facility - EPR/CP3138QD,TRADEBE HEALTHCARE NATIONAL LIMITED,T07 : Clinical Waste Treatment installation,416080,186320,SN2 8EA,Solid,Hazardous,18 - HUMAN AND ANIMAL HEALTH CARE WASTE,Natal care - diagnosis - treatment or prevention of disease in humans,cytotoxic and cytostatic medicines,18 01 08*,Treatment,Clinical Waste Transfer / Treatment,Leicester,Leicester City,East Midlands,Incineration,D10,0.035,02 - Chemical preparation wastes,Off-specification chemical wastes
South West,Wiltshire,Swindon,Swindon,CP3138QD,Swindon Clinical Waste Transfer and Treatment Facility - EPR/CP3138QD,TRADEBE HEALTHCARE NATIONAL LIMITED,T07 : Clinical Waste Treatment installation,416080,186320,SN2 8EA,Solid,Hazardous,18 - HUMAN AND ANIMAL HEALTH CARE WASTE,Natal care - diagnosis - treatment or prevention of disease in humans,wastes whose collection and disposal is subject to special requirements in order to prevent infection,18 01 03*,Treatment,Clinical Waste Transfer / Treatment,Leicester,Leicester City,East Midlands,Incineration,D10,1.0698,05 - Healthcare and biological wastes,Infectious health care wastes
South West,Wiltshire,Swindon,Swindon,CP3138QD,Swindon Clinical Waste Transfer and Treatment Facility - EPR/CP3138QD,TRADEBE HEALTHCARE NATIONAL LIMITED,T07 : Clinical Waste Treatment installation,416080,186320,SN2 8EA,Solid,Hazardous,18 - HUMAN AND ANIMAL HEALTH CARE WASTE,Natal care - diagnosis - treatment or prevention of disease in humans,cytotoxic and cytostatic medicines,18 01 08*,Treatment,Clinical Waste Transfer / Treatment,Leicester,Leicester City,East Midlands,Transfer (D),D15,0.025,02 - Chemical preparation wastes,Off-specification chemical wastes
South West,Wiltshire,Swindon,Swindon,CP3138QD,Swindon Clinical Waste Transfer and Treatment Facility - EPR/CP3138QD,TRADEBE HEALTHCARE NATIONAL LIMITED,T07 : Clinical Waste Treatment installation,416080,186320,SN2 8EA,Solid,Hazardous,18 - HUMAN AND ANIMAL HEALTH CARE WASTE,Natal care - diagnosis - treatment or prevention of disease in humans,wastes whose collection and disposal is subject to special requirements in order to prevent infection,18 01 03*,Treatment,Clinical Waste Transfer / Treatment,Leicester,Leicester City,East Midlands,Transfer (D),D15,0.16,05 - Healthcare and biological wastes,Infectious health care wastes
South West,Wiltshire,Swindon,Swindon,CP3138QD,Swindon Clinical Waste Transfer and Treatment Facility - EPR/CP3138QD,TRADEBE HEALTHCARE NATIONAL LIMITED,T07 : Clinical Waste Treatment installation,416080,186320,SN2 8EA,Solid,Hazardous,18 - HUMAN AND ANIMAL HEALTH CARE WASTE,Natal care - diagnosis - treatment or prevention of disease in humans,wastes whose collection and disposal is subject to special requirements in order to prevent infection,18 01 03*,Treatment,Clinical Waste Transfer / Treatment,Harborough,Leicestershire,East Midlands,Incineration,D10,4.8536,05 - Healthcare and biological wastes,Infectious health care wastes
South West,Wiltshire,Swindon,Swindon,CP3138QD,Swindon Clinical Waste Transfer and Treatment Facility - EPR/CP3138QD,TRADEBE HEALTHCARE NATIONAL LIMITED,T07 : Clinical Waste Treatment installation,416080,186320,SN2 8EA,Solid,Hazardous,18 - HUMAN AND ANIMAL HEALTH CARE WASTE,Natal care - diagnosis - treatment or prevention of disease in humans,wastes whose collection and disposal is subject to special requirements in order to prevent infection,18 01 03*,Treatment,Clinical Waste Transfer / Treatment,Hinckley and Bosworth,Leicestershire,East Midlands,Incineration,D10,0.7068,05 - Healthcare and biological wastes,Infectious health care wastes
South West,Wiltshire,Swindon,Swindon,CP3138QD,Swindon Clinical Waste Transfer and Treatment Facility - EPR/CP3138QD,TRADEBE HEALTHCARE NATIONAL LIMITED,T07 : Clinical Waste Treatment installation,416080,186320,SN2 8EA,Solid,Hhold/Ind/Com,18 - HUMAN AND ANIMAL HEALTH CARE WASTE,Natal care - diagnosis - treatment or prevention of disease in humans,sharps (except 18 01 03),18 01 01,Treatment,Clinical Waste Transfer / Treatment,Hinckley and Bosworth,Leicestershire,East Midlands,Incineration,D10,0.2424,05 - Healthcare and biological wastes,Infectious health care wastes
South West,Wiltshire,Swindon,Swindon,CP3138QD,Swindon Clinical Waste Transfer and Treatment Facility - EPR/CP3138QD,TRADEBE HEALTHCARE NATIONAL LIMITED,T07 : Clinical Waste Treatment installation,416080,186320,SN2 8EA,Solid,Hhold/Ind/Com,18 - HUMAN AND ANIMAL HEALTH CARE WASTE,Natal care - diagnosis - treatment or prevention of disease in humans,"wastes whose collection and disposal is not subject to special requirements in order to prevent infection(for example dressings, plaster casts, linen, disposable clothing, diapers)",18 01 04,Treatment,Clinical Waste Transfer / Treatment,Hinckley and Bosworth,Leicestershire,East Midlands,Incineration,D10,4.206795,10 - Mixed ordinary wastes,Mixed and undifferentiated materials
South West,Wiltshire,Swindon,Swindon,CP3138QD,Swindon Clinical Waste Transfer and Treatment Facility - EPR/CP3138QD,TRADEBE HEALTHCARE NATIONAL LIMITED,T07 : Clinical Waste Treatment installation,416080,186320,SN2 8EA,Solid,Hhold/Ind/Com,18 - HUMAN AND ANIMAL HEALTH CARE WASTE,Natal care - diagnosis - treatment or prevention of disease in humans,"wastes whose collection and disposal is not subject to special requirements in order to prevent infection(for example dressings, plaster casts, linen, disposable clothing, diapers)",18 01 04,Treatment,Clinical Waste Transfer / Treatment,Hinckley and Bosworth,Leicestershire,East Midlands,Transfer (D),D15,0.7926,10 - Mixed ordinary wastes,Mixed and undifferentiated materials
South West,Wiltshire,Swindon,Swindon,CP3138QD,Swindon Clinical Waste Transfer and Treatment Facility - EPR/CP3138QD,TRADEBE HEALTHCARE NATIONAL LIMITED,T07 : Clinical Waste Treatment installation,416080,186320,SN2 8EA,Liquid,Hhold/Ind/Com,18 - HUMAN AND ANIMAL HEALTH CARE WASTE,Natal care - diagnosis - treatment or prevention of disease in humans,medicines other than those mentioned in 18 01 08,18 01 09,Treatment,Clinical Waste Transfer / Treatment,Luton,Luton,East of England,Incineration,D10,0.208599,02 - Chemical preparation wastes,Off-specification chemical wastes
South West,Wiltshire,Swindon,Swindon,CP3138QD,Swindon Clinical Waste Transfer and Treatment Facility - EPR/CP3138QD,TRADEBE HEALTHCARE NATIONAL LIMITED,T07 : Clinical Waste Treatment installation,416080,186320,SN2 8EA,Solid,Hazardous,18 - HUMAN AND ANIMAL HEALTH CARE WASTE,Natal care - diagnosis - treatment or prevention of disease in humans,chemicals consisting of or containing dangerous substances,18 01 06*,Treatment,Clinical Waste Transfer / Treatment,Luton,Luton,East of England,Incineration,D10,0.0904,02 - Chemical preparation wastes,Off-specification chemical wastes
South West,Wiltshire,Swindon,Swindon,CP3138QD,Swindon Clinical Waste Transfer and Treatment Facility - EPR/CP3138QD,TRADEBE HEALTHCARE NATIONAL LIMITED,T07 : Clinical Waste Treatment installation,416080,186320,SN2 8EA,Solid,Hazardous,18 - HUMAN AND ANIMAL HEALTH CARE WASTE,Natal care - diagnosis - treatment or prevention of disease in humans,cytotoxic and cytostatic medicines,18 01 08*,Treatment,Clinical Waste Transfer / Treatment,Luton,Luton,East of England,Incineration,D10,0.7684,02 - Chemical preparation wastes,Off-specification chemical wastes
South West,Wiltshire,Swindon,Swindon,CP3138QD,Swindon Clinical Waste Transfer and Treatment Facility - EPR/CP3138QD,TRADEBE HEALTHCARE NATIONAL LIMITED,T07 : Clinical Waste Treatment installation,416080,186320,SN2 8EA,Solid,Hazardous,18 - HUMAN AND ANIMAL HEALTH CARE WASTE,Natal care - diagnosis - treatment or prevention of disease in humans,wastes whose collection and disposal is subject to special requirements in order to prevent infection,18 01 03*,Treatment,Clinical Waste Transfer / Treatment,Luton,Luton,East of England,Incineration,D10,48.609596,05 - Healthcare and biological wastes,Infectious health care wastes
South West,Wiltshire,Swindon,Swindon,CP3138QD,Swindon Clinical Waste Transfer and Treatment Facility - EPR/CP3138QD,TRADEBE HEALTHCARE NATIONAL LIMITED,T07 : Clinical Waste Treatment installation,416080,186320,SN2 8EA,Solid,Hhold/Ind/Com,18 - HUMAN AND ANIMAL HEALTH CARE WASTE,Natal care - diagnosis - treatment or prevention of disease in humans,"wastes whose collection and disposal is not subject to special requirements in order to prevent infection(for example dressings, plaster casts, linen, disposable clothing, diapers)",18 01 04,Treatment,Clinical Waste Transfer / Treatment,Luton,Luton,East of England,Incineration,D10,0.1798,10 - Mixed ordinary wastes,Mixed and undifferentiated materials
South West,Wiltshire,Swindon,Swindon,CP3138QD,Swindon Clinical Waste Transfer and Treatment Facility - EPR/CP3138QD,TRADEBE HEALTHCARE NATIONAL LIMITED,T07 : Clinical Waste Treatment installation,416080,186320,SN2 8EA,Solid,Hazardous,18 - HUMAN AND ANIMAL HEALTH CARE WASTE,Natal care - diagnosis - treatment or prevention of disease in humans,chemicals consisting of or containing dangerous substances,18 01 06*,Treatment,Clinical Waste Transfer / Treatment,Luton,Luton,East of England,Transfer (D),D15,0.158,02 - Chemical preparation wastes,Off-specification chemical wastes
South West,Wiltshire,Swindon,Swindon,CP3138QD,Swindon Clinical Waste Transfer and Treatment Facility - EPR/CP3138QD,TRADEBE HEALTHCARE NATIONAL LIMITED,T07 : Clinical Waste Treatment installation,416080,186320,SN2 8EA,Solid,Hazardous,18 - HUMAN AND ANIMAL HEALTH CARE WASTE,Natal care - diagnosis - treatment or prevention of disease in humans,cytotoxic and cytostatic medicines,18 01 08*,Treatment,Clinical Waste Transfer / Treatment,Luton,Luton,East of England,Transfer (D),D15,0.0374,02 - Chemical preparation wastes,Off-specification chemical wastes
South West,Wiltshire,Swindon,Swindon,CP3138QD,Swindon Clinical Waste Transfer and Treatment Facility - EPR/CP3138QD,TRADEBE HEALTHCARE NATIONAL LIMITED,T07 : Clinical Waste Treatment installation,416080,186320,SN2 8EA,Solid,Hazardous,18 - HUMAN AND ANIMAL HEALTH CARE WASTE,Natal care - diagnosis - treatment or prevention of disease in humans,wastes whose collection and disposal is subject to special requirements in order to prevent infection,18 01 03*,Treatment,Clinical Waste Transfer / Treatment,Luton,Luton,East of England,Transfer (D),D15,9.448798,05 - Healthcare and biological wastes,Infectious health care wastes
South West,Wiltshire,Swindon,Swindon,CP3138QD,Swindon Clinical Waste Transfer and Treatment Facility - EPR/CP3138QD,TRADEBE HEALTHCARE NATIONAL LIMITED,T07 : Clinical Waste Treatment installation,416080,186320,SN2 8EA,Solid,Hhold/Ind/Com,18 - HUMAN AND ANIMAL HEALTH CARE WASTE,Natal care - diagnosis - treatment or prevention of disease in humans,"wastes whose collection and disposal is not subject to special requirements in order to prevent infection(for example dressings, plaster casts, linen, disposable clothing, diapers)",18 01 04,Treatment,Clinical Waste Transfer / Treatment,Luton,Luton,East of England,Transfer (D),D15,0.7668,10 - Mixed ordinary wastes,Mixed and undifferentiated materials
South West,Wiltshire,Swindon,Swindon,CP3138QD,Swindon Clinical Waste Transfer and Treatment Facility - EPR/CP3138QD,TRADEBE HEALTHCARE NATIONAL LIMITED,T07 : Clinical Waste Treatment installation,416080,186320,SN2 8EA,Solid,Hazardous,18 - HUMAN AND ANIMAL HEALTH CARE WASTE,Natal care - diagnosis - treatment or prevention of disease in humans,wastes whose collection and disposal is subject to special requirements in order to prevent infection,18 01 03*,Treatment,Clinical Waste Transfer / Treatment,Luton,Luton,East of England,Treatment,D09,0.1044,05 - Healthcare and biological wastes,Infectious health care wastes
South West,Wiltshire,Swindon,Swindon,CP3138QD,Swindon Clinical Waste Transfer and Treatment Facility - EPR/CP3138QD,TRADEBE HEALTHCARE NATIONAL LIMITED,T07 : Clinical Waste Treatment installation,416080,186320,SN2 8EA,Solid,Hhold/Ind/Com,18 - HUMAN AND ANIMAL HEALTH CARE WASTE,Natal care - diagnosis - treatment or prevention of disease in humans,medicines other than those mentioned in 18 01 08,18 01 09,Treatment,Clinical Waste Transfer / Treatment,Medway,Medway,South East,Recovery,R13,0.7504,02 - Chemical preparation wastes,Off-specification chemical wastes
South West,Wiltshire,Swindon,Swindon,CP3138QD,Swindon Clinical Waste Transfer and Treatment Facility - EPR/CP3138QD,TRADEBE HEALTHCARE NATIONAL LIMITED,T07 : Clinical Waste Treatment installation,416080,186320,SN2 8EA,Solid,Hazardous,18 - HUMAN AND ANIMAL HEALTH CARE WASTE,Natal care - diagnosis - treatment or prevention of disease in humans,cytotoxic and cytostatic medicines,18 01 08*,Treatment,Clinical Waste Transfer / Treatment,Medway,Medway,South East,Transfer (D),D15,0.3602,02 - Chemical preparation wastes,Off-specification chemical wastes
South West,Wiltshire,Swindon,Swindon,CP3138QD,Swindon Clinical Waste Transfer and Treatment Facility - EPR/CP3138QD,TRADEBE HEALTHCARE NATIONAL LIMITED,T07 : Clinical Waste Treatment installation,416080,186320,SN2 8EA,Solid,Hazardous,18 - HUMAN AND ANIMAL HEALTH CARE WASTE,Natal care - diagnosis - treatment or prevention of disease in humans,wastes whose collection and disposal is subject to special requirements in order to prevent infection,18 01 03*,Treatment,Clinical Waste Transfer / Treatment,Medway,Medway,South East,Transfer (D),D15,3.6976,05 - Healthcare and biological wastes,Infectious health care wastes
South West,Wiltshire,Swindon,Swindon,CP3138QD,Swindon Clinical Waste Transfer and Treatment Facility - EPR/CP3138QD,TRADEBE HEALTHCARE NATIONAL LIMITED,T07 : Clinical Waste Treatment installation,416080,186320,SN2 8EA,Solid,Hazardous,18 - HUMAN AND ANIMAL HEALTH CARE WASTE,Natal care - diagnosis - treatment or prevention of disease in humans,wastes whose collection and disposal is subject to special requirements in order to prevent infection,18 01 03*,Treatment,Clinical Waste Transfer / Treatment,Medway,Medway,South East,Treatment,D09,0.1602,05 - Healthcare and biological wastes,Infectious health care wastes
South West,Wiltshire,Swindon,Swindon,CP3138QD,Swindon Clinical Waste Transfer and Treatment Facility - EPR/CP3138QD,TRADEBE HEALTHCARE NATIONAL LIMITED,T07 : Clinical Waste Treatment installation,416080,186320,SN2 8EA,Solid,Hazardous,18 - HUMAN AND ANIMAL HEALTH CARE WASTE,Natal care - diagnosis - treatment or prevention of disease in humans,cytotoxic and cytostatic medicines,18 01 08*,Treatment,Clinical Waste Transfer / Treatment,Milton Keynes,Milton Keynes,South East,Incineration,D10,0.2168,02 - Chemical preparation wastes,Off-specification chemical wastes
South West,Wiltshire,Swindon,Swindon,CP3138QD,Swindon Clinical Waste Transfer and Treatment Facility - EPR/CP3138QD,TRADEBE HEALTHCARE NATIONAL LIMITED,T07 : Clinical Waste Treatment installation,416080,186320,SN2 8EA,Solid,Hazardous,18 - HUMAN AND ANIMAL HEALTH CARE WASTE,Natal care - diagnosis - treatment or prevention of disease in humans,wastes whose collection and disposal is subject to special requirements in order to prevent infection,18 01 03*,Treatment,Clinical Waste Transfer / Treatment,Milton Keynes,Milton Keynes,South East,Incineration,D10,23.174199,05 - Healthcare and biological wastes,Infectious health care wastes
South West,Wiltshire,Swindon,Swindon,CP3138QD,Swindon Clinical Waste Transfer and Treatment Facility - EPR/CP3138QD,TRADEBE HEALTHCARE NATIONAL LIMITED,T07 : Clinical Waste Treatment installation,416080,186320,SN2 8EA,Solid,Hhold/Ind/Com,18 - HUMAN AND ANIMAL HEALTH CARE WASTE,Natal care - diagnosis - treatment or prevention of disease in humans,"wastes whose collection and disposal is not subject to special requirements in order to prevent infection(for example dressings, plaster casts, linen, disposable clothing, diapers)",18 01 04,Treatment,Clinical Waste Transfer / Treatment,Milton Keynes,Milton Keynes,South East,Incineration,D10,5.5116,10 - Mixed ordinary wastes,Mixed and undifferentiated materials
South West,Wiltshire,Swindon,Swindon,CP3138QD,Swindon Clinical Waste Transfer and Treatment Facility - EPR/CP3138QD,TRADEBE HEALTHCARE NATIONAL LIMITED,T07 : Clinical Waste Treatment installation,416080,186320,SN2 8EA,Solid,Hazardous,18 - HUMAN AND ANIMAL HEALTH CARE WASTE,Natal care - diagnosis - treatment or prevention of disease in humans,cytotoxic and cytostatic medicines,18 01 08*,Treatment,Clinical Waste Transfer / Treatment,Milton Keynes,Milton Keynes,South East,Transfer (D),D15,0.5166,02 - Chemical preparation wastes,Off-specification chemical wastes
South West,Wiltshire,Swindon,Swindon,CP3138QD,Swindon Clinical Waste Transfer and Treatment Facility - EPR/CP3138QD,TRADEBE HEALTHCARE NATIONAL LIMITED,T07 : Clinical Waste Treatment installation,416080,186320,SN2 8EA,Solid,Hazardous,18 - HUMAN AND ANIMAL HEALTH CARE WASTE,Natal care - diagnosis - treatment or prevention of disease in humans,wastes whose collection and disposal is subject to special requirements in order to prevent infection,18 01 03*,Treatment,Clinical Waste Transfer / Treatment,Milton Keynes,Milton Keynes,South East,Transfer (D),D15,15.9522,05 - Healthcare and biological wastes,Infectious health care wastes
South West,Wiltshire,Swindon,Swindon,CP3138QD,Swindon Clinical Waste Transfer and Treatment Facility - EPR/CP3138QD,TRADEBE HEALTHCARE NATIONAL LIMITED,T07 : Clinical Waste Treatment installation,416080,186320,SN2 8EA,Solid,Hhold/Ind/Com,18 - HUMAN AND ANIMAL HEALTH CARE WASTE,Natal care - diagnosis - treatment or prevention of disease in humans,"wastes whose collection and disposal is not subject to special requirements in order to prevent infection(for example dressings, plaster casts, linen, disposable clothing, diapers)",18 01 04,Treatment,Clinical Waste Transfer / Treatment,Milton Keynes,Milton Keynes,South East,Transfer (D),D15,27.6474,10 - Mixed ordinary wastes,Mixed and undifferentiated materials
South West,Wiltshire,Swindon,Swindon,CP3138QD,Swindon Clinical Waste Transfer and Treatment Facility - EPR/CP3138QD,TRADEBE HEALTHCARE NATIONAL LIMITED,T07 : Clinical Waste Treatment installation,416080,186320,SN2 8EA,Solid,Hazardous,18 - HUMAN AND ANIMAL HEALTH CARE WASTE,Natal care - diagnosis - treatment or prevention of disease in humans,wastes whose collection and disposal is subject to special requirements in order to prevent infection,18 01 03*,Treatment,Clinical Waste Transfer / Treatment,Milton Keynes,Milton Keynes,South East,Treatment,D09,21.0142,05 - Healthcare and biological wastes,Infectious health care wastes
South West,Wiltshire,Swindon,Swindon,CP3138QD,Swindon Clinical Waste Transfer and Treatment Facility - EPR/CP3138QD,TRADEBE HEALTHCARE NATIONAL LIMITED,T07 : Clinical Waste Treatment installation,416080,186320,SN2 8EA,Solid,Hhold/Ind/Com,18 - HUMAN AND ANIMAL HEALTH CARE WASTE,Natal care - diagnosis - treatment or prevention of disease in humans,medicines other than those mentioned in 18 01 08,18 01 09,Treatment,Clinical Waste Transfer / Treatment,North Somerset,North Somerset,South West,Recovery,R13,12.445422,02 - Chemical preparation wastes,Off-specification chemical wastes
South West,Wiltshire,Swindon,Swindon,CP3138QD,Swindon Clinical Waste Transfer and Treatment Facility - EPR/CP3138QD,TRADEBE HEALTHCARE NATIONAL LIMITED,T07 : Clinical Waste Treatment installation,416080,186320,SN2 8EA,Solid,Hazardous,18 - HUMAN AND ANIMAL HEALTH CARE WASTE,Natal care - diagnosis - treatment or prevention of disease in humans,cytotoxic and cytostatic medicines,18 01 08*,Treatment,Clinical Waste Transfer / Treatment,North Somerset,North Somerset,South West,Transfer (D),D15,0.996421,02 - Chemical preparation wastes,Off-specification chemical wastes
South West,Wiltshire,Swindon,Swindon,CP3138QD,Swindon Clinical Waste Transfer and Treatment Facility - EPR/CP3138QD,TRADEBE HEALTHCARE NATIONAL LIMITED,T07 : Clinical Waste Treatment installation,416080,186320,SN2 8EA,Solid,Hazardous,18 - HUMAN AND ANIMAL HEALTH CARE WASTE,Natal care - diagnosis - treatment or prevention of disease in humans,wastes whose collection and disposal is subject to special requirements in order to prevent infection,18 01 03*,Treatment,Clinical Waste Transfer / Treatment,North Somerset,North Somerset,South West,Transfer (D),D15,19.367373,05 - Healthcare and biological wastes,Infectious health care wastes
South West,Wiltshire,Swindon,Swindon,CP3138QD,Swindon Clinical Waste Transfer and Treatment Facility - EPR/CP3138QD,TRADEBE HEALTHCARE NATIONAL LIMITED,T07 : Clinical Waste Treatment installation,416080,186320,SN2 8EA,Solid,Hhold/Ind/Com,18 - HUMAN AND ANIMAL HEALTH CARE WASTE,Natal care - diagnosis - treatment or prevention of disease in humans,medicines other than those mentioned in 18 01 08,18 01 09,Treatment,Clinical Waste Transfer / Treatment,North Somerset,North Somerset,South West,Transfer (D),D15,2.68,02 - Chemical preparation wastes,Off-specification chemical wastes
South West,Wiltshire,Swindon,Swindon,CP3138QD,Swindon Clinical Waste Transfer and Treatment Facility - EPR/CP3138QD,TRADEBE HEALTHCARE NATIONAL LIMITED,T07 : Clinical Waste Treatment installation,416080,186320,SN2 8EA,Solid,Hhold/Ind/Com,18 - HUMAN AND ANIMAL HEALTH CARE WASTE,Natal care - diagnosis - treatment or prevention of disease in humans,"wastes whose collection and disposal is not subject to special requirements in order to prevent infection(for example dressings, plaster casts, linen, disposable clothing, diapers)",18 01 04,Treatment,Clinical Waste Transfer / Treatment,North Somerset,North Somerset,South West,Transfer (D),D15,0.593761,10 - Mixed ordinary wastes,Mixed and undifferentiated materials
South West,Wiltshire,Swindon,Swindon,CP3138QD,Swindon Clinical Waste Transfer and Treatment Facility - EPR/CP3138QD,TRADEBE HEALTHCARE NATIONAL LIMITED,T07 : Clinical Waste Treatment installation,416080,186320,SN2 8EA,Solid,Hazardous,18 - HUMAN AND ANIMAL HEALTH CARE WASTE,Natal care - diagnosis - treatment or prevention of disease in humans,wastes whose collection and disposal is subject to special requirements in order to prevent infection,18 01 03*,Treatment,Clinical Waste Transfer / Treatment,North Somerset,North Somerset,South West,Treatment,D09,36.841734,05 - Healthcare and biological wastes,Infectious health care wastes
South West,Wiltshire,Swindon,Swindon,CP3138QD,Swindon Clinical Waste Transfer and Treatment Facility - EPR/CP3138QD,TRADEBE HEALTHCARE NATIONAL LIMITED,T07 : Clinical Waste Treatment installation,416080,186320,SN2 8EA,Solid,Hazardous,18 - HUMAN AND ANIMAL HEALTH CARE WASTE,Natal care - diagnosis - treatment or prevention of disease in humans,wastes whose collection and disposal is subject to special requirements in order to prevent infection,18 01 03*,Treatment,Clinical Waste Transfer / Treatment,North West,North West (WPA Not codeable),North West,Incineration,D10,0.0448,05 - Healthcare and biological wastes,Infectious health care wastes
South West,Wiltshire,Swindon,Swindon,CP3138QD,Swindon Clinical Waste Transfer and Treatment Facility - EPR/CP3138QD,TRADEBE HEALTHCARE NATIONAL LIMITED,T07 : Clinical Waste Treatment installation,416080,186320,SN2 8EA,Solid,Hazardous,18 - HUMAN AND ANIMAL HEALTH CARE WASTE,Natal care - diagnosis - treatment or prevention of disease in humans,wastes whose collection and disposal is subject to special requirements in order to prevent infection,18 01 03*,Treatment,Clinical Waste Transfer / Treatment,North Northamptonshire,Northamptonshire,East Midlands,Incineration,D10,1.355,05 - Healthcare and biological wastes,Infectious health care wastes
South West,Wiltshire,Swindon,Swindon,CP3138QD,Swindon Clinical Waste Transfer and Treatment Facility - EPR/CP3138QD,TRADEBE HEALTHCARE NATIONAL LIMITED,T07 : Clinical Waste Treatment installation,416080,186320,SN2 8EA,Solid,Hazardous,18 - HUMAN AND ANIMAL HEALTH CARE WASTE,Natal care - diagnosis - treatment or prevention of disease in humans,cytotoxic and cytostatic medicines,18 01 08*,Treatment,Clinical Waste Transfer / Treatment,North Northamptonshire,Northamptonshire,East Midlands,Incineration,D10,2.07,02 - Chemical preparation wastes,Off-specification chemical wastes
South West,Wiltshire,Swindon,Swindon,CP3138QD,Swindon Clinical Waste Transfer and Treatment Facility - EPR/CP3138QD,TRADEBE HEALTHCARE NATIONAL LIMITED,T07 : Clinical Waste Treatment installation,416080,186320,SN2 8EA,Solid,Hazardous,18 - HUMAN AND ANIMAL HEALTH CARE WASTE,Natal care - diagnosis - treatment or prevention of disease in humans,wastes whose collection and disposal is subject to special requirements in order to prevent infection,18 01 03*,Treatment,Clinical Waste Transfer / Treatment,North Northamptonshire,Northamptonshire,East Midlands,Incineration,D10,29.0824,05 - Healthcare and biological wastes,Infectious health care wastes
South West,Wiltshire,Swindon,Swindon,CP3138QD,Swindon Clinical Waste Transfer and Treatment Facility - EPR/CP3138QD,TRADEBE HEALTHCARE NATIONAL LIMITED,T07 : Clinical Waste Treatment installation,416080,186320,SN2 8EA,Solid,Hhold/Ind/Com,18 - HUMAN AND ANIMAL HEALTH CARE WASTE,Natal care - diagnosis - treatment or prevention of disease in humans,"wastes whose collection and disposal is not subject to special requirements in order to prevent infection(for example dressings, plaster casts, linen, disposable clothing, diapers)",18 01 04,Treatment,Clinical Waste Transfer / Treatment,North Northamptonshire,Northamptonshire,East Midlands,Incineration,D10,11.9756,10 - Mixed ordinary wastes,Mixed and undifferentiated materials
South West,Wiltshire,Swindon,Swindon,CP3138QD,Swindon Clinical Waste Transfer and Treatment Facility - EPR/CP3138QD,TRADEBE HEALTHCARE NATIONAL LIMITED,T07 : Clinical Waste Treatment installation,416080,186320,SN2 8EA,Solid,Hazardous,18 - HUMAN AND ANIMAL HEALTH CARE WASTE,Natal care - diagnosis - treatment or prevention of disease in humans,cytotoxic and cytostatic medicines,18 01 08*,Treatment,Clinical Waste Transfer / Treatment,North Northamptonshire,Northamptonshire,East Midlands,Transfer (D),D15,0.2416,02 - Chemical preparation wastes,Off-specification chemical wastes
South West,Wiltshire,Swindon,Swindon,CP3138QD,Swindon Clinical Waste Transfer and Treatment Facility - EPR/CP3138QD,TRADEBE HEALTHCARE NATIONAL LIMITED,T07 : Clinical Waste Treatment installation,416080,186320,SN2 8EA,Solid,Hazardous,18 - HUMAN AND ANIMAL HEALTH CARE WASTE,Natal care - diagnosis - treatment or prevention of disease in humans,wastes whose collection and disposal is subject to special requirements in order to prevent infection,18 01 03*,Treatment,Clinical Waste Transfer / Treatment,North Northamptonshire,Northamptonshire,East Midlands,Transfer (D),D15,4.740621,05 - Healthcare and biological wastes,Infectious health care wastes
South West,Wiltshire,Swindon,Swindon,CP3138QD,Swindon Clinical Waste Transfer and Treatment Facility - EPR/CP3138QD,TRADEBE HEALTHCARE NATIONAL LIMITED,T07 : Clinical Waste Treatment installation,416080,186320,SN2 8EA,Solid,Hhold/Ind/Com,18 - HUMAN AND ANIMAL HEALTH CARE WASTE,Natal care - diagnosis - treatment or prevention of disease in humans,"wastes whose collection and disposal is not subject to special requirements in order to prevent infection(for example dressings, plaster casts, linen, disposable clothing, diapers)",18 01 04,Treatment,Clinical Waste Transfer / Treatment,North Northamptonshire,Northamptonshire,East Midlands,Transfer (D),D15,32.9684,10 - Mixed ordinary wastes,Mixed and undifferentiated materials
South West,Wiltshire,Swindon,Swindon,CP3138QD,Swindon Clinical Waste Transfer and Treatment Facility - EPR/CP3138QD,TRADEBE HEALTHCARE NATIONAL LIMITED,T07 : Clinical Waste Treatment installation,416080,186320,SN2 8EA,Solid,Hazardous,18 - HUMAN AND ANIMAL HEALTH CARE WASTE,Natal care - diagnosis - treatment or prevention of disease in humans,wastes whose collection and disposal is subject to special requirements in order to prevent infection,18 01 03*,Treatment,Clinical Waste Transfer / Treatment,North Northamptonshire,Northamptonshire,East Midlands,Treatment,D09,1.569,05 - Healthcare and biological wastes,Infectious health care wastes
South West,Wiltshire,Swindon,Swindon,CP3138QD,Swindon Clinical Waste Transfer and Treatment Facility - EPR/CP3138QD,TRADEBE HEALTHCARE NATIONAL LIMITED,T07 : Clinical Waste Treatment installation,416080,186320,SN2 8EA,Solid,Hazardous,18 - HUMAN AND ANIMAL HEALTH CARE WASTE,Natal care - diagnosis - treatment or prevention of disease in humans,wastes whose collection and disposal is subject to special requirements in order to prevent infection,18 01 03*,Treatment,Clinical Waste Transfer / Treatment,North Northamptonshire,Northamptonshire,East Midlands,Incineration,D10,4.8798,05 - Healthcare and biological wastes,Infectious health care wastes
South West,Wiltshire,Swindon,Swindon,CP3138QD,Swindon Clinical Waste Transfer and Treatment Facility - EPR/CP3138QD,TRADEBE HEALTHCARE NATIONAL LIMITED,T07 : Clinical Waste Treatment installation,416080,186320,SN2 8EA,Solid,Hhold/Ind/Com,18 - HUMAN AND ANIMAL HEALTH CARE WASTE,Natal care - diagnosis - treatment or prevention of disease in humans,"wastes whose collection and disposal is not subject to special requirements in order to prevent infection(for example dressings, plaster casts, linen, disposable clothing, diapers)",18 01 04,Treatment,Clinical Waste Transfer / Treatment,North Northamptonshire,Northamptonshire,East Midlands,Incineration,D10,0.405,10 - Mixed ordinary wastes,Mixed and undifferentiated materials
South West,Wiltshire,Swindon,Swindon,CP3138QD,Swindon Clinical Waste Transfer and Treatment Facility - EPR/CP3138QD,TRADEBE HEALTHCARE NATIONAL LIMITED,T07 : Clinical Waste Treatment installation,416080,186320,SN2 8EA,Solid,Hazardous,18 - HUMAN AND ANIMAL HEALTH CARE WASTE,Natal care - diagnosis - treatment or prevention of disease in humans,wastes whose collection and disposal is subject to special requirements in order to prevent infection,18 01 03*,Treatment,Clinical Waste Transfer / Treatment,North Northamptonshire,Northamptonshire,East Midlands,Transfer (D),D15,0.3002,05 - Healthcare and biological wastes,Infectious health care wastes
South West,Wiltshire,Swindon,Swindon,CP3138QD,Swindon Clinical Waste Transfer and Treatment Facility - EPR/CP3138QD,TRADEBE HEALTHCARE NATIONAL LIMITED,T07 : Clinical Waste Treatment installation,416080,186320,SN2 8EA,Solid,Hhold/Ind/Com,18 - HUMAN AND ANIMAL HEALTH CARE WASTE,Natal care - diagnosis - treatment or prevention of disease in humans,"wastes whose collection and disposal is not subject to special requirements in order to prevent infection(for example dressings, plaster casts, linen, disposable clothing, diapers)",18 01 04,Treatment,Clinical Waste Transfer / Treatment,North Northamptonshire,Northamptonshire,East Midlands,Transfer (D),D15,1.345,10 - Mixed ordinary wastes,Mixed and undifferentiated materials
South West,Wiltshire,Swindon,Swindon,CP3138QD,Swindon Clinical Waste Transfer and Treatment Facility - EPR/CP3138QD,TRADEBE HEALTHCARE NATIONAL LIMITED,T07 : Clinical Waste Treatment installation,416080,186320,SN2 8EA,Solid,Hazardous,18 - HUMAN AND ANIMAL HEALTH CARE WASTE,Natal care - diagnosis - treatment or prevention of disease in humans,cytotoxic and cytostatic medicines,18 01 08*,Treatment,Clinical Waste Transfer / Treatment,Northamptonshire,Northamptonshire,East Midlands,Incineration,D10,0.005,02 - Chemical preparation wastes,Off-specification chemical wastes
South West,Wiltshire,Swindon,Swindon,CP3138QD,Swindon Clinical Waste Transfer and Treatment Facility - EPR/CP3138QD,TRADEBE HEALTHCARE NATIONAL LIMITED,T07 : Clinical Waste Treatment installation,416080,186320,SN2 8EA,Solid,Hazardous,18 - HUMAN AND ANIMAL HEALTH CARE WASTE,Natal care - diagnosis - treatment or prevention of disease in humans,wastes whose collection and disposal is subject to special requirements in order to prevent infection,18 01 03*,Treatment,Clinical Waste Transfer / Treatment,Northamptonshire,Northamptonshire,East Midlands,Incineration,D10,2.174,05 - Healthcare and biological wastes,Infectious health care wastes
South West,Wiltshire,Swindon,Swindon,CP3138QD,Swindon Clinical Waste Transfer and Treatment Facility - EPR/CP3138QD,TRADEBE HEALTHCARE NATIONAL LIMITED,T07 : Clinical Waste Treatment installation,416080,186320,SN2 8EA,Solid,Hhold/Ind/Com,18 - HUMAN AND ANIMAL HEALTH CARE WASTE,Natal care - diagnosis - treatment or prevention of disease in humans,medicines other than those mentioned in 18 01 08,18 01 09,Treatment,Clinical Waste Transfer / Treatment,Northamptonshire,Northamptonshire,East Midlands,Incineration,D10,0.035,02 - Chemical preparation wastes,Off-specification chemical wastes
South West,Wiltshire,Swindon,Swindon,CP3138QD,Swindon Clinical Waste Transfer and Treatment Facility - EPR/CP3138QD,TRADEBE HEALTHCARE NATIONAL LIMITED,T07 : Clinical Waste Treatment installation,416080,186320,SN2 8EA,Solid,Hazardous,18 - HUMAN AND ANIMAL HEALTH CARE WASTE,Natal care - diagnosis - treatment or prevention of disease in humans,wastes whose collection and disposal is subject to special requirements in order to prevent infection,18 01 03*,Treatment,Clinical Waste Transfer / Treatment,Northamptonshire,Northamptonshire,East Midlands,Transfer (D),D15,0.661,05 - Healthcare and biological wastes,Infectious health care wastes
South West,Wiltshire,Swindon,Swindon,CP3138QD,Swindon Clinical Waste Transfer and Treatment Facility - EPR/CP3138QD,TRADEBE HEALTHCARE NATIONAL LIMITED,T07 : Clinical Waste Treatment installation,416080,186320,SN2 8EA,Solid,Hhold/Ind/Com,18 - HUMAN AND ANIMAL HEALTH CARE WASTE,Natal care - diagnosis - treatment or prevention of disease in humans,medicines other than those mentioned in 18 01 08,18 01 09,Treatment,Clinical Waste Transfer / Treatment,Northamptonshire,Northamptonshire,East Midlands,Transfer (D),D15,0.005,02 - Chemical preparation wastes,Off-specification chemical wastes
South West,Wiltshire,Swindon,Swindon,CP3138QD,Swindon Clinical Waste Transfer and Treatment Facility - EPR/CP3138QD,TRADEBE HEALTHCARE NATIONAL LIMITED,T07 : Clinical Waste Treatment installation,416080,186320,SN2 8EA,Solid,Hazardous,18 - HUMAN AND ANIMAL HEALTH CARE WASTE,Natal care - diagnosis - treatment or prevention of disease in humans,wastes whose collection and disposal is subject to special requirements in order to prevent infection,18 01 03*,Treatment,Clinical Waste Transfer / Treatment,West Northamptonshire,Northamptonshire,East Midlands,Incineration,D10,2.455,05 - Healthcare and biological wastes,Infectious health care wastes
South West,Wiltshire,Swindon,Swindon,CP3138QD,Swindon Clinical Waste Transfer and Treatment Facility - EPR/CP3138QD,TRADEBE HEALTHCARE NATIONAL LIMITED,T07 : Clinical Waste Treatment installation,416080,186320,SN2 8EA,Solid,Hazardous,18 - HUMAN AND ANIMAL HEALTH CARE WASTE,Natal care - diagnosis - treatment or prevention of disease in humans,cytotoxic and cytostatic medicines,18 01 08*,Treatment,Clinical Waste Transfer / Treatment,West Northamptonshire,Northamptonshire,East Midlands,Incineration,D10,0.6722,02 - Chemical preparation wastes,Off-specification chemical wastes
South West,Wiltshire,Swindon,Swindon,CP3138QD,Swindon Clinical Waste Transfer and Treatment Facility - EPR/CP3138QD,TRADEBE HEALTHCARE NATIONAL LIMITED,T07 : Clinical Waste Treatment installation,416080,186320,SN2 8EA,Solid,Hazardous,18 - HUMAN AND ANIMAL HEALTH CARE WASTE,Natal care - diagnosis - treatment or prevention of disease in humans,wastes whose collection and disposal is subject to special requirements in order to prevent infection,18 01 03*,Treatment,Clinical Waste Transfer / Treatment,West Northamptonshire,Northamptonshire,East Midlands,Incineration,D10,39.3262,05 - Healthcare and biological wastes,Infectious health care wastes
South West,Wiltshire,Swindon,Swindon,CP3138QD,Swindon Clinical Waste Transfer and Treatment Facility - EPR/CP3138QD,TRADEBE HEALTHCARE NATIONAL LIMITED,T07 : Clinical Waste Treatment installation,416080,186320,SN2 8EA,Solid,Hhold/Ind/Com,18 - HUMAN AND ANIMAL HEALTH CARE WASTE,Natal care - diagnosis - treatment or prevention of disease in humans,medicines other than those mentioned in 18 01 08,18 01 09,Treatment,Clinical Waste Transfer / Treatment,West Northamptonshire,Northamptonshire,East Midlands,Incineration,D10,3.6408,02 - Chemical preparation wastes,Off-specification chemical wastes
South West,Wiltshire,Swindon,Swindon,CP3138QD,Swindon Clinical Waste Transfer and Treatment Facility - EPR/CP3138QD,TRADEBE HEALTHCARE NATIONAL LIMITED,T07 : Clinical Waste Treatment installation,416080,186320,SN2 8EA,Solid,Hhold/Ind/Com,18 - HUMAN AND ANIMAL HEALTH CARE WASTE,Natal care - diagnosis - treatment or prevention of disease in humans,"wastes whose collection and disposal is not subject to special requirements in order to prevent infection(for example dressings, plaster casts, linen, disposable clothing, diapers)",18 01 04,Treatment,Clinical Waste Transfer / Treatment,West Northamptonshire,Northamptonshire,East Midlands,Incineration,D10,0.6494,10 - Mixed ordinary wastes,Mixed and undifferentiated materials
South West,Wiltshire,Swindon,Swindon,CP3138QD,Swindon Clinical Waste Transfer and Treatment Facility - EPR/CP3138QD,TRADEBE HEALTHCARE NATIONAL LIMITED,T07 : Clinical Waste Treatment installation,416080,186320,SN2 8EA,Solid,Hazardous,18 - HUMAN AND ANIMAL HEALTH CARE WASTE,Natal care - diagnosis - treatment or prevention of disease in humans,cytotoxic and cytostatic medicines,18 01 08*,Treatment,Clinical Waste Transfer / Treatment,West Northamptonshire,Northamptonshire,East Midlands,Transfer (D),D15,0.1374,02 - Chemical preparation wastes,Off-specification chemical wastes
South West,Wiltshire,Swindon,Swindon,CP3138QD,Swindon Clinical Waste Transfer and Treatment Facility - EPR/CP3138QD,TRADEBE HEALTHCARE NATIONAL LIMITED,T07 : Clinical Waste Treatment installation,416080,186320,SN2 8EA,Solid,Hazardous,18 - HUMAN AND ANIMAL HEALTH CARE WASTE,Natal care - diagnosis - treatment or prevention of disease in humans,wastes whose collection and disposal is subject to special requirements in order to prevent infection,18 01 03*,Treatment,Clinical Waste Transfer / Treatment,West Northamptonshire,Northamptonshire,East Midlands,Transfer (D),D15,9.425384,05 - Healthcare and biological wastes,Infectious health care wastes
South West,Wiltshire,Swindon,Swindon,CP3138QD,Swindon Clinical Waste Transfer and Treatment Facility - EPR/CP3138QD,TRADEBE HEALTHCARE NATIONAL LIMITED,T07 : Clinical Waste Treatment installation,416080,186320,SN2 8EA,Solid,Hhold/Ind/Com,18 - HUMAN AND ANIMAL HEALTH CARE WASTE,Natal care - diagnosis - treatment or prevention of disease in humans,medicines other than those mentioned in 18 01 08,18 01 09,Treatment,Clinical Waste Transfer / Treatment,West Northamptonshire,Northamptonshire,East Midlands,Transfer (D),D15,0.6152,02 - Chemical preparation wastes,Off-specification chemical wastes
South West,Wiltshire,Swindon,Swindon,CP3138QD,Swindon Clinical Waste Transfer and Treatment Facility - EPR/CP3138QD,TRADEBE HEALTHCARE NATIONAL LIMITED,T07 : Clinical Waste Treatment installation,416080,186320,SN2 8EA,Solid,Hhold/Ind/Com,18 - HUMAN AND ANIMAL HEALTH CARE WASTE,Natal care - diagnosis - treatment or prevention of disease in humans,"wastes whose collection and disposal is not subject to special requirements in order to prevent infection(for example dressings, plaster casts, linen, disposable clothing, diapers)",18 01 04,Treatment,Clinical Waste Transfer / Treatment,West Northamptonshire,Northamptonshire,East Midlands,Transfer (D),D15,1.4318,10 - Mixed ordinary wastes,Mixed and undifferentiated materials
South West,Wiltshire,Swindon,Swindon,CP3138QD,Swindon Clinical Waste Transfer and Treatment Facility - EPR/CP3138QD,TRADEBE HEALTHCARE NATIONAL LIMITED,T07 : Clinical Waste Treatment installation,416080,186320,SN2 8EA,Solid,Hazardous,18 - HUMAN AND ANIMAL HEALTH CARE WASTE,Natal care - diagnosis - treatment or prevention of disease in humans,wastes whose collection and disposal is subject to special requirements in order to prevent infection,18 01 03*,Treatment,Clinical Waste Transfer / Treatment,West Northamptonshire,Northamptonshire,East Midlands,Treatment,D09,0.9126,05 - Healthcare and biological wastes,Infectious health care wastes
South West,Wiltshire,Swindon,Swindon,CP3138QD,Swindon Clinical Waste Transfer and Treatment Facility - EPR/CP3138QD,TRADEBE HEALTHCARE NATIONAL LIMITED,T07 : Clinical Waste Treatment installation,416080,186320,SN2 8EA,Solid,Hhold/Ind/Com,18 - HUMAN AND ANIMAL HEALTH CARE WASTE,Natal care - diagnosis - treatment or prevention of disease in humans,medicines other than those mentioned in 18 01 08,18 01 09,Treatment,Clinical Waste Transfer / Treatment,Not Codeable,Not Codeable,Not Codeable,Recovery,R13,0.763604,02 - Chemical preparation wastes,Off-specification chemical wastes
South West,Wiltshire,Swindon,Swindon,CP3138QD,Swindon Clinical Waste Transfer and Treatment Facility - EPR/CP3138QD,TRADEBE HEALTHCARE NATIONAL LIMITED,T07 : Clinical Waste Treatment installation,416080,186320,SN2 8EA,Solid,Hazardous,18 - HUMAN AND ANIMAL HEALTH CARE WASTE,Natal care - diagnosis - treatment or prevention of disease in humans,cytotoxic and cytostatic medicines,18 01 08*,Treatment,Clinical Waste Transfer / Treatment,Not Codeable,Not Codeable,Not Codeable,Transfer (D),D15,0.061243,02 - Chemical preparation wastes,Off-specification chemical wastes
South West,Wiltshire,Swindon,Swindon,CP3138QD,Swindon Clinical Waste Transfer and Treatment Facility - EPR/CP3138QD,TRADEBE HEALTHCARE NATIONAL LIMITED,T07 : Clinical Waste Treatment installation,416080,186320,SN2 8EA,Solid,Hazardous,18 - HUMAN AND ANIMAL HEALTH CARE WASTE,Natal care - diagnosis - treatment or prevention of disease in humans,wastes whose collection and disposal is subject to special requirements in order to prevent infection,18 01 03*,Treatment,Clinical Waste Transfer / Treatment,Not Codeable,Not Codeable,Not Codeable,Transfer (D),D15,1.930065,05 - Healthcare and biological wastes,Infectious health care wastes
South West,Wiltshire,Swindon,Swindon,CP3138QD,Swindon Clinical Waste Transfer and Treatment Facility - EPR/CP3138QD,TRADEBE HEALTHCARE NATIONAL LIMITED,T07 : Clinical Waste Treatment installation,416080,186320,SN2 8EA,Solid,Hhold/Ind/Com,18 - HUMAN AND ANIMAL HEALTH CARE WASTE,Natal care - diagnosis - treatment or prevention of disease in humans,"wastes whose collection and disposal is not subject to special requirements in order to prevent infection(for example dressings, plaster casts, linen, disposable clothing, diapers)",18 01 04,Treatment,Clinical Waste Transfer / Treatment,Not Codeable,Not Codeable,Not Codeable,Transfer (D),D15,17.240425,10 - Mixed ordinary wastes,Mixed and undifferentiated materials
South West,Wiltshire,Swindon,Swindon,CP3138QD,Swindon Clinical Waste Transfer and Treatment Facility - EPR/CP3138QD,TRADEBE HEALTHCARE NATIONAL LIMITED,T07 : Clinical Waste Treatment installation,416080,186320,SN2 8EA,Solid,Hazardous,18 - HUMAN AND ANIMAL HEALTH CARE WASTE,Natal care - diagnosis - treatment or prevention of disease in humans,wastes whose collection and disposal is subject to special requirements in order to prevent infection,18 01 03*,Treatment,Clinical Waste Transfer / Treatment,Not Codeable,Not Codeable,Not Codeable,Treatment,D09,11.023206,05 - Healthcare and biological wastes,Infectious health care wastes
South West,Wiltshire,Swindon,Swindon,CP3138QD,Swindon Clinical Waste Transfer and Treatment Facility - EPR/CP3138QD,TRADEBE HEALTHCARE NATIONAL LIMITED,T07 : Clinical Waste Treatment installation,416080,186320,SN2 8EA,Solid,Hazardous,18 - HUMAN AND ANIMAL HEALTH CARE WASTE,Natal care - diagnosis - treatment or prevention of disease in humans,wastes whose collection and disposal is subject to special requirements in order to prevent infection,18 01 03*,Treatment,Clinical Waste Transfer / Treatment,Nottingham,Nottingham City,East Midlands,Incineration,D10,0.168,05 - Healthcare and biological wastes,Infectious health care wastes
South West,Wiltshire,Swindon,Swindon,CP3138QD,Swindon Clinical Waste Transfer and Treatment Facility - EPR/CP3138QD,TRADEBE HEALTHCARE NATIONAL LIMITED,T07 : Clinical Waste Treatment installation,416080,186320,SN2 8EA,Solid,Hazardous,18 - HUMAN AND ANIMAL HEALTH CARE WASTE,Natal care - diagnosis - treatment or prevention of disease in humans,wastes whose collection and disposal is subject to special requirements in order to prevent infection,18 01 03*,Treatment,Clinical Waste Transfer / Treatment,Nottingham,Nottingham City,East Midlands,Transfer (D),D15,0.1434,05 - Healthcare and biological wastes,Infectious health care wastes
South West,Wiltshire,Swindon,Swindon,CP3138QD,Swindon Clinical Waste Transfer and Treatment Facility - EPR/CP3138QD,TRADEBE HEALTHCARE NATIONAL LIMITED,T07 : Clinical Waste Treatment installation,416080,186320,SN2 8EA,Solid,Hhold/Ind/Com,18 - HUMAN AND ANIMAL HEALTH CARE WASTE,Natal care - diagnosis - treatment or prevention of disease in humans,"wastes whose collection and disposal is not subject to special requirements in order to prevent infection(for example dressings, plaster casts, linen, disposable clothing, diapers)",18 01 04,Treatment,Clinical Waste Transfer / Treatment,Nottingham,Nottingham City,East Midlands,Transfer (D),D15,1.3608,10 - Mixed ordinary wastes,Mixed and undifferentiated materials
South West,Wiltshire,Swindon,Swindon,CP3138QD,Swindon Clinical Waste Transfer and Treatment Facility - EPR/CP3138QD,TRADEBE HEALTHCARE NATIONAL LIMITED,T07 : Clinical Waste Treatment installation,416080,186320,SN2 8EA,Solid,Hazardous,18 - HUMAN AND ANIMAL HEALTH CARE WASTE,Natal care - diagnosis - treatment or prevention of disease in humans,cytotoxic and cytostatic medicines,18 01 08*,Treatment,Clinical Waste Transfer / Treatment,Bassetlaw,Nottinghamshire,East Midlands,Incineration,D10,0.023999,02 - Chemical preparation wastes,Off-specification chemical wastes
South West,Wiltshire,Swindon,Swindon,CP3138QD,Swindon Clinical Waste Transfer and Treatment Facility - EPR/CP3138QD,TRADEBE HEALTHCARE NATIONAL LIMITED,T07 : Clinical Waste Treatment installation,416080,186320,SN2 8EA,Solid,Hazardous,18 - HUMAN AND ANIMAL HEALTH CARE WASTE,Natal care - diagnosis - treatment or prevention of disease in humans,wastes whose collection and disposal is subject to special requirements in order to prevent infection,18 01 03*,Treatment,Clinical Waste Transfer / Treatment,Bassetlaw,Nottinghamshire,East Midlands,Incineration,D10,0.2582,05 - Healthcare and biological wastes,Infectious health care wastes
South West,Wiltshire,Swindon,Swindon,CP3138QD,Swindon Clinical Waste Transfer and Treatment Facility - EPR/CP3138QD,TRADEBE HEALTHCARE NATIONAL LIMITED,T07 : Clinical Waste Treatment installation,416080,186320,SN2 8EA,Solid,Hhold/Ind/Com,18 - HUMAN AND ANIMAL HEALTH CARE WASTE,Natal care - diagnosis - treatment or prevention of disease in humans,"wastes whose collection and disposal is not subject to special requirements in order to prevent infection(for example dressings, plaster casts, linen, disposable clothing, diapers)",18 01 04,Treatment,Clinical Waste Transfer / Treatment,Bassetlaw,Nottinghamshire,East Midlands,Incineration,D10,0.3272,10 - Mixed ordinary wastes,Mixed and undifferentiated materials
South West,Wiltshire,Swindon,Swindon,CP3138QD,Swindon Clinical Waste Transfer and Treatment Facility - EPR/CP3138QD,TRADEBE HEALTHCARE NATIONAL LIMITED,T07 : Clinical Waste Treatment installation,416080,186320,SN2 8EA,Solid,Hhold/Ind/Com,18 - HUMAN AND ANIMAL HEALTH CARE WASTE,Natal care - diagnosis - treatment or prevention of disease in humans,medicines other than those mentioned in 18 01 08,18 01 09,Treatment,Clinical Waste Transfer / Treatment,Rushcliffe,Nottinghamshire,East Midlands,Recovery,R13,0.09277,02 - Chemical preparation wastes,Off-specification chemical wastes
South West,Wiltshire,Swindon,Swindon,CP3138QD,Swindon Clinical Waste Transfer and Treatment Facility - EPR/CP3138QD,TRADEBE HEALTHCARE NATIONAL LIMITED,T07 : Clinical Waste Treatment installation,416080,186320,SN2 8EA,Solid,Hhold/Ind/Com,18 - HUMAN AND ANIMAL HEALTH CARE WASTE,Natal care - diagnosis - treatment or prevention of disease in humans,medicines other than those mentioned in 18 01 08,18 01 09,Treatment,Clinical Waste Transfer / Treatment,Cherwell,Oxfordshire,South East,Recovery,R13,4.700722,02 - Chemical preparation wastes,Off-specification chemical wastes
South West,Wiltshire,Swindon,Swindon,CP3138QD,Swindon Clinical Waste Transfer and Treatment Facility - EPR/CP3138QD,TRADEBE HEALTHCARE NATIONAL LIMITED,T07 : Clinical Waste Treatment installation,416080,186320,SN2 8EA,Solid,Hazardous,18 - HUMAN AND ANIMAL HEALTH CARE WASTE,Natal care - diagnosis - treatment or prevention of disease in humans,cytotoxic and cytostatic medicines,18 01 08*,Treatment,Clinical Waste Transfer / Treatment,Cherwell,Oxfordshire,South East,Transfer (D),D15,2.604643,02 - Chemical preparation wastes,Off-specification chemical wastes
South West,Wiltshire,Swindon,Swindon,CP3138QD,Swindon Clinical Waste Transfer and Treatment Facility - EPR/CP3138QD,TRADEBE HEALTHCARE NATIONAL LIMITED,T07 : Clinical Waste Treatment installation,416080,186320,SN2 8EA,Solid,Hazardous,18 - HUMAN AND ANIMAL HEALTH CARE WASTE,Natal care - diagnosis - treatment or prevention of disease in humans,wastes whose collection and disposal is subject to special requirements in order to prevent infection,18 01 03*,Treatment,Clinical Waste Transfer / Treatment,Cherwell,Oxfordshire,South East,Transfer (D),D15,66.206378,05 - Healthcare and biological wastes,Infectious health care wastes
South West,Wiltshire,Swindon,Swindon,CP3138QD,Swindon Clinical Waste Transfer and Treatment Facility - EPR/CP3138QD,TRADEBE HEALTHCARE NATIONAL LIMITED,T07 : Clinical Waste Treatment installation,416080,186320,SN2 8EA,Solid,Hhold/Ind/Com,18 - HUMAN AND ANIMAL HEALTH CARE WASTE,Natal care - diagnosis - treatment or prevention of disease in humans,medicines other than those mentioned in 18 01 08,18 01 09,Treatment,Clinical Waste Transfer / Treatment,Cherwell,Oxfordshire,South East,Transfer (D),D15,1.1004,02 - Chemical preparation wastes,Off-specification chemical wastes
South West,Wiltshire,Swindon,Swindon,CP3138QD,Swindon Clinical Waste Transfer and Treatment Facility - EPR/CP3138QD,TRADEBE HEALTHCARE NATIONAL LIMITED,T07 : Clinical Waste Treatment installation,416080,186320,SN2 8EA,Solid,Hhold/Ind/Com,18 - HUMAN AND ANIMAL HEALTH CARE WASTE,Natal care - diagnosis - treatment or prevention of disease in humans,"wastes whose collection and disposal is not subject to special requirements in order to prevent infection(for example dressings, plaster casts, linen, disposable clothing, diapers)",18 01 04,Treatment,Clinical Waste Transfer / Treatment,Cherwell,Oxfordshire,South East,Transfer (D),D15,7.245228,10 - Mixed ordinary wastes,Mixed and undifferentiated materials
South West,Wiltshire,Swindon,Swindon,CP3138QD,Swindon Clinical Waste Transfer and Treatment Facility - EPR/CP3138QD,TRADEBE HEALTHCARE NATIONAL LIMITED,T07 : Clinical Waste Treatment installation,416080,186320,SN2 8EA,Solid,Hazardous,18 - HUMAN AND ANIMAL HEALTH CARE WASTE,Natal care - diagnosis - treatment or prevention of disease in humans,wastes whose collection and disposal is subject to special requirements in order to prevent infection,18 01 03*,Treatment,Clinical Waste Transfer / Treatment,Cherwell,Oxfordshire,South East,Treatment,D09,127.964804,05 - Healthcare and biological wastes,Infectious health care wastes
South West,Wiltshire,Swindon,Swindon,CP3138QD,Swindon Clinical Waste Transfer and Treatment Facility - EPR/CP3138QD,TRADEBE HEALTHCARE NATIONAL LIMITED,T07 : Clinical Waste Treatment installation,416080,186320,SN2 8EA,Solid,Hhold/Ind/Com,18 - HUMAN AND ANIMAL HEALTH CARE WASTE,Natal care - diagnosis - treatment or prevention of disease in humans,medicines other than those mentioned in 18 01 08,18 01 09,Treatment,Clinical Waste Transfer / Treatment,Oxford,Oxfordshire,South East,Recovery,R13,18.947565,02 - Chemical preparation wastes,Off-specification chemical wastes
South West,Wiltshire,Swindon,Swindon,CP3138QD,Swindon Clinical Waste Transfer and Treatment Facility - EPR/CP3138QD,TRADEBE HEALTHCARE NATIONAL LIMITED,T07 : Clinical Waste Treatment installation,416080,186320,SN2 8EA,Solid,Hazardous,18 - HUMAN AND ANIMAL HEALTH CARE WASTE,Natal care - diagnosis - treatment or prevention of disease in humans,chemicals consisting of or containing dangerous substances,18 01 06*,Treatment,Clinical Waste Transfer / Treatment,Oxford,Oxfordshire,South East,Transfer (D),D15,0.3672,02 - Chemical preparation wastes,Off-specification chemical wastes
South West,Wiltshire,Swindon,Swindon,CP3138QD,Swindon Clinical Waste Transfer and Treatment Facility - EPR/CP3138QD,TRADEBE HEALTHCARE NATIONAL LIMITED,T07 : Clinical Waste Treatment installation,416080,186320,SN2 8EA,Solid,Hazardous,18 - HUMAN AND ANIMAL HEALTH CARE WASTE,Natal care - diagnosis - treatment or prevention of disease in humans,cytotoxic and cytostatic medicines,18 01 08*,Treatment,Clinical Waste Transfer / Treatment,Oxford,Oxfordshire,South East,Transfer (D),D15,11.408282,02 - Chemical preparation wastes,Off-specification chemical wastes
South West,Wiltshire,Swindon,Swindon,CP3138QD,Swindon Clinical Waste Transfer and Treatment Facility - EPR/CP3138QD,TRADEBE HEALTHCARE NATIONAL LIMITED,T07 : Clinical Waste Treatment installation,416080,186320,SN2 8EA,Solid,Hazardous,18 - HUMAN AND ANIMAL HEALTH CARE WASTE,Natal care - diagnosis - treatment or prevention of disease in humans,wastes whose collection and disposal is subject to special requirements in order to prevent infection,18 01 03*,Treatment,Clinical Waste Transfer / Treatment,Oxford,Oxfordshire,South East,Transfer (D),D15,966.55524,05 - Healthcare and biological wastes,Infectious health care wastes
South West,Wiltshire,Swindon,Swindon,CP3138QD,Swindon Clinical Waste Transfer and Treatment Facility - EPR/CP3138QD,TRADEBE HEALTHCARE NATIONAL LIMITED,T07 : Clinical Waste Treatment installation,416080,186320,SN2 8EA,Solid,Hhold/Ind/Com,18 - HUMAN AND ANIMAL HEALTH CARE WASTE,Natal care - diagnosis - treatment or prevention of disease in humans,medicines other than those mentioned in 18 01 08,18 01 09,Treatment,Clinical Waste Transfer / Treatment,Oxford,Oxfordshire,South East,Transfer (D),D15,4.624,02 - Chemical preparation wastes,Off-specification chemical wastes
South West,Wiltshire,Swindon,Swindon,CP3138QD,Swindon Clinical Waste Transfer and Treatment Facility - EPR/CP3138QD,TRADEBE HEALTHCARE NATIONAL LIMITED,T07 : Clinical Waste Treatment installation,416080,186320,SN2 8EA,Solid,Hhold/Ind/Com,18 - HUMAN AND ANIMAL HEALTH CARE WASTE,Natal care - diagnosis - treatment or prevention of disease in humans,"wastes whose collection and disposal is not subject to special requirements in order to prevent infection(for example dressings, plaster casts, linen, disposable clothing, diapers)",18 01 04,Treatment,Clinical Waste Transfer / Treatment,Oxford,Oxfordshire,South East,Transfer (D),D15,22.156962,10 - Mixed ordinary wastes,Mixed and undifferentiated materials
South West,Wiltshire,Swindon,Swindon,CP3138QD,Swindon Clinical Waste Transfer and Treatment Facility - EPR/CP3138QD,TRADEBE HEALTHCARE NATIONAL LIMITED,T07 : Clinical Waste Treatment installation,416080,186320,SN2 8EA,Solid,Hazardous,18 - HUMAN AND ANIMAL HEALTH CARE WASTE,Natal care - diagnosis - treatment or prevention of disease in humans,wastes whose collection and disposal is subject to special requirements in order to prevent infection,18 01 03*,Treatment,Clinical Waste Transfer / Treatment,Oxford,Oxfordshire,South East,Treatment,D09,686.822815,05 - Healthcare and biological wastes,Infectious health care wastes
South West,Wiltshire,Swindon,Swindon,CP3138QD,Swindon Clinical Waste Transfer and Treatment Facility - EPR/CP3138QD,TRADEBE HEALTHCARE NATIONAL LIMITED,T07 : Clinical Waste Treatment installation,416080,186320,SN2 8EA,Solid,Hhold/Ind/Com,18 - HUMAN AND ANIMAL HEALTH CARE WASTE,Natal care - diagnosis - treatment or prevention of disease in humans,medicines other than those mentioned in 18 01 08,18 01 09,Treatment,Clinical Waste Transfer / Treatment,South Oxfordshire,Oxfordshire,South East,Recovery,R13,0.0502,02 - Chemical preparation wastes,Off-specification chemical wastes
South West,Wiltshire,Swindon,Swindon,CP3138QD,Swindon Clinical Waste Transfer and Treatment Facility - EPR/CP3138QD,TRADEBE HEALTHCARE NATIONAL LIMITED,T07 : Clinical Waste Treatment installation,416080,186320,SN2 8EA,Solid,Hazardous,18 - HUMAN AND ANIMAL HEALTH CARE WASTE,Natal care - diagnosis - treatment or prevention of disease in humans,chemicals consisting of or containing dangerous substances,18 01 06*,Treatment,Clinical Waste Transfer / Treatment,South Oxfordshire,Oxfordshire,South East,Transfer (D),D15,0.015,02 - Chemical preparation wastes,Off-specification chemical wastes
South West,Wiltshire,Swindon,Swindon,CP3138QD,Swindon Clinical Waste Transfer and Treatment Facility - EPR/CP3138QD,TRADEBE HEALTHCARE NATIONAL LIMITED,T07 : Clinical Waste Treatment installation,416080,186320,SN2 8EA,Solid,Hazardous,18 - HUMAN AND ANIMAL HEALTH CARE WASTE,Natal care - diagnosis - treatment or prevention of disease in humans,cytotoxic and cytostatic medicines,18 01 08*,Treatment,Clinical Waste Transfer / Treatment,South Oxfordshire,Oxfordshire,South East,Transfer (D),D15,0.0006,02 - Chemical preparation wastes,Off-specification chemical wastes
South West,Wiltshire,Swindon,Swindon,CP3138QD,Swindon Clinical Waste Transfer and Treatment Facility - EPR/CP3138QD,TRADEBE HEALTHCARE NATIONAL LIMITED,T07 : Clinical Waste Treatment installation,416080,186320,SN2 8EA,Solid,Hazardous,18 - HUMAN AND ANIMAL HEALTH CARE WASTE,Natal care - diagnosis - treatment or prevention of disease in humans,wastes whose collection and disposal is subject to special requirements in order to prevent infection,18 01 03*,Treatment,Clinical Waste Transfer / Treatment,South Oxfordshire,Oxfordshire,South East,Transfer (D),D15,3.515002,05 - Healthcare and biological wastes,Infectious health care wastes
South West,Wiltshire,Swindon,Swindon,CP3138QD,Swindon Clinical Waste Transfer and Treatment Facility - EPR/CP3138QD,TRADEBE HEALTHCARE NATIONAL LIMITED,T07 : Clinical Waste Treatment installation,416080,186320,SN2 8EA,Solid,Hhold/Ind/Com,18 - HUMAN AND ANIMAL HEALTH CARE WASTE,Natal care - diagnosis - treatment or prevention of disease in humans,medicines other than those mentioned in 18 01 08,18 01 09,Treatment,Clinical Waste Transfer / Treatment,South Oxfordshire,Oxfordshire,South East,Transfer (D),D15,0.065,02 - Chemical preparation wastes,Off-specification chemical wastes
South West,Wiltshire,Swindon,Swindon,CP3138QD,Swindon Clinical Waste Transfer and Treatment Facility - EPR/CP3138QD,TRADEBE HEALTHCARE NATIONAL LIMITED,T07 : Clinical Waste Treatment installation,416080,186320,SN2 8EA,Solid,Hhold/Ind/Com,18 - HUMAN AND ANIMAL HEALTH CARE WASTE,Natal care - diagnosis - treatment or prevention of disease in humans,"wastes whose collection and disposal is not subject to special requirements in order to prevent infection(for example dressings, plaster casts, linen, disposable clothing, diapers)",18 01 04,Treatment,Clinical Waste Transfer / Treatment,South Oxfordshire,Oxfordshire,South East,Transfer (D),D15,11.8436,10 - Mixed ordinary wastes,Mixed and undifferentiated materials
South West,Wiltshire,Swindon,Swindon,CP3138QD,Swindon Clinical Waste Transfer and Treatment Facility - EPR/CP3138QD,TRADEBE HEALTHCARE NATIONAL LIMITED,T07 : Clinical Waste Treatment installation,416080,186320,SN2 8EA,Solid,Hazardous,18 - HUMAN AND ANIMAL HEALTH CARE WASTE,Natal care - diagnosis - treatment or prevention of disease in humans,wastes whose collection and disposal is subject to special requirements in order to prevent infection,18 01 03*,Treatment,Clinical Waste Transfer / Treatment,South Oxfordshire,Oxfordshire,South East,Treatment,D09,2.390501,05 - Healthcare and biological wastes,Infectious health care wastes
South West,Wiltshire,Swindon,Swindon,CP3138QD,Swindon Clinical Waste Transfer and Treatment Facility - EPR/CP3138QD,TRADEBE HEALTHCARE NATIONAL LIMITED,T07 : Clinical Waste Treatment installation,416080,186320,SN2 8EA,Solid,Hhold/Ind/Com,18 - HUMAN AND ANIMAL HEALTH CARE WASTE,Natal care - diagnosis - treatment or prevention of disease in humans,medicines other than those mentioned in 18 01 08,18 01 09,Treatment,Clinical Waste Transfer / Treatment,Vale of White Horse,Oxfordshire,South East,Recovery,R13,0.009519,02 - Chemical preparation wastes,Off-specification chemical wastes
South West,Wiltshire,Swindon,Swindon,CP3138QD,Swindon Clinical Waste Transfer and Treatment Facility - EPR/CP3138QD,TRADEBE HEALTHCARE NATIONAL LIMITED,T07 : Clinical Waste Treatment installation,416080,186320,SN2 8EA,Solid,Hazardous,18 - HUMAN AND ANIMAL HEALTH CARE WASTE,Natal care - diagnosis - treatment or prevention of disease in humans,cytotoxic and cytostatic medicines,18 01 08*,Treatment,Clinical Waste Transfer / Treatment,Vale of White Horse,Oxfordshire,South East,Transfer (D),D15,0.003,02 - Chemical preparation wastes,Off-specification chemical wastes
South West,Wiltshire,Swindon,Swindon,CP3138QD,Swindon Clinical Waste Transfer and Treatment Facility - EPR/CP3138QD,TRADEBE HEALTHCARE NATIONAL LIMITED,T07 : Clinical Waste Treatment installation,416080,186320,SN2 8EA,Solid,Hazardous,18 - HUMAN AND ANIMAL HEALTH CARE WASTE,Natal care - diagnosis - treatment or prevention of disease in humans,wastes whose collection and disposal is subject to special requirements in order to prevent infection,18 01 03*,Treatment,Clinical Waste Transfer / Treatment,Vale of White Horse,Oxfordshire,South East,Transfer (D),D15,5.943888,05 - Healthcare and biological wastes,Infectious health care wastes
South West,Wiltshire,Swindon,Swindon,CP3138QD,Swindon Clinical Waste Transfer and Treatment Facility - EPR/CP3138QD,TRADEBE HEALTHCARE NATIONAL LIMITED,T07 : Clinical Waste Treatment installation,416080,186320,SN2 8EA,Solid,Hhold/Ind/Com,18 - HUMAN AND ANIMAL HEALTH CARE WASTE,Natal care - diagnosis - treatment or prevention of disease in humans,medicines other than those mentioned in 18 01 08,18 01 09,Treatment,Clinical Waste Transfer / Treatment,Vale of White Horse,Oxfordshire,South East,Transfer (D),D15,0.01,02 - Chemical preparation wastes,Off-specification chemical wastes
South West,Wiltshire,Swindon,Swindon,CP3138QD,Swindon Clinical Waste Transfer and Treatment Facility - EPR/CP3138QD,TRADEBE HEALTHCARE NATIONAL LIMITED,T07 : Clinical Waste Treatment installation,416080,186320,SN2 8EA,Solid,Hhold/Ind/Com,18 - HUMAN AND ANIMAL HEALTH CARE WASTE,Natal care - diagnosis - treatment or prevention of disease in humans,"wastes whose collection and disposal is not subject to special requirements in order to prevent infection(for example dressings, plaster casts, linen, disposable clothing, diapers)",18 01 04,Treatment,Clinical Waste Transfer / Treatment,Vale of White Horse,Oxfordshire,South East,Transfer (D),D15,13.608766,10 - Mixed ordinary wastes,Mixed and undifferentiated materials
South West,Wiltshire,Swindon,Swindon,CP3138QD,Swindon Clinical Waste Transfer and Treatment Facility - EPR/CP3138QD,TRADEBE HEALTHCARE NATIONAL LIMITED,T07 : Clinical Waste Treatment installation,416080,186320,SN2 8EA,Solid,Hazardous,18 - HUMAN AND ANIMAL HEALTH CARE WASTE,Natal care - diagnosis - treatment or prevention of disease in humans,wastes whose collection and disposal is subject to special requirements in order to prevent infection,18 01 03*,Treatment,Clinical Waste Transfer / Treatment,Vale of White Horse,Oxfordshire,South East,Treatment,D09,4.980199,05 - Healthcare and biological wastes,Infectious health care wastes
South West,Wiltshire,Swindon,Swindon,CP3138QD,Swindon Clinical Waste Transfer and Treatment Facility - EPR/CP3138QD,TRADEBE HEALTHCARE NATIONAL LIMITED,T07 : Clinical Waste Treatment installation,416080,186320,SN2 8EA,Solid,Hhold/Ind/Com,18 - HUMAN AND ANIMAL HEALTH CARE WASTE,Natal care - diagnosis - treatment or prevention of disease in humans,medicines other than those mentioned in 18 01 08,18 01 09,Treatment,Clinical Waste Transfer / Treatment,West Oxfordshire,Oxfordshire,South East,Recovery,R13,0.04278,02 - Chemical preparation wastes,Off-specification chemical wastes
South West,Wiltshire,Swindon,Swindon,CP3138QD,Swindon Clinical Waste Transfer and Treatment Facility - EPR/CP3138QD,TRADEBE HEALTHCARE NATIONAL LIMITED,T07 : Clinical Waste Treatment installation,416080,186320,SN2 8EA,Solid,Hazardous,18 - HUMAN AND ANIMAL HEALTH CARE WASTE,Natal care - diagnosis - treatment or prevention of disease in humans,cytotoxic and cytostatic medicines,18 01 08*,Treatment,Clinical Waste Transfer / Treatment,West Oxfordshire,Oxfordshire,South East,Transfer (D),D15,0.002,02 - Chemical preparation wastes,Off-specification chemical wastes
South West,Wiltshire,Swindon,Swindon,CP3138QD,Swindon Clinical Waste Transfer and Treatment Facility - EPR/CP3138QD,TRADEBE HEALTHCARE NATIONAL LIMITED,T07 : Clinical Waste Treatment installation,416080,186320,SN2 8EA,Solid,Hazardous,18 - HUMAN AND ANIMAL HEALTH CARE WASTE,Natal care - diagnosis - treatment or prevention of disease in humans,wastes whose collection and disposal is subject to special requirements in order to prevent infection,18 01 03*,Treatment,Clinical Waste Transfer / Treatment,West Oxfordshire,Oxfordshire,South East,Transfer (D),D15,2.858079,05 - Healthcare and biological wastes,Infectious health care wastes
South West,Wiltshire,Swindon,Swindon,CP3138QD,Swindon Clinical Waste Transfer and Treatment Facility - EPR/CP3138QD,TRADEBE HEALTHCARE NATIONAL LIMITED,T07 : Clinical Waste Treatment installation,416080,186320,SN2 8EA,Solid,Hhold/Ind/Com,18 - HUMAN AND ANIMAL HEALTH CARE WASTE,Natal care - diagnosis - treatment or prevention of disease in humans,"wastes whose collection and disposal is not subject to special requirements in order to prevent infection(for example dressings, plaster casts, linen, disposable clothing, diapers)",18 01 04,Treatment,Clinical Waste Transfer / Treatment,West Oxfordshire,Oxfordshire,South East,Transfer (D),D15,10.569015,10 - Mixed ordinary wastes,Mixed and undifferentiated materials
South West,Wiltshire,Swindon,Swindon,CP3138QD,Swindon Clinical Waste Transfer and Treatment Facility - EPR/CP3138QD,TRADEBE HEALTHCARE NATIONAL LIMITED,T07 : Clinical Waste Treatment installation,416080,186320,SN2 8EA,Solid,Hazardous,18 - HUMAN AND ANIMAL HEALTH CARE WASTE,Natal care - diagnosis - treatment or prevention of disease in humans,wastes whose collection and disposal is subject to special requirements in order to prevent infection,18 01 03*,Treatment,Clinical Waste Transfer / Treatment,West Oxfordshire,Oxfordshire,South East,Treatment,D09,3.93641,05 - Healthcare and biological wastes,Infectious health care wastes
South West,Wiltshire,Swindon,Swindon,CP3138QD,Swindon Clinical Waste Transfer and Treatment Facility - EPR/CP3138QD,TRADEBE HEALTHCARE NATIONAL LIMITED,T07 : Clinical Waste Treatment installation,416080,186320,SN2 8EA,Solid,Hazardous,18 - HUMAN AND ANIMAL HEALTH CARE WASTE,Natal care - diagnosis - treatment or prevention of disease in humans,wastes whose collection and disposal is subject to special requirements in order to prevent infection,18 01 03*,Treatment,Clinical Waste Transfer / Treatment,Reading,Reading,South East,Transfer (D),D15,10.8172,05 - Healthcare and biological wastes,Infectious health care wastes
South West,Wiltshire,Swindon,Swindon,CP3138QD,Swindon Clinical Waste Transfer and Treatment Facility - EPR/CP3138QD,TRADEBE HEALTHCARE NATIONAL LIMITED,T07 : Clinical Waste Treatment installation,416080,186320,SN2 8EA,Solid,Hazardous,18 - HUMAN AND ANIMAL HEALTH CARE WASTE,Natal care - diagnosis - treatment or prevention of disease in humans,wastes whose collection and disposal is subject to special requirements in order to prevent infection,18 01 03*,Treatment,Clinical Waste Transfer / Treatment,Reading,Reading,South East,Treatment,D09,32.2244,05 - Healthcare and biological wastes,Infectious health care wastes
South West,Wiltshire,Swindon,Swindon,CP3138QD,Swindon Clinical Waste Transfer and Treatment Facility - EPR/CP3138QD,TRADEBE HEALTHCARE NATIONAL LIMITED,T07 : Clinical Waste Treatment installation,416080,186320,SN2 8EA,Solid,Hazardous,18 - HUMAN AND ANIMAL HEALTH CARE WASTE,Natal care - diagnosis - treatment or prevention of disease in humans,wastes whose collection and disposal is subject to special requirements in order to prevent infection,18 01 03*,Treatment,Clinical Waste Transfer / Treatment,Salford,Salford,North West,Incineration,D10,0.0806,05 - Healthcare and biological wastes,Infectious health care wastes
South West,Wiltshire,Swindon,Swindon,CP3138QD,Swindon Clinical Waste Transfer and Treatment Facility - EPR/CP3138QD,TRADEBE HEALTHCARE NATIONAL LIMITED,T07 : Clinical Waste Treatment installation,416080,186320,SN2 8EA,Solid,Hazardous,18 - HUMAN AND ANIMAL HEALTH CARE WASTE,Natal care - diagnosis - treatment or prevention of disease in humans,wastes whose collection and disposal is subject to special requirements in order to prevent infection,18 01 03*,Treatment,Clinical Waste Transfer / Treatment,Sandwell,Sandwell,West Midlands,Incineration,D10,0.119,05 - Healthcare and biological wastes,Infectious health care wastes
South West,Wiltshire,Swindon,Swindon,CP3138QD,Swindon Clinical Waste Transfer and Treatment Facility - EPR/CP3138QD,TRADEBE HEALTHCARE NATIONAL LIMITED,T07 : Clinical Waste Treatment installation,416080,186320,SN2 8EA,Solid,Hhold/Ind/Com,18 - HUMAN AND ANIMAL HEALTH CARE WASTE,Natal care - diagnosis - treatment or prevention of disease in humans,medicines other than those mentioned in 18 01 08,18 01 09,Treatment,Clinical Waste Transfer / Treatment,North Lanarkshire,Scotland,Scotland,Recovery,R13,75.9473,02 - Chemical preparation wastes,Off-specification chemical wastes
South West,Wiltshire,Swindon,Swindon,CP3138QD,Swindon Clinical Waste Transfer and Treatment Facility - EPR/CP3138QD,TRADEBE HEALTHCARE NATIONAL LIMITED,T07 : Clinical Waste Treatment installation,416080,186320,SN2 8EA,Solid,Hazardous,18 - HUMAN AND ANIMAL HEALTH CARE WASTE,Natal care - diagnosis - treatment or prevention of disease in humans,cytotoxic and cytostatic medicines,18 01 08*,Treatment,Clinical Waste Transfer / Treatment,North Lanarkshire,Scotland,Scotland,Transfer (D),D15,18.80234,02 - Chemical preparation wastes,Off-specification chemical wastes
South West,Wiltshire,Swindon,Swindon,CP3138QD,Swindon Clinical Waste Transfer and Treatment Facility - EPR/CP3138QD,TRADEBE HEALTHCARE NATIONAL LIMITED,T07 : Clinical Waste Treatment installation,416080,186320,SN2 8EA,Solid,Hazardous,18 - HUMAN AND ANIMAL HEALTH CARE WASTE,Natal care - diagnosis - treatment or prevention of disease in humans,wastes whose collection and disposal is subject to special requirements in order to prevent infection,18 01 03*,Treatment,Clinical Waste Transfer / Treatment,North Lanarkshire,Scotland,Scotland,Transfer (D),D15,207.36774,05 - Healthcare and biological wastes,Infectious health care wastes
South West,Wiltshire,Swindon,Swindon,CP3138QD,Swindon Clinical Waste Transfer and Treatment Facility - EPR/CP3138QD,TRADEBE HEALTHCARE NATIONAL LIMITED,T07 : Clinical Waste Treatment installation,416080,186320,SN2 8EA,Solid,Hhold/Ind/Com,18 - HUMAN AND ANIMAL HEALTH CARE WASTE,Natal care - diagnosis - treatment or prevention of disease in humans,"wastes whose collection and disposal is not subject to special requirements in order to prevent infection(for example dressings, plaster casts, linen, disposable clothing, diapers)",18 01 04,Treatment,Clinical Waste Transfer / Treatment,North Lanarkshire,Scotland,Scotland,Transfer (D),D15,28.11143,10 - Mixed ordinary wastes,Mixed and undifferentiated materials
South West,Wiltshire,Swindon,Swindon,CP3138QD,Swindon Clinical Waste Transfer and Treatment Facility - EPR/CP3138QD,TRADEBE HEALTHCARE NATIONAL LIMITED,T07 : Clinical Waste Treatment installation,416080,186320,SN2 8EA,Solid,Hazardous,18 - HUMAN AND ANIMAL HEALTH CARE WASTE,Natal care - diagnosis - treatment or prevention of disease in humans,wastes whose collection and disposal is subject to special requirements in order to prevent infection,18 01 03*,Treatment,Clinical Waste Transfer / Treatment,North Lanarkshire,Scotland,Scotland,Treatment,D09,19.4616,05 - Healthcare and biological wastes,Infectious health care wastes
South West,Wiltshire,Swindon,Swindon,CP3138QD,Swindon Clinical Waste Transfer and Treatment Facility - EPR/CP3138QD,TRADEBE HEALTHCARE NATIONAL LIMITED,T07 : Clinical Waste Treatment installation,416080,186320,SN2 8EA,Solid,Hazardous,18 - HUMAN AND ANIMAL HEALTH CARE WASTE,Natal care - diagnosis - treatment or prevention of disease in humans,cytotoxic and cytostatic medicines,18 01 08*,Treatment,Clinical Waste Transfer / Treatment,Shropshire,Shropshire,West Midlands,Incineration,D10,0.01,02 - Chemical preparation wastes,Off-specification chemical wastes
South West,Wiltshire,Swindon,Swindon,CP3138QD,Swindon Clinical Waste Transfer and Treatment Facility - EPR/CP3138QD,TRADEBE HEALTHCARE NATIONAL LIMITED,T07 : Clinical Waste Treatment installation,416080,186320,SN2 8EA,Solid,Hazardous,18 - HUMAN AND ANIMAL HEALTH CARE WASTE,Natal care - diagnosis - treatment or prevention of disease in humans,wastes whose collection and disposal is subject to special requirements in order to prevent infection,18 01 03*,Treatment,Clinical Waste Transfer / Treatment,Shropshire,Shropshire,West Midlands,Incineration,D10,3.972,05 - Healthcare and biological wastes,Infectious health care wastes
South West,Wiltshire,Swindon,Swindon,CP3138QD,Swindon Clinical Waste Transfer and Treatment Facility - EPR/CP3138QD,TRADEBE HEALTHCARE NATIONAL LIMITED,T07 : Clinical Waste Treatment installation,416080,186320,SN2 8EA,Solid,Hhold/Ind/Com,18 - HUMAN AND ANIMAL HEALTH CARE WASTE,Natal care - diagnosis - treatment or prevention of disease in humans,"wastes whose collection and disposal is not subject to special requirements in order to prevent infection(for example dressings, plaster casts, linen, disposable clothing, diapers)",18 01 04,Treatment,Clinical Waste Transfer / Treatment,Shropshire,Shropshire,West Midlands,Incineration,D10,0.055,10 - Mixed ordinary wastes,Mixed and undifferentiated materials
South West,Wiltshire,Swindon,Swindon,CP3138QD,Swindon Clinical Waste Transfer and Treatment Facility - EPR/CP3138QD,TRADEBE HEALTHCARE NATIONAL LIMITED,T07 : Clinical Waste Treatment installation,416080,186320,SN2 8EA,Solid,Hazardous,18 - HUMAN AND ANIMAL HEALTH CARE WASTE,Natal care - diagnosis - treatment or prevention of disease in humans,wastes whose collection and disposal is subject to special requirements in order to prevent infection,18 01 03*,Treatment,Clinical Waste Transfer / Treatment,Shropshire,Shropshire,West Midlands,Transfer (D),D15,0.134,05 - Healthcare and biological wastes,Infectious health care wastes
South West,Wiltshire,Swindon,Swindon,CP3138QD,Swindon Clinical Waste Transfer and Treatment Facility - EPR/CP3138QD,TRADEBE HEALTHCARE NATIONAL LIMITED,T07 : Clinical Waste Treatment installation,416080,186320,SN2 8EA,Liquid,Hhold/Ind/Com,18 - HUMAN AND ANIMAL HEALTH CARE WASTE,Natal care - diagnosis - treatment or prevention of disease in humans,medicines other than those mentioned in 18 01 08,18 01 09,Treatment,Clinical Waste Transfer / Treatment,Solihull,Solihull,West Midlands,Incineration,D10,0.005,02 - Chemical preparation wastes,Off-specification chemical wastes
South West,Wiltshire,Swindon,Swindon,CP3138QD,Swindon Clinical Waste Transfer and Treatment Facility - EPR/CP3138QD,TRADEBE HEALTHCARE NATIONAL LIMITED,T07 : Clinical Waste Treatment installation,416080,186320,SN2 8EA,Solid,Hazardous,18 - HUMAN AND ANIMAL HEALTH CARE WASTE,Natal care - diagnosis - treatment or prevention of disease in humans,wastes whose collection and disposal is subject to special requirements in order to prevent infection,18 01 03*,Treatment,Clinical Waste Transfer / Treatment,Solihull,Solihull,West Midlands,Incineration,D10,0.4997,05 - Healthcare and biological wastes,Infectious health care wastes
South West,Wiltshire,Swindon,Swindon,CP3138QD,Swindon Clinical Waste Transfer and Treatment Facility - EPR/CP3138QD,TRADEBE HEALTHCARE NATIONAL LIMITED,T07 : Clinical Waste Treatment installation,416080,186320,SN2 8EA,Solid,Hhold/Ind/Com,18 - HUMAN AND ANIMAL HEALTH CARE WASTE,Natal care - diagnosis - treatment or prevention of disease in humans,"wastes whose collection and disposal is not subject to special requirements in order to prevent infection(for example dressings, plaster casts, linen, disposable clothing, diapers)",18 01 04,Treatment,Clinical Waste Transfer / Treatment,Solihull,Solihull,West Midlands,Incineration,D10,0.489,10 - Mixed ordinary wastes,Mixed and undifferentiated materials
South West,Wiltshire,Swindon,Swindon,CP3138QD,Swindon Clinical Waste Transfer and Treatment Facility - EPR/CP3138QD,TRADEBE HEALTHCARE NATIONAL LIMITED,T07 : Clinical Waste Treatment installation,416080,186320,SN2 8EA,Liquid,Hhold/Ind/Com,18 - HUMAN AND ANIMAL HEALTH CARE WASTE,Natal care - diagnosis - treatment or prevention of disease in humans,medicines other than those mentioned in 18 01 08,18 01 09,Treatment,Clinical Waste Transfer / Treatment,Solihull,Solihull,West Midlands,Transfer (D),D15,0.01,02 - Chemical preparation wastes,Off-specification chemical wastes
South West,Wiltshire,Swindon,Swindon,CP3138QD,Swindon Clinical Waste Transfer and Treatment Facility - EPR/CP3138QD,TRADEBE HEALTHCARE NATIONAL LIMITED,T07 : Clinical Waste Treatment installation,416080,186320,SN2 8EA,Solid,Hazardous,18 - HUMAN AND ANIMAL HEALTH CARE WASTE,Natal care - diagnosis - treatment or prevention of disease in humans,wastes whose collection and disposal is subject to special requirements in order to prevent infection,18 01 03*,Treatment,Clinical Waste Transfer / Treatment,Solihull,Solihull,West Midlands,Transfer (D),D15,0.357,05 - Healthcare and biological wastes,Infectious health care wastes
South West,Wiltshire,Swindon,Swindon,CP3138QD,Swindon Clinical Waste Transfer and Treatment Facility - EPR/CP3138QD,TRADEBE HEALTHCARE NATIONAL LIMITED,T07 : Clinical Waste Treatment installation,416080,186320,SN2 8EA,Solid,Hhold/Ind/Com,18 - HUMAN AND ANIMAL HEALTH CARE WASTE,Natal care - diagnosis - treatment or prevention of disease in humans,"wastes whose collection and disposal is not subject to special requirements in order to prevent infection(for example dressings, plaster casts, linen, disposable clothing, diapers)",18 01 04,Treatment,Clinical Waste Transfer / Treatment,Solihull,Solihull,West Midlands,Transfer (D),D15,0.444,10 - Mixed ordinary wastes,Mixed and undifferentiated materials
South West,Wiltshire,Swindon,Swindon,CP3138QD,Swindon Clinical Waste Transfer and Treatment Facility - EPR/CP3138QD,TRADEBE HEALTHCARE NATIONAL LIMITED,T07 : Clinical Waste Treatment installation,416080,186320,SN2 8EA,Solid,Hhold/Ind/Com,18 - HUMAN AND ANIMAL HEALTH CARE WASTE,Natal care - diagnosis - treatment or prevention of disease in humans,medicines other than those mentioned in 18 01 08,18 01 09,Treatment,Clinical Waste Transfer / Treatment,Somerset,Somerset,South West,Recovery,R13,15.4802,02 - Chemical preparation wastes,Off-specification chemical wastes
South West,Wiltshire,Swindon,Swindon,CP3138QD,Swindon Clinical Waste Transfer and Treatment Facility - EPR/CP3138QD,TRADEBE HEALTHCARE NATIONAL LIMITED,T07 : Clinical Waste Treatment installation,416080,186320,SN2 8EA,Solid,Hazardous,18 - HUMAN AND ANIMAL HEALTH CARE WASTE,Natal care - diagnosis - treatment or prevention of disease in humans,chemicals consisting of or containing dangerous substances,18 01 06*,Treatment,Clinical Waste Transfer / Treatment,Somerset,Somerset,South West,Transfer (D),D15,0.9998,02 - Chemical preparation wastes,Off-specification chemical wastes
South West,Wiltshire,Swindon,Swindon,CP3138QD,Swindon Clinical Waste Transfer and Treatment Facility - EPR/CP3138QD,TRADEBE HEALTHCARE NATIONAL LIMITED,T07 : Clinical Waste Treatment installation,416080,186320,SN2 8EA,Solid,Hazardous,18 - HUMAN AND ANIMAL HEALTH CARE WASTE,Natal care - diagnosis - treatment or prevention of disease in humans,cytotoxic and cytostatic medicines,18 01 08*,Treatment,Clinical Waste Transfer / Treatment,Somerset,Somerset,South West,Transfer (D),D15,1.1676,02 - Chemical preparation wastes,Off-specification chemical wastes
South West,Wiltshire,Swindon,Swindon,CP3138QD,Swindon Clinical Waste Transfer and Treatment Facility - EPR/CP3138QD,TRADEBE HEALTHCARE NATIONAL LIMITED,T07 : Clinical Waste Treatment installation,416080,186320,SN2 8EA,Solid,Hazardous,18 - HUMAN AND ANIMAL HEALTH CARE WASTE,Natal care - diagnosis - treatment or prevention of disease in humans,wastes whose collection and disposal is subject to special requirements in order to prevent infection,18 01 03*,Treatment,Clinical Waste Transfer / Treatment,Somerset,Somerset,South West,Transfer (D),D15,36.596129,05 - Healthcare and biological wastes,Infectious health care wastes
South West,Wiltshire,Swindon,Swindon,CP3138QD,Swindon Clinical Waste Transfer and Treatment Facility - EPR/CP3138QD,TRADEBE HEALTHCARE NATIONAL LIMITED,T07 : Clinical Waste Treatment installation,416080,186320,SN2 8EA,Solid,Hhold/Ind/Com,18 - HUMAN AND ANIMAL HEALTH CARE WASTE,Natal care - diagnosis - treatment or prevention of disease in humans,medicines other than those mentioned in 18 01 08,18 01 09,Treatment,Clinical Waste Transfer / Treatment,Somerset,Somerset,South West,Transfer (D),D15,3.871,02 - Chemical preparation wastes,Off-specification chemical wastes
South West,Wiltshire,Swindon,Swindon,CP3138QD,Swindon Clinical Waste Transfer and Treatment Facility - EPR/CP3138QD,TRADEBE HEALTHCARE NATIONAL LIMITED,T07 : Clinical Waste Treatment installation,416080,186320,SN2 8EA,Solid,Hhold/Ind/Com,18 - HUMAN AND ANIMAL HEALTH CARE WASTE,Natal care - diagnosis - treatment or prevention of disease in humans,"wastes whose collection and disposal is not subject to special requirements in order to prevent infection(for example dressings, plaster casts, linen, disposable clothing, diapers)",18 01 04,Treatment,Clinical Waste Transfer / Treatment,Somerset,Somerset,South West,Transfer (D),D15,138.6949,10 - Mixed ordinary wastes,Mixed and undifferentiated materials
South West,Wiltshire,Swindon,Swindon,CP3138QD,Swindon Clinical Waste Transfer and Treatment Facility - EPR/CP3138QD,TRADEBE HEALTHCARE NATIONAL LIMITED,T07 : Clinical Waste Treatment installation,416080,186320,SN2 8EA,Solid,Hazardous,18 - HUMAN AND ANIMAL HEALTH CARE WASTE,Natal care - diagnosis - treatment or prevention of disease in humans,wastes whose collection and disposal is subject to special requirements in order to prevent infection,18 01 03*,Treatment,Clinical Waste Transfer / Treatment,Somerset,Somerset,South West,Treatment,D09,85.816201,05 - Healthcare and biological wastes,Infectious health care wastes
South West,Wiltshire,Swindon,Swindon,CP3138QD,Swindon Clinical Waste Transfer and Treatment Facility - EPR/CP3138QD,TRADEBE HEALTHCARE NATIONAL LIMITED,T07 : Clinical Waste Treatment installation,416080,186320,SN2 8EA,Solid,Hhold/Ind/Com,18 - HUMAN AND ANIMAL HEALTH CARE WASTE,Natal care - diagnosis - treatment or prevention of disease in humans,medicines other than those mentioned in 18 01 08,18 01 09,Treatment,Clinical Waste Transfer / Treatment,Somerset,Somerset,South West,Recovery,R13,17.3642,02 - Chemical preparation wastes,Off-specification chemical wastes
South West,Wiltshire,Swindon,Swindon,CP3138QD,Swindon Clinical Waste Transfer and Treatment Facility - EPR/CP3138QD,TRADEBE HEALTHCARE NATIONAL LIMITED,T07 : Clinical Waste Treatment installation,416080,186320,SN2 8EA,Solid,Hazardous,18 - HUMAN AND ANIMAL HEALTH CARE WASTE,Natal care - diagnosis - treatment or prevention of disease in humans,chemicals consisting of or containing dangerous substances,18 01 06*,Treatment,Clinical Waste Transfer / Treatment,Somerset,Somerset,South West,Transfer (D),D15,6.1832,02 - Chemical preparation wastes,Off-specification chemical wastes
South West,Wiltshire,Swindon,Swindon,CP3138QD,Swindon Clinical Waste Transfer and Treatment Facility - EPR/CP3138QD,TRADEBE HEALTHCARE NATIONAL LIMITED,T07 : Clinical Waste Treatment installation,416080,186320,SN2 8EA,Solid,Hazardous,18 - HUMAN AND ANIMAL HEALTH CARE WASTE,Natal care - diagnosis - treatment or prevention of disease in humans,cytotoxic and cytostatic medicines,18 01 08*,Treatment,Clinical Waste Transfer / Treatment,Somerset,Somerset,South West,Transfer (D),D15,5.8186,02 - Chemical preparation wastes,Off-specification chemical wastes
South West,Wiltshire,Swindon,Swindon,CP3138QD,Swindon Clinical Waste Transfer and Treatment Facility - EPR/CP3138QD,TRADEBE HEALTHCARE NATIONAL LIMITED,T07 : Clinical Waste Treatment installation,416080,186320,SN2 8EA,Solid,Hazardous,18 - HUMAN AND ANIMAL HEALTH CARE WASTE,Natal care - diagnosis - treatment or prevention of disease in humans,wastes whose collection and disposal is subject to special requirements in order to prevent infection,18 01 03*,Treatment,Clinical Waste Transfer / Treatment,Somerset,Somerset,South West,Transfer (D),D15,75.2586,05 - Healthcare and biological wastes,Infectious health care wastes
South West,Wiltshire,Swindon,Swindon,CP3138QD,Swindon Clinical Waste Transfer and Treatment Facility - EPR/CP3138QD,TRADEBE HEALTHCARE NATIONAL LIMITED,T07 : Clinical Waste Treatment installation,416080,186320,SN2 8EA,Solid,Hhold/Ind/Com,18 - HUMAN AND ANIMAL HEALTH CARE WASTE,Natal care - diagnosis - treatment or prevention of disease in humans,medicines other than those mentioned in 18 01 08,18 01 09,Treatment,Clinical Waste Transfer / Treatment,Somerset,Somerset,South West,Transfer (D),D15,1.9088,02 - Chemical preparation wastes,Off-specification chemical wastes
South West,Wiltshire,Swindon,Swindon,CP3138QD,Swindon Clinical Waste Transfer and Treatment Facility - EPR/CP3138QD,TRADEBE HEALTHCARE NATIONAL LIMITED,T07 : Clinical Waste Treatment installation,416080,186320,SN2 8EA,Solid,Hhold/Ind/Com,18 - HUMAN AND ANIMAL HEALTH CARE WASTE,Natal care - diagnosis - treatment or prevention of disease in humans,"wastes whose collection and disposal is not subject to special requirements in order to prevent infection(for example dressings, plaster casts, linen, disposable clothing, diapers)",18 01 04,Treatment,Clinical Waste Transfer / Treatment,Somerset,Somerset,South West,Transfer (D),D15,6.5988,10 - Mixed ordinary wastes,Mixed and undifferentiated materials
South West,Wiltshire,Swindon,Swindon,CP3138QD,Swindon Clinical Waste Transfer and Treatment Facility - EPR/CP3138QD,TRADEBE HEALTHCARE NATIONAL LIMITED,T07 : Clinical Waste Treatment installation,416080,186320,SN2 8EA,Solid,Hazardous,18 - HUMAN AND ANIMAL HEALTH CARE WASTE,Natal care - diagnosis - treatment or prevention of disease in humans,wastes whose collection and disposal is subject to special requirements in order to prevent infection,18 01 03*,Treatment,Clinical Waste Transfer / Treatment,Somerset,Somerset,South West,Treatment,D09,102.5762,05 - Healthcare and biological wastes,Infectious health care wastes
South West,Wiltshire,Swindon,Swindon,CP3138QD,Swindon Clinical Waste Transfer and Treatment Facility - EPR/CP3138QD,TRADEBE HEALTHCARE NATIONAL LIMITED,T07 : Clinical Waste Treatment installation,416080,186320,SN2 8EA,Solid,Hhold/Ind/Com,18 - HUMAN AND ANIMAL HEALTH CARE WASTE,Natal care - diagnosis - treatment or prevention of disease in humans,medicines other than those mentioned in 18 01 08,18 01 09,Treatment,Clinical Waste Transfer / Treatment,South Gloucestershire,South Gloucestershire,South West,Recovery,R13,5.692753,02 - Chemical preparation wastes,Off-specification chemical wastes
South West,Wiltshire,Swindon,Swindon,CP3138QD,Swindon Clinical Waste Transfer and Treatment Facility - EPR/CP3138QD,TRADEBE HEALTHCARE NATIONAL LIMITED,T07 : Clinical Waste Treatment installation,416080,186320,SN2 8EA,Solid,Hazardous,18 - HUMAN AND ANIMAL HEALTH CARE WASTE,Natal care - diagnosis - treatment or prevention of disease in humans,cytotoxic and cytostatic medicines,18 01 08*,Treatment,Clinical Waste Transfer / Treatment,South Gloucestershire,South Gloucestershire,South West,Transfer (D),D15,3.406648,02 - Chemical preparation wastes,Off-specification chemical wastes
South West,Wiltshire,Swindon,Swindon,CP3138QD,Swindon Clinical Waste Transfer and Treatment Facility - EPR/CP3138QD,TRADEBE HEALTHCARE NATIONAL LIMITED,T07 : Clinical Waste Treatment installation,416080,186320,SN2 8EA,Solid,Hazardous,18 - HUMAN AND ANIMAL HEALTH CARE WASTE,Natal care - diagnosis - treatment or prevention of disease in humans,wastes whose collection and disposal is subject to special requirements in order to prevent infection,18 01 03*,Treatment,Clinical Waste Transfer / Treatment,South Gloucestershire,South Gloucestershire,South West,Transfer (D),D15,47.571999,05 - Healthcare and biological wastes,Infectious health care wastes
South West,Wiltshire,Swindon,Swindon,CP3138QD,Swindon Clinical Waste Transfer and Treatment Facility - EPR/CP3138QD,TRADEBE HEALTHCARE NATIONAL LIMITED,T07 : Clinical Waste Treatment installation,416080,186320,SN2 8EA,Solid,Hhold/Ind/Com,18 - HUMAN AND ANIMAL HEALTH CARE WASTE,Natal care - diagnosis - treatment or prevention of disease in humans,Body parts and organs including blood bags and blood preserves (except 18 01 03),18 01 02,Treatment,Clinical Waste Transfer / Treatment,South Gloucestershire,South Gloucestershire,South West,Transfer (D),D15,106.463,05 - Healthcare and biological wastes,Infectious health care wastes
South West,Wiltshire,Swindon,Swindon,CP3138QD,Swindon Clinical Waste Transfer and Treatment Facility - EPR/CP3138QD,TRADEBE HEALTHCARE NATIONAL LIMITED,T07 : Clinical Waste Treatment installation,416080,186320,SN2 8EA,Solid,Hhold/Ind/Com,18 - HUMAN AND ANIMAL HEALTH CARE WASTE,Natal care - diagnosis - treatment or prevention of disease in humans,medicines other than those mentioned in 18 01 08,18 01 09,Treatment,Clinical Waste Transfer / Treatment,South Gloucestershire,South Gloucestershire,South West,Transfer (D),D15,1.385,02 - Chemical preparation wastes,Off-specification chemical wastes
South West,Wiltshire,Swindon,Swindon,CP3138QD,Swindon Clinical Waste Transfer and Treatment Facility - EPR/CP3138QD,TRADEBE HEALTHCARE NATIONAL LIMITED,T07 : Clinical Waste Treatment installation,416080,186320,SN2 8EA,Solid,Hhold/Ind/Com,18 - HUMAN AND ANIMAL HEALTH CARE WASTE,Natal care - diagnosis - treatment or prevention of disease in humans,"wastes whose collection and disposal is not subject to special requirements in order to prevent infection(for example dressings, plaster casts, linen, disposable clothing, diapers)",18 01 04,Treatment,Clinical Waste Transfer / Treatment,South Gloucestershire,South Gloucestershire,South West,Transfer (D),D15,4.930898,10 - Mixed ordinary wastes,Mixed and undifferentiated materials
South West,Wiltshire,Swindon,Swindon,CP3138QD,Swindon Clinical Waste Transfer and Treatment Facility - EPR/CP3138QD,TRADEBE HEALTHCARE NATIONAL LIMITED,T07 : Clinical Waste Treatment installation,416080,186320,SN2 8EA,Solid,Hazardous,18 - HUMAN AND ANIMAL HEALTH CARE WASTE,Natal care - diagnosis - treatment or prevention of disease in humans,wastes whose collection and disposal is subject to special requirements in order to prevent infection,18 01 03*,Treatment,Clinical Waste Transfer / Treatment,South Gloucestershire,South Gloucestershire,South West,Treatment,D09,139.331495,05 - Healthcare and biological wastes,Infectious health care wastes
South West,Wiltshire,Swindon,Swindon,CP3138QD,Swindon Clinical Waste Transfer and Treatment Facility - EPR/CP3138QD,TRADEBE HEALTHCARE NATIONAL LIMITED,T07 : Clinical Waste Treatment installation,416080,186320,SN2 8EA,Solid,Hhold/Ind/Com,18 - HUMAN AND ANIMAL HEALTH CARE WASTE,Natal care - diagnosis - treatment or prevention of disease in humans,medicines other than those mentioned in 18 01 08,18 01 09,Treatment,Clinical Waste Transfer / Treatment,Southwark,Southwark,London,Recovery,R13,1.0566,02 - Chemical preparation wastes,Off-specification chemical wastes
South West,Wiltshire,Swindon,Swindon,CP3138QD,Swindon Clinical Waste Transfer and Treatment Facility - EPR/CP3138QD,TRADEBE HEALTHCARE NATIONAL LIMITED,T07 : Clinical Waste Treatment installation,416080,186320,SN2 8EA,Solid,Hazardous,18 - HUMAN AND ANIMAL HEALTH CARE WASTE,Natal care - diagnosis - treatment or prevention of disease in humans,chemicals consisting of or containing dangerous substances,18 01 06*,Treatment,Clinical Waste Transfer / Treatment,Southwark,Southwark,London,Transfer (D),D15,25.0498,02 - Chemical preparation wastes,Off-specification chemical wastes
South West,Wiltshire,Swindon,Swindon,CP3138QD,Swindon Clinical Waste Transfer and Treatment Facility - EPR/CP3138QD,TRADEBE HEALTHCARE NATIONAL LIMITED,T07 : Clinical Waste Treatment installation,416080,186320,SN2 8EA,Solid,Hazardous,18 - HUMAN AND ANIMAL HEALTH CARE WASTE,Natal care - diagnosis - treatment or prevention of disease in humans,cytotoxic and cytostatic medicines,18 01 08*,Treatment,Clinical Waste Transfer / Treatment,Southwark,Southwark,London,Transfer (D),D15,15.8292,02 - Chemical preparation wastes,Off-specification chemical wastes
South West,Wiltshire,Swindon,Swindon,CP3138QD,Swindon Clinical Waste Transfer and Treatment Facility - EPR/CP3138QD,TRADEBE HEALTHCARE NATIONAL LIMITED,T07 : Clinical Waste Treatment installation,416080,186320,SN2 8EA,Solid,Hazardous,18 - HUMAN AND ANIMAL HEALTH CARE WASTE,Natal care - diagnosis - treatment or prevention of disease in humans,wastes whose collection and disposal is subject to special requirements in order to prevent infection,18 01 03*,Treatment,Clinical Waste Transfer / Treatment,Southwark,Southwark,London,Transfer (D),D15,376.784006,05 - Healthcare and biological wastes,Infectious health care wastes
South West,Wiltshire,Swindon,Swindon,CP3138QD,Swindon Clinical Waste Transfer and Treatment Facility - EPR/CP3138QD,TRADEBE HEALTHCARE NATIONAL LIMITED,T07 : Clinical Waste Treatment installation,416080,186320,SN2 8EA,Solid,Hhold/Ind/Com,18 - HUMAN AND ANIMAL HEALTH CARE WASTE,Natal care - diagnosis - treatment or prevention of disease in humans,"wastes whose collection and disposal is not subject to special requirements in order to prevent infection(for example dressings, plaster casts, linen, disposable clothing, diapers)",18 01 04,Treatment,Clinical Waste Transfer / Treatment,Southwark,Southwark,London,Transfer (D),D15,15.5264,10 - Mixed ordinary wastes,Mixed and undifferentiated materials
South West,Wiltshire,Swindon,Swindon,CP3138QD,Swindon Clinical Waste Transfer and Treatment Facility - EPR/CP3138QD,TRADEBE HEALTHCARE NATIONAL LIMITED,T07 : Clinical Waste Treatment installation,416080,186320,SN2 8EA,Solid,Hazardous,18 - HUMAN AND ANIMAL HEALTH CARE WASTE,Natal care - diagnosis - treatment or prevention of disease in humans,wastes whose collection and disposal is subject to special requirements in order to prevent infection,18 01 03*,Treatment,Clinical Waste Transfer / Treatment,Southwark,Southwark,London,Treatment,D09,8.4586,05 - Healthcare and biological wastes,Infectious health care wastes
South West,Wiltshire,Swindon,Swindon,CP3138QD,Swindon Clinical Waste Transfer and Treatment Facility - EPR/CP3138QD,TRADEBE HEALTHCARE NATIONAL LIMITED,T07 : Clinical Waste Treatment installation,416080,186320,SN2 8EA,Solid,Hazardous,18 - HUMAN AND ANIMAL HEALTH CARE WASTE,Natal care - diagnosis - treatment or prevention of disease in humans,wastes whose collection and disposal is subject to special requirements in order to prevent infection,18 01 03*,Treatment,Clinical Waste Transfer / Treatment,Cannock Chase,Staffordshire,West Midlands,Incineration,D10,0.095,05 - Healthcare and biological wastes,Infectious health care wastes
South West,Wiltshire,Swindon,Swindon,CP3138QD,Swindon Clinical Waste Transfer and Treatment Facility - EPR/CP3138QD,TRADEBE HEALTHCARE NATIONAL LIMITED,T07 : Clinical Waste Treatment installation,416080,186320,SN2 8EA,Solid,Hazardous,18 - HUMAN AND ANIMAL HEALTH CARE WASTE,Natal care - diagnosis - treatment or prevention of disease in humans,wastes whose collection and disposal is subject to special requirements in order to prevent infection,18 01 03*,Treatment,Clinical Waste Transfer / Treatment,East Staffordshire,Staffordshire,West Midlands,Incineration,D10,0.71,05 - Healthcare and biological wastes,Infectious health care wastes
South West,Wiltshire,Swindon,Swindon,CP3138QD,Swindon Clinical Waste Transfer and Treatment Facility - EPR/CP3138QD,TRADEBE HEALTHCARE NATIONAL LIMITED,T07 : Clinical Waste Treatment installation,416080,186320,SN2 8EA,Solid,Hazardous,18 - HUMAN AND ANIMAL HEALTH CARE WASTE,Natal care - diagnosis - treatment or prevention of disease in humans,wastes whose collection and disposal is subject to special requirements in order to prevent infection,18 01 03*,Treatment,Clinical Waste Transfer / Treatment,Lichfield,Staffordshire,West Midlands,Incineration,D10,0.492,05 - Healthcare and biological wastes,Infectious health care wastes
South West,Wiltshire,Swindon,Swindon,CP3138QD,Swindon Clinical Waste Transfer and Treatment Facility - EPR/CP3138QD,TRADEBE HEALTHCARE NATIONAL LIMITED,T07 : Clinical Waste Treatment installation,416080,186320,SN2 8EA,Solid,Hazardous,18 - HUMAN AND ANIMAL HEALTH CARE WASTE,Natal care - diagnosis - treatment or prevention of disease in humans,wastes whose collection and disposal is subject to special requirements in order to prevent infection,18 01 03*,Treatment,Clinical Waste Transfer / Treatment,Lichfield,Staffordshire,West Midlands,Transfer (D),D15,0.099,05 - Healthcare and biological wastes,Infectious health care wastes
South West,Wiltshire,Swindon,Swindon,CP3138QD,Swindon Clinical Waste Transfer and Treatment Facility - EPR/CP3138QD,TRADEBE HEALTHCARE NATIONAL LIMITED,T07 : Clinical Waste Treatment installation,416080,186320,SN2 8EA,Solid,Hazardous,18 - HUMAN AND ANIMAL HEALTH CARE WASTE,Natal care - diagnosis - treatment or prevention of disease in humans,cytotoxic and cytostatic medicines,18 01 08*,Treatment,Clinical Waste Transfer / Treatment,South Staffordshire,Staffordshire,West Midlands,Incineration,D10,0.005,02 - Chemical preparation wastes,Off-specification chemical wastes
South West,Wiltshire,Swindon,Swindon,CP3138QD,Swindon Clinical Waste Transfer and Treatment Facility - EPR/CP3138QD,TRADEBE HEALTHCARE NATIONAL LIMITED,T07 : Clinical Waste Treatment installation,416080,186320,SN2 8EA,Solid,Hazardous,18 - HUMAN AND ANIMAL HEALTH CARE WASTE,Natal care - diagnosis - treatment or prevention of disease in humans,wastes whose collection and disposal is subject to special requirements in order to prevent infection,18 01 03*,Treatment,Clinical Waste Transfer / Treatment,South Staffordshire,Staffordshire,West Midlands,Incineration,D10,0.46,05 - Healthcare and biological wastes,Infectious health care wastes
South West,Wiltshire,Swindon,Swindon,CP3138QD,Swindon Clinical Waste Transfer and Treatment Facility - EPR/CP3138QD,TRADEBE HEALTHCARE NATIONAL LIMITED,T07 : Clinical Waste Treatment installation,416080,186320,SN2 8EA,Solid,Hhold/Ind/Com,18 - HUMAN AND ANIMAL HEALTH CARE WASTE,Natal care - diagnosis - treatment or prevention of disease in humans,"wastes whose collection and disposal is not subject to special requirements in order to prevent infection(for example dressings, plaster casts, linen, disposable clothing, diapers)",18 01 04,Treatment,Clinical Waste Transfer / Treatment,South Staffordshire,Staffordshire,West Midlands,Incineration,D10,0.08,10 - Mixed ordinary wastes,Mixed and undifferentiated materials
South West,Wiltshire,Swindon,Swindon,CP3138QD,Swindon Clinical Waste Transfer and Treatment Facility - EPR/CP3138QD,TRADEBE HEALTHCARE NATIONAL LIMITED,T07 : Clinical Waste Treatment installation,416080,186320,SN2 8EA,Solid,Hazardous,18 - HUMAN AND ANIMAL HEALTH CARE WASTE,Natal care - diagnosis - treatment or prevention of disease in humans,wastes whose collection and disposal is subject to special requirements in order to prevent infection,18 01 03*,Treatment,Clinical Waste Transfer / Treatment,Stafford,Staffordshire,West Midlands,Incineration,D10,0.4212,05 - Healthcare and biological wastes,Infectious health care wastes
South West,Wiltshire,Swindon,Swindon,CP3138QD,Swindon Clinical Waste Transfer and Treatment Facility - EPR/CP3138QD,TRADEBE HEALTHCARE NATIONAL LIMITED,T07 : Clinical Waste Treatment installation,416080,186320,SN2 8EA,Solid,Hazardous,18 - HUMAN AND ANIMAL HEALTH CARE WASTE,Natal care - diagnosis - treatment or prevention of disease in humans,wastes whose collection and disposal is subject to special requirements in order to prevent infection,18 01 03*,Treatment,Clinical Waste Transfer / Treatment,Stoke-on-Trent,Stoke-on-Trent City,West Midlands,Incineration,D10,0.3814,05 - Healthcare and biological wastes,Infectious health care wastes
South West,Wiltshire,Swindon,Swindon,CP3138QD,Swindon Clinical Waste Transfer and Treatment Facility - EPR/CP3138QD,TRADEBE HEALTHCARE NATIONAL LIMITED,T07 : Clinical Waste Treatment installation,416080,186320,SN2 8EA,Solid,Hhold/Ind/Com,18 - HUMAN AND ANIMAL HEALTH CARE WASTE,Natal care - diagnosis - treatment or prevention of disease in humans,medicines other than those mentioned in 18 01 08,18 01 09,Treatment,Clinical Waste Transfer / Treatment,Guildford,Surrey,South East,Recovery,R13,4.0244,02 - Chemical preparation wastes,Off-specification chemical wastes
South West,Wiltshire,Swindon,Swindon,CP3138QD,Swindon Clinical Waste Transfer and Treatment Facility - EPR/CP3138QD,TRADEBE HEALTHCARE NATIONAL LIMITED,T07 : Clinical Waste Treatment installation,416080,186320,SN2 8EA,Solid,Hazardous,18 - HUMAN AND ANIMAL HEALTH CARE WASTE,Natal care - diagnosis - treatment or prevention of disease in humans,chemicals consisting of or containing dangerous substances,18 01 06*,Treatment,Clinical Waste Transfer / Treatment,Guildford,Surrey,South East,Transfer (D),D15,3.4824,02 - Chemical preparation wastes,Off-specification chemical wastes
South West,Wiltshire,Swindon,Swindon,CP3138QD,Swindon Clinical Waste Transfer and Treatment Facility - EPR/CP3138QD,TRADEBE HEALTHCARE NATIONAL LIMITED,T07 : Clinical Waste Treatment installation,416080,186320,SN2 8EA,Solid,Hazardous,18 - HUMAN AND ANIMAL HEALTH CARE WASTE,Natal care - diagnosis - treatment or prevention of disease in humans,cytotoxic and cytostatic medicines,18 01 08*,Treatment,Clinical Waste Transfer / Treatment,Guildford,Surrey,South East,Transfer (D),D15,21.7722,02 - Chemical preparation wastes,Off-specification chemical wastes
South West,Wiltshire,Swindon,Swindon,CP3138QD,Swindon Clinical Waste Transfer and Treatment Facility - EPR/CP3138QD,TRADEBE HEALTHCARE NATIONAL LIMITED,T07 : Clinical Waste Treatment installation,416080,186320,SN2 8EA,Solid,Hazardous,18 - HUMAN AND ANIMAL HEALTH CARE WASTE,Natal care - diagnosis - treatment or prevention of disease in humans,wastes whose collection and disposal is subject to special requirements in order to prevent infection,18 01 03*,Treatment,Clinical Waste Transfer / Treatment,Guildford,Surrey,South East,Transfer (D),D15,303.77399,05 - Healthcare and biological wastes,Infectious health care wastes
South West,Wiltshire,Swindon,Swindon,CP3138QD,Swindon Clinical Waste Transfer and Treatment Facility - EPR/CP3138QD,TRADEBE HEALTHCARE NATIONAL LIMITED,T07 : Clinical Waste Treatment installation,416080,186320,SN2 8EA,Solid,Hhold/Ind/Com,18 - HUMAN AND ANIMAL HEALTH CARE WASTE,Natal care - diagnosis - treatment or prevention of disease in humans,Body parts and organs including blood bags and blood preserves (except 18 01 03),18 01 02,Treatment,Clinical Waste Transfer / Treatment,Guildford,Surrey,South East,Transfer (D),D15,0.1592,05 - Healthcare and biological wastes,Infectious health care wastes
South West,Wiltshire,Swindon,Swindon,CP3138QD,Swindon Clinical Waste Transfer and Treatment Facility - EPR/CP3138QD,TRADEBE HEALTHCARE NATIONAL LIMITED,T07 : Clinical Waste Treatment installation,416080,186320,SN2 8EA,Solid,Hhold/Ind/Com,18 - HUMAN AND ANIMAL HEALTH CARE WASTE,Natal care - diagnosis - treatment or prevention of disease in humans,medicines other than those mentioned in 18 01 08,18 01 09,Treatment,Clinical Waste Transfer / Treatment,Guildford,Surrey,South East,Transfer (D),D15,0.104,02 - Chemical preparation wastes,Off-specification chemical wastes
South West,Wiltshire,Swindon,Swindon,CP3138QD,Swindon Clinical Waste Transfer and Treatment Facility - EPR/CP3138QD,TRADEBE HEALTHCARE NATIONAL LIMITED,T07 : Clinical Waste Treatment installation,416080,186320,SN2 8EA,Solid,Hhold/Ind/Com,18 - HUMAN AND ANIMAL HEALTH CARE WASTE,Natal care - diagnosis - treatment or prevention of disease in humans,"wastes whose collection and disposal is not subject to special requirements in order to prevent infection(for example dressings, plaster casts, linen, disposable clothing, diapers)",18 01 04,Treatment,Clinical Waste Transfer / Treatment,Guildford,Surrey,South East,Transfer (D),D15,61.128001,10 - Mixed ordinary wastes,Mixed and undifferentiated materials
South West,Wiltshire,Swindon,Swindon,CP3138QD,Swindon Clinical Waste Transfer and Treatment Facility - EPR/CP3138QD,TRADEBE HEALTHCARE NATIONAL LIMITED,T07 : Clinical Waste Treatment installation,416080,186320,SN2 8EA,Solid,Hazardous,18 - HUMAN AND ANIMAL HEALTH CARE WASTE,Natal care - diagnosis - treatment or prevention of disease in humans,wastes whose collection and disposal is subject to special requirements in order to prevent infection,18 01 03*,Treatment,Clinical Waste Transfer / Treatment,Guildford,Surrey,South East,Treatment,D09,174.6366,05 - Healthcare and biological wastes,Infectious health care wastes
South West,Wiltshire,Swindon,Swindon,CP3138QD,Swindon Clinical Waste Transfer and Treatment Facility - EPR/CP3138QD,TRADEBE HEALTHCARE NATIONAL LIMITED,T07 : Clinical Waste Treatment installation,416080,186320,SN2 8EA,Solid,Hazardous,18 - HUMAN AND ANIMAL HEALTH CARE WASTE,Natal care - diagnosis - treatment or prevention of disease in humans,wastes whose collection and disposal is subject to special requirements in order to prevent infection,18 01 03*,Treatment,Clinical Waste Transfer / Treatment,Tandridge,Surrey,South East,Incineration,D10,0.075,05 - Healthcare and biological wastes,Infectious health care wastes
South West,Wiltshire,Swindon,Swindon,CP3138QD,Swindon Clinical Waste Transfer and Treatment Facility - EPR/CP3138QD,TRADEBE HEALTHCARE NATIONAL LIMITED,T07 : Clinical Waste Treatment installation,416080,186320,SN2 8EA,Solid,Hazardous,18 - HUMAN AND ANIMAL HEALTH CARE WASTE,Natal care - diagnosis - treatment or prevention of disease in humans,wastes whose collection and disposal is subject to special requirements in order to prevent infection,18 01 03*,Treatment,Clinical Waste Transfer / Treatment,Tandridge,Surrey,South East,Transfer (D),D15,0.0028,05 - Healthcare and biological wastes,Infectious health care wastes
South West,Wiltshire,Swindon,Swindon,CP3138QD,Swindon Clinical Waste Transfer and Treatment Facility - EPR/CP3138QD,TRADEBE HEALTHCARE NATIONAL LIMITED,T07 : Clinical Waste Treatment installation,416080,186320,SN2 8EA,Solid,Hhold/Ind/Com,18 - HUMAN AND ANIMAL HEALTH CARE WASTE,Natal care - diagnosis - treatment or prevention of disease in humans,"wastes whose collection and disposal is not subject to special requirements in order to prevent infection(for example dressings, plaster casts, linen, disposable clothing, diapers)",18 01 04,Treatment,Clinical Waste Transfer / Treatment,Tandridge,Surrey,South East,Transfer (D),D15,5.8694,10 - Mixed ordinary wastes,Mixed and undifferentiated materials
South West,Wiltshire,Swindon,Swindon,CP3138QD,Swindon Clinical Waste Transfer and Treatment Facility - EPR/CP3138QD,TRADEBE HEALTHCARE NATIONAL LIMITED,T07 : Clinical Waste Treatment installation,416080,186320,SN2 8EA,Solid,Hazardous,18 - HUMAN AND ANIMAL HEALTH CARE WASTE,Natal care - diagnosis - treatment or prevention of disease in humans,wastes whose collection and disposal is subject to special requirements in order to prevent infection,18 01 03*,Treatment,Clinical Waste Transfer / Treatment,Tandridge,Surrey,South East,Treatment,D09,0.0086,05 - Healthcare and biological wastes,Infectious health care wastes
South West,Wiltshire,Swindon,Swindon,CP3138QD,Swindon Clinical Waste Transfer and Treatment Facility - EPR/CP3138QD,TRADEBE HEALTHCARE NATIONAL LIMITED,T07 : Clinical Waste Treatment installation,416080,186320,SN2 8EA,Solid,Hhold/Ind/Com,18 - HUMAN AND ANIMAL HEALTH CARE WASTE,Natal care - diagnosis - treatment or prevention of disease in humans,medicines other than those mentioned in 18 01 08,18 01 09,Treatment,Clinical Waste Transfer / Treatment,Swindon,Swindon,South West,Recovery,R13,20.089489,02 - Chemical preparation wastes,Off-specification chemical wastes
South West,Wiltshire,Swindon,Swindon,CP3138QD,Swindon Clinical Waste Transfer and Treatment Facility - EPR/CP3138QD,TRADEBE HEALTHCARE NATIONAL LIMITED,T07 : Clinical Waste Treatment installation,416080,186320,SN2 8EA,Solid,Hazardous,18 - HUMAN AND ANIMAL HEALTH CARE WASTE,Natal care - diagnosis - treatment or prevention of disease in humans,cytotoxic and cytostatic medicines,18 01 08*,Treatment,Clinical Waste Transfer / Treatment,Swindon,Swindon,South West,Transfer (D),D15,1.1173,02 - Chemical preparation wastes,Off-specification chemical wastes
South West,Wiltshire,Swindon,Swindon,CP3138QD,Swindon Clinical Waste Transfer and Treatment Facility - EPR/CP3138QD,TRADEBE HEALTHCARE NATIONAL LIMITED,T07 : Clinical Waste Treatment installation,416080,186320,SN2 8EA,Solid,Hazardous,18 - HUMAN AND ANIMAL HEALTH CARE WASTE,Natal care - diagnosis - treatment or prevention of disease in humans,wastes whose collection and disposal is subject to special requirements in order to prevent infection,18 01 03*,Treatment,Clinical Waste Transfer / Treatment,Swindon,Swindon,South West,Transfer (D),D15,74.794172,05 - Healthcare and biological wastes,Infectious health care wastes
South West,Wiltshire,Swindon,Swindon,CP3138QD,Swindon Clinical Waste Transfer and Treatment Facility - EPR/CP3138QD,TRADEBE HEALTHCARE NATIONAL LIMITED,T07 : Clinical Waste Treatment installation,416080,186320,SN2 8EA,Solid,Hhold/Ind/Com,18 - HUMAN AND ANIMAL HEALTH CARE WASTE,Natal care - diagnosis - treatment or prevention of disease in humans,medicines other than those mentioned in 18 01 08,18 01 09,Treatment,Clinical Waste Transfer / Treatment,Swindon,Swindon,South West,Transfer (D),D15,5.2136,02 - Chemical preparation wastes,Off-specification chemical wastes
South West,Wiltshire,Swindon,Swindon,CP3138QD,Swindon Clinical Waste Transfer and Treatment Facility - EPR/CP3138QD,TRADEBE HEALTHCARE NATIONAL LIMITED,T07 : Clinical Waste Treatment installation,416080,186320,SN2 8EA,Solid,Hhold/Ind/Com,18 - HUMAN AND ANIMAL HEALTH CARE WASTE,Natal care - diagnosis - treatment or prevention of disease in humans,"wastes whose collection and disposal is not subject to special requirements in order to prevent infection(for example dressings, plaster casts, linen, disposable clothing, diapers)",18 01 04,Treatment,Clinical Waste Transfer / Treatment,Swindon,Swindon,South West,Transfer (D),D15,0.920968,10 - Mixed ordinary wastes,Mixed and undifferentiated materials
South West,Wiltshire,Swindon,Swindon,CP3138QD,Swindon Clinical Waste Transfer and Treatment Facility - EPR/CP3138QD,TRADEBE HEALTHCARE NATIONAL LIMITED,T07 : Clinical Waste Treatment installation,416080,186320,SN2 8EA,Solid,Hazardous,18 - HUMAN AND ANIMAL HEALTH CARE WASTE,Natal care - diagnosis - treatment or prevention of disease in humans,wastes whose collection and disposal is subject to special requirements in order to prevent infection,18 01 03*,Treatment,Clinical Waste Transfer / Treatment,Swindon,Swindon,South West,Treatment,D09,46.01658,05 - Healthcare and biological wastes,Infectious health care wastes
South West,Wiltshire,Swindon,Swindon,CP3138QD,Swindon Clinical Waste Transfer and Treatment Facility - EPR/CP3138QD,TRADEBE HEALTHCARE NATIONAL LIMITED,T07 : Clinical Waste Treatment installation,416080,186320,SN2 8EA,Solid,Hazardous,18 - HUMAN AND ANIMAL HEALTH CARE WASTE,Natal care - diagnosis - treatment or prevention of disease in humans,wastes whose collection and disposal is subject to special requirements in order to prevent infection,18 01 03*,Treatment,Clinical Waste Transfer / Treatment,Telford and Wrekin,Telford and Wrekin,West Midlands,Incineration,D10,0.3718,05 - Healthcare and biological wastes,Infectious health care wastes
South West,Wiltshire,Swindon,Swindon,CP3138QD,Swindon Clinical Waste Transfer and Treatment Facility - EPR/CP3138QD,TRADEBE HEALTHCARE NATIONAL LIMITED,T07 : Clinical Waste Treatment installation,416080,186320,SN2 8EA,Solid,Hazardous,18 - HUMAN AND ANIMAL HEALTH CARE WASTE,Natal care - diagnosis - treatment or prevention of disease in humans,wastes whose collection and disposal is subject to special requirements in order to prevent infection,18 01 03*,Treatment,Clinical Waste Transfer / Treatment,Telford and Wrekin,Telford and Wrekin,West Midlands,Transfer (D),D15,0.0584,05 - Healthcare and biological wastes,Infectious health care wastes
South West,Wiltshire,Swindon,Swindon,CP3138QD,Swindon Clinical Waste Transfer and Treatment Facility - EPR/CP3138QD,TRADEBE HEALTHCARE NATIONAL LIMITED,T07 : Clinical Waste Treatment installation,416080,186320,SN2 8EA,Solid,Hazardous,18 - HUMAN AND ANIMAL HEALTH CARE WASTE,Natal care - diagnosis - treatment or prevention of disease in humans,chemicals consisting of or containing dangerous substances,18 01 06*,Treatment,Clinical Waste Transfer / Treatment,Newport,Wales,Wales,Transfer (D),D15,4.4822,02 - Chemical preparation wastes,Off-specification chemical wastes
South West,Wiltshire,Swindon,Swindon,CP3138QD,Swindon Clinical Waste Transfer and Treatment Facility - EPR/CP3138QD,TRADEBE HEALTHCARE NATIONAL LIMITED,T07 : Clinical Waste Treatment installation,416080,186320,SN2 8EA,Solid,Hazardous,18 - HUMAN AND ANIMAL HEALTH CARE WASTE,Natal care - diagnosis - treatment or prevention of disease in humans,wastes whose collection and disposal is subject to special requirements in order to prevent infection,18 01 03*,Treatment,Clinical Waste Transfer / Treatment,Newport,Wales,Wales,Transfer (D),D15,4.2182,05 - Healthcare and biological wastes,Infectious health care wastes
South West,Wiltshire,Swindon,Swindon,CP3138QD,Swindon Clinical Waste Transfer and Treatment Facility - EPR/CP3138QD,TRADEBE HEALTHCARE NATIONAL LIMITED,T07 : Clinical Waste Treatment installation,416080,186320,SN2 8EA,Solid,Hazardous,18 - HUMAN AND ANIMAL HEALTH CARE WASTE,Natal care - diagnosis - treatment or prevention of disease in humans,wastes whose collection and disposal is subject to special requirements in order to prevent infection,18 01 03*,Treatment,Clinical Waste Transfer / Treatment,Newport,Wales,Wales,Treatment,D09,1.588,05 - Healthcare and biological wastes,Infectious health care wastes
South West,Wiltshire,Swindon,Swindon,CP3138QD,Swindon Clinical Waste Transfer and Treatment Facility - EPR/CP3138QD,TRADEBE HEALTHCARE NATIONAL LIMITED,T07 : Clinical Waste Treatment installation,416080,186320,SN2 8EA,Solid,Hazardous,18 - HUMAN AND ANIMAL HEALTH CARE WASTE,Natal care - diagnosis - treatment or prevention of disease in humans,wastes whose collection and disposal is subject to special requirements in order to prevent infection,18 01 03*,Treatment,Clinical Waste Transfer / Treatment,Wrexham,Wales,Wales,Transfer (D),D15,86.72545,05 - Healthcare and biological wastes,Infectious health care wastes
South West,Wiltshire,Swindon,Swindon,CP3138QD,Swindon Clinical Waste Transfer and Treatment Facility - EPR/CP3138QD,TRADEBE HEALTHCARE NATIONAL LIMITED,T07 : Clinical Waste Treatment installation,416080,186320,SN2 8EA,Solid,Hazardous,18 - HUMAN AND ANIMAL HEALTH CARE WASTE,Natal care - diagnosis - treatment or prevention of disease in humans,wastes whose collection and disposal is subject to special requirements in order to prevent infection,18 01 03*,Treatment,Clinical Waste Transfer / Treatment,Wrexham,Wales,Wales,Treatment,D09,79.3501,05 - Healthcare and biological wastes,Infectious health care wastes
South West,Wiltshire,Swindon,Swindon,CP3138QD,Swindon Clinical Waste Transfer and Treatment Facility - EPR/CP3138QD,TRADEBE HEALTHCARE NATIONAL LIMITED,T07 : Clinical Waste Treatment installation,416080,186320,SN2 8EA,Solid,Hazardous,18 - HUMAN AND ANIMAL HEALTH CARE WASTE,Natal care - diagnosis - treatment or prevention of disease in humans,wastes whose collection and disposal is subject to special requirements in order to prevent infection,18 01 03*,Treatment,Clinical Waste Transfer / Treatment,Walsall,Walsall,West Midlands,Incineration,D10,0.5224,05 - Healthcare and biological wastes,Infectious health care wastes
South West,Wiltshire,Swindon,Swindon,CP3138QD,Swindon Clinical Waste Transfer and Treatment Facility - EPR/CP3138QD,TRADEBE HEALTHCARE NATIONAL LIMITED,T07 : Clinical Waste Treatment installation,416080,186320,SN2 8EA,Solid,Hazardous,18 - HUMAN AND ANIMAL HEALTH CARE WASTE,Natal care - diagnosis - treatment or prevention of disease in humans,wastes whose collection and disposal is subject to special requirements in order to prevent infection,18 01 03*,Treatment,Clinical Waste Transfer / Treatment,Walsall,Walsall,West Midlands,Transfer (D),D15,0.0054,05 - Healthcare and biological wastes,Infectious health care wastes
South West,Wiltshire,Swindon,Swindon,CP3138QD,Swindon Clinical Waste Transfer and Treatment Facility - EPR/CP3138QD,TRADEBE HEALTHCARE NATIONAL LIMITED,T07 : Clinical Waste Treatment installation,416080,186320,SN2 8EA,Solid,Hazardous,18 - HUMAN AND ANIMAL HEALTH CARE WASTE,Natal care - diagnosis - treatment or prevention of disease in humans,wastes whose collection and disposal is subject to special requirements in order to prevent infection,18 01 03*,Treatment,Clinical Waste Transfer / Treatment,North Warwickshire,Warwickshire,West Midlands,Incineration,D10,1.9218,05 - Healthcare and biological wastes,Infectious health care wastes
South West,Wiltshire,Swindon,Swindon,CP3138QD,Swindon Clinical Waste Transfer and Treatment Facility - EPR/CP3138QD,TRADEBE HEALTHCARE NATIONAL LIMITED,T07 : Clinical Waste Treatment installation,416080,186320,SN2 8EA,Solid,Hhold/Ind/Com,18 - HUMAN AND ANIMAL HEALTH CARE WASTE,Natal care - diagnosis - treatment or prevention of disease in humans,"wastes whose collection and disposal is not subject to special requirements in order to prevent infection(for example dressings, plaster casts, linen, disposable clothing, diapers)",18 01 04,Treatment,Clinical Waste Transfer / Treatment,North Warwickshire,Warwickshire,West Midlands,Incineration,D10,1.2464,10 - Mixed ordinary wastes,Mixed and undifferentiated materials
South West,Wiltshire,Swindon,Swindon,CP3138QD,Swindon Clinical Waste Transfer and Treatment Facility - EPR/CP3138QD,TRADEBE HEALTHCARE NATIONAL LIMITED,T07 : Clinical Waste Treatment installation,416080,186320,SN2 8EA,Solid,Hazardous,18 - HUMAN AND ANIMAL HEALTH CARE WASTE,Natal care - diagnosis - treatment or prevention of disease in humans,cytotoxic and cytostatic medicines,18 01 08*,Treatment,Clinical Waste Transfer / Treatment,Rugby,Warwickshire,West Midlands,Incineration,D10,0.0312,02 - Chemical preparation wastes,Off-specification chemical wastes
South West,Wiltshire,Swindon,Swindon,CP3138QD,Swindon Clinical Waste Transfer and Treatment Facility - EPR/CP3138QD,TRADEBE HEALTHCARE NATIONAL LIMITED,T07 : Clinical Waste Treatment installation,416080,186320,SN2 8EA,Solid,Hazardous,18 - HUMAN AND ANIMAL HEALTH CARE WASTE,Natal care - diagnosis - treatment or prevention of disease in humans,wastes whose collection and disposal is subject to special requirements in order to prevent infection,18 01 03*,Treatment,Clinical Waste Transfer / Treatment,Rugby,Warwickshire,West Midlands,Incineration,D10,11.8512,05 - Healthcare and biological wastes,Infectious health care wastes
South West,Wiltshire,Swindon,Swindon,CP3138QD,Swindon Clinical Waste Transfer and Treatment Facility - EPR/CP3138QD,TRADEBE HEALTHCARE NATIONAL LIMITED,T07 : Clinical Waste Treatment installation,416080,186320,SN2 8EA,Solid,Hhold/Ind/Com,18 - HUMAN AND ANIMAL HEALTH CARE WASTE,Natal care - diagnosis - treatment or prevention of disease in humans,"wastes whose collection and disposal is not subject to special requirements in order to prevent infection(for example dressings, plaster casts, linen, disposable clothing, diapers)",18 01 04,Treatment,Clinical Waste Transfer / Treatment,Rugby,Warwickshire,West Midlands,Incineration,D10,2.2892,10 - Mixed ordinary wastes,Mixed and undifferentiated materials
South West,Wiltshire,Swindon,Swindon,CP3138QD,Swindon Clinical Waste Transfer and Treatment Facility - EPR/CP3138QD,TRADEBE HEALTHCARE NATIONAL LIMITED,T07 : Clinical Waste Treatment installation,416080,186320,SN2 8EA,Solid,Hazardous,18 - HUMAN AND ANIMAL HEALTH CARE WASTE,Natal care - diagnosis - treatment or prevention of disease in humans,wastes whose collection and disposal is subject to special requirements in order to prevent infection,18 01 03*,Treatment,Clinical Waste Transfer / Treatment,Rugby,Warwickshire,West Midlands,Transfer (D),D15,1.8268,05 - Healthcare and biological wastes,Infectious health care wastes
South West,Wiltshire,Swindon,Swindon,CP3138QD,Swindon Clinical Waste Transfer and Treatment Facility - EPR/CP3138QD,TRADEBE HEALTHCARE NATIONAL LIMITED,T07 : Clinical Waste Treatment installation,416080,186320,SN2 8EA,Solid,Hhold/Ind/Com,18 - HUMAN AND ANIMAL HEALTH CARE WASTE,Natal care - diagnosis - treatment or prevention of disease in humans,"wastes whose collection and disposal is not subject to special requirements in order to prevent infection(for example dressings, plaster casts, linen, disposable clothing, diapers)",18 01 04,Treatment,Clinical Waste Transfer / Treatment,Rugby,Warwickshire,West Midlands,Transfer (D),D15,0.4698,10 - Mixed ordinary wastes,Mixed and undifferentiated materials
South West,Wiltshire,Swindon,Swindon,CP3138QD,Swindon Clinical Waste Transfer and Treatment Facility - EPR/CP3138QD,TRADEBE HEALTHCARE NATIONAL LIMITED,T07 : Clinical Waste Treatment installation,416080,186320,SN2 8EA,Solid,Hazardous,18 - HUMAN AND ANIMAL HEALTH CARE WASTE,Natal care - diagnosis - treatment or prevention of disease in humans,wastes whose collection and disposal is subject to special requirements in order to prevent infection,18 01 03*,Treatment,Clinical Waste Transfer / Treatment,Stratford-on-Avon,Warwickshire,West Midlands,Incineration,D10,0.805796,05 - Healthcare and biological wastes,Infectious health care wastes
South West,Wiltshire,Swindon,Swindon,CP3138QD,Swindon Clinical Waste Transfer and Treatment Facility - EPR/CP3138QD,TRADEBE HEALTHCARE NATIONAL LIMITED,T07 : Clinical Waste Treatment installation,416080,186320,SN2 8EA,Solid,Hazardous,18 - HUMAN AND ANIMAL HEALTH CARE WASTE,Natal care - diagnosis - treatment or prevention of disease in humans,wastes whose collection and disposal is subject to special requirements in order to prevent infection,18 01 03*,Treatment,Clinical Waste Transfer / Treatment,Stratford-on-Avon,Warwickshire,West Midlands,Transfer (D),D15,0.275144,05 - Healthcare and biological wastes,Infectious health care wastes
South West,Wiltshire,Swindon,Swindon,CP3138QD,Swindon Clinical Waste Transfer and Treatment Facility - EPR/CP3138QD,TRADEBE HEALTHCARE NATIONAL LIMITED,T07 : Clinical Waste Treatment installation,416080,186320,SN2 8EA,Solid,Hazardous,18 - HUMAN AND ANIMAL HEALTH CARE WASTE,Natal care - diagnosis - treatment or prevention of disease in humans,wastes whose collection and disposal is subject to special requirements in order to prevent infection,18 01 03*,Treatment,Clinical Waste Transfer / Treatment,Stratford-on-Avon,Warwickshire,West Midlands,Treatment,D09,0.035141,05 - Healthcare and biological wastes,Infectious health care wastes
South West,Wiltshire,Swindon,Swindon,CP3138QD,Swindon Clinical Waste Transfer and Treatment Facility - EPR/CP3138QD,TRADEBE HEALTHCARE NATIONAL LIMITED,T07 : Clinical Waste Treatment installation,416080,186320,SN2 8EA,Solid,Hazardous,18 - HUMAN AND ANIMAL HEALTH CARE WASTE,Natal care - diagnosis - treatment or prevention of disease in humans,wastes whose collection and disposal is subject to special requirements in order to prevent infection,18 01 03*,Treatment,Clinical Waste Transfer / Treatment,Warwick,Warwickshire,West Midlands,Incineration,D10,1.2236,05 - Healthcare and biological wastes,Infectious health care wastes
South West,Wiltshire,Swindon,Swindon,CP3138QD,Swindon Clinical Waste Transfer and Treatment Facility - EPR/CP3138QD,TRADEBE HEALTHCARE NATIONAL LIMITED,T07 : Clinical Waste Treatment installation,416080,186320,SN2 8EA,Solid,Hazardous,18 - HUMAN AND ANIMAL HEALTH CARE WASTE,Natal care - diagnosis - treatment or prevention of disease in humans,wastes whose collection and disposal is subject to special requirements in order to prevent infection,18 01 03*,Treatment,Clinical Waste Transfer / Treatment,Warwick,Warwickshire,West Midlands,Transfer (D),D15,0.2446,05 - Healthcare and biological wastes,Infectious health care wastes
South West,Wiltshire,Swindon,Swindon,CP3138QD,Swindon Clinical Waste Transfer and Treatment Facility - EPR/CP3138QD,TRADEBE HEALTHCARE NATIONAL LIMITED,T07 : Clinical Waste Treatment installation,416080,186320,SN2 8EA,Liquid,Hhold/Ind/Com,18 - HUMAN AND ANIMAL HEALTH CARE WASTE,Natal care - diagnosis - treatment or prevention of disease in humans,medicines other than those mentioned in 18 01 08,18 01 09,Treatment,Clinical Waste Transfer / Treatment,West Midlands,West Midlands (WPA Not codeable),West Midlands,Incineration,D10,0.02,02 - Chemical preparation wastes,Off-specification chemical wastes
South West,Wiltshire,Swindon,Swindon,CP3138QD,Swindon Clinical Waste Transfer and Treatment Facility - EPR/CP3138QD,TRADEBE HEALTHCARE NATIONAL LIMITED,T07 : Clinical Waste Treatment installation,416080,186320,SN2 8EA,Solid,Hazardous,18 - HUMAN AND ANIMAL HEALTH CARE WASTE,Natal care - diagnosis - treatment or prevention of disease in humans,wastes whose collection and disposal is subject to special requirements in order to prevent infection,18 01 03*,Treatment,Clinical Waste Transfer / Treatment,West Midlands,West Midlands (WPA Not codeable),West Midlands,Incineration,D10,0.665,05 - Healthcare and biological wastes,Infectious health care wastes
South West,Wiltshire,Swindon,Swindon,CP3138QD,Swindon Clinical Waste Transfer and Treatment Facility - EPR/CP3138QD,TRADEBE HEALTHCARE NATIONAL LIMITED,T07 : Clinical Waste Treatment installation,416080,186320,SN2 8EA,Solid,Hhold/Ind/Com,18 - HUMAN AND ANIMAL HEALTH CARE WASTE,Natal care - diagnosis - treatment or prevention of disease in humans,medicines other than those mentioned in 18 01 08,18 01 09,Treatment,Clinical Waste Transfer / Treatment,Arun,West Sussex,South East,Recovery,R13,0.849,02 - Chemical preparation wastes,Off-specification chemical wastes
South West,Wiltshire,Swindon,Swindon,CP3138QD,Swindon Clinical Waste Transfer and Treatment Facility - EPR/CP3138QD,TRADEBE HEALTHCARE NATIONAL LIMITED,T07 : Clinical Waste Treatment installation,416080,186320,SN2 8EA,Solid,Hazardous,18 - HUMAN AND ANIMAL HEALTH CARE WASTE,Natal care - diagnosis - treatment or prevention of disease in humans,cytotoxic and cytostatic medicines,18 01 08*,Treatment,Clinical Waste Transfer / Treatment,Arun,West Sussex,South East,Transfer (D),D15,1.5376,02 - Chemical preparation wastes,Off-specification chemical wastes
South West,Wiltshire,Swindon,Swindon,CP3138QD,Swindon Clinical Waste Transfer and Treatment Facility - EPR/CP3138QD,TRADEBE HEALTHCARE NATIONAL LIMITED,T07 : Clinical Waste Treatment installation,416080,186320,SN2 8EA,Solid,Hazardous,18 - HUMAN AND ANIMAL HEALTH CARE WASTE,Natal care - diagnosis - treatment or prevention of disease in humans,wastes whose collection and disposal is subject to special requirements in order to prevent infection,18 01 03*,Treatment,Clinical Waste Transfer / Treatment,Arun,West Sussex,South East,Transfer (D),D15,22.3276,05 - Healthcare and biological wastes,Infectious health care wastes
South West,Wiltshire,Swindon,Swindon,CP3138QD,Swindon Clinical Waste Transfer and Treatment Facility - EPR/CP3138QD,TRADEBE HEALTHCARE NATIONAL LIMITED,T07 : Clinical Waste Treatment installation,416080,186320,SN2 8EA,Solid,Hhold/Ind/Com,18 - HUMAN AND ANIMAL HEALTH CARE WASTE,Natal care - diagnosis - treatment or prevention of disease in humans,Body parts and organs including blood bags and blood preserves (except 18 01 03),18 01 02,Treatment,Clinical Waste Transfer / Treatment,Arun,West Sussex,South East,Transfer (D),D15,0.783,05 - Healthcare and biological wastes,Infectious health care wastes
South West,Wiltshire,Swindon,Swindon,CP3138QD,Swindon Clinical Waste Transfer and Treatment Facility - EPR/CP3138QD,TRADEBE HEALTHCARE NATIONAL LIMITED,T07 : Clinical Waste Treatment installation,416080,186320,SN2 8EA,Solid,Hhold/Ind/Com,18 - HUMAN AND ANIMAL HEALTH CARE WASTE,Natal care - diagnosis - treatment or prevention of disease in humans,medicines other than those mentioned in 18 01 08,18 01 09,Treatment,Clinical Waste Transfer / Treatment,Arun,West Sussex,South East,Transfer (D),D15,0.2478,02 - Chemical preparation wastes,Off-specification chemical wastes
South West,Wiltshire,Swindon,Swindon,CP3138QD,Swindon Clinical Waste Transfer and Treatment Facility - EPR/CP3138QD,TRADEBE HEALTHCARE NATIONAL LIMITED,T07 : Clinical Waste Treatment installation,416080,186320,SN2 8EA,Solid,Hhold/Ind/Com,18 - HUMAN AND ANIMAL HEALTH CARE WASTE,Natal care - diagnosis - treatment or prevention of disease in humans,"wastes whose collection and disposal is not subject to special requirements in order to prevent infection(for example dressings, plaster casts, linen, disposable clothing, diapers)",18 01 04,Treatment,Clinical Waste Transfer / Treatment,Arun,West Sussex,South East,Transfer (D),D15,57.355,10 - Mixed ordinary wastes,Mixed and undifferentiated materials
South West,Wiltshire,Swindon,Swindon,CP3138QD,Swindon Clinical Waste Transfer and Treatment Facility - EPR/CP3138QD,TRADEBE HEALTHCARE NATIONAL LIMITED,T07 : Clinical Waste Treatment installation,416080,186320,SN2 8EA,Solid,Hazardous,18 - HUMAN AND ANIMAL HEALTH CARE WASTE,Natal care - diagnosis - treatment or prevention of disease in humans,wastes whose collection and disposal is subject to special requirements in order to prevent infection,18 01 03*,Treatment,Clinical Waste Transfer / Treatment,Arun,West Sussex,South East,Treatment,D09,14.4663,05 - Healthcare and biological wastes,Infectious health care wastes
South West,Wiltshire,Swindon,Swindon,CP3138QD,Swindon Clinical Waste Transfer and Treatment Facility - EPR/CP3138QD,TRADEBE HEALTHCARE NATIONAL LIMITED,T07 : Clinical Waste Treatment installation,416080,186320,SN2 8EA,Solid,Hhold/Ind/Com,18 - HUMAN AND ANIMAL HEALTH CARE WASTE,Natal care - diagnosis - treatment or prevention of disease in humans,medicines other than those mentioned in 18 01 08,18 01 09,Treatment,Clinical Waste Transfer / Treatment,Wiltshire,Wiltshire,South West,Recovery,R13,0.185792,02 - Chemical preparation wastes,Off-specification chemical wastes
South West,Wiltshire,Swindon,Swindon,CP3138QD,Swindon Clinical Waste Transfer and Treatment Facility - EPR/CP3138QD,TRADEBE HEALTHCARE NATIONAL LIMITED,T07 : Clinical Waste Treatment installation,416080,186320,SN2 8EA,Solid,Hazardous,18 - HUMAN AND ANIMAL HEALTH CARE WASTE,Natal care - diagnosis - treatment or prevention of disease in humans,cytotoxic and cytostatic medicines,18 01 08*,Treatment,Clinical Waste Transfer / Treatment,Wiltshire,Wiltshire,South West,Transfer (D),D15,0.02053,02 - Chemical preparation wastes,Off-specification chemical wastes
South West,Wiltshire,Swindon,Swindon,CP3138QD,Swindon Clinical Waste Transfer and Treatment Facility - EPR/CP3138QD,TRADEBE HEALTHCARE NATIONAL LIMITED,T07 : Clinical Waste Treatment installation,416080,186320,SN2 8EA,Solid,Hazardous,18 - HUMAN AND ANIMAL HEALTH CARE WASTE,Natal care - diagnosis - treatment or prevention of disease in humans,wastes whose collection and disposal is subject to special requirements in order to prevent infection,18 01 03*,Treatment,Clinical Waste Transfer / Treatment,Wiltshire,Wiltshire,South West,Transfer (D),D15,7.958886,05 - Healthcare and biological wastes,Infectious health care wastes
South West,Wiltshire,Swindon,Swindon,CP3138QD,Swindon Clinical Waste Transfer and Treatment Facility - EPR/CP3138QD,TRADEBE HEALTHCARE NATIONAL LIMITED,T07 : Clinical Waste Treatment installation,416080,186320,SN2 8EA,Solid,Hhold/Ind/Com,18 - HUMAN AND ANIMAL HEALTH CARE WASTE,Natal care - diagnosis - treatment or prevention of disease in humans,medicines other than those mentioned in 18 01 08,18 01 09,Treatment,Clinical Waste Transfer / Treatment,Wiltshire,Wiltshire,South West,Transfer (D),D15,0.07,02 - Chemical preparation wastes,Off-specification chemical wastes
South West,Wiltshire,Swindon,Swindon,CP3138QD,Swindon Clinical Waste Transfer and Treatment Facility - EPR/CP3138QD,TRADEBE HEALTHCARE NATIONAL LIMITED,T07 : Clinical Waste Treatment installation,416080,186320,SN2 8EA,Solid,Hhold/Ind/Com,18 - HUMAN AND ANIMAL HEALTH CARE WASTE,Natal care - diagnosis - treatment or prevention of disease in humans,sharps (except 18 01 03),18 01 01,Treatment,Clinical Waste Transfer / Treatment,Wiltshire,Wiltshire,South West,Transfer (D),D15,0.037,05 - Healthcare and biological wastes,Infectious health care wastes
South West,Wiltshire,Swindon,Swindon,CP3138QD,Swindon Clinical Waste Transfer and Treatment Facility - EPR/CP3138QD,TRADEBE HEALTHCARE NATIONAL LIMITED,T07 : Clinical Waste Treatment installation,416080,186320,SN2 8EA,Solid,Hhold/Ind/Com,18 - HUMAN AND ANIMAL HEALTH CARE WASTE,Natal care - diagnosis - treatment or prevention of disease in humans,"wastes whose collection and disposal is not subject to special requirements in order to prevent infection(for example dressings, plaster casts, linen, disposable clothing, diapers)",18 01 04,Treatment,Clinical Waste Transfer / Treatment,Wiltshire,Wiltshire,South West,Transfer (D),D15,17.445761,10 - Mixed ordinary wastes,Mixed and undifferentiated materials
South West,Wiltshire,Swindon,Swindon,CP3138QD,Swindon Clinical Waste Transfer and Treatment Facility - EPR/CP3138QD,TRADEBE HEALTHCARE NATIONAL LIMITED,T07 : Clinical Waste Treatment installation,416080,186320,SN2 8EA,Solid,Hazardous,18 - HUMAN AND ANIMAL HEALTH CARE WASTE,Natal care - diagnosis - treatment or prevention of disease in humans,wastes whose collection and disposal is subject to special requirements in order to prevent infection,18 01 03*,Treatment,Clinical Waste Transfer / Treatment,Wiltshire,Wiltshire,South West,Treatment,D09,2.366743,05 - Healthcare and biological wastes,Infectious health care wastes
South West,Wiltshire,Swindon,Swindon,CP3138QD,Swindon Clinical Waste Transfer and Treatment Facility - EPR/CP3138QD,TRADEBE HEALTHCARE NATIONAL LIMITED,T07 : Clinical Waste Treatment installation,416080,186320,SN2 8EA,Solid,Hazardous,18 - HUMAN AND ANIMAL HEALTH CARE WASTE,Natal care - diagnosis - treatment or prevention of disease in humans,wastes whose collection and disposal is subject to special requirements in order to prevent infection,18 01 03*,Treatment,Clinical Waste Transfer / Treatment,Wolverhampton,Wolverhampton,West Midlands,Incineration,D10,1.0148,05 - Healthcare and biological wastes,Infectious health care wastes
South West,Wiltshire,Swindon,Swindon,CP3138QD,Swindon Clinical Waste Transfer and Treatment Facility - EPR/CP3138QD,TRADEBE HEALTHCARE NATIONAL LIMITED,T07 : Clinical Waste Treatment installation,416080,186320,SN2 8EA,Solid,Hazardous,18 - HUMAN AND ANIMAL HEALTH CARE WASTE,Natal care - diagnosis - treatment or prevention of disease in humans,wastes whose collection and disposal is subject to special requirements in order to prevent infection,18 01 03*,Treatment,Clinical Waste Transfer / Treatment,Wolverhampton,Wolverhampton,West Midlands,Transfer (D),D15,0.4622,05 - Healthcare and biological wastes,Infectious health care wastes
South West,Wiltshire,Swindon,Swindon,CP3138QD,Swindon Clinical Waste Transfer and Treatment Facility - EPR/CP3138QD,TRADEBE HEALTHCARE NATIONAL LIMITED,T07 : Clinical Waste Treatment installation,416080,186320,SN2 8EA,Solid,Hazardous,18 - HUMAN AND ANIMAL HEALTH CARE WASTE,Natal care - diagnosis - treatment or prevention of disease in humans,wastes whose collection and disposal is subject to special requirements in order to prevent infection,18 01 03*,Treatment,Clinical Waste Transfer / Treatment,Wolverhampton,Wolverhampton,West Midlands,Treatment,D09,10.587,05 - Healthcare and biological wastes,Infectious health care wastes
South West,Wiltshire,Swindon,Swindon,CP3138QD,Swindon Clinical Waste Transfer and Treatment Facility - EPR/CP3138QD,TRADEBE HEALTHCARE NATIONAL LIMITED,T07 : Clinical Waste Treatment installation,416080,186320,SN2 8EA,Solid,Hazardous,18 - HUMAN AND ANIMAL HEALTH CARE WASTE,Natal care - diagnosis - treatment or prevention of disease in humans,wastes whose collection and disposal is subject to special requirements in order to prevent infection,18 01 03*,Treatment,Clinical Waste Transfer / Treatment,Bromsgrove,Worcestershire,West Midlands,Incineration,D10,0.7866,05 - Healthcare and biological wastes,Infectious health care wastes
South West,Wiltshire,Swindon,Swindon,CP3138QD,Swindon Clinical Waste Transfer and Treatment Facility - EPR/CP3138QD,TRADEBE HEALTHCARE NATIONAL LIMITED,T07 : Clinical Waste Treatment installation,416080,186320,SN2 8EA,Solid,Hhold/Ind/Com,18 - HUMAN AND ANIMAL HEALTH CARE WASTE,Natal care - diagnosis - treatment or prevention of disease in humans,"wastes whose collection and disposal is not subject to special requirements in order to prevent infection(for example dressings, plaster casts, linen, disposable clothing, diapers)",18 01 04,Treatment,Clinical Waste Transfer / Treatment,Bromsgrove,Worcestershire,West Midlands,Incineration,D10,1.4712,10 - Mixed ordinary wastes,Mixed and undifferentiated materials
South West,Wiltshire,Swindon,Swindon,CP3138QD,Swindon Clinical Waste Transfer and Treatment Facility - EPR/CP3138QD,TRADEBE HEALTHCARE NATIONAL LIMITED,T07 : Clinical Waste Treatment installation,416080,186320,SN2 8EA,Solid,Hhold/Ind/Com,18 - HUMAN AND ANIMAL HEALTH CARE WASTE,Natal care - diagnosis - treatment or prevention of disease in humans,"wastes whose collection and disposal is not subject to special requirements in order to prevent infection(for example dressings, plaster casts, linen, disposable clothing, diapers)",18 01 04,Treatment,Clinical Waste Transfer / Treatment,Bromsgrove,Worcestershire,West Midlands,Transfer (D),D15,1.0964,10 - Mixed ordinary wastes,Mixed and undifferentiated materials
South West,Wiltshire,Swindon,Swindon,CP3138QD,Swindon Clinical Waste Transfer and Treatment Facility - EPR/CP3138QD,TRADEBE HEALTHCARE NATIONAL LIMITED,T07 : Clinical Waste Treatment installation,416080,186320,SN2 8EA,Solid,Hazardous,18 - HUMAN AND ANIMAL HEALTH CARE WASTE,Natal care - diagnosis - treatment or prevention of disease in humans,wastes whose collection and disposal is subject to special requirements in order to prevent infection,18 01 03*,Treatment,Clinical Waste Transfer / Treatment,Malvern Hills,Worcestershire,West Midlands,Transfer (D),D15,0.592142,05 - Healthcare and biological wastes,Infectious health care wastes
South West,Wiltshire,Swindon,Swindon,CP3138QD,Swindon Clinical Waste Transfer and Treatment Facility - EPR/CP3138QD,TRADEBE HEALTHCARE NATIONAL LIMITED,T07 : Clinical Waste Treatment installation,416080,186320,SN2 8EA,Solid,Hhold/Ind/Com,18 - HUMAN AND ANIMAL HEALTH CARE WASTE,Natal care - diagnosis - treatment or prevention of disease in humans,"wastes whose collection and disposal is not subject to special requirements in order to prevent infection(for example dressings, plaster casts, linen, disposable clothing, diapers)",18 01 04,Treatment,Clinical Waste Transfer / Treatment,Malvern Hills,Worcestershire,West Midlands,Transfer (D),D15,0.864017,10 - Mixed ordinary wastes,Mixed and undifferentiated materials
South West,Wiltshire,Swindon,Swindon,CP3138QD,Swindon Clinical Waste Transfer and Treatment Facility - EPR/CP3138QD,TRADEBE HEALTHCARE NATIONAL LIMITED,T07 : Clinical Waste Treatment installation,416080,186320,SN2 8EA,Solid,Hazardous,18 - HUMAN AND ANIMAL HEALTH CARE WASTE,Natal care - diagnosis - treatment or prevention of disease in humans,wastes whose collection and disposal is subject to special requirements in order to prevent infection,18 01 03*,Treatment,Clinical Waste Transfer / Treatment,Redditch,Worcestershire,West Midlands,Incineration,D10,16.0608,05 - Healthcare and biological wastes,Infectious health care wastes
South West,Wiltshire,Swindon,Swindon,CP3138QD,Swindon Clinical Waste Transfer and Treatment Facility - EPR/CP3138QD,TRADEBE HEALTHCARE NATIONAL LIMITED,T07 : Clinical Waste Treatment installation,416080,186320,SN2 8EA,Solid,Hhold/Ind/Com,18 - HUMAN AND ANIMAL HEALTH CARE WASTE,Natal care - diagnosis - treatment or prevention of disease in humans,"wastes whose collection and disposal is not subject to special requirements in order to prevent infection(for example dressings, plaster casts, linen, disposable clothing, diapers)",18 01 04,Treatment,Clinical Waste Transfer / Treatment,Redditch,Worcestershire,West Midlands,Incineration,D10,2.713597,10 - Mixed ordinary wastes,Mixed and undifferentiated materials
South West,Wiltshire,Swindon,Swindon,CP3138QD,Swindon Clinical Waste Transfer and Treatment Facility - EPR/CP3138QD,TRADEBE HEALTHCARE NATIONAL LIMITED,T07 : Clinical Waste Treatment installation,416080,186320,SN2 8EA,Solid,Hhold/Ind/Com,18 - HUMAN AND ANIMAL HEALTH CARE WASTE,Natal care - diagnosis - treatment or prevention of disease in humans,medicines other than those mentioned in 18 01 08,18 01 09,Treatment,Clinical Waste Transfer / Treatment,Redditch,Worcestershire,West Midlands,Recovery,R13,50.476,02 - Chemical preparation wastes,Off-specification chemical wastes
South West,Wiltshire,Swindon,Swindon,CP3138QD,Swindon Clinical Waste Transfer and Treatment Facility - EPR/CP3138QD,TRADEBE HEALTHCARE NATIONAL LIMITED,T07 : Clinical Waste Treatment installation,416080,186320,SN2 8EA,Solid,Hazardous,18 - HUMAN AND ANIMAL HEALTH CARE WASTE,Natal care - diagnosis - treatment or prevention of disease in humans,cytotoxic and cytostatic medicines,18 01 08*,Treatment,Clinical Waste Transfer / Treatment,Redditch,Worcestershire,West Midlands,Transfer (D),D15,0.9728,02 - Chemical preparation wastes,Off-specification chemical wastes
South West,Wiltshire,Swindon,Swindon,CP3138QD,Swindon Clinical Waste Transfer and Treatment Facility - EPR/CP3138QD,TRADEBE HEALTHCARE NATIONAL LIMITED,T07 : Clinical Waste Treatment installation,416080,186320,SN2 8EA,Solid,Hazardous,18 - HUMAN AND ANIMAL HEALTH CARE WASTE,Natal care - diagnosis - treatment or prevention of disease in humans,wastes whose collection and disposal is subject to special requirements in order to prevent infection,18 01 03*,Treatment,Clinical Waste Transfer / Treatment,Redditch,Worcestershire,West Midlands,Transfer (D),D15,36.4904,05 - Healthcare and biological wastes,Infectious health care wastes
South West,Wiltshire,Swindon,Swindon,CP3138QD,Swindon Clinical Waste Transfer and Treatment Facility - EPR/CP3138QD,TRADEBE HEALTHCARE NATIONAL LIMITED,T07 : Clinical Waste Treatment installation,416080,186320,SN2 8EA,Solid,Hhold/Ind/Com,18 - HUMAN AND ANIMAL HEALTH CARE WASTE,Natal care - diagnosis - treatment or prevention of disease in humans,"wastes whose collection and disposal is not subject to special requirements in order to prevent infection(for example dressings, plaster casts, linen, disposable clothing, diapers)",18 01 04,Treatment,Clinical Waste Transfer / Treatment,Redditch,Worcestershire,West Midlands,Transfer (D),D15,46.752299,10 - Mixed ordinary wastes,Mixed and undifferentiated materials
South West,Wiltshire,Swindon,Swindon,CP3138QD,Swindon Clinical Waste Transfer and Treatment Facility - EPR/CP3138QD,TRADEBE HEALTHCARE NATIONAL LIMITED,T07 : Clinical Waste Treatment installation,416080,186320,SN2 8EA,Solid,Hazardous,18 - HUMAN AND ANIMAL HEALTH CARE WASTE,Natal care - diagnosis - treatment or prevention of disease in humans,wastes whose collection and disposal is subject to special requirements in order to prevent infection,18 01 03*,Treatment,Clinical Waste Transfer / Treatment,Redditch,Worcestershire,West Midlands,Treatment,D09,67.8034,05 - Healthcare and biological wastes,Infectious health care wastes
South West,Wiltshire,Swindon,Swindon,CP3138QD,Swindon Clinical Waste Transfer and Treatment Facility - EPR/CP3138QD,TRADEBE HEALTHCARE NATIONAL LIMITED,T07 : Clinical Waste Treatment installation,416080,186320,SN2 8EA,Liquid,Hhold/Ind/Com,18 - HUMAN AND ANIMAL HEALTH CARE WASTE,Natal care - diagnosis - treatment or prevention of disease in humans,medicines other than those mentioned in 18 01 08,18 01 09,Treatment,Clinical Waste Transfer / Treatment,Worcester,Worcestershire,West Midlands,Incineration,D10,0.4942,02 - Chemical preparation wastes,Off-specification chemical wastes
South West,Wiltshire,Swindon,Swindon,CP3138QD,Swindon Clinical Waste Transfer and Treatment Facility - EPR/CP3138QD,TRADEBE HEALTHCARE NATIONAL LIMITED,T07 : Clinical Waste Treatment installation,416080,186320,SN2 8EA,Solid,Hazardous,18 - HUMAN AND ANIMAL HEALTH CARE WASTE,Natal care - diagnosis - treatment or prevention of disease in humans,cytotoxic and cytostatic medicines,18 01 08*,Treatment,Clinical Waste Transfer / Treatment,Worcester,Worcestershire,West Midlands,Incineration,D10,0.8084,02 - Chemical preparation wastes,Off-specification chemical wastes
South West,Wiltshire,Swindon,Swindon,CP3138QD,Swindon Clinical Waste Transfer and Treatment Facility - EPR/CP3138QD,TRADEBE HEALTHCARE NATIONAL LIMITED,T07 : Clinical Waste Treatment installation,416080,186320,SN2 8EA,Solid,Hazardous,18 - HUMAN AND ANIMAL HEALTH CARE WASTE,Natal care - diagnosis - treatment or prevention of disease in humans,wastes whose collection and disposal is subject to special requirements in order to prevent infection,18 01 03*,Treatment,Clinical Waste Transfer / Treatment,Worcester,Worcestershire,West Midlands,Incineration,D10,55.179197,05 - Healthcare and biological wastes,Infectious health care wastes
South West,Wiltshire,Swindon,Swindon,CP3138QD,Swindon Clinical Waste Transfer and Treatment Facility - EPR/CP3138QD,TRADEBE HEALTHCARE NATIONAL LIMITED,T07 : Clinical Waste Treatment installation,416080,186320,SN2 8EA,Solid,Hhold/Ind/Com,18 - HUMAN AND ANIMAL HEALTH CARE WASTE,Natal care - diagnosis - treatment or prevention of disease in humans,"wastes whose collection and disposal is not subject to special requirements in order to prevent infection(for example dressings, plaster casts, linen, disposable clothing, diapers)",18 01 04,Treatment,Clinical Waste Transfer / Treatment,Worcester,Worcestershire,West Midlands,Incineration,D10,8.960399,10 - Mixed ordinary wastes,Mixed and undifferentiated materials
South West,Wiltshire,Swindon,Swindon,CP3138QD,Swindon Clinical Waste Transfer and Treatment Facility - EPR/CP3138QD,TRADEBE HEALTHCARE NATIONAL LIMITED,T07 : Clinical Waste Treatment installation,416080,186320,SN2 8EA,Solid,Hazardous,18 - HUMAN AND ANIMAL HEALTH CARE WASTE,Natal care - diagnosis - treatment or prevention of disease in humans,cytotoxic and cytostatic medicines,18 01 08*,Treatment,Clinical Waste Transfer / Treatment,Worcester,Worcestershire,West Midlands,Transfer (D),D15,0.0852,02 - Chemical preparation wastes,Off-specification chemical wastes
South West,Wiltshire,Swindon,Swindon,CP3138QD,Swindon Clinical Waste Transfer and Treatment Facility - EPR/CP3138QD,TRADEBE HEALTHCARE NATIONAL LIMITED,T07 : Clinical Waste Treatment installation,416080,186320,SN2 8EA,Solid,Hazardous,18 - HUMAN AND ANIMAL HEALTH CARE WASTE,Natal care - diagnosis - treatment or prevention of disease in humans,wastes whose collection and disposal is subject to special requirements in order to prevent infection,18 01 03*,Treatment,Clinical Waste Transfer / Treatment,Worcester,Worcestershire,West Midlands,Transfer (D),D15,7.8812,05 - Healthcare and biological wastes,Infectious health care wastes
South West,Wiltshire,Swindon,Swindon,CP3138QD,Swindon Clinical Waste Transfer and Treatment Facility - EPR/CP3138QD,TRADEBE HEALTHCARE NATIONAL LIMITED,T07 : Clinical Waste Treatment installation,416080,186320,SN2 8EA,Solid,Hhold/Ind/Com,18 - HUMAN AND ANIMAL HEALTH CARE WASTE,Natal care - diagnosis - treatment or prevention of disease in humans,"wastes whose collection and disposal is not subject to special requirements in order to prevent infection(for example dressings, plaster casts, linen, disposable clothing, diapers)",18 01 04,Treatment,Clinical Waste Transfer / Treatment,Worcester,Worcestershire,West Midlands,Transfer (D),D15,4,10 - Mixed ordinary wastes,Mixed and undifferentiated materials
South West,Wiltshire,Swindon,Swindon,CP3138QD,Swindon Clinical Waste Transfer and Treatment Facility - EPR/CP3138QD,TRADEBE HEALTHCARE NATIONAL LIMITED,T07 : Clinical Waste Treatment installation,416080,186320,SN2 8EA,Solid,Hazardous,18 - HUMAN AND ANIMAL HEALTH CARE WASTE,Natal care - diagnosis - treatment or prevention of disease in humans,wastes whose collection and disposal is subject to special requirements in order to prevent infection,18 01 03*,Treatment,Clinical Waste Transfer / Treatment,Worcester,Worcestershire,West Midlands,Treatment,D09,0.4654,05 - Healthcare and biological wastes,Infectious health care wastes
South West,Wiltshire,Swindon,Swindon,CP3138QD,Swindon Clinical Waste Transfer and Treatment Facility - EPR/CP3138QD,TRADEBE HEALTHCARE NATIONAL LIMITED,T07 : Clinical Waste Treatment installation,416080,186320,SN2 8EA,Solid,Hazardous,18 - HUMAN AND ANIMAL HEALTH CARE WASTE,Natal care - diagnosis - treatment or prevention of disease in humans,wastes whose collection and disposal is subject to special requirements in order to prevent infection,18 01 03*,Treatment,Clinical Waste Transfer / Treatment,Wyre Forest,Worcestershire,West Midlands,Incineration,D10,0.7118,05 - Healthcare and biological wastes,Infectious health care wastes
South West,Wiltshire,Swindon,Swindon,CP3138QD,Swindon Clinical Waste Transfer and Treatment Facility - EPR/CP3138QD,TRADEBE HEALTHCARE NATIONAL LIMITED,T07 : Clinical Waste Treatment installation,416080,186320,SN2 8EA,Solid,Hhold/Ind/Com,18 - HUMAN AND ANIMAL HEALTH CARE WASTE,Natal care - diagnosis - treatment or prevention of disease in humans,"wastes whose collection and disposal is not subject to special requirements in order to prevent infection(for example dressings, plaster casts, linen, disposable clothing, diapers)",18 01 04,Treatment,Clinical Waste Transfer / Treatment,Wyre Forest,Worcestershire,West Midlands,Incineration,D10,1.3088,10 - Mixed ordinary wastes,Mixed and undifferentiated materials
South West,Wiltshire,Swindon,Swindon,CP3138QD,Swindon Clinical Waste Transfer and Treatment Facility - EPR/CP3138QD,TRADEBE HEALTHCARE NATIONAL LIMITED,T07 : Clinical Waste Treatment installation,416080,186320,SN2 8EA,Solid,Hazardous,18 - HUMAN AND ANIMAL HEALTH CARE WASTE,Natal care - diagnosis - treatment or prevention of disease in humans,wastes whose collection and disposal is subject to special requirements in order to prevent infection,18 01 03*,Treatment,Clinical Waste Transfer / Treatment,Wyre Forest,Worcestershire,West Midlands,Transfer (D),D15,0.3186,05 - Healthcare and biological wastes,Infectious health care wastes
South West,Wiltshire,Swindon,Swindon,CP3138QD,Swindon Clinical Waste Transfer and Treatment Facility - EPR/CP3138QD,TRADEBE HEALTHCARE NATIONAL LIMITED,T07 : Clinical Waste Treatment installation,416080,186320,SN2 8EA,Solid,Hhold/Ind/Com,18 - HUMAN AND ANIMAL HEALTH CARE WASTE,Natal care - diagnosis - treatment or prevention of disease in humans,"wastes whose collection and disposal is not subject to special requirements in order to prevent infection(for example dressings, plaster casts, linen, disposable clothing, diapers)",18 01 04,Treatment,Clinical Waste Transfer / Treatment,Wyre Forest,Worcestershire,West Midlands,Transfer (D),D15,5.8056,10 - Mixed ordinary wastes,Mixed and undifferentiated materials
